sample_index,video_frame_index,time_s_from_video_start,time_s_from_trim_start
0,217,0.834615,0.000000
1,218,0.838462,0.003846
2,219,0.842308,0.007692
3,220,0.846154,0.011538
4,221,0.850000,0.015385
5,222,0.853846,0.019231
6,223,0.857692,0.023077
7,224,0.861538,0.026923
8,225,0.865385,0.030769
9,226,0.869231,0.034615
10,227,0.873077,0.038462
11,228,0.876923,0.042308
12,229,0.880769,0.046154
13,230,0.884615,0.050000
14,231,0.888462,0.053846
15,232,0.892308,0.057692
16,233,0.896154,0.061538
17,234,0.900000,0.065385
18,235,0.903846,0.069231
19,236,0.907692,0.073077
20,237,0.911538,0.076923
21,238,0.915385,0.080769
22,239,0.919231,0.084615
23,240,0.923077,0.088462
24,241,0.926923,0.092308
25,242,0.930769,0.096154
26,243,0.934615,0.100000
27,244,0.938462,0.103846
28,245,0.942308,0.107692
29,246,0.946154,0.111538
30,247,0.950000,0.115385
31,248,0.953846,0.119231
32,249,0.957692,0.123077
33,250,0.961538,0.126923
34,251,0.965385,0.130769
35,252,0.969231,0.134615
36,253,0.973077,0.138462
37,254,0.976923,0.142308
38,255,0.980769,0.146154
39,256,0.984615,0.150000
40,257,0.988462,0.153846
41,258,0.992308,0.157692
42,259,0.996154,0.161538
43,260,1.000000,0.165385
44,261,1.003846,0.169231
45,262,1.007692,0.173077
46,263,1.011538,0.176923
47,264,1.015385,0.180769
48,265,1.019231,0.184615
49,266,1.023077,0.188462
50,267,1.026923,0.192308
51,268,1.030769,0.196154
52,269,1.034615,0.200000
53,270,1.038462,0.203846
54,271,1.042308,0.207692
55,272,1.046154,0.211538
56,273,1.050000,0.215385
57,274,1.053846,0.219231
58,275,1.057692,0.223077
59,276,1.061538,0.226923
60,277,1.065385,0.230769
61,278,1.069231,0.234615
62,279,1.073077,0.238462
63,280,1.076923,0.242308
64,281,1.080769,0.246154
65,282,1.084615,0.250000
66,283,1.088462,0.253846
67,284,1.092308,0.257692
68,285,1.096154,0.261538
69,286,1.100000,0.265385
70,287,1.103846,0.269231
71,288,1.107692,0.273077
72,289,1.111538,0.276923
73,290,1.115385,0.280769
74,291,1.119231,0.284615
75,292,1.123077,0.288462
76,293,1.126923,0.292308
77,294,1.130769,0.296154
78,295,1.134615,0.300000
79,296,1.138462,0.303846
80,297,1.142308,0.307692
81,298,1.146154,0.311538
82,299,1.150000,0.315385
83,300,1.153846,0.319231
84,301,1.157692,0.323077
85,302,1.161538,0.326923
86,303,1.165385,0.330769
87,304,1.169231,0.334615
88,305,1.173077,0.338462
89,306,1.176923,0.342308
90,307,1.180769,0.346154
91,308,1.184615,0.350000
92,309,1.188462,0.353846
93,310,1.192308,0.357692
94,311,1.196154,0.361538
95,312,1.200000,0.365385
96,313,1.203846,0.369231
97,314,1.207692,0.373077
98,315,1.211538,0.376923
99,316,1.215385,0.380769
100,317,1.219231,0.384615
101,318,1.223077,0.388462
102,319,1.226923,0.392308
103,320,1.230769,0.396154
104,321,1.234615,0.400000
105,322,1.238462,0.403846
106,323,1.242308,0.407692
107,324,1.246154,0.411538
108,325,1.250000,0.415385
109,326,1.253846,0.419231
110,327,1.257692,0.423077
111,328,1.261538,0.426923
112,329,1.265385,0.430769
113,330,1.269231,0.434615
114,331,1.273077,0.438462
115,332,1.276923,0.442308
116,333,1.280769,0.446154
117,334,1.284615,0.450000
118,335,1.288462,0.453846
119,336,1.292308,0.457692
120,337,1.296154,0.461538
121,338,1.300000,0.465385
122,339,1.303846,0.469231
123,340,1.307692,0.473077
124,341,1.311538,0.476923
125,342,1.315385,0.480769
126,343,1.319231,0.484615
127,344,1.323077,0.488462
128,345,1.326923,0.492308
129,346,1.330769,0.496154
130,347,1.334615,0.500000
131,348,1.338462,0.503846
132,349,1.342308,0.507692
133,350,1.346154,0.511538
134,351,1.350000,0.515385
135,352,1.353846,0.519231
136,353,1.357692,0.523077
137,354,1.361538,0.526923
138,355,1.365385,0.530769
139,356,1.369231,0.534615
140,357,1.373077,0.538462
141,358,1.376923,0.542308
142,359,1.380769,0.546154
143,360,1.384615,0.550000
144,361,1.388462,0.553846
145,362,1.392308,0.557692
146,363,1.396154,0.561538
147,364,1.400000,0.565385
148,365,1.403846,0.569231
149,366,1.407692,0.573077
150,367,1.411538,0.576923
151,368,1.415385,0.580769
152,369,1.419231,0.584615
153,370,1.423077,0.588462
154,371,1.426923,0.592308
155,372,1.430769,0.596154
156,373,1.434615,0.600000
157,374,1.438462,0.603846
158,375,1.442308,0.607692
159,376,1.446154,0.611538
160,377,1.450000,0.615385
161,378,1.453846,0.619231
162,379,1.457692,0.623077
163,380,1.461538,0.626923
164,381,1.465385,0.630769
165,382,1.469231,0.634615
166,383,1.473077,0.638462
167,384,1.476923,0.642308
168,385,1.480769,0.646154
169,386,1.484615,0.650000
170,387,1.488462,0.653846
171,388,1.492308,0.657692
172,389,1.496154,0.661538
173,390,1.500000,0.665385
174,391,1.503846,0.669231
175,392,1.507692,0.673077
176,393,1.511538,0.676923
177,394,1.515385,0.680769
178,395,1.519231,0.684615
179,396,1.523077,0.688462
180,397,1.526923,0.692308
181,398,1.530769,0.696154
182,399,1.534615,0.700000
183,400,1.538462,0.703846
184,401,1.542308,0.707692
185,402,1.546154,0.711538
186,403,1.550000,0.715385
187,404,1.553846,0.719231
188,405,1.557692,0.723077
189,406,1.561538,0.726923
190,407,1.565385,0.730769
191,408,1.569231,0.734615
192,409,1.573077,0.738462
193,410,1.576923,0.742308
194,411,1.580769,0.746154
195,412,1.584615,0.750000
196,413,1.588462,0.753846
197,414,1.592308,0.757692
198,415,1.596154,0.761538
199,416,1.600000,0.765385
200,417,1.603846,0.769231
201,418,1.607692,0.773077
202,419,1.611538,0.776923
203,420,1.615385,0.780769
204,421,1.619231,0.784615
205,422,1.623077,0.788462
206,423,1.626923,0.792308
207,424,1.630769,0.796154
208,425,1.634615,0.800000
209,426,1.638462,0.803846
210,427,1.642308,0.807692
211,428,1.646154,0.811538
212,429,1.650000,0.815385
213,430,1.653846,0.819231
214,431,1.657692,0.823077
215,432,1.661538,0.826923
216,433,1.665385,0.830769
217,434,1.669231,0.834615
218,435,1.673077,0.838462
219,436,1.676923,0.842308
220,437,1.680769,0.846154
221,438,1.684615,0.850000
222,439,1.688462,0.853846
223,440,1.692308,0.857692
224,441,1.696154,0.861538
225,442,1.700000,0.865385
226,443,1.703846,0.869231
227,444,1.707692,0.873077
228,445,1.711538,0.876923
229,446,1.715385,0.880769
230,447,1.719231,0.884615
231,448,1.723077,0.888462
232,449,1.726923,0.892308
233,450,1.730769,0.896154
234,451,1.734615,0.900000
235,452,1.738462,0.903846
236,453,1.742308,0.907692
237,454,1.746154,0.911538
238,455,1.750000,0.915385
239,456,1.753846,0.919231
240,457,1.757692,0.923077
241,458,1.761538,0.926923
242,459,1.765385,0.930769
243,460,1.769231,0.934615
244,461,1.773077,0.938462
245,462,1.776923,0.942308
246,463,1.780769,0.946154
247,464,1.784615,0.950000
248,465,1.788462,0.953846
249,466,1.792308,0.957692
250,467,1.796154,0.961538
251,468,1.800000,0.965385
252,469,1.803846,0.969231
253,470,1.807692,0.973077
254,471,1.811538,0.976923
255,472,1.815385,0.980769
256,473,1.819231,0.984615
257,474,1.823077,0.988462
258,475,1.826923,0.992308
259,476,1.830769,0.996154
260,477,1.834615,1.000000
261,478,1.838462,1.003846
262,479,1.842308,1.007692
263,480,1.846154,1.011538
264,481,1.850000,1.015385
265,482,1.853846,1.019231
266,483,1.857692,1.023077
267,484,1.861538,1.026923
268,485,1.865385,1.030769
269,486,1.869231,1.034615
270,487,1.873077,1.038462
271,488,1.876923,1.042308
272,489,1.880769,1.046154
273,490,1.884615,1.050000
274,491,1.888462,1.053846
275,492,1.892308,1.057692
276,493,1.896154,1.061538
277,494,1.900000,1.065385
278,495,1.903846,1.069231
279,496,1.907692,1.073077
280,497,1.911538,1.076923
281,498,1.915385,1.080769
282,499,1.919231,1.084615
283,500,1.923077,1.088462
284,501,1.926923,1.092308
285,502,1.930769,1.096154
286,503,1.934615,1.100000
287,504,1.938462,1.103846
288,505,1.942308,1.107692
289,506,1.946154,1.111538
290,507,1.950000,1.115385
291,508,1.953846,1.119231
292,509,1.957692,1.123077
293,510,1.961538,1.126923
294,511,1.965385,1.130769
295,512,1.969231,1.134615
296,513,1.973077,1.138462
297,514,1.976923,1.142308
298,515,1.980769,1.146154
299,516,1.984615,1.150000
300,517,1.988462,1.153846
301,518,1.992308,1.157692
302,519,1.996154,1.161538
303,520,2.000000,1.165385
304,521,2.003846,1.169231
305,522,2.007692,1.173077
306,523,2.011538,1.176923
307,524,2.015385,1.180769
308,525,2.019231,1.184615
309,526,2.023077,1.188462
310,527,2.026923,1.192308
311,528,2.030769,1.196154
312,529,2.034615,1.200000
313,530,2.038462,1.203846
314,531,2.042308,1.207692
315,532,2.046154,1.211538
316,533,2.050000,1.215385
317,534,2.053846,1.219231
318,535,2.057692,1.223077
319,536,2.061538,1.226923
320,537,2.065385,1.230769
321,538,2.069231,1.234615
322,539,2.073077,1.238462
323,540,2.076923,1.242308
324,541,2.080769,1.246154
325,542,2.084615,1.250000
326,543,2.088462,1.253846
327,544,2.092308,1.257692
328,545,2.096154,1.261538
329,546,2.100000,1.265385
330,547,2.103846,1.269231
331,548,2.107692,1.273077
332,549,2.111538,1.276923
333,550,2.115385,1.280769
334,551,2.119231,1.284615
335,552,2.123077,1.288462
336,553,2.126923,1.292308
337,554,2.130769,1.296154
338,555,2.134615,1.300000
339,556,2.138462,1.303846
340,557,2.142308,1.307692
341,558,2.146154,1.311538
342,559,2.150000,1.315385
343,560,2.153846,1.319231
344,561,2.157692,1.323077
345,562,2.161538,1.326923
346,563,2.165385,1.330769
347,564,2.169231,1.334615
348,565,2.173077,1.338462
349,566,2.176923,1.342308
350,567,2.180769,1.346154
351,568,2.184615,1.350000
352,569,2.188462,1.353846
353,570,2.192308,1.357692
354,571,2.196154,1.361538
355,572,2.200000,1.365385
356,573,2.203846,1.369231
357,574,2.207692,1.373077
358,575,2.211538,1.376923
359,576,2.215385,1.380769
360,577,2.219231,1.384615
361,578,2.223077,1.388462
362,579,2.226923,1.392308
363,580,2.230769,1.396154
364,581,2.234615,1.400000
365,582,2.238462,1.403846
366,583,2.242308,1.407692
367,584,2.246154,1.411538
368,585,2.250000,1.415385
369,586,2.253846,1.419231
370,587,2.257692,1.423077
371,588,2.261538,1.426923
372,589,2.265385,1.430769
373,590,2.269231,1.434615
374,591,2.273077,1.438462
375,592,2.276923,1.442308
376,593,2.280769,1.446154
377,594,2.284615,1.450000
378,595,2.288462,1.453846
379,596,2.292308,1.457692
380,597,2.296154,1.461538
381,598,2.300000,1.465385
382,599,2.303846,1.469231
383,600,2.307692,1.473077
384,601,2.311538,1.476923
385,602,2.315385,1.480769
386,603,2.319231,1.484615
387,604,2.323077,1.488462
388,605,2.326923,1.492308
389,606,2.330769,1.496154
390,607,2.334615,1.500000
391,608,2.338462,1.503846
392,609,2.342308,1.507692
393,610,2.346154,1.511538
394,611,2.350000,1.515385
395,612,2.353846,1.519231
396,613,2.357692,1.523077
397,614,2.361538,1.526923
398,615,2.365385,1.530769
399,616,2.369231,1.534615
400,617,2.373077,1.538462
401,618,2.376923,1.542308
402,619,2.380769,1.546154
403,620,2.384615,1.550000
404,621,2.388462,1.553846
405,622,2.392308,1.557692
406,623,2.396154,1.561538
407,624,2.400000,1.565385
408,625,2.403846,1.569231
409,626,2.407692,1.573077
410,627,2.411538,1.576923
411,628,2.415385,1.580769
412,629,2.419231,1.584615
413,630,2.423077,1.588462
414,631,2.426923,1.592308
415,632,2.430769,1.596154
416,633,2.434615,1.600000
417,634,2.438462,1.603846
418,635,2.442308,1.607692
419,636,2.446154,1.611538
420,637,2.450000,1.615385
421,638,2.453846,1.619231
422,639,2.457692,1.623077
423,640,2.461538,1.626923
424,641,2.465385,1.630769
425,642,2.469231,1.634615
426,643,2.473077,1.638462
427,644,2.476923,1.642308
428,645,2.480769,1.646154
429,646,2.484615,1.650000
430,647,2.488462,1.653846
431,648,2.492308,1.657692
432,649,2.496154,1.661538
433,650,2.500000,1.665385
434,651,2.503846,1.669231
435,652,2.507692,1.673077
436,653,2.511538,1.676923
437,654,2.515385,1.680769
438,655,2.519231,1.684615
439,656,2.523077,1.688462
440,657,2.526923,1.692308
441,658,2.530769,1.696154
442,659,2.534615,1.700000
443,660,2.538462,1.703846
444,661,2.542308,1.707692
445,662,2.546154,1.711538
446,663,2.550000,1.715385
447,664,2.553846,1.719231
448,665,2.557692,1.723077
449,666,2.561538,1.726923
450,667,2.565385,1.730769
451,668,2.569231,1.734615
452,669,2.573077,1.738462
453,670,2.576923,1.742308
454,671,2.580769,1.746154
455,672,2.584615,1.750000
456,673,2.588462,1.753846
457,674,2.592308,1.757692
458,675,2.596154,1.761538
459,676,2.600000,1.765385
460,677,2.603846,1.769231
461,678,2.607692,1.773077
462,679,2.611538,1.776923
463,680,2.615385,1.780769
464,681,2.619231,1.784615
465,682,2.623077,1.788462
466,683,2.626923,1.792308
467,684,2.630769,1.796154
468,685,2.634615,1.800000
469,686,2.638462,1.803846
470,687,2.642308,1.807692
471,688,2.646154,1.811538
472,689,2.650000,1.815385
473,690,2.653846,1.819231
474,691,2.657692,1.823077
475,692,2.661538,1.826923
476,693,2.665385,1.830769
477,694,2.669231,1.834615
478,695,2.673077,1.838462
479,696,2.676923,1.842308
480,697,2.680769,1.846154
481,698,2.684615,1.850000
482,699,2.688462,1.853846
483,700,2.692308,1.857692
484,701,2.696154,1.861538
485,702,2.700000,1.865385
486,703,2.703846,1.869231
487,704,2.707692,1.873077
488,705,2.711538,1.876923
489,706,2.715385,1.880769
490,707,2.719231,1.884615
491,708,2.723077,1.888462
492,709,2.726923,1.892308
493,710,2.730769,1.896154
494,711,2.734615,1.900000
495,712,2.738462,1.903846
496,713,2.742308,1.907692
497,714,2.746154,1.911538
498,715,2.750000,1.915385
499,716,2.753846,1.919231
500,717,2.757692,1.923077
501,718,2.761538,1.926923
502,719,2.765385,1.930769
503,720,2.769231,1.934615
504,721,2.773077,1.938462
505,722,2.776923,1.942308
506,723,2.780769,1.946154
507,724,2.784615,1.950000
508,725,2.788462,1.953846
509,726,2.792308,1.957692
510,727,2.796154,1.961538
511,728,2.800000,1.965385
512,729,2.803846,1.969231
513,730,2.807692,1.973077
514,731,2.811538,1.976923
515,732,2.815385,1.980769
516,733,2.819231,1.984615
517,734,2.823077,1.988462
518,735,2.826923,1.992308
519,736,2.830769,1.996154
520,737,2.834615,2.000000
521,738,2.838462,2.003846
522,739,2.842308,2.007692
523,740,2.846154,2.011538
524,741,2.850000,2.015385
525,742,2.853846,2.019231
526,743,2.857692,2.023077
527,744,2.861538,2.026923
528,745,2.865385,2.030769
529,746,2.869231,2.034615
530,747,2.873077,2.038462
531,748,2.876923,2.042308
532,749,2.880769,2.046154
533,750,2.884615,2.050000
534,751,2.888462,2.053846
535,752,2.892308,2.057692
536,753,2.896154,2.061538
537,754,2.900000,2.065385
538,755,2.903846,2.069231
539,756,2.907692,2.073077
540,757,2.911538,2.076923
541,758,2.915385,2.080769
542,759,2.919231,2.084615
543,760,2.923077,2.088462
544,761,2.926923,2.092308
545,762,2.930769,2.096154
546,763,2.934615,2.100000
547,764,2.938462,2.103846
548,765,2.942308,2.107692
549,766,2.946154,2.111538
550,767,2.950000,2.115385
551,768,2.953846,2.119231
552,769,2.957692,2.123077
553,770,2.961538,2.126923
554,771,2.965385,2.130769
555,772,2.969231,2.134615
556,773,2.973077,2.138462
557,774,2.976923,2.142308
558,775,2.980769,2.146154
559,776,2.984615,2.150000
560,777,2.988462,2.153846
561,778,2.992308,2.157692
562,779,2.996154,2.161538
563,780,3.000000,2.165385
564,781,3.003846,2.169231
565,782,3.007692,2.173077
566,783,3.011538,2.176923
567,784,3.015385,2.180769
568,785,3.019231,2.184615
569,786,3.023077,2.188462
570,787,3.026923,2.192308
571,788,3.030769,2.196154
572,789,3.034615,2.200000
573,790,3.038462,2.203846
574,791,3.042308,2.207692
575,792,3.046154,2.211538
576,793,3.050000,2.215385
577,794,3.053846,2.219231
578,795,3.057692,2.223077
579,796,3.061538,2.226923
580,797,3.065385,2.230769
581,798,3.069231,2.234615
582,799,3.073077,2.238462
583,800,3.076923,2.242308
584,801,3.080769,2.246154
585,802,3.084615,2.250000
586,803,3.088462,2.253846
587,804,3.092308,2.257692
588,805,3.096154,2.261538
589,806,3.100000,2.265385
590,807,3.103846,2.269231
591,808,3.107692,2.273077
592,809,3.111538,2.276923
593,810,3.115385,2.280769
594,811,3.119231,2.284615
595,812,3.123077,2.288462
596,813,3.126923,2.292308
597,814,3.130769,2.296154
598,815,3.134615,2.300000
599,816,3.138462,2.303846
600,817,3.142308,2.307692
601,818,3.146154,2.311538
602,819,3.150000,2.315385
603,820,3.153846,2.319231
604,821,3.157692,2.323077
605,822,3.161538,2.326923
606,823,3.165385,2.330769
607,824,3.169231,2.334615
608,825,3.173077,2.338462
609,826,3.176923,2.342308
610,827,3.180769,2.346154
611,828,3.184615,2.350000
612,829,3.188462,2.353846
613,830,3.192308,2.357692
614,831,3.196154,2.361538
615,832,3.200000,2.365385
616,833,3.203846,2.369231
617,834,3.207692,2.373077
618,835,3.211538,2.376923
619,836,3.215385,2.380769
620,837,3.219231,2.384615
621,838,3.223077,2.388462
622,839,3.226923,2.392308
623,840,3.230769,2.396154
624,841,3.234615,2.400000
625,842,3.238462,2.403846
626,843,3.242308,2.407692
627,844,3.246154,2.411538
628,845,3.250000,2.415385
629,846,3.253846,2.419231
630,847,3.257692,2.423077
631,848,3.261538,2.426923
632,849,3.265385,2.430769
633,850,3.269231,2.434615
634,851,3.273077,2.438462
635,852,3.276923,2.442308
636,853,3.280769,2.446154
637,854,3.284615,2.450000
638,855,3.288462,2.453846
639,856,3.292308,2.457692
640,857,3.296154,2.461538
641,858,3.300000,2.465385
642,859,3.303846,2.469231
643,860,3.307692,2.473077
644,861,3.311538,2.476923
645,862,3.315385,2.480769
646,863,3.319231,2.484615
647,864,3.323077,2.488462
648,865,3.326923,2.492308
649,866,3.330769,2.496154
650,867,3.334615,2.500000
651,868,3.338462,2.503846
652,869,3.342308,2.507692
653,870,3.346154,2.511538
654,871,3.350000,2.515385
655,872,3.353846,2.519231
656,873,3.357692,2.523077
657,874,3.361538,2.526923
658,875,3.365385,2.530769
659,876,3.369231,2.534615
660,877,3.373077,2.538462
661,878,3.376923,2.542308
662,879,3.380769,2.546154
663,880,3.384615,2.550000
664,881,3.388462,2.553846
665,882,3.392308,2.557692
666,883,3.396154,2.561538
667,884,3.400000,2.565385
668,885,3.403846,2.569231
669,886,3.407692,2.573077
670,887,3.411538,2.576923
671,888,3.415385,2.580769
672,889,3.419231,2.584615
673,890,3.423077,2.588462
674,891,3.426923,2.592308
675,892,3.430769,2.596154
676,893,3.434615,2.600000
677,894,3.438462,2.603846
678,895,3.442308,2.607692
679,896,3.446154,2.611538
680,897,3.450000,2.615385
681,898,3.453846,2.619231
682,899,3.457692,2.623077
683,900,3.461538,2.626923
684,901,3.465385,2.630769
685,902,3.469231,2.634615
686,903,3.473077,2.638462
687,904,3.476923,2.642308
688,905,3.480769,2.646154
689,906,3.484615,2.650000
690,907,3.488462,2.653846
691,908,3.492308,2.657692
692,909,3.496154,2.661538
693,910,3.500000,2.665385
694,911,3.503846,2.669231
695,912,3.507692,2.673077
696,913,3.511538,2.676923
697,914,3.515385,2.680769
698,915,3.519231,2.684615
699,916,3.523077,2.688462
700,917,3.526923,2.692308
701,918,3.530769,2.696154
702,919,3.534615,2.700000
703,920,3.538462,2.703846
704,921,3.542308,2.707692
705,922,3.546154,2.711538
706,923,3.550000,2.715385
707,924,3.553846,2.719231
708,925,3.557692,2.723077
709,926,3.561538,2.726923
710,927,3.565385,2.730769
711,928,3.569231,2.734615
712,929,3.573077,2.738462
713,930,3.576923,2.742308
714,931,3.580769,2.746154
715,932,3.584615,2.750000
716,933,3.588462,2.753846
717,934,3.592308,2.757692
718,935,3.596154,2.761538
719,936,3.600000,2.765385
720,937,3.603846,2.769231
721,938,3.607692,2.773077
722,939,3.611538,2.776923
723,940,3.615385,2.780769
724,941,3.619231,2.784615
725,942,3.623077,2.788462
726,943,3.626923,2.792308
727,944,3.630769,2.796154
728,945,3.634615,2.800000
729,946,3.638462,2.803846
730,947,3.642308,2.807692
731,948,3.646154,2.811538
732,949,3.650000,2.815385
733,950,3.653846,2.819231
734,951,3.657692,2.823077
735,952,3.661538,2.826923
736,953,3.665385,2.830769
737,954,3.669231,2.834615
738,955,3.673077,2.838462
739,956,3.676923,2.842308
740,957,3.680769,2.846154
741,958,3.684615,2.850000
742,959,3.688462,2.853846
743,960,3.692308,2.857692
744,961,3.696154,2.861538
745,962,3.700000,2.865385
746,963,3.703846,2.869231
747,964,3.707692,2.873077
748,965,3.711538,2.876923
749,966,3.715385,2.880769
750,967,3.719231,2.884615
751,968,3.723077,2.888462
752,969,3.726923,2.892308
753,970,3.730769,2.896154
754,971,3.734615,2.900000
755,972,3.738462,2.903846
756,973,3.742308,2.907692
757,974,3.746154,2.911538
758,975,3.750000,2.915385
759,976,3.753846,2.919231
760,977,3.757692,2.923077
761,978,3.761538,2.926923
762,979,3.765385,2.930769
763,980,3.769231,2.934615
764,981,3.773077,2.938462
765,982,3.776923,2.942308
766,983,3.780769,2.946154
767,984,3.784615,2.950000
768,985,3.788462,2.953846
769,986,3.792308,2.957692
770,987,3.796154,2.961538
771,988,3.800000,2.965385
772,989,3.803846,2.969231
773,990,3.807692,2.973077
774,991,3.811538,2.976923
775,992,3.815385,2.980769
776,993,3.819231,2.984615
777,994,3.823077,2.988462
778,995,3.826923,2.992308
779,996,3.830769,2.996154
780,997,3.834615,3.000000
781,998,3.838462,3.003846
782,999,3.842308,3.007692
783,1000,3.846154,3.011538
784,1001,3.850000,3.015385
785,1002,3.853846,3.019231
786,1003,3.857692,3.023077
787,1004,3.861538,3.026923
788,1005,3.865385,3.030769
789,1006,3.869231,3.034615
790,1007,3.873077,3.038462
791,1008,3.876923,3.042308
792,1009,3.880769,3.046154
793,1010,3.884615,3.050000
794,1011,3.888462,3.053846
795,1012,3.892308,3.057692
796,1013,3.896154,3.061538
797,1014,3.900000,3.065385
798,1015,3.903846,3.069231
799,1016,3.907692,3.073077
800,1017,3.911538,3.076923
801,1018,3.915385,3.080769
802,1019,3.919231,3.084615
803,1020,3.923077,3.088462
804,1021,3.926923,3.092308
805,1022,3.930769,3.096154
806,1023,3.934615,3.100000
807,1024,3.938462,3.103846
808,1025,3.942308,3.107692
809,1026,3.946154,3.111538
810,1027,3.950000,3.115385
811,1028,3.953846,3.119231
812,1029,3.957692,3.123077
813,1030,3.961538,3.126923
814,1031,3.965385,3.130769
815,1032,3.969231,3.134615
816,1033,3.973077,3.138462
817,1034,3.976923,3.142308
818,1035,3.980769,3.146154
819,1036,3.984615,3.150000
820,1037,3.988462,3.153846
821,1038,3.992308,3.157692
822,1039,3.996154,3.161538
823,1040,4.000000,3.165385
824,1041,4.003846,3.169231
825,1042,4.007692,3.173077
826,1043,4.011538,3.176923
827,1044,4.015385,3.180769
828,1045,4.019231,3.184615
829,1046,4.023077,3.188462
830,1047,4.026923,3.192308
831,1048,4.030769,3.196154
832,1049,4.034615,3.200000
833,1050,4.038462,3.203846
834,1051,4.042308,3.207692
835,1052,4.046154,3.211538
836,1053,4.050000,3.215385
837,1054,4.053846,3.219231
838,1055,4.057692,3.223077
839,1056,4.061538,3.226923
840,1057,4.065385,3.230769
841,1058,4.069231,3.234615
842,1059,4.073077,3.238462
843,1060,4.076923,3.242308
844,1061,4.080769,3.246154
845,1062,4.084615,3.250000
846,1063,4.088462,3.253846
847,1064,4.092308,3.257692
848,1065,4.096154,3.261538
849,1066,4.100000,3.265385
850,1067,4.103846,3.269231
851,1068,4.107692,3.273077
852,1069,4.111538,3.276923
853,1070,4.115385,3.280769
854,1071,4.119231,3.284615
855,1072,4.123077,3.288462
856,1073,4.126923,3.292308
857,1074,4.130769,3.296154
858,1075,4.134615,3.300000
859,1076,4.138462,3.303846
860,1077,4.142308,3.307692
861,1078,4.146154,3.311538
862,1079,4.150000,3.315385
863,1080,4.153846,3.319231
864,1081,4.157692,3.323077
865,1082,4.161538,3.326923
866,1083,4.165385,3.330769
867,1084,4.169231,3.334615
868,1085,4.173077,3.338462
869,1086,4.176923,3.342308
870,1087,4.180769,3.346154
871,1088,4.184615,3.350000
872,1089,4.188462,3.353846
873,1090,4.192308,3.357692
874,1091,4.196154,3.361538
875,1092,4.200000,3.365385
876,1093,4.203846,3.369231
877,1094,4.207692,3.373077
878,1095,4.211538,3.376923
879,1096,4.215385,3.380769
880,1097,4.219231,3.384615
881,1098,4.223077,3.388462
882,1099,4.226923,3.392308
883,1100,4.230769,3.396154
884,1101,4.234615,3.400000
885,1102,4.238462,3.403846
886,1103,4.242308,3.407692
887,1104,4.246154,3.411538
888,1105,4.250000,3.415385
889,1106,4.253846,3.419231
890,1107,4.257692,3.423077
891,1108,4.261538,3.426923
892,1109,4.265385,3.430769
893,1110,4.269231,3.434615
894,1111,4.273077,3.438462
895,1112,4.276923,3.442308
896,1113,4.280769,3.446154
897,1114,4.284615,3.450000
898,1115,4.288462,3.453846
899,1116,4.292308,3.457692
900,1117,4.296154,3.461538
901,1118,4.300000,3.465385
902,1119,4.303846,3.469231
903,1120,4.307692,3.473077
904,1121,4.311538,3.476923
905,1122,4.315385,3.480769
906,1123,4.319231,3.484615
907,1124,4.323077,3.488462
908,1125,4.326923,3.492308
909,1126,4.330769,3.496154
910,1127,4.334615,3.500000
911,1128,4.338462,3.503846
912,1129,4.342308,3.507692
913,1130,4.346154,3.511538
914,1131,4.350000,3.515385
915,1132,4.353846,3.519231
916,1133,4.357692,3.523077
917,1134,4.361538,3.526923
918,1135,4.365385,3.530769
919,1136,4.369231,3.534615
920,1137,4.373077,3.538462
921,1138,4.376923,3.542308
922,1139,4.380769,3.546154
923,1140,4.384615,3.550000
924,1141,4.388462,3.553846
925,1142,4.392308,3.557692
926,1143,4.396154,3.561538
927,1144,4.400000,3.565385
928,1145,4.403846,3.569231
929,1146,4.407692,3.573077
930,1147,4.411538,3.576923
931,1148,4.415385,3.580769
932,1149,4.419231,3.584615
933,1150,4.423077,3.588462
934,1151,4.426923,3.592308
935,1152,4.430769,3.596154
936,1153,4.434615,3.600000
937,1154,4.438462,3.603846
938,1155,4.442308,3.607692
939,1156,4.446154,3.611538
940,1157,4.450000,3.615385
941,1158,4.453846,3.619231
942,1159,4.457692,3.623077
943,1160,4.461538,3.626923
944,1161,4.465385,3.630769
945,1162,4.469231,3.634615
946,1163,4.473077,3.638462
947,1164,4.476923,3.642308
948,1165,4.480769,3.646154
949,1166,4.484615,3.650000
950,1167,4.488462,3.653846
951,1168,4.492308,3.657692
952,1169,4.496154,3.661538
953,1170,4.500000,3.665385
954,1171,4.503846,3.669231
955,1172,4.507692,3.673077
956,1173,4.511538,3.676923
957,1174,4.515385,3.680769
958,1175,4.519231,3.684615
959,1176,4.523077,3.688462
960,1177,4.526923,3.692308
961,1178,4.530769,3.696154
962,1179,4.534615,3.700000
963,1180,4.538462,3.703846
964,1181,4.542308,3.707692
965,1182,4.546154,3.711538
966,1183,4.550000,3.715385
967,1184,4.553846,3.719231
968,1185,4.557692,3.723077
969,1186,4.561538,3.726923
970,1187,4.565385,3.730769
971,1188,4.569231,3.734615
972,1189,4.573077,3.738462
973,1190,4.576923,3.742308
974,1191,4.580769,3.746154
975,1192,4.584615,3.750000
976,1193,4.588462,3.753846
977,1194,4.592308,3.757692
978,1195,4.596154,3.761538
979,1196,4.600000,3.765385
980,1197,4.603846,3.769231
981,1198,4.607692,3.773077
982,1199,4.611538,3.776923
983,1200,4.615385,3.780769
984,1201,4.619231,3.784615
985,1202,4.623077,3.788462
986,1203,4.626923,3.792308
987,1204,4.630769,3.796154
988,1205,4.634615,3.800000
989,1206,4.638462,3.803846
990,1207,4.642308,3.807692
991,1208,4.646154,3.811538
992,1209,4.650000,3.815385
993,1210,4.653846,3.819231
994,1211,4.657692,3.823077
995,1212,4.661538,3.826923
996,1213,4.665385,3.830769
997,1214,4.669231,3.834615
998,1215,4.673077,3.838462
999,1216,4.676923,3.842308
1000,1217,4.680769,3.846154
1001,1218,4.684615,3.850000
1002,1219,4.688462,3.853846
1003,1220,4.692308,3.857692
1004,1221,4.696154,3.861538
1005,1222,4.700000,3.865385
1006,1223,4.703846,3.869231
1007,1224,4.707692,3.873077
1008,1225,4.711538,3.876923
1009,1226,4.715385,3.880769
1010,1227,4.719231,3.884615
1011,1228,4.723077,3.888462
1012,1229,4.726923,3.892308
1013,1230,4.730769,3.896154
1014,1231,4.734615,3.900000
1015,1232,4.738462,3.903846
1016,1233,4.742308,3.907692
1017,1234,4.746154,3.911538
1018,1235,4.750000,3.915385
1019,1236,4.753846,3.919231
1020,1237,4.757692,3.923077
1021,1238,4.761538,3.926923
1022,1239,4.765385,3.930769
1023,1240,4.769231,3.934615
1024,1241,4.773077,3.938462
1025,1242,4.776923,3.942308
1026,1243,4.780769,3.946154
1027,1244,4.784615,3.950000
1028,1245,4.788462,3.953846
1029,1246,4.792308,3.957692
1030,1247,4.796154,3.961538
1031,1248,4.800000,3.965385
1032,1249,4.803846,3.969231
1033,1250,4.807692,3.973077
1034,1251,4.811538,3.976923
1035,1252,4.815385,3.980769
1036,1253,4.819231,3.984615
1037,1254,4.823077,3.988462
1038,1255,4.826923,3.992308
1039,1256,4.830769,3.996154
1040,1257,4.834615,4.000000
1041,1258,4.838462,4.003846
1042,1259,4.842308,4.007692
1043,1260,4.846154,4.011538
1044,1261,4.850000,4.015385
1045,1262,4.853846,4.019231
1046,1263,4.857692,4.023077
1047,1264,4.861538,4.026923
1048,1265,4.865385,4.030769
1049,1266,4.869231,4.034615
1050,1267,4.873077,4.038462
1051,1268,4.876923,4.042308
1052,1269,4.880769,4.046154
1053,1270,4.884615,4.050000
1054,1271,4.888462,4.053846
1055,1272,4.892308,4.057692
1056,1273,4.896154,4.061538
1057,1274,4.900000,4.065385
1058,1275,4.903846,4.069231
1059,1276,4.907692,4.073077
1060,1277,4.911538,4.076923
1061,1278,4.915385,4.080769
1062,1279,4.919231,4.084615
1063,1280,4.923077,4.088462
1064,1281,4.926923,4.092308
1065,1282,4.930769,4.096154
1066,1283,4.934615,4.100000
1067,1284,4.938462,4.103846
1068,1285,4.942308,4.107692
1069,1286,4.946154,4.111538
1070,1287,4.950000,4.115385
1071,1288,4.953846,4.119231
1072,1289,4.957692,4.123077
1073,1290,4.961538,4.126923
1074,1291,4.965385,4.130769
1075,1292,4.969231,4.134615
1076,1293,4.973077,4.138462
1077,1294,4.976923,4.142308
1078,1295,4.980769,4.146154
1079,1296,4.984615,4.150000
1080,1297,4.988462,4.153846
1081,1298,4.992308,4.157692
1082,1299,4.996154,4.161538
1083,1300,5.000000,4.165385
1084,1301,5.003846,4.169231
1085,1302,5.007692,4.173077
1086,1303,5.011538,4.176923
1087,1304,5.015385,4.180769
1088,1305,5.019231,4.184615
1089,1306,5.023077,4.188462
1090,1307,5.026923,4.192308
1091,1308,5.030769,4.196154
1092,1309,5.034615,4.200000
1093,1310,5.038462,4.203846
1094,1311,5.042308,4.207692
1095,1312,5.046154,4.211538
1096,1313,5.050000,4.215385
1097,1314,5.053846,4.219231
1098,1315,5.057692,4.223077
1099,1316,5.061538,4.226923
1100,1317,5.065385,4.230769
1101,1318,5.069231,4.234615
1102,1319,5.073077,4.238462
1103,1320,5.076923,4.242308
1104,1321,5.080769,4.246154
1105,1322,5.084615,4.250000
1106,1323,5.088462,4.253846
1107,1324,5.092308,4.257692
1108,1325,5.096154,4.261538
1109,1326,5.100000,4.265385
1110,1327,5.103846,4.269231
1111,1328,5.107692,4.273077
1112,1329,5.111538,4.276923
1113,1330,5.115385,4.280769
1114,1331,5.119231,4.284615
1115,1332,5.123077,4.288462
1116,1333,5.126923,4.292308
1117,1334,5.130769,4.296154
1118,1335,5.134615,4.300000
1119,1336,5.138462,4.303846
1120,1337,5.142308,4.307692
1121,1338,5.146154,4.311538
1122,1339,5.150000,4.315385
1123,1340,5.153846,4.319231
1124,1341,5.157692,4.323077
1125,1342,5.161538,4.326923
1126,1343,5.165385,4.330769
1127,1344,5.169231,4.334615
1128,1345,5.173077,4.338462
1129,1346,5.176923,4.342308
1130,1347,5.180769,4.346154
1131,1348,5.184615,4.350000
1132,1349,5.188462,4.353846
1133,1350,5.192308,4.357692
1134,1351,5.196154,4.361538
1135,1352,5.200000,4.365385
1136,1353,5.203846,4.369231
1137,1354,5.207692,4.373077
1138,1355,5.211538,4.376923
1139,1356,5.215385,4.380769
1140,1357,5.219231,4.384615
1141,1358,5.223077,4.388462
1142,1359,5.226923,4.392308
1143,1360,5.230769,4.396154
1144,1361,5.234615,4.400000
1145,1362,5.238462,4.403846
1146,1363,5.242308,4.407692
1147,1364,5.246154,4.411538
1148,1365,5.250000,4.415385
1149,1366,5.253846,4.419231
1150,1367,5.257692,4.423077
1151,1368,5.261538,4.426923
1152,1369,5.265385,4.430769
1153,1370,5.269231,4.434615
1154,1371,5.273077,4.438462
1155,1372,5.276923,4.442308
1156,1373,5.280769,4.446154
1157,1374,5.284615,4.450000
1158,1375,5.288462,4.453846
1159,1376,5.292308,4.457692
1160,1377,5.296154,4.461538
1161,1378,5.300000,4.465385
1162,1379,5.303846,4.469231
1163,1380,5.307692,4.473077
1164,1381,5.311538,4.476923
1165,1382,5.315385,4.480769
1166,1383,5.319231,4.484615
1167,1384,5.323077,4.488462
1168,1385,5.326923,4.492308
1169,1386,5.330769,4.496154
1170,1387,5.334615,4.500000
1171,1388,5.338462,4.503846
1172,1389,5.342308,4.507692
1173,1390,5.346154,4.511538
1174,1391,5.350000,4.515385
1175,1392,5.353846,4.519231
1176,1393,5.357692,4.523077
1177,1394,5.361538,4.526923
1178,1395,5.365385,4.530769
1179,1396,5.369231,4.534615
1180,1397,5.373077,4.538462
1181,1398,5.376923,4.542308
1182,1399,5.380769,4.546154
1183,1400,5.384615,4.550000
1184,1401,5.388462,4.553846
1185,1402,5.392308,4.557692
1186,1403,5.396154,4.561538
1187,1404,5.400000,4.565385
1188,1405,5.403846,4.569231
1189,1406,5.407692,4.573077
1190,1407,5.411538,4.576923
1191,1408,5.415385,4.580769
1192,1409,5.419231,4.584615
1193,1410,5.423077,4.588462
1194,1411,5.426923,4.592308
1195,1412,5.430769,4.596154
1196,1413,5.434615,4.600000
1197,1414,5.438462,4.603846
1198,1415,5.442308,4.607692
1199,1416,5.446154,4.611538
1200,1417,5.450000,4.615385
1201,1418,5.453846,4.619231
1202,1419,5.457692,4.623077
1203,1420,5.461538,4.626923
1204,1421,5.465385,4.630769
1205,1422,5.469231,4.634615
1206,1423,5.473077,4.638462
1207,1424,5.476923,4.642308
1208,1425,5.480769,4.646154
1209,1426,5.484615,4.650000
1210,1427,5.488462,4.653846
1211,1428,5.492308,4.657692
1212,1429,5.496154,4.661538
1213,1430,5.500000,4.665385
1214,1431,5.503846,4.669231
1215,1432,5.507692,4.673077
1216,1433,5.511538,4.676923
1217,1434,5.515385,4.680769
1218,1435,5.519231,4.684615
1219,1436,5.523077,4.688462
1220,1437,5.526923,4.692308
1221,1438,5.530769,4.696154
1222,1439,5.534615,4.700000
1223,1440,5.538462,4.703846
1224,1441,5.542308,4.707692
1225,1442,5.546154,4.711538
1226,1443,5.550000,4.715385
1227,1444,5.553846,4.719231
1228,1445,5.557692,4.723077
1229,1446,5.561538,4.726923
1230,1447,5.565385,4.730769
1231,1448,5.569231,4.734615
1232,1449,5.573077,4.738462
1233,1450,5.576923,4.742308
1234,1451,5.580769,4.746154
1235,1452,5.584615,4.750000
1236,1453,5.588462,4.753846
1237,1454,5.592308,4.757692
1238,1455,5.596154,4.761538
1239,1456,5.600000,4.765385
1240,1457,5.603846,4.769231
1241,1458,5.607692,4.773077
1242,1459,5.611538,4.776923
1243,1460,5.615385,4.780769
1244,1461,5.619231,4.784615
1245,1462,5.623077,4.788462
1246,1463,5.626923,4.792308
1247,1464,5.630769,4.796154
1248,1465,5.634615,4.800000
1249,1466,5.638462,4.803846
1250,1467,5.642308,4.807692
1251,1468,5.646154,4.811538
1252,1469,5.650000,4.815385
1253,1470,5.653846,4.819231
1254,1471,5.657692,4.823077
1255,1472,5.661538,4.826923
1256,1473,5.665385,4.830769
1257,1474,5.669231,4.834615
1258,1475,5.673077,4.838462
1259,1476,5.676923,4.842308
1260,1477,5.680769,4.846154
1261,1478,5.684615,4.850000
1262,1479,5.688462,4.853846
1263,1480,5.692308,4.857692
1264,1481,5.696154,4.861538
1265,1482,5.700000,4.865385
1266,1483,5.703846,4.869231
1267,1484,5.707692,4.873077
1268,1485,5.711538,4.876923
1269,1486,5.715385,4.880769
1270,1487,5.719231,4.884615
1271,1488,5.723077,4.888462
1272,1489,5.726923,4.892308
1273,1490,5.730769,4.896154
1274,1491,5.734615,4.900000
1275,1492,5.738462,4.903846
1276,1493,5.742308,4.907692
1277,1494,5.746154,4.911538
1278,1495,5.750000,4.915385
1279,1496,5.753846,4.919231
1280,1497,5.757692,4.923077
1281,1498,5.761538,4.926923
1282,1499,5.765385,4.930769
1283,1500,5.769231,4.934615
1284,1501,5.773077,4.938462
1285,1502,5.776923,4.942308
1286,1503,5.780769,4.946154
1287,1504,5.784615,4.950000
1288,1505,5.788462,4.953846
1289,1506,5.792308,4.957692
1290,1507,5.796154,4.961538
1291,1508,5.800000,4.965385
1292,1509,5.803846,4.969231
1293,1510,5.807692,4.973077
1294,1511,5.811538,4.976923
1295,1512,5.815385,4.980769
1296,1513,5.819231,4.984615
1297,1514,5.823077,4.988462
1298,1515,5.826923,4.992308
1299,1516,5.830769,4.996154
1300,1517,5.834615,5.000000
1301,1518,5.838462,5.003846
1302,1519,5.842308,5.007692
1303,1520,5.846154,5.011538
1304,1521,5.850000,5.015385
1305,1522,5.853846,5.019231
1306,1523,5.857692,5.023077
1307,1524,5.861538,5.026923
1308,1525,5.865385,5.030769
1309,1526,5.869231,5.034615
1310,1527,5.873077,5.038462
1311,1528,5.876923,5.042308
1312,1529,5.880769,5.046154
1313,1530,5.884615,5.050000
1314,1531,5.888462,5.053846
1315,1532,5.892308,5.057692
1316,1533,5.896154,5.061538
1317,1534,5.900000,5.065385
1318,1535,5.903846,5.069231
1319,1536,5.907692,5.073077
1320,1537,5.911538,5.076923
1321,1538,5.915385,5.080769
1322,1539,5.919231,5.084615
1323,1540,5.923077,5.088462
1324,1541,5.926923,5.092308
1325,1542,5.930769,5.096154
1326,1543,5.934615,5.100000
1327,1544,5.938462,5.103846
1328,1545,5.942308,5.107692
1329,1546,5.946154,5.111538
1330,1547,5.950000,5.115385
1331,1548,5.953846,5.119231
1332,1549,5.957692,5.123077
1333,1550,5.961538,5.126923
1334,1551,5.965385,5.130769
1335,1552,5.969231,5.134615
1336,1553,5.973077,5.138462
1337,1554,5.976923,5.142308
1338,1555,5.980769,5.146154
1339,1556,5.984615,5.150000
1340,1557,5.988462,5.153846
1341,1558,5.992308,5.157692
1342,1559,5.996154,5.161538
1343,1560,6.000000,5.165385
1344,1561,6.003846,5.169231
1345,1562,6.007692,5.173077
1346,1563,6.011538,5.176923
1347,1564,6.015385,5.180769
1348,1565,6.019231,5.184615
1349,1566,6.023077,5.188462
1350,1567,6.026923,5.192308
1351,1568,6.030769,5.196154
1352,1569,6.034615,5.200000
1353,1570,6.038462,5.203846
1354,1571,6.042308,5.207692
1355,1572,6.046154,5.211538
1356,1573,6.050000,5.215385
1357,1574,6.053846,5.219231
1358,1575,6.057692,5.223077
1359,1576,6.061538,5.226923
1360,1577,6.065385,5.230769
1361,1578,6.069231,5.234615
1362,1579,6.073077,5.238462
1363,1580,6.076923,5.242308
1364,1581,6.080769,5.246154
1365,1582,6.084615,5.250000
1366,1583,6.088462,5.253846
1367,1584,6.092308,5.257692
1368,1585,6.096154,5.261538
1369,1586,6.100000,5.265385
1370,1587,6.103846,5.269231
1371,1588,6.107692,5.273077
1372,1589,6.111538,5.276923
1373,1590,6.115385,5.280769
1374,1591,6.119231,5.284615
1375,1592,6.123077,5.288462
1376,1593,6.126923,5.292308
1377,1594,6.130769,5.296154
1378,1595,6.134615,5.300000
1379,1596,6.138462,5.303846
1380,1597,6.142308,5.307692
1381,1598,6.146154,5.311538
1382,1599,6.150000,5.315385
1383,1600,6.153846,5.319231
1384,1601,6.157692,5.323077
1385,1602,6.161538,5.326923
1386,1603,6.165385,5.330769
1387,1604,6.169231,5.334615
1388,1605,6.173077,5.338462
1389,1606,6.176923,5.342308
1390,1607,6.180769,5.346154
1391,1608,6.184615,5.350000
1392,1609,6.188462,5.353846
1393,1610,6.192308,5.357692
1394,1611,6.196154,5.361538
1395,1612,6.200000,5.365385
1396,1613,6.203846,5.369231
1397,1614,6.207692,5.373077
1398,1615,6.211538,5.376923
1399,1616,6.215385,5.380769
1400,1617,6.219231,5.384615
1401,1618,6.223077,5.388462
1402,1619,6.226923,5.392308
1403,1620,6.230769,5.396154
1404,1621,6.234615,5.400000
1405,1622,6.238462,5.403846
1406,1623,6.242308,5.407692
1407,1624,6.246154,5.411538
1408,1625,6.250000,5.415385
1409,1626,6.253846,5.419231
1410,1627,6.257692,5.423077
1411,1628,6.261538,5.426923
1412,1629,6.265385,5.430769
1413,1630,6.269231,5.434615
1414,1631,6.273077,5.438462
1415,1632,6.276923,5.442308
1416,1633,6.280769,5.446154
1417,1634,6.284615,5.450000
1418,1635,6.288462,5.453846
1419,1636,6.292308,5.457692
1420,1637,6.296154,5.461538
1421,1638,6.300000,5.465385
1422,1639,6.303846,5.469231
1423,1640,6.307692,5.473077
1424,1641,6.311538,5.476923
1425,1642,6.315385,5.480769
1426,1643,6.319231,5.484615
1427,1644,6.323077,5.488462
1428,1645,6.326923,5.492308
1429,1646,6.330769,5.496154
1430,1647,6.334615,5.500000
1431,1648,6.338462,5.503846
1432,1649,6.342308,5.507692
1433,1650,6.346154,5.511538
1434,1651,6.350000,5.515385
1435,1652,6.353846,5.519231
1436,1653,6.357692,5.523077
1437,1654,6.361538,5.526923
1438,1655,6.365385,5.530769
1439,1656,6.369231,5.534615
1440,1657,6.373077,5.538462
1441,1658,6.376923,5.542308
1442,1659,6.380769,5.546154
1443,1660,6.384615,5.550000
1444,1661,6.388462,5.553846
1445,1662,6.392308,5.557692
1446,1663,6.396154,5.561538
1447,1664,6.400000,5.565385
1448,1665,6.403846,5.569231
1449,1666,6.407692,5.573077
1450,1667,6.411538,5.576923
1451,1668,6.415385,5.580769
1452,1669,6.419231,5.584615
1453,1670,6.423077,5.588462
1454,1671,6.426923,5.592308
1455,1672,6.430769,5.596154
1456,1673,6.434615,5.600000
1457,1674,6.438462,5.603846
1458,1675,6.442308,5.607692
1459,1676,6.446154,5.611538
1460,1677,6.450000,5.615385
1461,1678,6.453846,5.619231
1462,1679,6.457692,5.623077
1463,1680,6.461538,5.626923
1464,1681,6.465385,5.630769
1465,1682,6.469231,5.634615
1466,1683,6.473077,5.638462
1467,1684,6.476923,5.642308
1468,1685,6.480769,5.646154
1469,1686,6.484615,5.650000
1470,1687,6.488462,5.653846
1471,1688,6.492308,5.657692
1472,1689,6.496154,5.661538
1473,1690,6.500000,5.665385
1474,1691,6.503846,5.669231
1475,1692,6.507692,5.673077
1476,1693,6.511538,5.676923
1477,1694,6.515385,5.680769
1478,1695,6.519231,5.684615
1479,1696,6.523077,5.688462
1480,1697,6.526923,5.692308
1481,1698,6.530769,5.696154
1482,1699,6.534615,5.700000
1483,1700,6.538462,5.703846
1484,1701,6.542308,5.707692
1485,1702,6.546154,5.711538
1486,1703,6.550000,5.715385
1487,1704,6.553846,5.719231
1488,1705,6.557692,5.723077
1489,1706,6.561538,5.726923
1490,1707,6.565385,5.730769
1491,1708,6.569231,5.734615
1492,1709,6.573077,5.738462
1493,1710,6.576923,5.742308
1494,1711,6.580769,5.746154
1495,1712,6.584615,5.750000
1496,1713,6.588462,5.753846
1497,1714,6.592308,5.757692
1498,1715,6.596154,5.761538
1499,1716,6.600000,5.765385
1500,1717,6.603846,5.769231
1501,1718,6.607692,5.773077
1502,1719,6.611538,5.776923
1503,1720,6.615385,5.780769
1504,1721,6.619231,5.784615
1505,1722,6.623077,5.788462
1506,1723,6.626923,5.792308
1507,1724,6.630769,5.796154
1508,1725,6.634615,5.800000
1509,1726,6.638462,5.803846
1510,1727,6.642308,5.807692
1511,1728,6.646154,5.811538
1512,1729,6.650000,5.815385
1513,1730,6.653846,5.819231
1514,1731,6.657692,5.823077
1515,1732,6.661538,5.826923
1516,1733,6.665385,5.830769
1517,1734,6.669231,5.834615
1518,1735,6.673077,5.838462
1519,1736,6.676923,5.842308
1520,1737,6.680769,5.846154
1521,1738,6.684615,5.850000
1522,1739,6.688462,5.853846
1523,1740,6.692308,5.857692
1524,1741,6.696154,5.861538
1525,1742,6.700000,5.865385
1526,1743,6.703846,5.869231
1527,1744,6.707692,5.873077
1528,1745,6.711538,5.876923
1529,1746,6.715385,5.880769
1530,1747,6.719231,5.884615
1531,1748,6.723077,5.888462
1532,1749,6.726923,5.892308
1533,1750,6.730769,5.896154
1534,1751,6.734615,5.900000
1535,1752,6.738462,5.903846
1536,1753,6.742308,5.907692
1537,1754,6.746154,5.911538
1538,1755,6.750000,5.915385
1539,1756,6.753846,5.919231
1540,1757,6.757692,5.923077
1541,1758,6.761538,5.926923
1542,1759,6.765385,5.930769
1543,1760,6.769231,5.934615
1544,1761,6.773077,5.938462
1545,1762,6.776923,5.942308
1546,1763,6.780769,5.946154
1547,1764,6.784615,5.950000
1548,1765,6.788462,5.953846
1549,1766,6.792308,5.957692
1550,1767,6.796154,5.961538
1551,1768,6.800000,5.965385
1552,1769,6.803846,5.969231
1553,1770,6.807692,5.973077
1554,1771,6.811538,5.976923
1555,1772,6.815385,5.980769
1556,1773,6.819231,5.984615
1557,1774,6.823077,5.988462
1558,1775,6.826923,5.992308
1559,1776,6.830769,5.996154
1560,1777,6.834615,6.000000
1561,1778,6.838462,6.003846
1562,1779,6.842308,6.007692
1563,1780,6.846154,6.011538
1564,1781,6.850000,6.015385
1565,1782,6.853846,6.019231
1566,1783,6.857692,6.023077
1567,1784,6.861538,6.026923
1568,1785,6.865385,6.030769
1569,1786,6.869231,6.034615
1570,1787,6.873077,6.038462
1571,1788,6.876923,6.042308
1572,1789,6.880769,6.046154
1573,1790,6.884615,6.050000
1574,1791,6.888462,6.053846
1575,1792,6.892308,6.057692
1576,1793,6.896154,6.061538
1577,1794,6.900000,6.065385
1578,1795,6.903846,6.069231
1579,1796,6.907692,6.073077
1580,1797,6.911538,6.076923
1581,1798,6.915385,6.080769
1582,1799,6.919231,6.084615
1583,1800,6.923077,6.088462
1584,1801,6.926923,6.092308
1585,1802,6.930769,6.096154
1586,1803,6.934615,6.100000
1587,1804,6.938462,6.103846
1588,1805,6.942308,6.107692
1589,1806,6.946154,6.111538
1590,1807,6.950000,6.115385
1591,1808,6.953846,6.119231
1592,1809,6.957692,6.123077
1593,1810,6.961538,6.126923
1594,1811,6.965385,6.130769
1595,1812,6.969231,6.134615
1596,1813,6.973077,6.138462
1597,1814,6.976923,6.142308
1598,1815,6.980769,6.146154
1599,1816,6.984615,6.150000
1600,1817,6.988462,6.153846
1601,1818,6.992308,6.157692
1602,1819,6.996154,6.161538
1603,1820,7.000000,6.165385
1604,1821,7.003846,6.169231
1605,1822,7.007692,6.173077
1606,1823,7.011538,6.176923
1607,1824,7.015385,6.180769
1608,1825,7.019231,6.184615
1609,1826,7.023077,6.188462
1610,1827,7.026923,6.192308
1611,1828,7.030769,6.196154
1612,1829,7.034615,6.200000
1613,1830,7.038462,6.203846
1614,1831,7.042308,6.207692
1615,1832,7.046154,6.211538
1616,1833,7.050000,6.215385
1617,1834,7.053846,6.219231
1618,1835,7.057692,6.223077
1619,1836,7.061538,6.226923
1620,1837,7.065385,6.230769
1621,1838,7.069231,6.234615
1622,1839,7.073077,6.238462
1623,1840,7.076923,6.242308
1624,1841,7.080769,6.246154
1625,1842,7.084615,6.250000
1626,1843,7.088462,6.253846
1627,1844,7.092308,6.257692
1628,1845,7.096154,6.261538
1629,1846,7.100000,6.265385
1630,1847,7.103846,6.269231
1631,1848,7.107692,6.273077
1632,1849,7.111538,6.276923
1633,1850,7.115385,6.280769
1634,1851,7.119231,6.284615
1635,1852,7.123077,6.288462
1636,1853,7.126923,6.292308
1637,1854,7.130769,6.296154
1638,1855,7.134615,6.300000
1639,1856,7.138462,6.303846
1640,1857,7.142308,6.307692
1641,1858,7.146154,6.311538
1642,1859,7.150000,6.315385
1643,1860,7.153846,6.319231
1644,1861,7.157692,6.323077
1645,1862,7.161538,6.326923
1646,1863,7.165385,6.330769
1647,1864,7.169231,6.334615
1648,1865,7.173077,6.338462
1649,1866,7.176923,6.342308
1650,1867,7.180769,6.346154
1651,1868,7.184615,6.350000
1652,1869,7.188462,6.353846
1653,1870,7.192308,6.357692
1654,1871,7.196154,6.361538
1655,1872,7.200000,6.365385
1656,1873,7.203846,6.369231
1657,1874,7.207692,6.373077
1658,1875,7.211538,6.376923
1659,1876,7.215385,6.380769
1660,1877,7.219231,6.384615
1661,1878,7.223077,6.388462
1662,1879,7.226923,6.392308
1663,1880,7.230769,6.396154
1664,1881,7.234615,6.400000
1665,1882,7.238462,6.403846
1666,1883,7.242308,6.407692
1667,1884,7.246154,6.411538
1668,1885,7.250000,6.415385
1669,1886,7.253846,6.419231
1670,1887,7.257692,6.423077
1671,1888,7.261538,6.426923
1672,1889,7.265385,6.430769
1673,1890,7.269231,6.434615
1674,1891,7.273077,6.438462
1675,1892,7.276923,6.442308
1676,1893,7.280769,6.446154
1677,1894,7.284615,6.450000
1678,1895,7.288462,6.453846
1679,1896,7.292308,6.457692
1680,1897,7.296154,6.461538
1681,1898,7.300000,6.465385
1682,1899,7.303846,6.469231
1683,1900,7.307692,6.473077
1684,1901,7.311538,6.476923
1685,1902,7.315385,6.480769
1686,1903,7.319231,6.484615
1687,1904,7.323077,6.488462
1688,1905,7.326923,6.492308
1689,1906,7.330769,6.496154
1690,1907,7.334615,6.500000
1691,1908,7.338462,6.503846
1692,1909,7.342308,6.507692
1693,1910,7.346154,6.511538
1694,1911,7.350000,6.515385
1695,1912,7.353846,6.519231
1696,1913,7.357692,6.523077
1697,1914,7.361538,6.526923
1698,1915,7.365385,6.530769
1699,1916,7.369231,6.534615
1700,1917,7.373077,6.538462
1701,1918,7.376923,6.542308
1702,1919,7.380769,6.546154
1703,1920,7.384615,6.550000
1704,1921,7.388462,6.553846
1705,1922,7.392308,6.557692
1706,1923,7.396154,6.561538
1707,1924,7.400000,6.565385
1708,1925,7.403846,6.569231
1709,1926,7.407692,6.573077
1710,1927,7.411538,6.576923
1711,1928,7.415385,6.580769
1712,1929,7.419231,6.584615
1713,1930,7.423077,6.588462
1714,1931,7.426923,6.592308
1715,1932,7.430769,6.596154
1716,1933,7.434615,6.600000
1717,1934,7.438462,6.603846
1718,1935,7.442308,6.607692
1719,1936,7.446154,6.611538
1720,1937,7.450000,6.615385
1721,1938,7.453846,6.619231
1722,1939,7.457692,6.623077
1723,1940,7.461538,6.626923
1724,1941,7.465385,6.630769
1725,1942,7.469231,6.634615
1726,1943,7.473077,6.638462
1727,1944,7.476923,6.642308
1728,1945,7.480769,6.646154
1729,1946,7.484615,6.650000
1730,1947,7.488462,6.653846
1731,1948,7.492308,6.657692
1732,1949,7.496154,6.661538
1733,1950,7.500000,6.665385
1734,1951,7.503846,6.669231
1735,1952,7.507692,6.673077
1736,1953,7.511538,6.676923
1737,1954,7.515385,6.680769
1738,1955,7.519231,6.684615
1739,1956,7.523077,6.688462
1740,1957,7.526923,6.692308
1741,1958,7.530769,6.696154
1742,1959,7.534615,6.700000
1743,1960,7.538462,6.703846
1744,1961,7.542308,6.707692
1745,1962,7.546154,6.711538
1746,1963,7.550000,6.715385
1747,1964,7.553846,6.719231
1748,1965,7.557692,6.723077
1749,1966,7.561538,6.726923
1750,1967,7.565385,6.730769
1751,1968,7.569231,6.734615
1752,1969,7.573077,6.738462
1753,1970,7.576923,6.742308
1754,1971,7.580769,6.746154
1755,1972,7.584615,6.750000
1756,1973,7.588462,6.753846
1757,1974,7.592308,6.757692
1758,1975,7.596154,6.761538
1759,1976,7.600000,6.765385
1760,1977,7.603846,6.769231
1761,1978,7.607692,6.773077
1762,1979,7.611538,6.776923
1763,1980,7.615385,6.780769
1764,1981,7.619231,6.784615
1765,1982,7.623077,6.788462
1766,1983,7.626923,6.792308
1767,1984,7.630769,6.796154
1768,1985,7.634615,6.800000
1769,1986,7.638462,6.803846
1770,1987,7.642308,6.807692
1771,1988,7.646154,6.811538
1772,1989,7.650000,6.815385
1773,1990,7.653846,6.819231
1774,1991,7.657692,6.823077
1775,1992,7.661538,6.826923
1776,1993,7.665385,6.830769
1777,1994,7.669231,6.834615
1778,1995,7.673077,6.838462
1779,1996,7.676923,6.842308
1780,1997,7.680769,6.846154
1781,1998,7.684615,6.850000
1782,1999,7.688462,6.853846
1783,2000,7.692308,6.857692
1784,2001,7.696154,6.861538
1785,2002,7.700000,6.865385
1786,2003,7.703846,6.869231
1787,2004,7.707692,6.873077
1788,2005,7.711538,6.876923
1789,2006,7.715385,6.880769
1790,2007,7.719231,6.884615
1791,2008,7.723077,6.888462
1792,2009,7.726923,6.892308
1793,2010,7.730769,6.896154
1794,2011,7.734615,6.900000
1795,2012,7.738462,6.903846
1796,2013,7.742308,6.907692
1797,2014,7.746154,6.911538
1798,2015,7.750000,6.915385
1799,2016,7.753846,6.919231
1800,2017,7.757692,6.923077
1801,2018,7.761538,6.926923
1802,2019,7.765385,6.930769
1803,2020,7.769231,6.934615
1804,2021,7.773077,6.938462
1805,2022,7.776923,6.942308
1806,2023,7.780769,6.946154
1807,2024,7.784615,6.950000
1808,2025,7.788462,6.953846
1809,2026,7.792308,6.957692
1810,2027,7.796154,6.961538
1811,2028,7.800000,6.965385
1812,2029,7.803846,6.969231
1813,2030,7.807692,6.973077
1814,2031,7.811538,6.976923
1815,2032,7.815385,6.980769
1816,2033,7.819231,6.984615
1817,2034,7.823077,6.988462
1818,2035,7.826923,6.992308
1819,2036,7.830769,6.996154
1820,2037,7.834615,7.000000
1821,2038,7.838462,7.003846
1822,2039,7.842308,7.007692
1823,2040,7.846154,7.011538
1824,2041,7.850000,7.015385
1825,2042,7.853846,7.019231
1826,2043,7.857692,7.023077
1827,2044,7.861538,7.026923
1828,2045,7.865385,7.030769
1829,2046,7.869231,7.034615
1830,2047,7.873077,7.038462
1831,2048,7.876923,7.042308
1832,2049,7.880769,7.046154
1833,2050,7.884615,7.050000
1834,2051,7.888462,7.053846
1835,2052,7.892308,7.057692
1836,2053,7.896154,7.061538
1837,2054,7.900000,7.065385
1838,2055,7.903846,7.069231
1839,2056,7.907692,7.073077
1840,2057,7.911538,7.076923
1841,2058,7.915385,7.080769
1842,2059,7.919231,7.084615
1843,2060,7.923077,7.088462
1844,2061,7.926923,7.092308
1845,2062,7.930769,7.096154
1846,2063,7.934615,7.100000
1847,2064,7.938462,7.103846
1848,2065,7.942308,7.107692
1849,2066,7.946154,7.111538
1850,2067,7.950000,7.115385
1851,2068,7.953846,7.119231
1852,2069,7.957692,7.123077
1853,2070,7.961538,7.126923
1854,2071,7.965385,7.130769
1855,2072,7.969231,7.134615
1856,2073,7.973077,7.138462
1857,2074,7.976923,7.142308
1858,2075,7.980769,7.146154
1859,2076,7.984615,7.150000
1860,2077,7.988462,7.153846
1861,2078,7.992308,7.157692
1862,2079,7.996154,7.161538
1863,2080,8.000000,7.165385
1864,2081,8.003846,7.169231
1865,2082,8.007692,7.173077
1866,2083,8.011538,7.176923
1867,2084,8.015385,7.180769
1868,2085,8.019231,7.184615
1869,2086,8.023077,7.188462
1870,2087,8.026923,7.192308
1871,2088,8.030769,7.196154
1872,2089,8.034615,7.200000
1873,2090,8.038462,7.203846
1874,2091,8.042308,7.207692
1875,2092,8.046154,7.211538
1876,2093,8.050000,7.215385
1877,2094,8.053846,7.219231
1878,2095,8.057692,7.223077
1879,2096,8.061538,7.226923
1880,2097,8.065385,7.230769
1881,2098,8.069231,7.234615
1882,2099,8.073077,7.238462
1883,2100,8.076923,7.242308
1884,2101,8.080769,7.246154
1885,2102,8.084615,7.250000
1886,2103,8.088462,7.253846
1887,2104,8.092308,7.257692
1888,2105,8.096154,7.261538
1889,2106,8.100000,7.265385
1890,2107,8.103846,7.269231
1891,2108,8.107692,7.273077
1892,2109,8.111538,7.276923
1893,2110,8.115385,7.280769
1894,2111,8.119231,7.284615
1895,2112,8.123077,7.288462
1896,2113,8.126923,7.292308
1897,2114,8.130769,7.296154
1898,2115,8.134615,7.300000
1899,2116,8.138462,7.303846
1900,2117,8.142308,7.307692
1901,2118,8.146154,7.311538
1902,2119,8.150000,7.315385
1903,2120,8.153846,7.319231
1904,2121,8.157692,7.323077
1905,2122,8.161538,7.326923
1906,2123,8.165385,7.330769
1907,2124,8.169231,7.334615
1908,2125,8.173077,7.338462
1909,2126,8.176923,7.342308
1910,2127,8.180769,7.346154
1911,2128,8.184615,7.350000
1912,2129,8.188462,7.353846
1913,2130,8.192308,7.357692
1914,2131,8.196154,7.361538
1915,2132,8.200000,7.365385
1916,2133,8.203846,7.369231
1917,2134,8.207692,7.373077
1918,2135,8.211538,7.376923
1919,2136,8.215385,7.380769
1920,2137,8.219231,7.384615
1921,2138,8.223077,7.388462
1922,2139,8.226923,7.392308
1923,2140,8.230769,7.396154
1924,2141,8.234615,7.400000
1925,2142,8.238462,7.403846
1926,2143,8.242308,7.407692
1927,2144,8.246154,7.411538
1928,2145,8.250000,7.415385
1929,2146,8.253846,7.419231
1930,2147,8.257692,7.423077
1931,2148,8.261538,7.426923
1932,2149,8.265385,7.430769
1933,2150,8.269231,7.434615
1934,2151,8.273077,7.438462
1935,2152,8.276923,7.442308
1936,2153,8.280769,7.446154
1937,2154,8.284615,7.450000
1938,2155,8.288462,7.453846
1939,2156,8.292308,7.457692
1940,2157,8.296154,7.461538
1941,2158,8.300000,7.465385
1942,2159,8.303846,7.469231
1943,2160,8.307692,7.473077
1944,2161,8.311538,7.476923
1945,2162,8.315385,7.480769
1946,2163,8.319231,7.484615
1947,2164,8.323077,7.488462
1948,2165,8.326923,7.492308
1949,2166,8.330769,7.496154
1950,2167,8.334615,7.500000
1951,2168,8.338462,7.503846
1952,2169,8.342308,7.507692
1953,2170,8.346154,7.511538
1954,2171,8.350000,7.515385
1955,2172,8.353846,7.519231
1956,2173,8.357692,7.523077
1957,2174,8.361538,7.526923
1958,2175,8.365385,7.530769
1959,2176,8.369231,7.534615
1960,2177,8.373077,7.538462
1961,2178,8.376923,7.542308
1962,2179,8.380769,7.546154
1963,2180,8.384615,7.550000
1964,2181,8.388462,7.553846
1965,2182,8.392308,7.557692
1966,2183,8.396154,7.561538
1967,2184,8.400000,7.565385
1968,2185,8.403846,7.569231
1969,2186,8.407692,7.573077
1970,2187,8.411538,7.576923
1971,2188,8.415385,7.580769
1972,2189,8.419231,7.584615
1973,2190,8.423077,7.588462
1974,2191,8.426923,7.592308
1975,2192,8.430769,7.596154
1976,2193,8.434615,7.600000
1977,2194,8.438462,7.603846
1978,2195,8.442308,7.607692
1979,2196,8.446154,7.611538
1980,2197,8.450000,7.615385
1981,2198,8.453846,7.619231
1982,2199,8.457692,7.623077
1983,2200,8.461538,7.626923
1984,2201,8.465385,7.630769
1985,2202,8.469231,7.634615
1986,2203,8.473077,7.638462
1987,2204,8.476923,7.642308
1988,2205,8.480769,7.646154
1989,2206,8.484615,7.650000
1990,2207,8.488462,7.653846
1991,2208,8.492308,7.657692
1992,2209,8.496154,7.661538
1993,2210,8.500000,7.665385
1994,2211,8.503846,7.669231
1995,2212,8.507692,7.673077
1996,2213,8.511538,7.676923
1997,2214,8.515385,7.680769
1998,2215,8.519231,7.684615
1999,2216,8.523077,7.688462
2000,2217,8.526923,7.692308
2001,2218,8.530769,7.696154
2002,2219,8.534615,7.700000
2003,2220,8.538462,7.703846
2004,2221,8.542308,7.707692
2005,2222,8.546154,7.711538
2006,2223,8.550000,7.715385
2007,2224,8.553846,7.719231
2008,2225,8.557692,7.723077
2009,2226,8.561538,7.726923
2010,2227,8.565385,7.730769
2011,2228,8.569231,7.734615
2012,2229,8.573077,7.738462
2013,2230,8.576923,7.742308
2014,2231,8.580769,7.746154
2015,2232,8.584615,7.750000
2016,2233,8.588462,7.753846
2017,2234,8.592308,7.757692
2018,2235,8.596154,7.761538
2019,2236,8.600000,7.765385
2020,2237,8.603846,7.769231
2021,2238,8.607692,7.773077
2022,2239,8.611538,7.776923
2023,2240,8.615385,7.780769
2024,2241,8.619231,7.784615
2025,2242,8.623077,7.788462
2026,2243,8.626923,7.792308
2027,2244,8.630769,7.796154
2028,2245,8.634615,7.800000
2029,2246,8.638462,7.803846
2030,2247,8.642308,7.807692
2031,2248,8.646154,7.811538
2032,2249,8.650000,7.815385
2033,2250,8.653846,7.819231
2034,2251,8.657692,7.823077
2035,2252,8.661538,7.826923
2036,2253,8.665385,7.830769
2037,2254,8.669231,7.834615
2038,2255,8.673077,7.838462
2039,2256,8.676923,7.842308
2040,2257,8.680769,7.846154
2041,2258,8.684615,7.850000
2042,2259,8.688462,7.853846
2043,2260,8.692308,7.857692
2044,2261,8.696154,7.861538
2045,2262,8.700000,7.865385
2046,2263,8.703846,7.869231
2047,2264,8.707692,7.873077
2048,2265,8.711538,7.876923
2049,2266,8.715385,7.880769
2050,2267,8.719231,7.884615
2051,2268,8.723077,7.888462
2052,2269,8.726923,7.892308
2053,2270,8.730769,7.896154
2054,2271,8.734615,7.900000
2055,2272,8.738462,7.903846
2056,2273,8.742308,7.907692
2057,2274,8.746154,7.911538
2058,2275,8.750000,7.915385
2059,2276,8.753846,7.919231
2060,2277,8.757692,7.923077
2061,2278,8.761538,7.926923
2062,2279,8.765385,7.930769
2063,2280,8.769231,7.934615
2064,2281,8.773077,7.938462
2065,2282,8.776923,7.942308
2066,2283,8.780769,7.946154
2067,2284,8.784615,7.950000
2068,2285,8.788462,7.953846
2069,2286,8.792308,7.957692
2070,2287,8.796154,7.961538
2071,2288,8.800000,7.965385
2072,2289,8.803846,7.969231
2073,2290,8.807692,7.973077
2074,2291,8.811538,7.976923
2075,2292,8.815385,7.980769
2076,2293,8.819231,7.984615
2077,2294,8.823077,7.988462
2078,2295,8.826923,7.992308
2079,2296,8.830769,7.996154
2080,2297,8.834615,8.000000
2081,2298,8.838462,8.003846
2082,2299,8.842308,8.007692
2083,2300,8.846154,8.011538
2084,2301,8.850000,8.015385
2085,2302,8.853846,8.019231
2086,2303,8.857692,8.023077
2087,2304,8.861538,8.026923
2088,2305,8.865385,8.030769
2089,2306,8.869231,8.034615
2090,2307,8.873077,8.038462
2091,2308,8.876923,8.042308
2092,2309,8.880769,8.046154
2093,2310,8.884615,8.050000
2094,2311,8.888462,8.053846
2095,2312,8.892308,8.057692
2096,2313,8.896154,8.061538
2097,2314,8.900000,8.065385
2098,2315,8.903846,8.069231
2099,2316,8.907692,8.073077
2100,2317,8.911538,8.076923
2101,2318,8.915385,8.080769
2102,2319,8.919231,8.084615
2103,2320,8.923077,8.088462
2104,2321,8.926923,8.092308
2105,2322,8.930769,8.096154
2106,2323,8.934615,8.100000
2107,2324,8.938462,8.103846
2108,2325,8.942308,8.107692
2109,2326,8.946154,8.111538
2110,2327,8.950000,8.115385
2111,2328,8.953846,8.119231
2112,2329,8.957692,8.123077
2113,2330,8.961538,8.126923
2114,2331,8.965385,8.130769
2115,2332,8.969231,8.134615
2116,2333,8.973077,8.138462
2117,2334,8.976923,8.142308
2118,2335,8.980769,8.146154
2119,2336,8.984615,8.150000
2120,2337,8.988462,8.153846
2121,2338,8.992308,8.157692
2122,2339,8.996154,8.161538
2123,2340,9.000000,8.165385
2124,2341,9.003846,8.169231
2125,2342,9.007692,8.173077
2126,2343,9.011538,8.176923
2127,2344,9.015385,8.180769
2128,2345,9.019231,8.184615
2129,2346,9.023077,8.188462
2130,2347,9.026923,8.192308
2131,2348,9.030769,8.196154
2132,2349,9.034615,8.200000
2133,2350,9.038462,8.203846
2134,2351,9.042308,8.207692
2135,2352,9.046154,8.211538
2136,2353,9.050000,8.215385
2137,2354,9.053846,8.219231
2138,2355,9.057692,8.223077
2139,2356,9.061538,8.226923
2140,2357,9.065385,8.230769
2141,2358,9.069231,8.234615
2142,2359,9.073077,8.238462
2143,2360,9.076923,8.242308
2144,2361,9.080769,8.246154
2145,2362,9.084615,8.250000
2146,2363,9.088462,8.253846
2147,2364,9.092308,8.257692
2148,2365,9.096154,8.261538
2149,2366,9.100000,8.265385
2150,2367,9.103846,8.269231
2151,2368,9.107692,8.273077
2152,2369,9.111538,8.276923
2153,2370,9.115385,8.280769
2154,2371,9.119231,8.284615
2155,2372,9.123077,8.288462
2156,2373,9.126923,8.292308
2157,2374,9.130769,8.296154
2158,2375,9.134615,8.300000
2159,2376,9.138462,8.303846
2160,2377,9.142308,8.307692
2161,2378,9.146154,8.311538
2162,2379,9.150000,8.315385
2163,2380,9.153846,8.319231
2164,2381,9.157692,8.323077
2165,2382,9.161538,8.326923
2166,2383,9.165385,8.330769
2167,2384,9.169231,8.334615
2168,2385,9.173077,8.338462
2169,2386,9.176923,8.342308
2170,2387,9.180769,8.346154
2171,2388,9.184615,8.350000
2172,2389,9.188462,8.353846
2173,2390,9.192308,8.357692
2174,2391,9.196154,8.361538
2175,2392,9.200000,8.365385
2176,2393,9.203846,8.369231
2177,2394,9.207692,8.373077
2178,2395,9.211538,8.376923
2179,2396,9.215385,8.380769
2180,2397,9.219231,8.384615
2181,2398,9.223077,8.388462
2182,2399,9.226923,8.392308
2183,2400,9.230769,8.396154
2184,2401,9.234615,8.400000
2185,2402,9.238462,8.403846
2186,2403,9.242308,8.407692
2187,2404,9.246154,8.411538
2188,2405,9.250000,8.415385
2189,2406,9.253846,8.419231
2190,2407,9.257692,8.423077
2191,2408,9.261538,8.426923
2192,2409,9.265385,8.430769
2193,2410,9.269231,8.434615
2194,2411,9.273077,8.438462
2195,2412,9.276923,8.442308
2196,2413,9.280769,8.446154
2197,2414,9.284615,8.450000
2198,2415,9.288462,8.453846
2199,2416,9.292308,8.457692
2200,2417,9.296154,8.461538
2201,2418,9.300000,8.465385
2202,2419,9.303846,8.469231
2203,2420,9.307692,8.473077
2204,2421,9.311538,8.476923
2205,2422,9.315385,8.480769
2206,2423,9.319231,8.484615
2207,2424,9.323077,8.488462
2208,2425,9.326923,8.492308
2209,2426,9.330769,8.496154
2210,2427,9.334615,8.500000
2211,2428,9.338462,8.503846
2212,2429,9.342308,8.507692
2213,2430,9.346154,8.511538
2214,2431,9.350000,8.515385
2215,2432,9.353846,8.519231
2216,2433,9.357692,8.523077
2217,2434,9.361538,8.526923
2218,2435,9.365385,8.530769
2219,2436,9.369231,8.534615
2220,2437,9.373077,8.538462
2221,2438,9.376923,8.542308
2222,2439,9.380769,8.546154
2223,2440,9.384615,8.550000
2224,2441,9.388462,8.553846
2225,2442,9.392308,8.557692
2226,2443,9.396154,8.561538
2227,2444,9.400000,8.565385
2228,2445,9.403846,8.569231
2229,2446,9.407692,8.573077
2230,2447,9.411538,8.576923
2231,2448,9.415385,8.580769
2232,2449,9.419231,8.584615
2233,2450,9.423077,8.588462
2234,2451,9.426923,8.592308
2235,2452,9.430769,8.596154
2236,2453,9.434615,8.600000
2237,2454,9.438462,8.603846
2238,2455,9.442308,8.607692
2239,2456,9.446154,8.611538
2240,2457,9.450000,8.615385
2241,2458,9.453846,8.619231
2242,2459,9.457692,8.623077
2243,2460,9.461538,8.626923
2244,2461,9.465385,8.630769
2245,2462,9.469231,8.634615
2246,2463,9.473077,8.638462
2247,2464,9.476923,8.642308
2248,2465,9.480769,8.646154
2249,2466,9.484615,8.650000
2250,2467,9.488462,8.653846
2251,2468,9.492308,8.657692
2252,2469,9.496154,8.661538
2253,2470,9.500000,8.665385
2254,2471,9.503846,8.669231
2255,2472,9.507692,8.673077
2256,2473,9.511538,8.676923
2257,2474,9.515385,8.680769
2258,2475,9.519231,8.684615
2259,2476,9.523077,8.688462
2260,2477,9.526923,8.692308
2261,2478,9.530769,8.696154
2262,2479,9.534615,8.700000
2263,2480,9.538462,8.703846
2264,2481,9.542308,8.707692
2265,2482,9.546154,8.711538
2266,2483,9.550000,8.715385
2267,2484,9.553846,8.719231
2268,2485,9.557692,8.723077
2269,2486,9.561538,8.726923
2270,2487,9.565385,8.730769
2271,2488,9.569231,8.734615
2272,2489,9.573077,8.738462
2273,2490,9.576923,8.742308
2274,2491,9.580769,8.746154
2275,2492,9.584615,8.750000
2276,2493,9.588462,8.753846
2277,2494,9.592308,8.757692
2278,2495,9.596154,8.761538
2279,2496,9.600000,8.765385
2280,2497,9.603846,8.769231
2281,2498,9.607692,8.773077
2282,2499,9.611538,8.776923
2283,2500,9.615385,8.780769
2284,2501,9.619231,8.784615
2285,2502,9.623077,8.788462
2286,2503,9.626923,8.792308
2287,2504,9.630769,8.796154
2288,2505,9.634615,8.800000
2289,2506,9.638462,8.803846
2290,2507,9.642308,8.807692
2291,2508,9.646154,8.811538
2292,2509,9.650000,8.815385
2293,2510,9.653846,8.819231
2294,2511,9.657692,8.823077
2295,2512,9.661538,8.826923
2296,2513,9.665385,8.830769
2297,2514,9.669231,8.834615
2298,2515,9.673077,8.838462
2299,2516,9.676923,8.842308
2300,2517,9.680769,8.846154
2301,2518,9.684615,8.850000
2302,2519,9.688462,8.853846
2303,2520,9.692308,8.857692
2304,2521,9.696154,8.861538
2305,2522,9.700000,8.865385
2306,2523,9.703846,8.869231
2307,2524,9.707692,8.873077
2308,2525,9.711538,8.876923
2309,2526,9.715385,8.880769
2310,2527,9.719231,8.884615
2311,2528,9.723077,8.888462
2312,2529,9.726923,8.892308
2313,2530,9.730769,8.896154
2314,2531,9.734615,8.900000
2315,2532,9.738462,8.903846
2316,2533,9.742308,8.907692
2317,2534,9.746154,8.911538
2318,2535,9.750000,8.915385
2319,2536,9.753846,8.919231
2320,2537,9.757692,8.923077
2321,2538,9.761538,8.926923
2322,2539,9.765385,8.930769
2323,2540,9.769231,8.934615
2324,2541,9.773077,8.938462
2325,2542,9.776923,8.942308
2326,2543,9.780769,8.946154
2327,2544,9.784615,8.950000
2328,2545,9.788462,8.953846
2329,2546,9.792308,8.957692
2330,2547,9.796154,8.961538
2331,2548,9.800000,8.965385
2332,2549,9.803846,8.969231
2333,2550,9.807692,8.973077
2334,2551,9.811538,8.976923
2335,2552,9.815385,8.980769
2336,2553,9.819231,8.984615
2337,2554,9.823077,8.988462
2338,2555,9.826923,8.992308
2339,2556,9.830769,8.996154
2340,2557,9.834615,9.000000
2341,2558,9.838462,9.003846
2342,2559,9.842308,9.007692
2343,2560,9.846154,9.011538
2344,2561,9.850000,9.015385
2345,2562,9.853846,9.019231
2346,2563,9.857692,9.023077
2347,2564,9.861538,9.026923
2348,2565,9.865385,9.030769
2349,2566,9.869231,9.034615
2350,2567,9.873077,9.038462
2351,2568,9.876923,9.042308
2352,2569,9.880769,9.046154
2353,2570,9.884615,9.050000
2354,2571,9.888462,9.053846
2355,2572,9.892308,9.057692
2356,2573,9.896154,9.061538
2357,2574,9.900000,9.065385
2358,2575,9.903846,9.069231
2359,2576,9.907692,9.073077
2360,2577,9.911538,9.076923
2361,2578,9.915385,9.080769
2362,2579,9.919231,9.084615
2363,2580,9.923077,9.088462
2364,2581,9.926923,9.092308
2365,2582,9.930769,9.096154
2366,2583,9.934615,9.100000
2367,2584,9.938462,9.103846
2368,2585,9.942308,9.107692
2369,2586,9.946154,9.111538
2370,2587,9.950000,9.115385
2371,2588,9.953846,9.119231
2372,2589,9.957692,9.123077
2373,2590,9.961538,9.126923
2374,2591,9.965385,9.130769
2375,2592,9.969231,9.134615
2376,2593,9.973077,9.138462
2377,2594,9.976923,9.142308
2378,2595,9.980769,9.146154
2379,2596,9.984615,9.150000
2380,2597,9.988462,9.153846
2381,2598,9.992308,9.157692
2382,2599,9.996154,9.161538
2383,2600,10.000000,9.165385
2384,2601,10.003846,9.169231
2385,2602,10.007692,9.173077
2386,2603,10.011538,9.176923
2387,2604,10.015385,9.180769
2388,2605,10.019231,9.184615
2389,2606,10.023077,9.188462
2390,2607,10.026923,9.192308
2391,2608,10.030769,9.196154
2392,2609,10.034615,9.200000
2393,2610,10.038462,9.203846
2394,2611,10.042308,9.207692
2395,2612,10.046154,9.211538
2396,2613,10.050000,9.215385
2397,2614,10.053846,9.219231
2398,2615,10.057692,9.223077
2399,2616,10.061538,9.226923
2400,2617,10.065385,9.230769
2401,2618,10.069231,9.234615
2402,2619,10.073077,9.238462
2403,2620,10.076923,9.242308
2404,2621,10.080769,9.246154
2405,2622,10.084615,9.250000
2406,2623,10.088462,9.253846
2407,2624,10.092308,9.257692
2408,2625,10.096154,9.261538
2409,2626,10.100000,9.265385
2410,2627,10.103846,9.269231
2411,2628,10.107692,9.273077
2412,2629,10.111538,9.276923
2413,2630,10.115385,9.280769
2414,2631,10.119231,9.284615
2415,2632,10.123077,9.288462
2416,2633,10.126923,9.292308
2417,2634,10.130769,9.296154
2418,2635,10.134615,9.300000
2419,2636,10.138462,9.303846
2420,2637,10.142308,9.307692
2421,2638,10.146154,9.311538
2422,2639,10.150000,9.315385
2423,2640,10.153846,9.319231
2424,2641,10.157692,9.323077
2425,2642,10.161538,9.326923
2426,2643,10.165385,9.330769
2427,2644,10.169231,9.334615
2428,2645,10.173077,9.338462
2429,2646,10.176923,9.342308
2430,2647,10.180769,9.346154
2431,2648,10.184615,9.350000
2432,2649,10.188462,9.353846
2433,2650,10.192308,9.357692
2434,2651,10.196154,9.361538
2435,2652,10.200000,9.365385
2436,2653,10.203846,9.369231
2437,2654,10.207692,9.373077
2438,2655,10.211538,9.376923
2439,2656,10.215385,9.380769
2440,2657,10.219231,9.384615
2441,2658,10.223077,9.388462
2442,2659,10.226923,9.392308
2443,2660,10.230769,9.396154
2444,2661,10.234615,9.400000
2445,2662,10.238462,9.403846
2446,2663,10.242308,9.407692
2447,2664,10.246154,9.411538
2448,2665,10.250000,9.415385
2449,2666,10.253846,9.419231
2450,2667,10.257692,9.423077
2451,2668,10.261538,9.426923
2452,2669,10.265385,9.430769
2453,2670,10.269231,9.434615
2454,2671,10.273077,9.438462
2455,2672,10.276923,9.442308
2456,2673,10.280769,9.446154
2457,2674,10.284615,9.450000
2458,2675,10.288462,9.453846
2459,2676,10.292308,9.457692
2460,2677,10.296154,9.461538
2461,2678,10.300000,9.465385
2462,2679,10.303846,9.469231
2463,2680,10.307692,9.473077
2464,2681,10.311538,9.476923
2465,2682,10.315385,9.480769
2466,2683,10.319231,9.484615
2467,2684,10.323077,9.488462
2468,2685,10.326923,9.492308
2469,2686,10.330769,9.496154
2470,2687,10.334615,9.500000
2471,2688,10.338462,9.503846
2472,2689,10.342308,9.507692
2473,2690,10.346154,9.511538
2474,2691,10.350000,9.515385
2475,2692,10.353846,9.519231
2476,2693,10.357692,9.523077
2477,2694,10.361538,9.526923
2478,2695,10.365385,9.530769
2479,2696,10.369231,9.534615
2480,2697,10.373077,9.538462
2481,2698,10.376923,9.542308
2482,2699,10.380769,9.546154
2483,2700,10.384615,9.550000
2484,2701,10.388462,9.553846
2485,2702,10.392308,9.557692
2486,2703,10.396154,9.561538
2487,2704,10.400000,9.565385
2488,2705,10.403846,9.569231
2489,2706,10.407692,9.573077
2490,2707,10.411538,9.576923
2491,2708,10.415385,9.580769
2492,2709,10.419231,9.584615
2493,2710,10.423077,9.588462
2494,2711,10.426923,9.592308
2495,2712,10.430769,9.596154
2496,2713,10.434615,9.600000
2497,2714,10.438462,9.603846
2498,2715,10.442308,9.607692
2499,2716,10.446154,9.611538
2500,2717,10.450000,9.615385
2501,2718,10.453846,9.619231
2502,2719,10.457692,9.623077
2503,2720,10.461538,9.626923
2504,2721,10.465385,9.630769
2505,2722,10.469231,9.634615
2506,2723,10.473077,9.638462
2507,2724,10.476923,9.642308
2508,2725,10.480769,9.646154
2509,2726,10.484615,9.650000
2510,2727,10.488462,9.653846
2511,2728,10.492308,9.657692
2512,2729,10.496154,9.661538
2513,2730,10.500000,9.665385
2514,2731,10.503846,9.669231
2515,2732,10.507692,9.673077
2516,2733,10.511538,9.676923
2517,2734,10.515385,9.680769
2518,2735,10.519231,9.684615
2519,2736,10.523077,9.688462
2520,2737,10.526923,9.692308
2521,2738,10.530769,9.696154
2522,2739,10.534615,9.700000
2523,2740,10.538462,9.703846
2524,2741,10.542308,9.707692
2525,2742,10.546154,9.711538
2526,2743,10.550000,9.715385
2527,2744,10.553846,9.719231
2528,2745,10.557692,9.723077
2529,2746,10.561538,9.726923
2530,2747,10.565385,9.730769
2531,2748,10.569231,9.734615
2532,2749,10.573077,9.738462
2533,2750,10.576923,9.742308
2534,2751,10.580769,9.746154
2535,2752,10.584615,9.750000
2536,2753,10.588462,9.753846
2537,2754,10.592308,9.757692
2538,2755,10.596154,9.761538
2539,2756,10.600000,9.765385
2540,2757,10.603846,9.769231
2541,2758,10.607692,9.773077
2542,2759,10.611538,9.776923
2543,2760,10.615385,9.780769
2544,2761,10.619231,9.784615
2545,2762,10.623077,9.788462
2546,2763,10.626923,9.792308
2547,2764,10.630769,9.796154
2548,2765,10.634615,9.800000
2549,2766,10.638462,9.803846
2550,2767,10.642308,9.807692
2551,2768,10.646154,9.811538
2552,2769,10.650000,9.815385
2553,2770,10.653846,9.819231
2554,2771,10.657692,9.823077
2555,2772,10.661538,9.826923
2556,2773,10.665385,9.830769
2557,2774,10.669231,9.834615
2558,2775,10.673077,9.838462
2559,2776,10.676923,9.842308
2560,2777,10.680769,9.846154
2561,2778,10.684615,9.850000
2562,2779,10.688462,9.853846
2563,2780,10.692308,9.857692
2564,2781,10.696154,9.861538
2565,2782,10.700000,9.865385
2566,2783,10.703846,9.869231
2567,2784,10.707692,9.873077
2568,2785,10.711538,9.876923
2569,2786,10.715385,9.880769
2570,2787,10.719231,9.884615
2571,2788,10.723077,9.888462
2572,2789,10.726923,9.892308
2573,2790,10.730769,9.896154
2574,2791,10.734615,9.900000
2575,2792,10.738462,9.903846
2576,2793,10.742308,9.907692
2577,2794,10.746154,9.911538
2578,2795,10.750000,9.915385
2579,2796,10.753846,9.919231
2580,2797,10.757692,9.923077
2581,2798,10.761538,9.926923
2582,2799,10.765385,9.930769
2583,2800,10.769231,9.934615
2584,2801,10.773077,9.938462
2585,2802,10.776923,9.942308
2586,2803,10.780769,9.946154
2587,2804,10.784615,9.950000
2588,2805,10.788462,9.953846
2589,2806,10.792308,9.957692
2590,2807,10.796154,9.961538
2591,2808,10.800000,9.965385
2592,2809,10.803846,9.969231
2593,2810,10.807692,9.973077
2594,2811,10.811538,9.976923
2595,2812,10.815385,9.980769
2596,2813,10.819231,9.984615
2597,2814,10.823077,9.988462
2598,2815,10.826923,9.992308
2599,2816,10.830769,9.996154
2600,2817,10.834615,10.000000
2601,2818,10.838462,10.003846
2602,2819,10.842308,10.007692
2603,2820,10.846154,10.011538
2604,2821,10.850000,10.015385
2605,2822,10.853846,10.019231
2606,2823,10.857692,10.023077
2607,2824,10.861538,10.026923
2608,2825,10.865385,10.030769
2609,2826,10.869231,10.034615
2610,2827,10.873077,10.038462
2611,2828,10.876923,10.042308
2612,2829,10.880769,10.046154
2613,2830,10.884615,10.050000
2614,2831,10.888462,10.053846
2615,2832,10.892308,10.057692
2616,2833,10.896154,10.061538
2617,2834,10.900000,10.065385
2618,2835,10.903846,10.069231
2619,2836,10.907692,10.073077
2620,2837,10.911538,10.076923
2621,2838,10.915385,10.080769
2622,2839,10.919231,10.084615
2623,2840,10.923077,10.088462
2624,2841,10.926923,10.092308
2625,2842,10.930769,10.096154
2626,2843,10.934615,10.100000
2627,2844,10.938462,10.103846
2628,2845,10.942308,10.107692
2629,2846,10.946154,10.111538
2630,2847,10.950000,10.115385
2631,2848,10.953846,10.119231
2632,2849,10.957692,10.123077
2633,2850,10.961538,10.126923
2634,2851,10.965385,10.130769
2635,2852,10.969231,10.134615
2636,2853,10.973077,10.138462
2637,2854,10.976923,10.142308
2638,2855,10.980769,10.146154
2639,2856,10.984615,10.150000
2640,2857,10.988462,10.153846
2641,2858,10.992308,10.157692
2642,2859,10.996154,10.161538
2643,2860,11.000000,10.165385
2644,2861,11.003846,10.169231
2645,2862,11.007692,10.173077
2646,2863,11.011538,10.176923
2647,2864,11.015385,10.180769
2648,2865,11.019231,10.184615
2649,2866,11.023077,10.188462
2650,2867,11.026923,10.192308
2651,2868,11.030769,10.196154
2652,2869,11.034615,10.200000
2653,2870,11.038462,10.203846
2654,2871,11.042308,10.207692
2655,2872,11.046154,10.211538
2656,2873,11.050000,10.215385
2657,2874,11.053846,10.219231
2658,2875,11.057692,10.223077
2659,2876,11.061538,10.226923
2660,2877,11.065385,10.230769
2661,2878,11.069231,10.234615
2662,2879,11.073077,10.238462
2663,2880,11.076923,10.242308
2664,2881,11.080769,10.246154
2665,2882,11.084615,10.250000
2666,2883,11.088462,10.253846
2667,2884,11.092308,10.257692
2668,2885,11.096154,10.261538
2669,2886,11.100000,10.265385
2670,2887,11.103846,10.269231
2671,2888,11.107692,10.273077
2672,2889,11.111538,10.276923
2673,2890,11.115385,10.280769
2674,2891,11.119231,10.284615
2675,2892,11.123077,10.288462
2676,2893,11.126923,10.292308
2677,2894,11.130769,10.296154
2678,2895,11.134615,10.300000
2679,2896,11.138462,10.303846
2680,2897,11.142308,10.307692
2681,2898,11.146154,10.311538
2682,2899,11.150000,10.315385
2683,2900,11.153846,10.319231
2684,2901,11.157692,10.323077
2685,2902,11.161538,10.326923
2686,2903,11.165385,10.330769
2687,2904,11.169231,10.334615
2688,2905,11.173077,10.338462
2689,2906,11.176923,10.342308
2690,2907,11.180769,10.346154
2691,2908,11.184615,10.350000
2692,2909,11.188462,10.353846
2693,2910,11.192308,10.357692
2694,2911,11.196154,10.361538
2695,2912,11.200000,10.365385
2696,2913,11.203846,10.369231
2697,2914,11.207692,10.373077
2698,2915,11.211538,10.376923
2699,2916,11.215385,10.380769
2700,2917,11.219231,10.384615
2701,2918,11.223077,10.388462
2702,2919,11.226923,10.392308
2703,2920,11.230769,10.396154
2704,2921,11.234615,10.400000
2705,2922,11.238462,10.403846
2706,2923,11.242308,10.407692
2707,2924,11.246154,10.411538
2708,2925,11.250000,10.415385
2709,2926,11.253846,10.419231
2710,2927,11.257692,10.423077
2711,2928,11.261538,10.426923
2712,2929,11.265385,10.430769
2713,2930,11.269231,10.434615
2714,2931,11.273077,10.438462
2715,2932,11.276923,10.442308
2716,2933,11.280769,10.446154
2717,2934,11.284615,10.450000
2718,2935,11.288462,10.453846
2719,2936,11.292308,10.457692
2720,2937,11.296154,10.461538
2721,2938,11.300000,10.465385
2722,2939,11.303846,10.469231
2723,2940,11.307692,10.473077
2724,2941,11.311538,10.476923
2725,2942,11.315385,10.480769
2726,2943,11.319231,10.484615
2727,2944,11.323077,10.488462
2728,2945,11.326923,10.492308
2729,2946,11.330769,10.496154
2730,2947,11.334615,10.500000
2731,2948,11.338462,10.503846
2732,2949,11.342308,10.507692
2733,2950,11.346154,10.511538
2734,2951,11.350000,10.515385
2735,2952,11.353846,10.519231
2736,2953,11.357692,10.523077
2737,2954,11.361538,10.526923
2738,2955,11.365385,10.530769
2739,2956,11.369231,10.534615
2740,2957,11.373077,10.538462
2741,2958,11.376923,10.542308
2742,2959,11.380769,10.546154
2743,2960,11.384615,10.550000
2744,2961,11.388462,10.553846
2745,2962,11.392308,10.557692
2746,2963,11.396154,10.561538
2747,2964,11.400000,10.565385
2748,2965,11.403846,10.569231
2749,2966,11.407692,10.573077
2750,2967,11.411538,10.576923
2751,2968,11.415385,10.580769
2752,2969,11.419231,10.584615
2753,2970,11.423077,10.588462
2754,2971,11.426923,10.592308
2755,2972,11.430769,10.596154
2756,2973,11.434615,10.600000
2757,2974,11.438462,10.603846
2758,2975,11.442308,10.607692
2759,2976,11.446154,10.611538
2760,2977,11.450000,10.615385
2761,2978,11.453846,10.619231
2762,2979,11.457692,10.623077
2763,2980,11.461538,10.626923
2764,2981,11.465385,10.630769
2765,2982,11.469231,10.634615
2766,2983,11.473077,10.638462
2767,2984,11.476923,10.642308
2768,2985,11.480769,10.646154
2769,2986,11.484615,10.650000
2770,2987,11.488462,10.653846
2771,2988,11.492308,10.657692
2772,2989,11.496154,10.661538
2773,2990,11.500000,10.665385
2774,2991,11.503846,10.669231
2775,2992,11.507692,10.673077
2776,2993,11.511538,10.676923
2777,2994,11.515385,10.680769
2778,2995,11.519231,10.684615
2779,2996,11.523077,10.688462
2780,2997,11.526923,10.692308
2781,2998,11.530769,10.696154
2782,2999,11.534615,10.700000
2783,3000,11.538462,10.703846
2784,3001,11.542308,10.707692
2785,3002,11.546154,10.711538
2786,3003,11.550000,10.715385
2787,3004,11.553846,10.719231
2788,3005,11.557692,10.723077
2789,3006,11.561538,10.726923
2790,3007,11.565385,10.730769
2791,3008,11.569231,10.734615
2792,3009,11.573077,10.738462
2793,3010,11.576923,10.742308
2794,3011,11.580769,10.746154
2795,3012,11.584615,10.750000
2796,3013,11.588462,10.753846
2797,3014,11.592308,10.757692
2798,3015,11.596154,10.761538
2799,3016,11.600000,10.765385
2800,3017,11.603846,10.769231
2801,3018,11.607692,10.773077
2802,3019,11.611538,10.776923
2803,3020,11.615385,10.780769
2804,3021,11.619231,10.784615
2805,3022,11.623077,10.788462
2806,3023,11.626923,10.792308
2807,3024,11.630769,10.796154
2808,3025,11.634615,10.800000
2809,3026,11.638462,10.803846
2810,3027,11.642308,10.807692
2811,3028,11.646154,10.811538
2812,3029,11.650000,10.815385
2813,3030,11.653846,10.819231
2814,3031,11.657692,10.823077
2815,3032,11.661538,10.826923
2816,3033,11.665385,10.830769
2817,3034,11.669231,10.834615
2818,3035,11.673077,10.838462
2819,3036,11.676923,10.842308
2820,3037,11.680769,10.846154
2821,3038,11.684615,10.850000
2822,3039,11.688462,10.853846
2823,3040,11.692308,10.857692
2824,3041,11.696154,10.861538
2825,3042,11.700000,10.865385
2826,3043,11.703846,10.869231
2827,3044,11.707692,10.873077
2828,3045,11.711538,10.876923
2829,3046,11.715385,10.880769
2830,3047,11.719231,10.884615
2831,3048,11.723077,10.888462
2832,3049,11.726923,10.892308
2833,3050,11.730769,10.896154
2834,3051,11.734615,10.900000
2835,3052,11.738462,10.903846
2836,3053,11.742308,10.907692
2837,3054,11.746154,10.911538
2838,3055,11.750000,10.915385
2839,3056,11.753846,10.919231
2840,3057,11.757692,10.923077
2841,3058,11.761538,10.926923
2842,3059,11.765385,10.930769
2843,3060,11.769231,10.934615
2844,3061,11.773077,10.938462
2845,3062,11.776923,10.942308
2846,3063,11.780769,10.946154
2847,3064,11.784615,10.950000
2848,3065,11.788462,10.953846
2849,3066,11.792308,10.957692
2850,3067,11.796154,10.961538
2851,3068,11.800000,10.965385
2852,3069,11.803846,10.969231
2853,3070,11.807692,10.973077
2854,3071,11.811538,10.976923
2855,3072,11.815385,10.980769
2856,3073,11.819231,10.984615
2857,3074,11.823077,10.988462
2858,3075,11.826923,10.992308
2859,3076,11.830769,10.996154
2860,3077,11.834615,11.000000
2861,3078,11.838462,11.003846
2862,3079,11.842308,11.007692
2863,3080,11.846154,11.011538
2864,3081,11.850000,11.015385
2865,3082,11.853846,11.019231
2866,3083,11.857692,11.023077
2867,3084,11.861538,11.026923
2868,3085,11.865385,11.030769
2869,3086,11.869231,11.034615
2870,3087,11.873077,11.038462
2871,3088,11.876923,11.042308
2872,3089,11.880769,11.046154
2873,3090,11.884615,11.050000
2874,3091,11.888462,11.053846
2875,3092,11.892308,11.057692
2876,3093,11.896154,11.061538
2877,3094,11.900000,11.065385
2878,3095,11.903846,11.069231
2879,3096,11.907692,11.073077
2880,3097,11.911538,11.076923
2881,3098,11.915385,11.080769
2882,3099,11.919231,11.084615
2883,3100,11.923077,11.088462
2884,3101,11.926923,11.092308
2885,3102,11.930769,11.096154
2886,3103,11.934615,11.100000
2887,3104,11.938462,11.103846
2888,3105,11.942308,11.107692
2889,3106,11.946154,11.111538
2890,3107,11.950000,11.115385
2891,3108,11.953846,11.119231
2892,3109,11.957692,11.123077
2893,3110,11.961538,11.126923
2894,3111,11.965385,11.130769
2895,3112,11.969231,11.134615
2896,3113,11.973077,11.138462
2897,3114,11.976923,11.142308
2898,3115,11.980769,11.146154
2899,3116,11.984615,11.150000
2900,3117,11.988462,11.153846
2901,3118,11.992308,11.157692
2902,3119,11.996154,11.161538
2903,3120,12.000000,11.165385
2904,3121,12.003846,11.169231
2905,3122,12.007692,11.173077
2906,3123,12.011538,11.176923
2907,3124,12.015385,11.180769
2908,3125,12.019231,11.184615
2909,3126,12.023077,11.188462
2910,3127,12.026923,11.192308
2911,3128,12.030769,11.196154
2912,3129,12.034615,11.200000
2913,3130,12.038462,11.203846
2914,3131,12.042308,11.207692
2915,3132,12.046154,11.211538
2916,3133,12.050000,11.215385
2917,3134,12.053846,11.219231
2918,3135,12.057692,11.223077
2919,3136,12.061538,11.226923
2920,3137,12.065385,11.230769
2921,3138,12.069231,11.234615
2922,3139,12.073077,11.238462
2923,3140,12.076923,11.242308
2924,3141,12.080769,11.246154
2925,3142,12.084615,11.250000
2926,3143,12.088462,11.253846
2927,3144,12.092308,11.257692
2928,3145,12.096154,11.261538
2929,3146,12.100000,11.265385
2930,3147,12.103846,11.269231
2931,3148,12.107692,11.273077
2932,3149,12.111538,11.276923
2933,3150,12.115385,11.280769
2934,3151,12.119231,11.284615
2935,3152,12.123077,11.288462
2936,3153,12.126923,11.292308
2937,3154,12.130769,11.296154
2938,3155,12.134615,11.300000
2939,3156,12.138462,11.303846
2940,3157,12.142308,11.307692
2941,3158,12.146154,11.311538
2942,3159,12.150000,11.315385
2943,3160,12.153846,11.319231
2944,3161,12.157692,11.323077
2945,3162,12.161538,11.326923
2946,3163,12.165385,11.330769
2947,3164,12.169231,11.334615
2948,3165,12.173077,11.338462
2949,3166,12.176923,11.342308
2950,3167,12.180769,11.346154
2951,3168,12.184615,11.350000
2952,3169,12.188462,11.353846
2953,3170,12.192308,11.357692
2954,3171,12.196154,11.361538
2955,3172,12.200000,11.365385
2956,3173,12.203846,11.369231
2957,3174,12.207692,11.373077
2958,3175,12.211538,11.376923
2959,3176,12.215385,11.380769
2960,3177,12.219231,11.384615
2961,3178,12.223077,11.388462
2962,3179,12.226923,11.392308
2963,3180,12.230769,11.396154
2964,3181,12.234615,11.400000
2965,3182,12.238462,11.403846
2966,3183,12.242308,11.407692
2967,3184,12.246154,11.411538
2968,3185,12.250000,11.415385
2969,3186,12.253846,11.419231
2970,3187,12.257692,11.423077
2971,3188,12.261538,11.426923
2972,3189,12.265385,11.430769
2973,3190,12.269231,11.434615
2974,3191,12.273077,11.438462
2975,3192,12.276923,11.442308
2976,3193,12.280769,11.446154
2977,3194,12.284615,11.450000
2978,3195,12.288462,11.453846
2979,3196,12.292308,11.457692
2980,3197,12.296154,11.461538
2981,3198,12.300000,11.465385
2982,3199,12.303846,11.469231
2983,3200,12.307692,11.473077
2984,3201,12.311538,11.476923
2985,3202,12.315385,11.480769
2986,3203,12.319231,11.484615
2987,3204,12.323077,11.488462
2988,3205,12.326923,11.492308
2989,3206,12.330769,11.496154
2990,3207,12.334615,11.500000
2991,3208,12.338462,11.503846
2992,3209,12.342308,11.507692
2993,3210,12.346154,11.511538
2994,3211,12.350000,11.515385
2995,3212,12.353846,11.519231
2996,3213,12.357692,11.523077
2997,3214,12.361538,11.526923
2998,3215,12.365385,11.530769
2999,3216,12.369231,11.534615
3000,3217,12.373077,11.538462
3001,3218,12.376923,11.542308
3002,3219,12.380769,11.546154
3003,3220,12.384615,11.550000
3004,3221,12.388462,11.553846
3005,3222,12.392308,11.557692
3006,3223,12.396154,11.561538
3007,3224,12.400000,11.565385
3008,3225,12.403846,11.569231
3009,3226,12.407692,11.573077
3010,3227,12.411538,11.576923
3011,3228,12.415385,11.580769
3012,3229,12.419231,11.584615
3013,3230,12.423077,11.588462
3014,3231,12.426923,11.592308
3015,3232,12.430769,11.596154
3016,3233,12.434615,11.600000
3017,3234,12.438462,11.603846
3018,3235,12.442308,11.607692
3019,3236,12.446154,11.611538
3020,3237,12.450000,11.615385
3021,3238,12.453846,11.619231
3022,3239,12.457692,11.623077
3023,3240,12.461538,11.626923
3024,3241,12.465385,11.630769
3025,3242,12.469231,11.634615
3026,3243,12.473077,11.638462
3027,3244,12.476923,11.642308
3028,3245,12.480769,11.646154
3029,3246,12.484615,11.650000
3030,3247,12.488462,11.653846
3031,3248,12.492308,11.657692
3032,3249,12.496154,11.661538
3033,3250,12.500000,11.665385
3034,3251,12.503846,11.669231
3035,3252,12.507692,11.673077
3036,3253,12.511538,11.676923
3037,3254,12.515385,11.680769
3038,3255,12.519231,11.684615
3039,3256,12.523077,11.688462
3040,3257,12.526923,11.692308
3041,3258,12.530769,11.696154
3042,3259,12.534615,11.700000
3043,3260,12.538462,11.703846
3044,3261,12.542308,11.707692
3045,3262,12.546154,11.711538
3046,3263,12.550000,11.715385
3047,3264,12.553846,11.719231
3048,3265,12.557692,11.723077
3049,3266,12.561538,11.726923
3050,3267,12.565385,11.730769
3051,3268,12.569231,11.734615
3052,3269,12.573077,11.738462
3053,3270,12.576923,11.742308
3054,3271,12.580769,11.746154
3055,3272,12.584615,11.750000
3056,3273,12.588462,11.753846
3057,3274,12.592308,11.757692
3058,3275,12.596154,11.761538
3059,3276,12.600000,11.765385
3060,3277,12.603846,11.769231
3061,3278,12.607692,11.773077
3062,3279,12.611538,11.776923
3063,3280,12.615385,11.780769
3064,3281,12.619231,11.784615
3065,3282,12.623077,11.788462
3066,3283,12.626923,11.792308
3067,3284,12.630769,11.796154
3068,3285,12.634615,11.800000
3069,3286,12.638462,11.803846
3070,3287,12.642308,11.807692
3071,3288,12.646154,11.811538
3072,3289,12.650000,11.815385
3073,3290,12.653846,11.819231
3074,3291,12.657692,11.823077
3075,3292,12.661538,11.826923
3076,3293,12.665385,11.830769
3077,3294,12.669231,11.834615
3078,3295,12.673077,11.838462
3079,3296,12.676923,11.842308
3080,3297,12.680769,11.846154
3081,3298,12.684615,11.850000
3082,3299,12.688462,11.853846
3083,3300,12.692308,11.857692
3084,3301,12.696154,11.861538
3085,3302,12.700000,11.865385
3086,3303,12.703846,11.869231
3087,3304,12.707692,11.873077
3088,3305,12.711538,11.876923
3089,3306,12.715385,11.880769
3090,3307,12.719231,11.884615
3091,3308,12.723077,11.888462
3092,3309,12.726923,11.892308
3093,3310,12.730769,11.896154
3094,3311,12.734615,11.900000
3095,3312,12.738462,11.903846
3096,3313,12.742308,11.907692
3097,3314,12.746154,11.911538
3098,3315,12.750000,11.915385
3099,3316,12.753846,11.919231
3100,3317,12.757692,11.923077
3101,3318,12.761538,11.926923
3102,3319,12.765385,11.930769
3103,3320,12.769231,11.934615
3104,3321,12.773077,11.938462
3105,3322,12.776923,11.942308
3106,3323,12.780769,11.946154
3107,3324,12.784615,11.950000
3108,3325,12.788462,11.953846
3109,3326,12.792308,11.957692
3110,3327,12.796154,11.961538
3111,3328,12.800000,11.965385
3112,3329,12.803846,11.969231
3113,3330,12.807692,11.973077
3114,3331,12.811538,11.976923
3115,3332,12.815385,11.980769
3116,3333,12.819231,11.984615
3117,3334,12.823077,11.988462
3118,3335,12.826923,11.992308
3119,3336,12.830769,11.996154
3120,3337,12.834615,12.000000
3121,3338,12.838462,12.003846
3122,3339,12.842308,12.007692
3123,3340,12.846154,12.011538
3124,3341,12.850000,12.015385
3125,3342,12.853846,12.019231
3126,3343,12.857692,12.023077
3127,3344,12.861538,12.026923
3128,3345,12.865385,12.030769
3129,3346,12.869231,12.034615
3130,3347,12.873077,12.038462
3131,3348,12.876923,12.042308
3132,3349,12.880769,12.046154
3133,3350,12.884615,12.050000
3134,3351,12.888462,12.053846
3135,3352,12.892308,12.057692
3136,3353,12.896154,12.061538
3137,3354,12.900000,12.065385
3138,3355,12.903846,12.069231
3139,3356,12.907692,12.073077
3140,3357,12.911538,12.076923
3141,3358,12.915385,12.080769
3142,3359,12.919231,12.084615
3143,3360,12.923077,12.088462
3144,3361,12.926923,12.092308
3145,3362,12.930769,12.096154
3146,3363,12.934615,12.100000
3147,3364,12.938462,12.103846
3148,3365,12.942308,12.107692
3149,3366,12.946154,12.111538
3150,3367,12.950000,12.115385
3151,3368,12.953846,12.119231
3152,3369,12.957692,12.123077
3153,3370,12.961538,12.126923
3154,3371,12.965385,12.130769
3155,3372,12.969231,12.134615
3156,3373,12.973077,12.138462
3157,3374,12.976923,12.142308
3158,3375,12.980769,12.146154
3159,3376,12.984615,12.150000
3160,3377,12.988462,12.153846
3161,3378,12.992308,12.157692
3162,3379,12.996154,12.161538
3163,3380,13.000000,12.165385
3164,3381,13.003846,12.169231
3165,3382,13.007692,12.173077
3166,3383,13.011538,12.176923
3167,3384,13.015385,12.180769
3168,3385,13.019231,12.184615
3169,3386,13.023077,12.188462
3170,3387,13.026923,12.192308
3171,3388,13.030769,12.196154
3172,3389,13.034615,12.200000
3173,3390,13.038462,12.203846
3174,3391,13.042308,12.207692
3175,3392,13.046154,12.211538
3176,3393,13.050000,12.215385
3177,3394,13.053846,12.219231
3178,3395,13.057692,12.223077
3179,3396,13.061538,12.226923
3180,3397,13.065385,12.230769
3181,3398,13.069231,12.234615
3182,3399,13.073077,12.238462
3183,3400,13.076923,12.242308
3184,3401,13.080769,12.246154
3185,3402,13.084615,12.250000
3186,3403,13.088462,12.253846
3187,3404,13.092308,12.257692
3188,3405,13.096154,12.261538
3189,3406,13.100000,12.265385
3190,3407,13.103846,12.269231
3191,3408,13.107692,12.273077
3192,3409,13.111538,12.276923
3193,3410,13.115385,12.280769
3194,3411,13.119231,12.284615
3195,3412,13.123077,12.288462
3196,3413,13.126923,12.292308
3197,3414,13.130769,12.296154
3198,3415,13.134615,12.300000
3199,3416,13.138462,12.303846
3200,3417,13.142308,12.307692
3201,3418,13.146154,12.311538
3202,3419,13.150000,12.315385
3203,3420,13.153846,12.319231
3204,3421,13.157692,12.323077
3205,3422,13.161538,12.326923
3206,3423,13.165385,12.330769
3207,3424,13.169231,12.334615
3208,3425,13.173077,12.338462
3209,3426,13.176923,12.342308
3210,3427,13.180769,12.346154
3211,3428,13.184615,12.350000
3212,3429,13.188462,12.353846
3213,3430,13.192308,12.357692
3214,3431,13.196154,12.361538
3215,3432,13.200000,12.365385
3216,3433,13.203846,12.369231
3217,3434,13.207692,12.373077
3218,3435,13.211538,12.376923
3219,3436,13.215385,12.380769
3220,3437,13.219231,12.384615
3221,3438,13.223077,12.388462
3222,3439,13.226923,12.392308
3223,3440,13.230769,12.396154
3224,3441,13.234615,12.400000
3225,3442,13.238462,12.403846
3226,3443,13.242308,12.407692
3227,3444,13.246154,12.411538
3228,3445,13.250000,12.415385
3229,3446,13.253846,12.419231
3230,3447,13.257692,12.423077
3231,3448,13.261538,12.426923
3232,3449,13.265385,12.430769
3233,3450,13.269231,12.434615
3234,3451,13.273077,12.438462
3235,3452,13.276923,12.442308
3236,3453,13.280769,12.446154
3237,3454,13.284615,12.450000
3238,3455,13.288462,12.453846
3239,3456,13.292308,12.457692
3240,3457,13.296154,12.461538
3241,3458,13.300000,12.465385
3242,3459,13.303846,12.469231
3243,3460,13.307692,12.473077
3244,3461,13.311538,12.476923
3245,3462,13.315385,12.480769
3246,3463,13.319231,12.484615
3247,3464,13.323077,12.488462
3248,3465,13.326923,12.492308
3249,3466,13.330769,12.496154
3250,3467,13.334615,12.500000
3251,3468,13.338462,12.503846
3252,3469,13.342308,12.507692
3253,3470,13.346154,12.511538
3254,3471,13.350000,12.515385
3255,3472,13.353846,12.519231
3256,3473,13.357692,12.523077
3257,3474,13.361538,12.526923
3258,3475,13.365385,12.530769
3259,3476,13.369231,12.534615
3260,3477,13.373077,12.538462
3261,3478,13.376923,12.542308
3262,3479,13.380769,12.546154
3263,3480,13.384615,12.550000
3264,3481,13.388462,12.553846
3265,3482,13.392308,12.557692
3266,3483,13.396154,12.561538
3267,3484,13.400000,12.565385
3268,3485,13.403846,12.569231
3269,3486,13.407692,12.573077
3270,3487,13.411538,12.576923
3271,3488,13.415385,12.580769
3272,3489,13.419231,12.584615
3273,3490,13.423077,12.588462
3274,3491,13.426923,12.592308
3275,3492,13.430769,12.596154
3276,3493,13.434615,12.600000
3277,3494,13.438462,12.603846
3278,3495,13.442308,12.607692
3279,3496,13.446154,12.611538
3280,3497,13.450000,12.615385
3281,3498,13.453846,12.619231
3282,3499,13.457692,12.623077
3283,3500,13.461538,12.626923
3284,3501,13.465385,12.630769
3285,3502,13.469231,12.634615
3286,3503,13.473077,12.638462
3287,3504,13.476923,12.642308
3288,3505,13.480769,12.646154
3289,3506,13.484615,12.650000
3290,3507,13.488462,12.653846
3291,3508,13.492308,12.657692
3292,3509,13.496154,12.661538
3293,3510,13.500000,12.665385
3294,3511,13.503846,12.669231
3295,3512,13.507692,12.673077
3296,3513,13.511538,12.676923
3297,3514,13.515385,12.680769
3298,3515,13.519231,12.684615
3299,3516,13.523077,12.688462
3300,3517,13.526923,12.692308
3301,3518,13.530769,12.696154
3302,3519,13.534615,12.700000
3303,3520,13.538462,12.703846
3304,3521,13.542308,12.707692
3305,3522,13.546154,12.711538
3306,3523,13.550000,12.715385
3307,3524,13.553846,12.719231
3308,3525,13.557692,12.723077
3309,3526,13.561538,12.726923
3310,3527,13.565385,12.730769
3311,3528,13.569231,12.734615
3312,3529,13.573077,12.738462
3313,3530,13.576923,12.742308
3314,3531,13.580769,12.746154
3315,3532,13.584615,12.750000
3316,3533,13.588462,12.753846
3317,3534,13.592308,12.757692
3318,3535,13.596154,12.761538
3319,3536,13.600000,12.765385
3320,3537,13.603846,12.769231
3321,3538,13.607692,12.773077
3322,3539,13.611538,12.776923
3323,3540,13.615385,12.780769
3324,3541,13.619231,12.784615
3325,3542,13.623077,12.788462
3326,3543,13.626923,12.792308
3327,3544,13.630769,12.796154
3328,3545,13.634615,12.800000
3329,3546,13.638462,12.803846
3330,3547,13.642308,12.807692
3331,3548,13.646154,12.811538
3332,3549,13.650000,12.815385
3333,3550,13.653846,12.819231
3334,3551,13.657692,12.823077
3335,3552,13.661538,12.826923
3336,3553,13.665385,12.830769
3337,3554,13.669231,12.834615
3338,3555,13.673077,12.838462
3339,3556,13.676923,12.842308
3340,3557,13.680769,12.846154
3341,3558,13.684615,12.850000
3342,3559,13.688462,12.853846
3343,3560,13.692308,12.857692
3344,3561,13.696154,12.861538
3345,3562,13.700000,12.865385
3346,3563,13.703846,12.869231
3347,3564,13.707692,12.873077
3348,3565,13.711538,12.876923
3349,3566,13.715385,12.880769
3350,3567,13.719231,12.884615
3351,3568,13.723077,12.888462
3352,3569,13.726923,12.892308
3353,3570,13.730769,12.896154
3354,3571,13.734615,12.900000
3355,3572,13.738462,12.903846
3356,3573,13.742308,12.907692
3357,3574,13.746154,12.911538
3358,3575,13.750000,12.915385
3359,3576,13.753846,12.919231
3360,3577,13.757692,12.923077
3361,3578,13.761538,12.926923
3362,3579,13.765385,12.930769
3363,3580,13.769231,12.934615
3364,3581,13.773077,12.938462
3365,3582,13.776923,12.942308
3366,3583,13.780769,12.946154
3367,3584,13.784615,12.950000
3368,3585,13.788462,12.953846
3369,3586,13.792308,12.957692
3370,3587,13.796154,12.961538
3371,3588,13.800000,12.965385
3372,3589,13.803846,12.969231
3373,3590,13.807692,12.973077
3374,3591,13.811538,12.976923
3375,3592,13.815385,12.980769
3376,3593,13.819231,12.984615
3377,3594,13.823077,12.988462
3378,3595,13.826923,12.992308
3379,3596,13.830769,12.996154
3380,3597,13.834615,13.000000
3381,3598,13.838462,13.003846
3382,3599,13.842308,13.007692
3383,3600,13.846154,13.011538
3384,3601,13.850000,13.015385
3385,3602,13.853846,13.019231
3386,3603,13.857692,13.023077
3387,3604,13.861538,13.026923
3388,3605,13.865385,13.030769
3389,3606,13.869231,13.034615
3390,3607,13.873077,13.038462
3391,3608,13.876923,13.042308
3392,3609,13.880769,13.046154
3393,3610,13.884615,13.050000
3394,3611,13.888462,13.053846
3395,3612,13.892308,13.057692
3396,3613,13.896154,13.061538
3397,3614,13.900000,13.065385
3398,3615,13.903846,13.069231
3399,3616,13.907692,13.073077
3400,3617,13.911538,13.076923
3401,3618,13.915385,13.080769
3402,3619,13.919231,13.084615
3403,3620,13.923077,13.088462
3404,3621,13.926923,13.092308
3405,3622,13.930769,13.096154
3406,3623,13.934615,13.100000
3407,3624,13.938462,13.103846
3408,3625,13.942308,13.107692
3409,3626,13.946154,13.111538
3410,3627,13.950000,13.115385
3411,3628,13.953846,13.119231
3412,3629,13.957692,13.123077
3413,3630,13.961538,13.126923
3414,3631,13.965385,13.130769
3415,3632,13.969231,13.134615
3416,3633,13.973077,13.138462
3417,3634,13.976923,13.142308
3418,3635,13.980769,13.146154
3419,3636,13.984615,13.150000
3420,3637,13.988462,13.153846
3421,3638,13.992308,13.157692
3422,3639,13.996154,13.161538
3423,3640,14.000000,13.165385
3424,3641,14.003846,13.169231
3425,3642,14.007692,13.173077
3426,3643,14.011538,13.176923
3427,3644,14.015385,13.180769
3428,3645,14.019231,13.184615
3429,3646,14.023077,13.188462
3430,3647,14.026923,13.192308
3431,3648,14.030769,13.196154
3432,3649,14.034615,13.200000
3433,3650,14.038462,13.203846
3434,3651,14.042308,13.207692
3435,3652,14.046154,13.211538
3436,3653,14.050000,13.215385
3437,3654,14.053846,13.219231
3438,3655,14.057692,13.223077
3439,3656,14.061538,13.226923
3440,3657,14.065385,13.230769
3441,3658,14.069231,13.234615
3442,3659,14.073077,13.238462
3443,3660,14.076923,13.242308
3444,3661,14.080769,13.246154
3445,3662,14.084615,13.250000
3446,3663,14.088462,13.253846
3447,3664,14.092308,13.257692
3448,3665,14.096154,13.261538
3449,3666,14.100000,13.265385
3450,3667,14.103846,13.269231
3451,3668,14.107692,13.273077
3452,3669,14.111538,13.276923
3453,3670,14.115385,13.280769
3454,3671,14.119231,13.284615
3455,3672,14.123077,13.288462
3456,3673,14.126923,13.292308
3457,3674,14.130769,13.296154
3458,3675,14.134615,13.300000
3459,3676,14.138462,13.303846
3460,3677,14.142308,13.307692
3461,3678,14.146154,13.311538
3462,3679,14.150000,13.315385
3463,3680,14.153846,13.319231
3464,3681,14.157692,13.323077
3465,3682,14.161538,13.326923
3466,3683,14.165385,13.330769
3467,3684,14.169231,13.334615
3468,3685,14.173077,13.338462
3469,3686,14.176923,13.342308
3470,3687,14.180769,13.346154
3471,3688,14.184615,13.350000
3472,3689,14.188462,13.353846
3473,3690,14.192308,13.357692
3474,3691,14.196154,13.361538
3475,3692,14.200000,13.365385
3476,3693,14.203846,13.369231
3477,3694,14.207692,13.373077
3478,3695,14.211538,13.376923
3479,3696,14.215385,13.380769
3480,3697,14.219231,13.384615
3481,3698,14.223077,13.388462
3482,3699,14.226923,13.392308
3483,3700,14.230769,13.396154
3484,3701,14.234615,13.400000
3485,3702,14.238462,13.403846
3486,3703,14.242308,13.407692
3487,3704,14.246154,13.411538
3488,3705,14.250000,13.415385
3489,3706,14.253846,13.419231
3490,3707,14.257692,13.423077
3491,3708,14.261538,13.426923
3492,3709,14.265385,13.430769
3493,3710,14.269231,13.434615
3494,3711,14.273077,13.438462
3495,3712,14.276923,13.442308
3496,3713,14.280769,13.446154
3497,3714,14.284615,13.450000
3498,3715,14.288462,13.453846
3499,3716,14.292308,13.457692
3500,3717,14.296154,13.461538
3501,3718,14.300000,13.465385
3502,3719,14.303846,13.469231
3503,3720,14.307692,13.473077
3504,3721,14.311538,13.476923
3505,3722,14.315385,13.480769
3506,3723,14.319231,13.484615
3507,3724,14.323077,13.488462
3508,3725,14.326923,13.492308
3509,3726,14.330769,13.496154
3510,3727,14.334615,13.500000
3511,3728,14.338462,13.503846
3512,3729,14.342308,13.507692
3513,3730,14.346154,13.511538
3514,3731,14.350000,13.515385
3515,3732,14.353846,13.519231
3516,3733,14.357692,13.523077
3517,3734,14.361538,13.526923
3518,3735,14.365385,13.530769
3519,3736,14.369231,13.534615
3520,3737,14.373077,13.538462
3521,3738,14.376923,13.542308
3522,3739,14.380769,13.546154
3523,3740,14.384615,13.550000
3524,3741,14.388462,13.553846
3525,3742,14.392308,13.557692
3526,3743,14.396154,13.561538
3527,3744,14.400000,13.565385
3528,3745,14.403846,13.569231
3529,3746,14.407692,13.573077
3530,3747,14.411538,13.576923
3531,3748,14.415385,13.580769
3532,3749,14.419231,13.584615
3533,3750,14.423077,13.588462
3534,3751,14.426923,13.592308
3535,3752,14.430769,13.596154
3536,3753,14.434615,13.600000
3537,3754,14.438462,13.603846
3538,3755,14.442308,13.607692
3539,3756,14.446154,13.611538
3540,3757,14.450000,13.615385
3541,3758,14.453846,13.619231
3542,3759,14.457692,13.623077
3543,3760,14.461538,13.626923
3544,3761,14.465385,13.630769
3545,3762,14.469231,13.634615
3546,3763,14.473077,13.638462
3547,3764,14.476923,13.642308
3548,3765,14.480769,13.646154
3549,3766,14.484615,13.650000
3550,3767,14.488462,13.653846
3551,3768,14.492308,13.657692
3552,3769,14.496154,13.661538
3553,3770,14.500000,13.665385
3554,3771,14.503846,13.669231
3555,3772,14.507692,13.673077
3556,3773,14.511538,13.676923
3557,3774,14.515385,13.680769
3558,3775,14.519231,13.684615
3559,3776,14.523077,13.688462
3560,3777,14.526923,13.692308
3561,3778,14.530769,13.696154
3562,3779,14.534615,13.700000
3563,3780,14.538462,13.703846
3564,3781,14.542308,13.707692
3565,3782,14.546154,13.711538
3566,3783,14.550000,13.715385
3567,3784,14.553846,13.719231
3568,3785,14.557692,13.723077
3569,3786,14.561538,13.726923
3570,3787,14.565385,13.730769
3571,3788,14.569231,13.734615
3572,3789,14.573077,13.738462
3573,3790,14.576923,13.742308
3574,3791,14.580769,13.746154
3575,3792,14.584615,13.750000
3576,3793,14.588462,13.753846
3577,3794,14.592308,13.757692
3578,3795,14.596154,13.761538
3579,3796,14.600000,13.765385
3580,3797,14.603846,13.769231
3581,3798,14.607692,13.773077
3582,3799,14.611538,13.776923
3583,3800,14.615385,13.780769
3584,3801,14.619231,13.784615
3585,3802,14.623077,13.788462
3586,3803,14.626923,13.792308
3587,3804,14.630769,13.796154
3588,3805,14.634615,13.800000
3589,3806,14.638462,13.803846
3590,3807,14.642308,13.807692
3591,3808,14.646154,13.811538
3592,3809,14.650000,13.815385
3593,3810,14.653846,13.819231
3594,3811,14.657692,13.823077
3595,3812,14.661538,13.826923
3596,3813,14.665385,13.830769
3597,3814,14.669231,13.834615
3598,3815,14.673077,13.838462
3599,3816,14.676923,13.842308
3600,3817,14.680769,13.846154
3601,3818,14.684615,13.850000
3602,3819,14.688462,13.853846
3603,3820,14.692308,13.857692
3604,3821,14.696154,13.861538
3605,3822,14.700000,13.865385
3606,3823,14.703846,13.869231
3607,3824,14.707692,13.873077
3608,3825,14.711538,13.876923
3609,3826,14.715385,13.880769
3610,3827,14.719231,13.884615
3611,3828,14.723077,13.888462
3612,3829,14.726923,13.892308
3613,3830,14.730769,13.896154
3614,3831,14.734615,13.900000
3615,3832,14.738462,13.903846
3616,3833,14.742308,13.907692
3617,3834,14.746154,13.911538
3618,3835,14.750000,13.915385
3619,3836,14.753846,13.919231
3620,3837,14.757692,13.923077
3621,3838,14.761538,13.926923
3622,3839,14.765385,13.930769
3623,3840,14.769231,13.934615
3624,3841,14.773077,13.938462
3625,3842,14.776923,13.942308
3626,3843,14.780769,13.946154
3627,3844,14.784615,13.950000
3628,3845,14.788462,13.953846
3629,3846,14.792308,13.957692
3630,3847,14.796154,13.961538
3631,3848,14.800000,13.965385
3632,3849,14.803846,13.969231
3633,3850,14.807692,13.973077
3634,3851,14.811538,13.976923
3635,3852,14.815385,13.980769
3636,3853,14.819231,13.984615
3637,3854,14.823077,13.988462
3638,3855,14.826923,13.992308
3639,3856,14.830769,13.996154
3640,3857,14.834615,14.000000
3641,3858,14.838462,14.003846
3642,3859,14.842308,14.007692
3643,3860,14.846154,14.011538
3644,3861,14.850000,14.015385
3645,3862,14.853846,14.019231
3646,3863,14.857692,14.023077
3647,3864,14.861538,14.026923
3648,3865,14.865385,14.030769
3649,3866,14.869231,14.034615
3650,3867,14.873077,14.038462
3651,3868,14.876923,14.042308
3652,3869,14.880769,14.046154
3653,3870,14.884615,14.050000
3654,3871,14.888462,14.053846
3655,3872,14.892308,14.057692
3656,3873,14.896154,14.061538
3657,3874,14.900000,14.065385
3658,3875,14.903846,14.069231
3659,3876,14.907692,14.073077
3660,3877,14.911538,14.076923
3661,3878,14.915385,14.080769
3662,3879,14.919231,14.084615
3663,3880,14.923077,14.088462
3664,3881,14.926923,14.092308
3665,3882,14.930769,14.096154
3666,3883,14.934615,14.100000
3667,3884,14.938462,14.103846
3668,3885,14.942308,14.107692
3669,3886,14.946154,14.111538
3670,3887,14.950000,14.115385
3671,3888,14.953846,14.119231
3672,3889,14.957692,14.123077
3673,3890,14.961538,14.126923
3674,3891,14.965385,14.130769
3675,3892,14.969231,14.134615
3676,3893,14.973077,14.138462
3677,3894,14.976923,14.142308
3678,3895,14.980769,14.146154
3679,3896,14.984615,14.150000
3680,3897,14.988462,14.153846
3681,3898,14.992308,14.157692
3682,3899,14.996154,14.161538
3683,3900,15.000000,14.165385
3684,3901,15.003846,14.169231
3685,3902,15.007692,14.173077
3686,3903,15.011538,14.176923
3687,3904,15.015385,14.180769
3688,3905,15.019231,14.184615
3689,3906,15.023077,14.188462
3690,3907,15.026923,14.192308
3691,3908,15.030769,14.196154
3692,3909,15.034615,14.200000
3693,3910,15.038462,14.203846
3694,3911,15.042308,14.207692
3695,3912,15.046154,14.211538
3696,3913,15.050000,14.215385
3697,3914,15.053846,14.219231
3698,3915,15.057692,14.223077
3699,3916,15.061538,14.226923
3700,3917,15.065385,14.230769
3701,3918,15.069231,14.234615
3702,3919,15.073077,14.238462
3703,3920,15.076923,14.242308
3704,3921,15.080769,14.246154
3705,3922,15.084615,14.250000
3706,3923,15.088462,14.253846
3707,3924,15.092308,14.257692
3708,3925,15.096154,14.261538
3709,3926,15.100000,14.265385
3710,3927,15.103846,14.269231
3711,3928,15.107692,14.273077
3712,3929,15.111538,14.276923
3713,3930,15.115385,14.280769
3714,3931,15.119231,14.284615
3715,3932,15.123077,14.288462
3716,3933,15.126923,14.292308
3717,3934,15.130769,14.296154
3718,3935,15.134615,14.300000
3719,3936,15.138462,14.303846
3720,3937,15.142308,14.307692
3721,3938,15.146154,14.311538
3722,3939,15.150000,14.315385
3723,3940,15.153846,14.319231
3724,3941,15.157692,14.323077
3725,3942,15.161538,14.326923
3726,3943,15.165385,14.330769
3727,3944,15.169231,14.334615
3728,3945,15.173077,14.338462
3729,3946,15.176923,14.342308
3730,3947,15.180769,14.346154
3731,3948,15.184615,14.350000
3732,3949,15.188462,14.353846
3733,3950,15.192308,14.357692
3734,3951,15.196154,14.361538
3735,3952,15.200000,14.365385
3736,3953,15.203846,14.369231
3737,3954,15.207692,14.373077
3738,3955,15.211538,14.376923
3739,3956,15.215385,14.380769
3740,3957,15.219231,14.384615
3741,3958,15.223077,14.388462
3742,3959,15.226923,14.392308
3743,3960,15.230769,14.396154
3744,3961,15.234615,14.400000
3745,3962,15.238462,14.403846
3746,3963,15.242308,14.407692
3747,3964,15.246154,14.411538
3748,3965,15.250000,14.415385
3749,3966,15.253846,14.419231
3750,3967,15.257692,14.423077
3751,3968,15.261538,14.426923
3752,3969,15.265385,14.430769
3753,3970,15.269231,14.434615
3754,3971,15.273077,14.438462
3755,3972,15.276923,14.442308
3756,3973,15.280769,14.446154
3757,3974,15.284615,14.450000
3758,3975,15.288462,14.453846
3759,3976,15.292308,14.457692
3760,3977,15.296154,14.461538
3761,3978,15.300000,14.465385
3762,3979,15.303846,14.469231
3763,3980,15.307692,14.473077
3764,3981,15.311538,14.476923
3765,3982,15.315385,14.480769
3766,3983,15.319231,14.484615
3767,3984,15.323077,14.488462
3768,3985,15.326923,14.492308
3769,3986,15.330769,14.496154
3770,3987,15.334615,14.500000
3771,3988,15.338462,14.503846
3772,3989,15.342308,14.507692
3773,3990,15.346154,14.511538
3774,3991,15.350000,14.515385
3775,3992,15.353846,14.519231
3776,3993,15.357692,14.523077
3777,3994,15.361538,14.526923
3778,3995,15.365385,14.530769
3779,3996,15.369231,14.534615
3780,3997,15.373077,14.538462
3781,3998,15.376923,14.542308
3782,3999,15.380769,14.546154
3783,4000,15.384615,14.550000
3784,4001,15.388462,14.553846
3785,4002,15.392308,14.557692
3786,4003,15.396154,14.561538
3787,4004,15.400000,14.565385
3788,4005,15.403846,14.569231
3789,4006,15.407692,14.573077
3790,4007,15.411538,14.576923
3791,4008,15.415385,14.580769
3792,4009,15.419231,14.584615
3793,4010,15.423077,14.588462
3794,4011,15.426923,14.592308
3795,4012,15.430769,14.596154
3796,4013,15.434615,14.600000
3797,4014,15.438462,14.603846
3798,4015,15.442308,14.607692
3799,4016,15.446154,14.611538
3800,4017,15.450000,14.615385
3801,4018,15.453846,14.619231
3802,4019,15.457692,14.623077
3803,4020,15.461538,14.626923
3804,4021,15.465385,14.630769
3805,4022,15.469231,14.634615
3806,4023,15.473077,14.638462
3807,4024,15.476923,14.642308
3808,4025,15.480769,14.646154
3809,4026,15.484615,14.650000
3810,4027,15.488462,14.653846
3811,4028,15.492308,14.657692
3812,4029,15.496154,14.661538
3813,4030,15.500000,14.665385
3814,4031,15.503846,14.669231
3815,4032,15.507692,14.673077
3816,4033,15.511538,14.676923
3817,4034,15.515385,14.680769
3818,4035,15.519231,14.684615
3819,4036,15.523077,14.688462
3820,4037,15.526923,14.692308
3821,4038,15.530769,14.696154
3822,4039,15.534615,14.700000
3823,4040,15.538462,14.703846
3824,4041,15.542308,14.707692
3825,4042,15.546154,14.711538
3826,4043,15.550000,14.715385
3827,4044,15.553846,14.719231
3828,4045,15.557692,14.723077
3829,4046,15.561538,14.726923
3830,4047,15.565385,14.730769
3831,4048,15.569231,14.734615
3832,4049,15.573077,14.738462
3833,4050,15.576923,14.742308
3834,4051,15.580769,14.746154
3835,4052,15.584615,14.750000
3836,4053,15.588462,14.753846
3837,4054,15.592308,14.757692
3838,4055,15.596154,14.761538
3839,4056,15.600000,14.765385
3840,4057,15.603846,14.769231
3841,4058,15.607692,14.773077
3842,4059,15.611538,14.776923
3843,4060,15.615385,14.780769
3844,4061,15.619231,14.784615
3845,4062,15.623077,14.788462
3846,4063,15.626923,14.792308
3847,4064,15.630769,14.796154
3848,4065,15.634615,14.800000
3849,4066,15.638462,14.803846
3850,4067,15.642308,14.807692
3851,4068,15.646154,14.811538
3852,4069,15.650000,14.815385
3853,4070,15.653846,14.819231
3854,4071,15.657692,14.823077
3855,4072,15.661538,14.826923
3856,4073,15.665385,14.830769
3857,4074,15.669231,14.834615
3858,4075,15.673077,14.838462
3859,4076,15.676923,14.842308
3860,4077,15.680769,14.846154
3861,4078,15.684615,14.850000
3862,4079,15.688462,14.853846
3863,4080,15.692308,14.857692
3864,4081,15.696154,14.861538
3865,4082,15.700000,14.865385
3866,4083,15.703846,14.869231
3867,4084,15.707692,14.873077
3868,4085,15.711538,14.876923
3869,4086,15.715385,14.880769
3870,4087,15.719231,14.884615
3871,4088,15.723077,14.888462
3872,4089,15.726923,14.892308
3873,4090,15.730769,14.896154
3874,4091,15.734615,14.900000
3875,4092,15.738462,14.903846
3876,4093,15.742308,14.907692
3877,4094,15.746154,14.911538
3878,4095,15.750000,14.915385
3879,4096,15.753846,14.919231
3880,4097,15.757692,14.923077
3881,4098,15.761538,14.926923
3882,4099,15.765385,14.930769
3883,4100,15.769231,14.934615
3884,4101,15.773077,14.938462
3885,4102,15.776923,14.942308
3886,4103,15.780769,14.946154
3887,4104,15.784615,14.950000
3888,4105,15.788462,14.953846
3889,4106,15.792308,14.957692
3890,4107,15.796154,14.961538
3891,4108,15.800000,14.965385
3892,4109,15.803846,14.969231
3893,4110,15.807692,14.973077
3894,4111,15.811538,14.976923
3895,4112,15.815385,14.980769
3896,4113,15.819231,14.984615
3897,4114,15.823077,14.988462
3898,4115,15.826923,14.992308
3899,4116,15.830769,14.996154
3900,4117,15.834615,15.000000
3901,4118,15.838462,15.003846
3902,4119,15.842308,15.007692
3903,4120,15.846154,15.011538
3904,4121,15.850000,15.015385
3905,4122,15.853846,15.019231
3906,4123,15.857692,15.023077
3907,4124,15.861538,15.026923
3908,4125,15.865385,15.030769
3909,4126,15.869231,15.034615
3910,4127,15.873077,15.038462
3911,4128,15.876923,15.042308
3912,4129,15.880769,15.046154
3913,4130,15.884615,15.050000
3914,4131,15.888462,15.053846
3915,4132,15.892308,15.057692
3916,4133,15.896154,15.061538
3917,4134,15.900000,15.065385
3918,4135,15.903846,15.069231
3919,4136,15.907692,15.073077
3920,4137,15.911538,15.076923
3921,4138,15.915385,15.080769
3922,4139,15.919231,15.084615
3923,4140,15.923077,15.088462
3924,4141,15.926923,15.092308
3925,4142,15.930769,15.096154
3926,4143,15.934615,15.100000
3927,4144,15.938462,15.103846
3928,4145,15.942308,15.107692
3929,4146,15.946154,15.111538
3930,4147,15.950000,15.115385
3931,4148,15.953846,15.119231
3932,4149,15.957692,15.123077
3933,4150,15.961538,15.126923
3934,4151,15.965385,15.130769
3935,4152,15.969231,15.134615
3936,4153,15.973077,15.138462
3937,4154,15.976923,15.142308
3938,4155,15.980769,15.146154
3939,4156,15.984615,15.150000
3940,4157,15.988462,15.153846
3941,4158,15.992308,15.157692
3942,4159,15.996154,15.161538
3943,4160,16.000000,15.165385
3944,4161,16.003846,15.169231
3945,4162,16.007692,15.173077
3946,4163,16.011538,15.176923
3947,4164,16.015385,15.180769
3948,4165,16.019231,15.184615
3949,4166,16.023077,15.188462
3950,4167,16.026923,15.192308
3951,4168,16.030769,15.196154
3952,4169,16.034615,15.200000
3953,4170,16.038462,15.203846
3954,4171,16.042308,15.207692
3955,4172,16.046154,15.211538
3956,4173,16.050000,15.215385
3957,4174,16.053846,15.219231
3958,4175,16.057692,15.223077
3959,4176,16.061538,15.226923
3960,4177,16.065385,15.230769
3961,4178,16.069231,15.234615
3962,4179,16.073077,15.238462
3963,4180,16.076923,15.242308
3964,4181,16.080769,15.246154
3965,4182,16.084615,15.250000
3966,4183,16.088462,15.253846
3967,4184,16.092308,15.257692
3968,4185,16.096154,15.261538
3969,4186,16.100000,15.265385
3970,4187,16.103846,15.269231
3971,4188,16.107692,15.273077
3972,4189,16.111538,15.276923
3973,4190,16.115385,15.280769
3974,4191,16.119231,15.284615
3975,4192,16.123077,15.288462
3976,4193,16.126923,15.292308
3977,4194,16.130769,15.296154
3978,4195,16.134615,15.300000
3979,4196,16.138462,15.303846
3980,4197,16.142308,15.307692
3981,4198,16.146154,15.311538
3982,4199,16.150000,15.315385
3983,4200,16.153846,15.319231
3984,4201,16.157692,15.323077
3985,4202,16.161538,15.326923
3986,4203,16.165385,15.330769
3987,4204,16.169231,15.334615
3988,4205,16.173077,15.338462
3989,4206,16.176923,15.342308
3990,4207,16.180769,15.346154
3991,4208,16.184615,15.350000
3992,4209,16.188462,15.353846
3993,4210,16.192308,15.357692
3994,4211,16.196154,15.361538
3995,4212,16.200000,15.365385
3996,4213,16.203846,15.369231
3997,4214,16.207692,15.373077
3998,4215,16.211538,15.376923
3999,4216,16.215385,15.380769
4000,4217,16.219231,15.384615
4001,4218,16.223077,15.388462
4002,4219,16.226923,15.392308
4003,4220,16.230769,15.396154
4004,4221,16.234615,15.400000
4005,4222,16.238462,15.403846
4006,4223,16.242308,15.407692
4007,4224,16.246154,15.411538
4008,4225,16.250000,15.415385
4009,4226,16.253846,15.419231
4010,4227,16.257692,15.423077
4011,4228,16.261538,15.426923
4012,4229,16.265385,15.430769
4013,4230,16.269231,15.434615
4014,4231,16.273077,15.438462
4015,4232,16.276923,15.442308
4016,4233,16.280769,15.446154
4017,4234,16.284615,15.450000
4018,4235,16.288462,15.453846
4019,4236,16.292308,15.457692
4020,4237,16.296154,15.461538
4021,4238,16.300000,15.465385
4022,4239,16.303846,15.469231
4023,4240,16.307692,15.473077
4024,4241,16.311538,15.476923
4025,4242,16.315385,15.480769
4026,4243,16.319231,15.484615
4027,4244,16.323077,15.488462
4028,4245,16.326923,15.492308
4029,4246,16.330769,15.496154
4030,4247,16.334615,15.500000
4031,4248,16.338462,15.503846
4032,4249,16.342308,15.507692
4033,4250,16.346154,15.511538
4034,4251,16.350000,15.515385
4035,4252,16.353846,15.519231
4036,4253,16.357692,15.523077
4037,4254,16.361538,15.526923
4038,4255,16.365385,15.530769
4039,4256,16.369231,15.534615
4040,4257,16.373077,15.538462
4041,4258,16.376923,15.542308
4042,4259,16.380769,15.546154
4043,4260,16.384615,15.550000
4044,4261,16.388462,15.553846
4045,4262,16.392308,15.557692
4046,4263,16.396154,15.561538
4047,4264,16.400000,15.565385
4048,4265,16.403846,15.569231
4049,4266,16.407692,15.573077
4050,4267,16.411538,15.576923
4051,4268,16.415385,15.580769
4052,4269,16.419231,15.584615
4053,4270,16.423077,15.588462
4054,4271,16.426923,15.592308
4055,4272,16.430769,15.596154
4056,4273,16.434615,15.600000
4057,4274,16.438462,15.603846
4058,4275,16.442308,15.607692
4059,4276,16.446154,15.611538
4060,4277,16.450000,15.615385
4061,4278,16.453846,15.619231
4062,4279,16.457692,15.623077
4063,4280,16.461538,15.626923
4064,4281,16.465385,15.630769
4065,4282,16.469231,15.634615
4066,4283,16.473077,15.638462
4067,4284,16.476923,15.642308
4068,4285,16.480769,15.646154
4069,4286,16.484615,15.650000
4070,4287,16.488462,15.653846
4071,4288,16.492308,15.657692
4072,4289,16.496154,15.661538
4073,4290,16.500000,15.665385
4074,4291,16.503846,15.669231
4075,4292,16.507692,15.673077
4076,4293,16.511538,15.676923
4077,4294,16.515385,15.680769
4078,4295,16.519231,15.684615
4079,4296,16.523077,15.688462
4080,4297,16.526923,15.692308
4081,4298,16.530769,15.696154
4082,4299,16.534615,15.700000
4083,4300,16.538462,15.703846
4084,4301,16.542308,15.707692
4085,4302,16.546154,15.711538
4086,4303,16.550000,15.715385
4087,4304,16.553846,15.719231
4088,4305,16.557692,15.723077
4089,4306,16.561538,15.726923
4090,4307,16.565385,15.730769
4091,4308,16.569231,15.734615
4092,4309,16.573077,15.738462
4093,4310,16.576923,15.742308
4094,4311,16.580769,15.746154
4095,4312,16.584615,15.750000
4096,4313,16.588462,15.753846
4097,4314,16.592308,15.757692
4098,4315,16.596154,15.761538
4099,4316,16.600000,15.765385
4100,4317,16.603846,15.769231
4101,4318,16.607692,15.773077
4102,4319,16.611538,15.776923
4103,4320,16.615385,15.780769
4104,4321,16.619231,15.784615
4105,4322,16.623077,15.788462
4106,4323,16.626923,15.792308
4107,4324,16.630769,15.796154
4108,4325,16.634615,15.800000
4109,4326,16.638462,15.803846
4110,4327,16.642308,15.807692
4111,4328,16.646154,15.811538
4112,4329,16.650000,15.815385
4113,4330,16.653846,15.819231
4114,4331,16.657692,15.823077
4115,4332,16.661538,15.826923
4116,4333,16.665385,15.830769
4117,4334,16.669231,15.834615
4118,4335,16.673077,15.838462
4119,4336,16.676923,15.842308
4120,4337,16.680769,15.846154
4121,4338,16.684615,15.850000
4122,4339,16.688462,15.853846
4123,4340,16.692308,15.857692
4124,4341,16.696154,15.861538
4125,4342,16.700000,15.865385
4126,4343,16.703846,15.869231
4127,4344,16.707692,15.873077
4128,4345,16.711538,15.876923
4129,4346,16.715385,15.880769
4130,4347,16.719231,15.884615
4131,4348,16.723077,15.888462
4132,4349,16.726923,15.892308
4133,4350,16.730769,15.896154
4134,4351,16.734615,15.900000
4135,4352,16.738462,15.903846
4136,4353,16.742308,15.907692
4137,4354,16.746154,15.911538
4138,4355,16.750000,15.915385
4139,4356,16.753846,15.919231
4140,4357,16.757692,15.923077
4141,4358,16.761538,15.926923
4142,4359,16.765385,15.930769
4143,4360,16.769231,15.934615
4144,4361,16.773077,15.938462
4145,4362,16.776923,15.942308
4146,4363,16.780769,15.946154
4147,4364,16.784615,15.950000
4148,4365,16.788462,15.953846
4149,4366,16.792308,15.957692
4150,4367,16.796154,15.961538
4151,4368,16.800000,15.965385
4152,4369,16.803846,15.969231
4153,4370,16.807692,15.973077
4154,4371,16.811538,15.976923
4155,4372,16.815385,15.980769
4156,4373,16.819231,15.984615
4157,4374,16.823077,15.988462
4158,4375,16.826923,15.992308
4159,4376,16.830769,15.996154
4160,4377,16.834615,16.000000
4161,4378,16.838462,16.003846
4162,4379,16.842308,16.007692
4163,4380,16.846154,16.011538
4164,4381,16.850000,16.015385
4165,4382,16.853846,16.019231
4166,4383,16.857692,16.023077
4167,4384,16.861538,16.026923
4168,4385,16.865385,16.030769
4169,4386,16.869231,16.034615
4170,4387,16.873077,16.038462
4171,4388,16.876923,16.042308
4172,4389,16.880769,16.046154
4173,4390,16.884615,16.050000
4174,4391,16.888462,16.053846
4175,4392,16.892308,16.057692
4176,4393,16.896154,16.061538
4177,4394,16.900000,16.065385
4178,4395,16.903846,16.069231
4179,4396,16.907692,16.073077
4180,4397,16.911538,16.076923
4181,4398,16.915385,16.080769
4182,4399,16.919231,16.084615
4183,4400,16.923077,16.088462
4184,4401,16.926923,16.092308
4185,4402,16.930769,16.096154
4186,4403,16.934615,16.100000
4187,4404,16.938462,16.103846
4188,4405,16.942308,16.107692
4189,4406,16.946154,16.111538
4190,4407,16.950000,16.115385
4191,4408,16.953846,16.119231
4192,4409,16.957692,16.123077
4193,4410,16.961538,16.126923
4194,4411,16.965385,16.130769
4195,4412,16.969231,16.134615
4196,4413,16.973077,16.138462
4197,4414,16.976923,16.142308
4198,4415,16.980769,16.146154
4199,4416,16.984615,16.150000
4200,4417,16.988462,16.153846
4201,4418,16.992308,16.157692
4202,4419,16.996154,16.161538
4203,4420,17.000000,16.165385
4204,4421,17.003846,16.169231
4205,4422,17.007692,16.173077
4206,4423,17.011538,16.176923
4207,4424,17.015385,16.180769
4208,4425,17.019231,16.184615
4209,4426,17.023077,16.188462
4210,4427,17.026923,16.192308
4211,4428,17.030769,16.196154
4212,4429,17.034615,16.200000
4213,4430,17.038462,16.203846
4214,4431,17.042308,16.207692
4215,4432,17.046154,16.211538
4216,4433,17.050000,16.215385
4217,4434,17.053846,16.219231
4218,4435,17.057692,16.223077
4219,4436,17.061538,16.226923
4220,4437,17.065385,16.230769
4221,4438,17.069231,16.234615
4222,4439,17.073077,16.238462
4223,4440,17.076923,16.242308
4224,4441,17.080769,16.246154
4225,4442,17.084615,16.250000
4226,4443,17.088462,16.253846
4227,4444,17.092308,16.257692
4228,4445,17.096154,16.261538
4229,4446,17.100000,16.265385
4230,4447,17.103846,16.269231
4231,4448,17.107692,16.273077
4232,4449,17.111538,16.276923
4233,4450,17.115385,16.280769
4234,4451,17.119231,16.284615
4235,4452,17.123077,16.288462
4236,4453,17.126923,16.292308
4237,4454,17.130769,16.296154
4238,4455,17.134615,16.300000
4239,4456,17.138462,16.303846
4240,4457,17.142308,16.307692
4241,4458,17.146154,16.311538
4242,4459,17.150000,16.315385
4243,4460,17.153846,16.319231
4244,4461,17.157692,16.323077
4245,4462,17.161538,16.326923
4246,4463,17.165385,16.330769
4247,4464,17.169231,16.334615
4248,4465,17.173077,16.338462
4249,4466,17.176923,16.342308
4250,4467,17.180769,16.346154
4251,4468,17.184615,16.350000
4252,4469,17.188462,16.353846
4253,4470,17.192308,16.357692
4254,4471,17.196154,16.361538
4255,4472,17.200000,16.365385
4256,4473,17.203846,16.369231
4257,4474,17.207692,16.373077
4258,4475,17.211538,16.376923
4259,4476,17.215385,16.380769
4260,4477,17.219231,16.384615
4261,4478,17.223077,16.388462
4262,4479,17.226923,16.392308
4263,4480,17.230769,16.396154
4264,4481,17.234615,16.400000
4265,4482,17.238462,16.403846
4266,4483,17.242308,16.407692
4267,4484,17.246154,16.411538
4268,4485,17.250000,16.415385
4269,4486,17.253846,16.419231
4270,4487,17.257692,16.423077
4271,4488,17.261538,16.426923
4272,4489,17.265385,16.430769
4273,4490,17.269231,16.434615
4274,4491,17.273077,16.438462
4275,4492,17.276923,16.442308
4276,4493,17.280769,16.446154
4277,4494,17.284615,16.450000
4278,4495,17.288462,16.453846
4279,4496,17.292308,16.457692
4280,4497,17.296154,16.461538
4281,4498,17.300000,16.465385
4282,4499,17.303846,16.469231
4283,4500,17.307692,16.473077
4284,4501,17.311538,16.476923
4285,4502,17.315385,16.480769
4286,4503,17.319231,16.484615
4287,4504,17.323077,16.488462
4288,4505,17.326923,16.492308
4289,4506,17.330769,16.496154
4290,4507,17.334615,16.500000
4291,4508,17.338462,16.503846
4292,4509,17.342308,16.507692
4293,4510,17.346154,16.511538
4294,4511,17.350000,16.515385
4295,4512,17.353846,16.519231
4296,4513,17.357692,16.523077
4297,4514,17.361538,16.526923
4298,4515,17.365385,16.530769
4299,4516,17.369231,16.534615
4300,4517,17.373077,16.538462
4301,4518,17.376923,16.542308
4302,4519,17.380769,16.546154
4303,4520,17.384615,16.550000
4304,4521,17.388462,16.553846
4305,4522,17.392308,16.557692
4306,4523,17.396154,16.561538
4307,4524,17.400000,16.565385
4308,4525,17.403846,16.569231
4309,4526,17.407692,16.573077
4310,4527,17.411538,16.576923
4311,4528,17.415385,16.580769
4312,4529,17.419231,16.584615
4313,4530,17.423077,16.588462
4314,4531,17.426923,16.592308
4315,4532,17.430769,16.596154
4316,4533,17.434615,16.600000
4317,4534,17.438462,16.603846
4318,4535,17.442308,16.607692
4319,4536,17.446154,16.611538
4320,4537,17.450000,16.615385
4321,4538,17.453846,16.619231
4322,4539,17.457692,16.623077
4323,4540,17.461538,16.626923
4324,4541,17.465385,16.630769
4325,4542,17.469231,16.634615
4326,4543,17.473077,16.638462
4327,4544,17.476923,16.642308
4328,4545,17.480769,16.646154
4329,4546,17.484615,16.650000
4330,4547,17.488462,16.653846
4331,4548,17.492308,16.657692
4332,4549,17.496154,16.661538
4333,4550,17.500000,16.665385
4334,4551,17.503846,16.669231
4335,4552,17.507692,16.673077
4336,4553,17.511538,16.676923
4337,4554,17.515385,16.680769
4338,4555,17.519231,16.684615
4339,4556,17.523077,16.688462
4340,4557,17.526923,16.692308
4341,4558,17.530769,16.696154
4342,4559,17.534615,16.700000
4343,4560,17.538462,16.703846
4344,4561,17.542308,16.707692
4345,4562,17.546154,16.711538
4346,4563,17.550000,16.715385
4347,4564,17.553846,16.719231
4348,4565,17.557692,16.723077
4349,4566,17.561538,16.726923
4350,4567,17.565385,16.730769
4351,4568,17.569231,16.734615
4352,4569,17.573077,16.738462
4353,4570,17.576923,16.742308
4354,4571,17.580769,16.746154
4355,4572,17.584615,16.750000
4356,4573,17.588462,16.753846
4357,4574,17.592308,16.757692
4358,4575,17.596154,16.761538
4359,4576,17.600000,16.765385
4360,4577,17.603846,16.769231
4361,4578,17.607692,16.773077
4362,4579,17.611538,16.776923
4363,4580,17.615385,16.780769
4364,4581,17.619231,16.784615
4365,4582,17.623077,16.788462
4366,4583,17.626923,16.792308
4367,4584,17.630769,16.796154
4368,4585,17.634615,16.800000
4369,4586,17.638462,16.803846
4370,4587,17.642308,16.807692
4371,4588,17.646154,16.811538
4372,4589,17.650000,16.815385
4373,4590,17.653846,16.819231
4374,4591,17.657692,16.823077
4375,4592,17.661538,16.826923
4376,4593,17.665385,16.830769
4377,4594,17.669231,16.834615
4378,4595,17.673077,16.838462
4379,4596,17.676923,16.842308
4380,4597,17.680769,16.846154
4381,4598,17.684615,16.850000
4382,4599,17.688462,16.853846
4383,4600,17.692308,16.857692
4384,4601,17.696154,16.861538
4385,4602,17.700000,16.865385
4386,4603,17.703846,16.869231
4387,4604,17.707692,16.873077
4388,4605,17.711538,16.876923
4389,4606,17.715385,16.880769
4390,4607,17.719231,16.884615
4391,4608,17.723077,16.888462
4392,4609,17.726923,16.892308
4393,4610,17.730769,16.896154
4394,4611,17.734615,16.900000
4395,4612,17.738462,16.903846
4396,4613,17.742308,16.907692
4397,4614,17.746154,16.911538
4398,4615,17.750000,16.915385
4399,4616,17.753846,16.919231
4400,4617,17.757692,16.923077
4401,4618,17.761538,16.926923
4402,4619,17.765385,16.930769
4403,4620,17.769231,16.934615
4404,4621,17.773077,16.938462
4405,4622,17.776923,16.942308
4406,4623,17.780769,16.946154
4407,4624,17.784615,16.950000
4408,4625,17.788462,16.953846
4409,4626,17.792308,16.957692
4410,4627,17.796154,16.961538
4411,4628,17.800000,16.965385
4412,4629,17.803846,16.969231
4413,4630,17.807692,16.973077
4414,4631,17.811538,16.976923
4415,4632,17.815385,16.980769
4416,4633,17.819231,16.984615
4417,4634,17.823077,16.988462
4418,4635,17.826923,16.992308
4419,4636,17.830769,16.996154
4420,4637,17.834615,17.000000
4421,4638,17.838462,17.003846
4422,4639,17.842308,17.007692
4423,4640,17.846154,17.011538
4424,4641,17.850000,17.015385
4425,4642,17.853846,17.019231
4426,4643,17.857692,17.023077
4427,4644,17.861538,17.026923
4428,4645,17.865385,17.030769
4429,4646,17.869231,17.034615
4430,4647,17.873077,17.038462
4431,4648,17.876923,17.042308
4432,4649,17.880769,17.046154
4433,4650,17.884615,17.050000
4434,4651,17.888462,17.053846
4435,4652,17.892308,17.057692
4436,4653,17.896154,17.061538
4437,4654,17.900000,17.065385
4438,4655,17.903846,17.069231
4439,4656,17.907692,17.073077
4440,4657,17.911538,17.076923
4441,4658,17.915385,17.080769
4442,4659,17.919231,17.084615
4443,4660,17.923077,17.088462
4444,4661,17.926923,17.092308
4445,4662,17.930769,17.096154
4446,4663,17.934615,17.100000
4447,4664,17.938462,17.103846
4448,4665,17.942308,17.107692
4449,4666,17.946154,17.111538
4450,4667,17.950000,17.115385
4451,4668,17.953846,17.119231
4452,4669,17.957692,17.123077
4453,4670,17.961538,17.126923
4454,4671,17.965385,17.130769
4455,4672,17.969231,17.134615
4456,4673,17.973077,17.138462
4457,4674,17.976923,17.142308
4458,4675,17.980769,17.146154
4459,4676,17.984615,17.150000
4460,4677,17.988462,17.153846
4461,4678,17.992308,17.157692
4462,4679,17.996154,17.161538
4463,4680,18.000000,17.165385
4464,4681,18.003846,17.169231
4465,4682,18.007692,17.173077
4466,4683,18.011538,17.176923
4467,4684,18.015385,17.180769
4468,4685,18.019231,17.184615
4469,4686,18.023077,17.188462
4470,4687,18.026923,17.192308
4471,4688,18.030769,17.196154
4472,4689,18.034615,17.200000
4473,4690,18.038462,17.203846
4474,4691,18.042308,17.207692
4475,4692,18.046154,17.211538
4476,4693,18.050000,17.215385
4477,4694,18.053846,17.219231
4478,4695,18.057692,17.223077
4479,4696,18.061538,17.226923
4480,4697,18.065385,17.230769
4481,4698,18.069231,17.234615
4482,4699,18.073077,17.238462
4483,4700,18.076923,17.242308
4484,4701,18.080769,17.246154
4485,4702,18.084615,17.250000
4486,4703,18.088462,17.253846
4487,4704,18.092308,17.257692
4488,4705,18.096154,17.261538
4489,4706,18.100000,17.265385
4490,4707,18.103846,17.269231
4491,4708,18.107692,17.273077
4492,4709,18.111538,17.276923
4493,4710,18.115385,17.280769
4494,4711,18.119231,17.284615
4495,4712,18.123077,17.288462
4496,4713,18.126923,17.292308
4497,4714,18.130769,17.296154
4498,4715,18.134615,17.300000
4499,4716,18.138462,17.303846
4500,4717,18.142308,17.307692
4501,4718,18.146154,17.311538
4502,4719,18.150000,17.315385
4503,4720,18.153846,17.319231
4504,4721,18.157692,17.323077
4505,4722,18.161538,17.326923
4506,4723,18.165385,17.330769
4507,4724,18.169231,17.334615
4508,4725,18.173077,17.338462
4509,4726,18.176923,17.342308
4510,4727,18.180769,17.346154
4511,4728,18.184615,17.350000
4512,4729,18.188462,17.353846
4513,4730,18.192308,17.357692
4514,4731,18.196154,17.361538
4515,4732,18.200000,17.365385
4516,4733,18.203846,17.369231
4517,4734,18.207692,17.373077
4518,4735,18.211538,17.376923
4519,4736,18.215385,17.380769
4520,4737,18.219231,17.384615
4521,4738,18.223077,17.388462
4522,4739,18.226923,17.392308
4523,4740,18.230769,17.396154
4524,4741,18.234615,17.400000
4525,4742,18.238462,17.403846
4526,4743,18.242308,17.407692
4527,4744,18.246154,17.411538
4528,4745,18.250000,17.415385
4529,4746,18.253846,17.419231
4530,4747,18.257692,17.423077
4531,4748,18.261538,17.426923
4532,4749,18.265385,17.430769
4533,4750,18.269231,17.434615
4534,4751,18.273077,17.438462
4535,4752,18.276923,17.442308
4536,4753,18.280769,17.446154
4537,4754,18.284615,17.450000
4538,4755,18.288462,17.453846
4539,4756,18.292308,17.457692
4540,4757,18.296154,17.461538
4541,4758,18.300000,17.465385
4542,4759,18.303846,17.469231
4543,4760,18.307692,17.473077
4544,4761,18.311538,17.476923
4545,4762,18.315385,17.480769
4546,4763,18.319231,17.484615
4547,4764,18.323077,17.488462
4548,4765,18.326923,17.492308
4549,4766,18.330769,17.496154
4550,4767,18.334615,17.500000
4551,4768,18.338462,17.503846
4552,4769,18.342308,17.507692
4553,4770,18.346154,17.511538
4554,4771,18.350000,17.515385
4555,4772,18.353846,17.519231
4556,4773,18.357692,17.523077
4557,4774,18.361538,17.526923
4558,4775,18.365385,17.530769
4559,4776,18.369231,17.534615
4560,4777,18.373077,17.538462
4561,4778,18.376923,17.542308
4562,4779,18.380769,17.546154
4563,4780,18.384615,17.550000
4564,4781,18.388462,17.553846
4565,4782,18.392308,17.557692
4566,4783,18.396154,17.561538
4567,4784,18.400000,17.565385
4568,4785,18.403846,17.569231
4569,4786,18.407692,17.573077
4570,4787,18.411538,17.576923
4571,4788,18.415385,17.580769
4572,4789,18.419231,17.584615
4573,4790,18.423077,17.588462
4574,4791,18.426923,17.592308
4575,4792,18.430769,17.596154
4576,4793,18.434615,17.600000
4577,4794,18.438462,17.603846
4578,4795,18.442308,17.607692
4579,4796,18.446154,17.611538
4580,4797,18.450000,17.615385
4581,4798,18.453846,17.619231
4582,4799,18.457692,17.623077
4583,4800,18.461538,17.626923
4584,4801,18.465385,17.630769
4585,4802,18.469231,17.634615
4586,4803,18.473077,17.638462
4587,4804,18.476923,17.642308
4588,4805,18.480769,17.646154
4589,4806,18.484615,17.650000
4590,4807,18.488462,17.653846
4591,4808,18.492308,17.657692
4592,4809,18.496154,17.661538
4593,4810,18.500000,17.665385
4594,4811,18.503846,17.669231
4595,4812,18.507692,17.673077
4596,4813,18.511538,17.676923
4597,4814,18.515385,17.680769
4598,4815,18.519231,17.684615
4599,4816,18.523077,17.688462
4600,4817,18.526923,17.692308
4601,4818,18.530769,17.696154
4602,4819,18.534615,17.700000
4603,4820,18.538462,17.703846
4604,4821,18.542308,17.707692
4605,4822,18.546154,17.711538
4606,4823,18.550000,17.715385
4607,4824,18.553846,17.719231
4608,4825,18.557692,17.723077
4609,4826,18.561538,17.726923
4610,4827,18.565385,17.730769
4611,4828,18.569231,17.734615
4612,4829,18.573077,17.738462
4613,4830,18.576923,17.742308
4614,4831,18.580769,17.746154
4615,4832,18.584615,17.750000
4616,4833,18.588462,17.753846
4617,4834,18.592308,17.757692
4618,4835,18.596154,17.761538
4619,4836,18.600000,17.765385
4620,4837,18.603846,17.769231
4621,4838,18.607692,17.773077
4622,4839,18.611538,17.776923
4623,4840,18.615385,17.780769
4624,4841,18.619231,17.784615
4625,4842,18.623077,17.788462
4626,4843,18.626923,17.792308
4627,4844,18.630769,17.796154
4628,4845,18.634615,17.800000
4629,4846,18.638462,17.803846
4630,4847,18.642308,17.807692
4631,4848,18.646154,17.811538
4632,4849,18.650000,17.815385
4633,4850,18.653846,17.819231
4634,4851,18.657692,17.823077
4635,4852,18.661538,17.826923
4636,4853,18.665385,17.830769
4637,4854,18.669231,17.834615
4638,4855,18.673077,17.838462
4639,4856,18.676923,17.842308
4640,4857,18.680769,17.846154
4641,4858,18.684615,17.850000
4642,4859,18.688462,17.853846
4643,4860,18.692308,17.857692
4644,4861,18.696154,17.861538
4645,4862,18.700000,17.865385
4646,4863,18.703846,17.869231
4647,4864,18.707692,17.873077
4648,4865,18.711538,17.876923
4649,4866,18.715385,17.880769
4650,4867,18.719231,17.884615
4651,4868,18.723077,17.888462
4652,4869,18.726923,17.892308
4653,4870,18.730769,17.896154
4654,4871,18.734615,17.900000
4655,4872,18.738462,17.903846
4656,4873,18.742308,17.907692
4657,4874,18.746154,17.911538
4658,4875,18.750000,17.915385
4659,4876,18.753846,17.919231
4660,4877,18.757692,17.923077
4661,4878,18.761538,17.926923
4662,4879,18.765385,17.930769
4663,4880,18.769231,17.934615
4664,4881,18.773077,17.938462
4665,4882,18.776923,17.942308
4666,4883,18.780769,17.946154
4667,4884,18.784615,17.950000
4668,4885,18.788462,17.953846
4669,4886,18.792308,17.957692
4670,4887,18.796154,17.961538
4671,4888,18.800000,17.965385
4672,4889,18.803846,17.969231
4673,4890,18.807692,17.973077
4674,4891,18.811538,17.976923
4675,4892,18.815385,17.980769
4676,4893,18.819231,17.984615
4677,4894,18.823077,17.988462
4678,4895,18.826923,17.992308
4679,4896,18.830769,17.996154
4680,4897,18.834615,18.000000
4681,4898,18.838462,18.003846
4682,4899,18.842308,18.007692
4683,4900,18.846154,18.011538
4684,4901,18.850000,18.015385
4685,4902,18.853846,18.019231
4686,4903,18.857692,18.023077
4687,4904,18.861538,18.026923
4688,4905,18.865385,18.030769
4689,4906,18.869231,18.034615
4690,4907,18.873077,18.038462
4691,4908,18.876923,18.042308
4692,4909,18.880769,18.046154
4693,4910,18.884615,18.050000
4694,4911,18.888462,18.053846
4695,4912,18.892308,18.057692
4696,4913,18.896154,18.061538
4697,4914,18.900000,18.065385
4698,4915,18.903846,18.069231
4699,4916,18.907692,18.073077
4700,4917,18.911538,18.076923
4701,4918,18.915385,18.080769
4702,4919,18.919231,18.084615
4703,4920,18.923077,18.088462
4704,4921,18.926923,18.092308
4705,4922,18.930769,18.096154
4706,4923,18.934615,18.100000
4707,4924,18.938462,18.103846
4708,4925,18.942308,18.107692
4709,4926,18.946154,18.111538
4710,4927,18.950000,18.115385
4711,4928,18.953846,18.119231
4712,4929,18.957692,18.123077
4713,4930,18.961538,18.126923
4714,4931,18.965385,18.130769
4715,4932,18.969231,18.134615
4716,4933,18.973077,18.138462
4717,4934,18.976923,18.142308
4718,4935,18.980769,18.146154
4719,4936,18.984615,18.150000
4720,4937,18.988462,18.153846
4721,4938,18.992308,18.157692
4722,4939,18.996154,18.161538
4723,4940,19.000000,18.165385
4724,4941,19.003846,18.169231
4725,4942,19.007692,18.173077
4726,4943,19.011538,18.176923
4727,4944,19.015385,18.180769
4728,4945,19.019231,18.184615
4729,4946,19.023077,18.188462
4730,4947,19.026923,18.192308
4731,4948,19.030769,18.196154
4732,4949,19.034615,18.200000
4733,4950,19.038462,18.203846
4734,4951,19.042308,18.207692
4735,4952,19.046154,18.211538
4736,4953,19.050000,18.215385
4737,4954,19.053846,18.219231
4738,4955,19.057692,18.223077
4739,4956,19.061538,18.226923
4740,4957,19.065385,18.230769
4741,4958,19.069231,18.234615
4742,4959,19.073077,18.238462
4743,4960,19.076923,18.242308
4744,4961,19.080769,18.246154
4745,4962,19.084615,18.250000
4746,4963,19.088462,18.253846
4747,4964,19.092308,18.257692
4748,4965,19.096154,18.261538
4749,4966,19.100000,18.265385
4750,4967,19.103846,18.269231
4751,4968,19.107692,18.273077
4752,4969,19.111538,18.276923
4753,4970,19.115385,18.280769
4754,4971,19.119231,18.284615
4755,4972,19.123077,18.288462
4756,4973,19.126923,18.292308
4757,4974,19.130769,18.296154
4758,4975,19.134615,18.300000
4759,4976,19.138462,18.303846
4760,4977,19.142308,18.307692
4761,4978,19.146154,18.311538
4762,4979,19.150000,18.315385
4763,4980,19.153846,18.319231
4764,4981,19.157692,18.323077
4765,4982,19.161538,18.326923
4766,4983,19.165385,18.330769
4767,4984,19.169231,18.334615
4768,4985,19.173077,18.338462
4769,4986,19.176923,18.342308
4770,4987,19.180769,18.346154
4771,4988,19.184615,18.350000
4772,4989,19.188462,18.353846
4773,4990,19.192308,18.357692
4774,4991,19.196154,18.361538
4775,4992,19.200000,18.365385
4776,4993,19.203846,18.369231
4777,4994,19.207692,18.373077
4778,4995,19.211538,18.376923
4779,4996,19.215385,18.380769
4780,4997,19.219231,18.384615
4781,4998,19.223077,18.388462
4782,4999,19.226923,18.392308
4783,5000,19.230769,18.396154
4784,5001,19.234615,18.400000
4785,5002,19.238462,18.403846
4786,5003,19.242308,18.407692
4787,5004,19.246154,18.411538
4788,5005,19.250000,18.415385
4789,5006,19.253846,18.419231
4790,5007,19.257692,18.423077
4791,5008,19.261538,18.426923
4792,5009,19.265385,18.430769
4793,5010,19.269231,18.434615
4794,5011,19.273077,18.438462
4795,5012,19.276923,18.442308
4796,5013,19.280769,18.446154
4797,5014,19.284615,18.450000
4798,5015,19.288462,18.453846
4799,5016,19.292308,18.457692
4800,5017,19.296154,18.461538
4801,5018,19.300000,18.465385
4802,5019,19.303846,18.469231
4803,5020,19.307692,18.473077
4804,5021,19.311538,18.476923
4805,5022,19.315385,18.480769
4806,5023,19.319231,18.484615
4807,5024,19.323077,18.488462
4808,5025,19.326923,18.492308
4809,5026,19.330769,18.496154
4810,5027,19.334615,18.500000
4811,5028,19.338462,18.503846
4812,5029,19.342308,18.507692
4813,5030,19.346154,18.511538
4814,5031,19.350000,18.515385
4815,5032,19.353846,18.519231
4816,5033,19.357692,18.523077
4817,5034,19.361538,18.526923
4818,5035,19.365385,18.530769
4819,5036,19.369231,18.534615
4820,5037,19.373077,18.538462
4821,5038,19.376923,18.542308
4822,5039,19.380769,18.546154
4823,5040,19.384615,18.550000
4824,5041,19.388462,18.553846
4825,5042,19.392308,18.557692
4826,5043,19.396154,18.561538
4827,5044,19.400000,18.565385
4828,5045,19.403846,18.569231
4829,5046,19.407692,18.573077
4830,5047,19.411538,18.576923
4831,5048,19.415385,18.580769
4832,5049,19.419231,18.584615
4833,5050,19.423077,18.588462
4834,5051,19.426923,18.592308
4835,5052,19.430769,18.596154
4836,5053,19.434615,18.600000
4837,5054,19.438462,18.603846
4838,5055,19.442308,18.607692
4839,5056,19.446154,18.611538
4840,5057,19.450000,18.615385
4841,5058,19.453846,18.619231
4842,5059,19.457692,18.623077
4843,5060,19.461538,18.626923
4844,5061,19.465385,18.630769
4845,5062,19.469231,18.634615
4846,5063,19.473077,18.638462
4847,5064,19.476923,18.642308
4848,5065,19.480769,18.646154
4849,5066,19.484615,18.650000
4850,5067,19.488462,18.653846
4851,5068,19.492308,18.657692
4852,5069,19.496154,18.661538
4853,5070,19.500000,18.665385
4854,5071,19.503846,18.669231
4855,5072,19.507692,18.673077
4856,5073,19.511538,18.676923
4857,5074,19.515385,18.680769
4858,5075,19.519231,18.684615
4859,5076,19.523077,18.688462
4860,5077,19.526923,18.692308
4861,5078,19.530769,18.696154
4862,5079,19.534615,18.700000
4863,5080,19.538462,18.703846
4864,5081,19.542308,18.707692
4865,5082,19.546154,18.711538
4866,5083,19.550000,18.715385
4867,5084,19.553846,18.719231
4868,5085,19.557692,18.723077
4869,5086,19.561538,18.726923
4870,5087,19.565385,18.730769
4871,5088,19.569231,18.734615
4872,5089,19.573077,18.738462
4873,5090,19.576923,18.742308
4874,5091,19.580769,18.746154
4875,5092,19.584615,18.750000
4876,5093,19.588462,18.753846
4877,5094,19.592308,18.757692
4878,5095,19.596154,18.761538
4879,5096,19.600000,18.765385
4880,5097,19.603846,18.769231
4881,5098,19.607692,18.773077
4882,5099,19.611538,18.776923
4883,5100,19.615385,18.780769
4884,5101,19.619231,18.784615
4885,5102,19.623077,18.788462
4886,5103,19.626923,18.792308
4887,5104,19.630769,18.796154
4888,5105,19.634615,18.800000
4889,5106,19.638462,18.803846
4890,5107,19.642308,18.807692
4891,5108,19.646154,18.811538
4892,5109,19.650000,18.815385
4893,5110,19.653846,18.819231
4894,5111,19.657692,18.823077
4895,5112,19.661538,18.826923
4896,5113,19.665385,18.830769
4897,5114,19.669231,18.834615
4898,5115,19.673077,18.838462
4899,5116,19.676923,18.842308
4900,5117,19.680769,18.846154
4901,5118,19.684615,18.850000
4902,5119,19.688462,18.853846
4903,5120,19.692308,18.857692
4904,5121,19.696154,18.861538
4905,5122,19.700000,18.865385
4906,5123,19.703846,18.869231
4907,5124,19.707692,18.873077
4908,5125,19.711538,18.876923
4909,5126,19.715385,18.880769
4910,5127,19.719231,18.884615
4911,5128,19.723077,18.888462
4912,5129,19.726923,18.892308
4913,5130,19.730769,18.896154
4914,5131,19.734615,18.900000
4915,5132,19.738462,18.903846
4916,5133,19.742308,18.907692
4917,5134,19.746154,18.911538
4918,5135,19.750000,18.915385
4919,5136,19.753846,18.919231
4920,5137,19.757692,18.923077
4921,5138,19.761538,18.926923
4922,5139,19.765385,18.930769
4923,5140,19.769231,18.934615
4924,5141,19.773077,18.938462
4925,5142,19.776923,18.942308
4926,5143,19.780769,18.946154
4927,5144,19.784615,18.950000
4928,5145,19.788462,18.953846
4929,5146,19.792308,18.957692
4930,5147,19.796154,18.961538
4931,5148,19.800000,18.965385
4932,5149,19.803846,18.969231
4933,5150,19.807692,18.973077
4934,5151,19.811538,18.976923
4935,5152,19.815385,18.980769
4936,5153,19.819231,18.984615
4937,5154,19.823077,18.988462
4938,5155,19.826923,18.992308
4939,5156,19.830769,18.996154
4940,5157,19.834615,19.000000
4941,5158,19.838462,19.003846
4942,5159,19.842308,19.007692
4943,5160,19.846154,19.011538
4944,5161,19.850000,19.015385
4945,5162,19.853846,19.019231
4946,5163,19.857692,19.023077
4947,5164,19.861538,19.026923
4948,5165,19.865385,19.030769
4949,5166,19.869231,19.034615
4950,5167,19.873077,19.038462
4951,5168,19.876923,19.042308
4952,5169,19.880769,19.046154
4953,5170,19.884615,19.050000
4954,5171,19.888462,19.053846
4955,5172,19.892308,19.057692
4956,5173,19.896154,19.061538
4957,5174,19.900000,19.065385
4958,5175,19.903846,19.069231
4959,5176,19.907692,19.073077
4960,5177,19.911538,19.076923
4961,5178,19.915385,19.080769
4962,5179,19.919231,19.084615
4963,5180,19.923077,19.088462
4964,5181,19.926923,19.092308
4965,5182,19.930769,19.096154
4966,5183,19.934615,19.100000
4967,5184,19.938462,19.103846
4968,5185,19.942308,19.107692
4969,5186,19.946154,19.111538
4970,5187,19.950000,19.115385
4971,5188,19.953846,19.119231
4972,5189,19.957692,19.123077
4973,5190,19.961538,19.126923
4974,5191,19.965385,19.130769
4975,5192,19.969231,19.134615
4976,5193,19.973077,19.138462
4977,5194,19.976923,19.142308
4978,5195,19.980769,19.146154
4979,5196,19.984615,19.150000
4980,5197,19.988462,19.153846
4981,5198,19.992308,19.157692
4982,5199,19.996154,19.161538
4983,5200,20.000000,19.165385
4984,5201,20.003846,19.169231
4985,5202,20.007692,19.173077
4986,5203,20.011538,19.176923
4987,5204,20.015385,19.180769
4988,5205,20.019231,19.184615
4989,5206,20.023077,19.188462
4990,5207,20.026923,19.192308
4991,5208,20.030769,19.196154
4992,5209,20.034615,19.200000
4993,5210,20.038462,19.203846
4994,5211,20.042308,19.207692
4995,5212,20.046154,19.211538
4996,5213,20.050000,19.215385
4997,5214,20.053846,19.219231
4998,5215,20.057692,19.223077
4999,5216,20.061538,19.226923
5000,5217,20.065385,19.230769
5001,5218,20.069231,19.234615
5002,5219,20.073077,19.238462
5003,5220,20.076923,19.242308
5004,5221,20.080769,19.246154
5005,5222,20.084615,19.250000
5006,5223,20.088462,19.253846
5007,5224,20.092308,19.257692
5008,5225,20.096154,19.261538
5009,5226,20.100000,19.265385
5010,5227,20.103846,19.269231
5011,5228,20.107692,19.273077
5012,5229,20.111538,19.276923
5013,5230,20.115385,19.280769
5014,5231,20.119231,19.284615
5015,5232,20.123077,19.288462
5016,5233,20.126923,19.292308
5017,5234,20.130769,19.296154
5018,5235,20.134615,19.300000
5019,5236,20.138462,19.303846
5020,5237,20.142308,19.307692
5021,5238,20.146154,19.311538
5022,5239,20.150000,19.315385
5023,5240,20.153846,19.319231
5024,5241,20.157692,19.323077
5025,5242,20.161538,19.326923
5026,5243,20.165385,19.330769
5027,5244,20.169231,19.334615
5028,5245,20.173077,19.338462
5029,5246,20.176923,19.342308
5030,5247,20.180769,19.346154
5031,5248,20.184615,19.350000
5032,5249,20.188462,19.353846
5033,5250,20.192308,19.357692
5034,5251,20.196154,19.361538
5035,5252,20.200000,19.365385
5036,5253,20.203846,19.369231
5037,5254,20.207692,19.373077
5038,5255,20.211538,19.376923
5039,5256,20.215385,19.380769
5040,5257,20.219231,19.384615
5041,5258,20.223077,19.388462
5042,5259,20.226923,19.392308
5043,5260,20.230769,19.396154
5044,5261,20.234615,19.400000
5045,5262,20.238462,19.403846
5046,5263,20.242308,19.407692
5047,5264,20.246154,19.411538
5048,5265,20.250000,19.415385
5049,5266,20.253846,19.419231
5050,5267,20.257692,19.423077
5051,5268,20.261538,19.426923
5052,5269,20.265385,19.430769
5053,5270,20.269231,19.434615
5054,5271,20.273077,19.438462
5055,5272,20.276923,19.442308
5056,5273,20.280769,19.446154
5057,5274,20.284615,19.450000
5058,5275,20.288462,19.453846
5059,5276,20.292308,19.457692
5060,5277,20.296154,19.461538
5061,5278,20.300000,19.465385
5062,5279,20.303846,19.469231
5063,5280,20.307692,19.473077
5064,5281,20.311538,19.476923
5065,5282,20.315385,19.480769
5066,5283,20.319231,19.484615
5067,5284,20.323077,19.488462
5068,5285,20.326923,19.492308
5069,5286,20.330769,19.496154
5070,5287,20.334615,19.500000
5071,5288,20.338462,19.503846
5072,5289,20.342308,19.507692
5073,5290,20.346154,19.511538
5074,5291,20.350000,19.515385
5075,5292,20.353846,19.519231
5076,5293,20.357692,19.523077
5077,5294,20.361538,19.526923
5078,5295,20.365385,19.530769
5079,5296,20.369231,19.534615
5080,5297,20.373077,19.538462
5081,5298,20.376923,19.542308
5082,5299,20.380769,19.546154
5083,5300,20.384615,19.550000
5084,5301,20.388462,19.553846
5085,5302,20.392308,19.557692
5086,5303,20.396154,19.561538
5087,5304,20.400000,19.565385
5088,5305,20.403846,19.569231
5089,5306,20.407692,19.573077
5090,5307,20.411538,19.576923
5091,5308,20.415385,19.580769
5092,5309,20.419231,19.584615
5093,5310,20.423077,19.588462
5094,5311,20.426923,19.592308
5095,5312,20.430769,19.596154
5096,5313,20.434615,19.600000
5097,5314,20.438462,19.603846
5098,5315,20.442308,19.607692
5099,5316,20.446154,19.611538
5100,5317,20.450000,19.615385
5101,5318,20.453846,19.619231
5102,5319,20.457692,19.623077
5103,5320,20.461538,19.626923
5104,5321,20.465385,19.630769
5105,5322,20.469231,19.634615
5106,5323,20.473077,19.638462
5107,5324,20.476923,19.642308
5108,5325,20.480769,19.646154
5109,5326,20.484615,19.650000
5110,5327,20.488462,19.653846
5111,5328,20.492308,19.657692
5112,5329,20.496154,19.661538
5113,5330,20.500000,19.665385
5114,5331,20.503846,19.669231
5115,5332,20.507692,19.673077
5116,5333,20.511538,19.676923
5117,5334,20.515385,19.680769
5118,5335,20.519231,19.684615
5119,5336,20.523077,19.688462
5120,5337,20.526923,19.692308
5121,5338,20.530769,19.696154
5122,5339,20.534615,19.700000
5123,5340,20.538462,19.703846
5124,5341,20.542308,19.707692
5125,5342,20.546154,19.711538
5126,5343,20.550000,19.715385
5127,5344,20.553846,19.719231
5128,5345,20.557692,19.723077
5129,5346,20.561538,19.726923
5130,5347,20.565385,19.730769
5131,5348,20.569231,19.734615
5132,5349,20.573077,19.738462
5133,5350,20.576923,19.742308
5134,5351,20.580769,19.746154
5135,5352,20.584615,19.750000
5136,5353,20.588462,19.753846
5137,5354,20.592308,19.757692
5138,5355,20.596154,19.761538
5139,5356,20.600000,19.765385
5140,5357,20.603846,19.769231
5141,5358,20.607692,19.773077
5142,5359,20.611538,19.776923
5143,5360,20.615385,19.780769
5144,5361,20.619231,19.784615
5145,5362,20.623077,19.788462
5146,5363,20.626923,19.792308
5147,5364,20.630769,19.796154
5148,5365,20.634615,19.800000
5149,5366,20.638462,19.803846
5150,5367,20.642308,19.807692
5151,5368,20.646154,19.811538
5152,5369,20.650000,19.815385
5153,5370,20.653846,19.819231
5154,5371,20.657692,19.823077
5155,5372,20.661538,19.826923
5156,5373,20.665385,19.830769
5157,5374,20.669231,19.834615
5158,5375,20.673077,19.838462
5159,5376,20.676923,19.842308
5160,5377,20.680769,19.846154
5161,5378,20.684615,19.850000
5162,5379,20.688462,19.853846
5163,5380,20.692308,19.857692
5164,5381,20.696154,19.861538
5165,5382,20.700000,19.865385
5166,5383,20.703846,19.869231
5167,5384,20.707692,19.873077
5168,5385,20.711538,19.876923
5169,5386,20.715385,19.880769
5170,5387,20.719231,19.884615
5171,5388,20.723077,19.888462
5172,5389,20.726923,19.892308
5173,5390,20.730769,19.896154
5174,5391,20.734615,19.900000
5175,5392,20.738462,19.903846
5176,5393,20.742308,19.907692
5177,5394,20.746154,19.911538
5178,5395,20.750000,19.915385
5179,5396,20.753846,19.919231
5180,5397,20.757692,19.923077
5181,5398,20.761538,19.926923
5182,5399,20.765385,19.930769
5183,5400,20.769231,19.934615
5184,5401,20.773077,19.938462
5185,5402,20.776923,19.942308
5186,5403,20.780769,19.946154
5187,5404,20.784615,19.950000
5188,5405,20.788462,19.953846
5189,5406,20.792308,19.957692
5190,5407,20.796154,19.961538
5191,5408,20.800000,19.965385
5192,5409,20.803846,19.969231
5193,5410,20.807692,19.973077
5194,5411,20.811538,19.976923
5195,5412,20.815385,19.980769
5196,5413,20.819231,19.984615
5197,5414,20.823077,19.988462
5198,5415,20.826923,19.992308
5199,5416,20.830769,19.996154
5200,5417,20.834615,20.000000
5201,5418,20.838462,20.003846
5202,5419,20.842308,20.007692
5203,5420,20.846154,20.011538
5204,5421,20.850000,20.015385
5205,5422,20.853846,20.019231
5206,5423,20.857692,20.023077
5207,5424,20.861538,20.026923
5208,5425,20.865385,20.030769
5209,5426,20.869231,20.034615
5210,5427,20.873077,20.038462
5211,5428,20.876923,20.042308
5212,5429,20.880769,20.046154
5213,5430,20.884615,20.050000
5214,5431,20.888462,20.053846
5215,5432,20.892308,20.057692
5216,5433,20.896154,20.061538
5217,5434,20.900000,20.065385
5218,5435,20.903846,20.069231
5219,5436,20.907692,20.073077
5220,5437,20.911538,20.076923
5221,5438,20.915385,20.080769
5222,5439,20.919231,20.084615
5223,5440,20.923077,20.088462
5224,5441,20.926923,20.092308
5225,5442,20.930769,20.096154
5226,5443,20.934615,20.100000
5227,5444,20.938462,20.103846
5228,5445,20.942308,20.107692
5229,5446,20.946154,20.111538
5230,5447,20.950000,20.115385
5231,5448,20.953846,20.119231
5232,5449,20.957692,20.123077
5233,5450,20.961538,20.126923
5234,5451,20.965385,20.130769
5235,5452,20.969231,20.134615
5236,5453,20.973077,20.138462
5237,5454,20.976923,20.142308
5238,5455,20.980769,20.146154
5239,5456,20.984615,20.150000
5240,5457,20.988462,20.153846
5241,5458,20.992308,20.157692
5242,5459,20.996154,20.161538
5243,5460,21.000000,20.165385
5244,5461,21.003846,20.169231
5245,5462,21.007692,20.173077
5246,5463,21.011538,20.176923
5247,5464,21.015385,20.180769
5248,5465,21.019231,20.184615
5249,5466,21.023077,20.188462
5250,5467,21.026923,20.192308
5251,5468,21.030769,20.196154
5252,5469,21.034615,20.200000
5253,5470,21.038462,20.203846
5254,5471,21.042308,20.207692
5255,5472,21.046154,20.211538
5256,5473,21.050000,20.215385
5257,5474,21.053846,20.219231
5258,5475,21.057692,20.223077
5259,5476,21.061538,20.226923
5260,5477,21.065385,20.230769
5261,5478,21.069231,20.234615
5262,5479,21.073077,20.238462
5263,5480,21.076923,20.242308
5264,5481,21.080769,20.246154
5265,5482,21.084615,20.250000
5266,5483,21.088462,20.253846
5267,5484,21.092308,20.257692
5268,5485,21.096154,20.261538
5269,5486,21.100000,20.265385
5270,5487,21.103846,20.269231
5271,5488,21.107692,20.273077
5272,5489,21.111538,20.276923
5273,5490,21.115385,20.280769
5274,5491,21.119231,20.284615
5275,5492,21.123077,20.288462
5276,5493,21.126923,20.292308
5277,5494,21.130769,20.296154
5278,5495,21.134615,20.300000
5279,5496,21.138462,20.303846
5280,5497,21.142308,20.307692
5281,5498,21.146154,20.311538
5282,5499,21.150000,20.315385
5283,5500,21.153846,20.319231
5284,5501,21.157692,20.323077
5285,5502,21.161538,20.326923
5286,5503,21.165385,20.330769
5287,5504,21.169231,20.334615
5288,5505,21.173077,20.338462
5289,5506,21.176923,20.342308
5290,5507,21.180769,20.346154
5291,5508,21.184615,20.350000
5292,5509,21.188462,20.353846
5293,5510,21.192308,20.357692
5294,5511,21.196154,20.361538
5295,5512,21.200000,20.365385
5296,5513,21.203846,20.369231
5297,5514,21.207692,20.373077
5298,5515,21.211538,20.376923
5299,5516,21.215385,20.380769
5300,5517,21.219231,20.384615
5301,5518,21.223077,20.388462
5302,5519,21.226923,20.392308
5303,5520,21.230769,20.396154
5304,5521,21.234615,20.400000
5305,5522,21.238462,20.403846
5306,5523,21.242308,20.407692
5307,5524,21.246154,20.411538
5308,5525,21.250000,20.415385
5309,5526,21.253846,20.419231
5310,5527,21.257692,20.423077
5311,5528,21.261538,20.426923
5312,5529,21.265385,20.430769
5313,5530,21.269231,20.434615
5314,5531,21.273077,20.438462
5315,5532,21.276923,20.442308
5316,5533,21.280769,20.446154
5317,5534,21.284615,20.450000
5318,5535,21.288462,20.453846
5319,5536,21.292308,20.457692
5320,5537,21.296154,20.461538
5321,5538,21.300000,20.465385
5322,5539,21.303846,20.469231
5323,5540,21.307692,20.473077
5324,5541,21.311538,20.476923
5325,5542,21.315385,20.480769
5326,5543,21.319231,20.484615
5327,5544,21.323077,20.488462
5328,5545,21.326923,20.492308
5329,5546,21.330769,20.496154
5330,5547,21.334615,20.500000
5331,5548,21.338462,20.503846
5332,5549,21.342308,20.507692
5333,5550,21.346154,20.511538
5334,5551,21.350000,20.515385
5335,5552,21.353846,20.519231
5336,5553,21.357692,20.523077
5337,5554,21.361538,20.526923
5338,5555,21.365385,20.530769
5339,5556,21.369231,20.534615
5340,5557,21.373077,20.538462
5341,5558,21.376923,20.542308
5342,5559,21.380769,20.546154
5343,5560,21.384615,20.550000
5344,5561,21.388462,20.553846
5345,5562,21.392308,20.557692
5346,5563,21.396154,20.561538
5347,5564,21.400000,20.565385
5348,5565,21.403846,20.569231
5349,5566,21.407692,20.573077
5350,5567,21.411538,20.576923
5351,5568,21.415385,20.580769
5352,5569,21.419231,20.584615
5353,5570,21.423077,20.588462
5354,5571,21.426923,20.592308
5355,5572,21.430769,20.596154
5356,5573,21.434615,20.600000
5357,5574,21.438462,20.603846
5358,5575,21.442308,20.607692
5359,5576,21.446154,20.611538
5360,5577,21.450000,20.615385
5361,5578,21.453846,20.619231
5362,5579,21.457692,20.623077
5363,5580,21.461538,20.626923
5364,5581,21.465385,20.630769
5365,5582,21.469231,20.634615
5366,5583,21.473077,20.638462
5367,5584,21.476923,20.642308
5368,5585,21.480769,20.646154
5369,5586,21.484615,20.650000
5370,5587,21.488462,20.653846
5371,5588,21.492308,20.657692
5372,5589,21.496154,20.661538
5373,5590,21.500000,20.665385
5374,5591,21.503846,20.669231
5375,5592,21.507692,20.673077
5376,5593,21.511538,20.676923
5377,5594,21.515385,20.680769
5378,5595,21.519231,20.684615
5379,5596,21.523077,20.688462
5380,5597,21.526923,20.692308
5381,5598,21.530769,20.696154
5382,5599,21.534615,20.700000
5383,5600,21.538462,20.703846
5384,5601,21.542308,20.707692
5385,5602,21.546154,20.711538
5386,5603,21.550000,20.715385
5387,5604,21.553846,20.719231
5388,5605,21.557692,20.723077
5389,5606,21.561538,20.726923
5390,5607,21.565385,20.730769
5391,5608,21.569231,20.734615
5392,5609,21.573077,20.738462
5393,5610,21.576923,20.742308
5394,5611,21.580769,20.746154
5395,5612,21.584615,20.750000
5396,5613,21.588462,20.753846
5397,5614,21.592308,20.757692
5398,5615,21.596154,20.761538
5399,5616,21.600000,20.765385
5400,5617,21.603846,20.769231
5401,5618,21.607692,20.773077
5402,5619,21.611538,20.776923
5403,5620,21.615385,20.780769
5404,5621,21.619231,20.784615
5405,5622,21.623077,20.788462
5406,5623,21.626923,20.792308
5407,5624,21.630769,20.796154
5408,5625,21.634615,20.800000
5409,5626,21.638462,20.803846
5410,5627,21.642308,20.807692
5411,5628,21.646154,20.811538
5412,5629,21.650000,20.815385
5413,5630,21.653846,20.819231
5414,5631,21.657692,20.823077
5415,5632,21.661538,20.826923
5416,5633,21.665385,20.830769
5417,5634,21.669231,20.834615
5418,5635,21.673077,20.838462
5419,5636,21.676923,20.842308
5420,5637,21.680769,20.846154
5421,5638,21.684615,20.850000
5422,5639,21.688462,20.853846
5423,5640,21.692308,20.857692
5424,5641,21.696154,20.861538
5425,5642,21.700000,20.865385
5426,5643,21.703846,20.869231
5427,5644,21.707692,20.873077
5428,5645,21.711538,20.876923
5429,5646,21.715385,20.880769
5430,5647,21.719231,20.884615
5431,5648,21.723077,20.888462
5432,5649,21.726923,20.892308
5433,5650,21.730769,20.896154
5434,5651,21.734615,20.900000
5435,5652,21.738462,20.903846
5436,5653,21.742308,20.907692
5437,5654,21.746154,20.911538
5438,5655,21.750000,20.915385
5439,5656,21.753846,20.919231
5440,5657,21.757692,20.923077
5441,5658,21.761538,20.926923
5442,5659,21.765385,20.930769
5443,5660,21.769231,20.934615
5444,5661,21.773077,20.938462
5445,5662,21.776923,20.942308
5446,5663,21.780769,20.946154
5447,5664,21.784615,20.950000
5448,5665,21.788462,20.953846
5449,5666,21.792308,20.957692
5450,5667,21.796154,20.961538
5451,5668,21.800000,20.965385
5452,5669,21.803846,20.969231
5453,5670,21.807692,20.973077
5454,5671,21.811538,20.976923
5455,5672,21.815385,20.980769
5456,5673,21.819231,20.984615
5457,5674,21.823077,20.988462
5458,5675,21.826923,20.992308
5459,5676,21.830769,20.996154
5460,5677,21.834615,21.000000
5461,5678,21.838462,21.003846
5462,5679,21.842308,21.007692
5463,5680,21.846154,21.011538
5464,5681,21.850000,21.015385
5465,5682,21.853846,21.019231
5466,5683,21.857692,21.023077
5467,5684,21.861538,21.026923
5468,5685,21.865385,21.030769
5469,5686,21.869231,21.034615
5470,5687,21.873077,21.038462
5471,5688,21.876923,21.042308
5472,5689,21.880769,21.046154
5473,5690,21.884615,21.050000
5474,5691,21.888462,21.053846
5475,5692,21.892308,21.057692
5476,5693,21.896154,21.061538
5477,5694,21.900000,21.065385
5478,5695,21.903846,21.069231
5479,5696,21.907692,21.073077
5480,5697,21.911538,21.076923
5481,5698,21.915385,21.080769
5482,5699,21.919231,21.084615
5483,5700,21.923077,21.088462
5484,5701,21.926923,21.092308
5485,5702,21.930769,21.096154
5486,5703,21.934615,21.100000
5487,5704,21.938462,21.103846
5488,5705,21.942308,21.107692
5489,5706,21.946154,21.111538
5490,5707,21.950000,21.115385
5491,5708,21.953846,21.119231
5492,5709,21.957692,21.123077
5493,5710,21.961538,21.126923
5494,5711,21.965385,21.130769
5495,5712,21.969231,21.134615
5496,5713,21.973077,21.138462
5497,5714,21.976923,21.142308
5498,5715,21.980769,21.146154
5499,5716,21.984615,21.150000
5500,5717,21.988462,21.153846
5501,5718,21.992308,21.157692
5502,5719,21.996154,21.161538
5503,5720,22.000000,21.165385
5504,5721,22.003846,21.169231
5505,5722,22.007692,21.173077
5506,5723,22.011538,21.176923
5507,5724,22.015385,21.180769
5508,5725,22.019231,21.184615
5509,5726,22.023077,21.188462
5510,5727,22.026923,21.192308
5511,5728,22.030769,21.196154
5512,5729,22.034615,21.200000
5513,5730,22.038462,21.203846
5514,5731,22.042308,21.207692
5515,5732,22.046154,21.211538
5516,5733,22.050000,21.215385
5517,5734,22.053846,21.219231
5518,5735,22.057692,21.223077
5519,5736,22.061538,21.226923
5520,5737,22.065385,21.230769
5521,5738,22.069231,21.234615
5522,5739,22.073077,21.238462
5523,5740,22.076923,21.242308
5524,5741,22.080769,21.246154
5525,5742,22.084615,21.250000
5526,5743,22.088462,21.253846
5527,5744,22.092308,21.257692
5528,5745,22.096154,21.261538
5529,5746,22.100000,21.265385
5530,5747,22.103846,21.269231
5531,5748,22.107692,21.273077
5532,5749,22.111538,21.276923
5533,5750,22.115385,21.280769
5534,5751,22.119231,21.284615
5535,5752,22.123077,21.288462
5536,5753,22.126923,21.292308
5537,5754,22.130769,21.296154
5538,5755,22.134615,21.300000
5539,5756,22.138462,21.303846
5540,5757,22.142308,21.307692
5541,5758,22.146154,21.311538
5542,5759,22.150000,21.315385
5543,5760,22.153846,21.319231
5544,5761,22.157692,21.323077
5545,5762,22.161538,21.326923
5546,5763,22.165385,21.330769
5547,5764,22.169231,21.334615
5548,5765,22.173077,21.338462
5549,5766,22.176923,21.342308
5550,5767,22.180769,21.346154
5551,5768,22.184615,21.350000
5552,5769,22.188462,21.353846
5553,5770,22.192308,21.357692
5554,5771,22.196154,21.361538
5555,5772,22.200000,21.365385
5556,5773,22.203846,21.369231
5557,5774,22.207692,21.373077
5558,5775,22.211538,21.376923
5559,5776,22.215385,21.380769
5560,5777,22.219231,21.384615
5561,5778,22.223077,21.388462
5562,5779,22.226923,21.392308
5563,5780,22.230769,21.396154
5564,5781,22.234615,21.400000
5565,5782,22.238462,21.403846
5566,5783,22.242308,21.407692
5567,5784,22.246154,21.411538
5568,5785,22.250000,21.415385
5569,5786,22.253846,21.419231
5570,5787,22.257692,21.423077
5571,5788,22.261538,21.426923
5572,5789,22.265385,21.430769
5573,5790,22.269231,21.434615
5574,5791,22.273077,21.438462
5575,5792,22.276923,21.442308
5576,5793,22.280769,21.446154
5577,5794,22.284615,21.450000
5578,5795,22.288462,21.453846
5579,5796,22.292308,21.457692
5580,5797,22.296154,21.461538
5581,5798,22.300000,21.465385
5582,5799,22.303846,21.469231
5583,5800,22.307692,21.473077
5584,5801,22.311538,21.476923
5585,5802,22.315385,21.480769
5586,5803,22.319231,21.484615
5587,5804,22.323077,21.488462
5588,5805,22.326923,21.492308
5589,5806,22.330769,21.496154
5590,5807,22.334615,21.500000
5591,5808,22.338462,21.503846
5592,5809,22.342308,21.507692
5593,5810,22.346154,21.511538
5594,5811,22.350000,21.515385
5595,5812,22.353846,21.519231
5596,5813,22.357692,21.523077
5597,5814,22.361538,21.526923
5598,5815,22.365385,21.530769
5599,5816,22.369231,21.534615
5600,5817,22.373077,21.538462
5601,5818,22.376923,21.542308
5602,5819,22.380769,21.546154
5603,5820,22.384615,21.550000
5604,5821,22.388462,21.553846
5605,5822,22.392308,21.557692
5606,5823,22.396154,21.561538
5607,5824,22.400000,21.565385
5608,5825,22.403846,21.569231
5609,5826,22.407692,21.573077
5610,5827,22.411538,21.576923
5611,5828,22.415385,21.580769
5612,5829,22.419231,21.584615
5613,5830,22.423077,21.588462
5614,5831,22.426923,21.592308
5615,5832,22.430769,21.596154
5616,5833,22.434615,21.600000
5617,5834,22.438462,21.603846
5618,5835,22.442308,21.607692
5619,5836,22.446154,21.611538
5620,5837,22.450000,21.615385
5621,5838,22.453846,21.619231
5622,5839,22.457692,21.623077
5623,5840,22.461538,21.626923
5624,5841,22.465385,21.630769
5625,5842,22.469231,21.634615
5626,5843,22.473077,21.638462
5627,5844,22.476923,21.642308
5628,5845,22.480769,21.646154
5629,5846,22.484615,21.650000
5630,5847,22.488462,21.653846
5631,5848,22.492308,21.657692
5632,5849,22.496154,21.661538
5633,5850,22.500000,21.665385
5634,5851,22.503846,21.669231
5635,5852,22.507692,21.673077
5636,5853,22.511538,21.676923
5637,5854,22.515385,21.680769
5638,5855,22.519231,21.684615
5639,5856,22.523077,21.688462
5640,5857,22.526923,21.692308
5641,5858,22.530769,21.696154
5642,5859,22.534615,21.700000
5643,5860,22.538462,21.703846
5644,5861,22.542308,21.707692
5645,5862,22.546154,21.711538
5646,5863,22.550000,21.715385
5647,5864,22.553846,21.719231
5648,5865,22.557692,21.723077
5649,5866,22.561538,21.726923
5650,5867,22.565385,21.730769
5651,5868,22.569231,21.734615
5652,5869,22.573077,21.738462
5653,5870,22.576923,21.742308
5654,5871,22.580769,21.746154
5655,5872,22.584615,21.750000
5656,5873,22.588462,21.753846
5657,5874,22.592308,21.757692
5658,5875,22.596154,21.761538
5659,5876,22.600000,21.765385
5660,5877,22.603846,21.769231
5661,5878,22.607692,21.773077
5662,5879,22.611538,21.776923
5663,5880,22.615385,21.780769
5664,5881,22.619231,21.784615
5665,5882,22.623077,21.788462
5666,5883,22.626923,21.792308
5667,5884,22.630769,21.796154
5668,5885,22.634615,21.800000
5669,5886,22.638462,21.803846
5670,5887,22.642308,21.807692
5671,5888,22.646154,21.811538
5672,5889,22.650000,21.815385
5673,5890,22.653846,21.819231
5674,5891,22.657692,21.823077
5675,5892,22.661538,21.826923
5676,5893,22.665385,21.830769
5677,5894,22.669231,21.834615
5678,5895,22.673077,21.838462
5679,5896,22.676923,21.842308
5680,5897,22.680769,21.846154
5681,5898,22.684615,21.850000
5682,5899,22.688462,21.853846
5683,5900,22.692308,21.857692
5684,5901,22.696154,21.861538
5685,5902,22.700000,21.865385
5686,5903,22.703846,21.869231
5687,5904,22.707692,21.873077
5688,5905,22.711538,21.876923
5689,5906,22.715385,21.880769
5690,5907,22.719231,21.884615
5691,5908,22.723077,21.888462
5692,5909,22.726923,21.892308
5693,5910,22.730769,21.896154
5694,5911,22.734615,21.900000
5695,5912,22.738462,21.903846
5696,5913,22.742308,21.907692
5697,5914,22.746154,21.911538
5698,5915,22.750000,21.915385
5699,5916,22.753846,21.919231
5700,5917,22.757692,21.923077
5701,5918,22.761538,21.926923
5702,5919,22.765385,21.930769
5703,5920,22.769231,21.934615
5704,5921,22.773077,21.938462
5705,5922,22.776923,21.942308
5706,5923,22.780769,21.946154
5707,5924,22.784615,21.950000
5708,5925,22.788462,21.953846
5709,5926,22.792308,21.957692
5710,5927,22.796154,21.961538
5711,5928,22.800000,21.965385
5712,5929,22.803846,21.969231
5713,5930,22.807692,21.973077
5714,5931,22.811538,21.976923
5715,5932,22.815385,21.980769
5716,5933,22.819231,21.984615
5717,5934,22.823077,21.988462
5718,5935,22.826923,21.992308
5719,5936,22.830769,21.996154
5720,5937,22.834615,22.000000
5721,5938,22.838462,22.003846
5722,5939,22.842308,22.007692
5723,5940,22.846154,22.011538
5724,5941,22.850000,22.015385
5725,5942,22.853846,22.019231
5726,5943,22.857692,22.023077
5727,5944,22.861538,22.026923
5728,5945,22.865385,22.030769
5729,5946,22.869231,22.034615
5730,5947,22.873077,22.038462
5731,5948,22.876923,22.042308
5732,5949,22.880769,22.046154
5733,5950,22.884615,22.050000
5734,5951,22.888462,22.053846
5735,5952,22.892308,22.057692
5736,5953,22.896154,22.061538
5737,5954,22.900000,22.065385
5738,5955,22.903846,22.069231
5739,5956,22.907692,22.073077
5740,5957,22.911538,22.076923
5741,5958,22.915385,22.080769
5742,5959,22.919231,22.084615
5743,5960,22.923077,22.088462
5744,5961,22.926923,22.092308
5745,5962,22.930769,22.096154
5746,5963,22.934615,22.100000
5747,5964,22.938462,22.103846
5748,5965,22.942308,22.107692
5749,5966,22.946154,22.111538
5750,5967,22.950000,22.115385
5751,5968,22.953846,22.119231
5752,5969,22.957692,22.123077
5753,5970,22.961538,22.126923
5754,5971,22.965385,22.130769
5755,5972,22.969231,22.134615
5756,5973,22.973077,22.138462
5757,5974,22.976923,22.142308
5758,5975,22.980769,22.146154
5759,5976,22.984615,22.150000
5760,5977,22.988462,22.153846
5761,5978,22.992308,22.157692
5762,5979,22.996154,22.161538
5763,5980,23.000000,22.165385
5764,5981,23.003846,22.169231
5765,5982,23.007692,22.173077
5766,5983,23.011538,22.176923
5767,5984,23.015385,22.180769
5768,5985,23.019231,22.184615
5769,5986,23.023077,22.188462
5770,5987,23.026923,22.192308
5771,5988,23.030769,22.196154
5772,5989,23.034615,22.200000
5773,5990,23.038462,22.203846
5774,5991,23.042308,22.207692
5775,5992,23.046154,22.211538
5776,5993,23.050000,22.215385
5777,5994,23.053846,22.219231
5778,5995,23.057692,22.223077
5779,5996,23.061538,22.226923
5780,5997,23.065385,22.230769
5781,5998,23.069231,22.234615
5782,5999,23.073077,22.238462
5783,6000,23.076923,22.242308
5784,6001,23.080769,22.246154
5785,6002,23.084615,22.250000
5786,6003,23.088462,22.253846
5787,6004,23.092308,22.257692
5788,6005,23.096154,22.261538
5789,6006,23.100000,22.265385
5790,6007,23.103846,22.269231
5791,6008,23.107692,22.273077
5792,6009,23.111538,22.276923
5793,6010,23.115385,22.280769
5794,6011,23.119231,22.284615
5795,6012,23.123077,22.288462
5796,6013,23.126923,22.292308
5797,6014,23.130769,22.296154
5798,6015,23.134615,22.300000
5799,6016,23.138462,22.303846
5800,6017,23.142308,22.307692
5801,6018,23.146154,22.311538
5802,6019,23.150000,22.315385
5803,6020,23.153846,22.319231
5804,6021,23.157692,22.323077
5805,6022,23.161538,22.326923
5806,6023,23.165385,22.330769
5807,6024,23.169231,22.334615
5808,6025,23.173077,22.338462
5809,6026,23.176923,22.342308
5810,6027,23.180769,22.346154
5811,6028,23.184615,22.350000
5812,6029,23.188462,22.353846
5813,6030,23.192308,22.357692
5814,6031,23.196154,22.361538
5815,6032,23.200000,22.365385
5816,6033,23.203846,22.369231
5817,6034,23.207692,22.373077
5818,6035,23.211538,22.376923
5819,6036,23.215385,22.380769
5820,6037,23.219231,22.384615
5821,6038,23.223077,22.388462
5822,6039,23.226923,22.392308
5823,6040,23.230769,22.396154
5824,6041,23.234615,22.400000
5825,6042,23.238462,22.403846
5826,6043,23.242308,22.407692
5827,6044,23.246154,22.411538
5828,6045,23.250000,22.415385
5829,6046,23.253846,22.419231
5830,6047,23.257692,22.423077
5831,6048,23.261538,22.426923
5832,6049,23.265385,22.430769
5833,6050,23.269231,22.434615
5834,6051,23.273077,22.438462
5835,6052,23.276923,22.442308
5836,6053,23.280769,22.446154
5837,6054,23.284615,22.450000
5838,6055,23.288462,22.453846
5839,6056,23.292308,22.457692
5840,6057,23.296154,22.461538
5841,6058,23.300000,22.465385
5842,6059,23.303846,22.469231
5843,6060,23.307692,22.473077
5844,6061,23.311538,22.476923
5845,6062,23.315385,22.480769
5846,6063,23.319231,22.484615
5847,6064,23.323077,22.488462
5848,6065,23.326923,22.492308
5849,6066,23.330769,22.496154
5850,6067,23.334615,22.500000
5851,6068,23.338462,22.503846
5852,6069,23.342308,22.507692
5853,6070,23.346154,22.511538
5854,6071,23.350000,22.515385
5855,6072,23.353846,22.519231
5856,6073,23.357692,22.523077
5857,6074,23.361538,22.526923
5858,6075,23.365385,22.530769
5859,6076,23.369231,22.534615
5860,6077,23.373077,22.538462
5861,6078,23.376923,22.542308
5862,6079,23.380769,22.546154
5863,6080,23.384615,22.550000
5864,6081,23.388462,22.553846
5865,6082,23.392308,22.557692
5866,6083,23.396154,22.561538
5867,6084,23.400000,22.565385
5868,6085,23.403846,22.569231
5869,6086,23.407692,22.573077
5870,6087,23.411538,22.576923
5871,6088,23.415385,22.580769
5872,6089,23.419231,22.584615
5873,6090,23.423077,22.588462
5874,6091,23.426923,22.592308
5875,6092,23.430769,22.596154
5876,6093,23.434615,22.600000
5877,6094,23.438462,22.603846
5878,6095,23.442308,22.607692
5879,6096,23.446154,22.611538
5880,6097,23.450000,22.615385
5881,6098,23.453846,22.619231
5882,6099,23.457692,22.623077
5883,6100,23.461538,22.626923
5884,6101,23.465385,22.630769
5885,6102,23.469231,22.634615
5886,6103,23.473077,22.638462
5887,6104,23.476923,22.642308
5888,6105,23.480769,22.646154
5889,6106,23.484615,22.650000
5890,6107,23.488462,22.653846
5891,6108,23.492308,22.657692
5892,6109,23.496154,22.661538
5893,6110,23.500000,22.665385
5894,6111,23.503846,22.669231
5895,6112,23.507692,22.673077
5896,6113,23.511538,22.676923
5897,6114,23.515385,22.680769
5898,6115,23.519231,22.684615
5899,6116,23.523077,22.688462
5900,6117,23.526923,22.692308
5901,6118,23.530769,22.696154
5902,6119,23.534615,22.700000
5903,6120,23.538462,22.703846
5904,6121,23.542308,22.707692
5905,6122,23.546154,22.711538
5906,6123,23.550000,22.715385
5907,6124,23.553846,22.719231
5908,6125,23.557692,22.723077
5909,6126,23.561538,22.726923
5910,6127,23.565385,22.730769
5911,6128,23.569231,22.734615
5912,6129,23.573077,22.738462
5913,6130,23.576923,22.742308
5914,6131,23.580769,22.746154
5915,6132,23.584615,22.750000
5916,6133,23.588462,22.753846
5917,6134,23.592308,22.757692
5918,6135,23.596154,22.761538
5919,6136,23.600000,22.765385
5920,6137,23.603846,22.769231
5921,6138,23.607692,22.773077
5922,6139,23.611538,22.776923
5923,6140,23.615385,22.780769
5924,6141,23.619231,22.784615
5925,6142,23.623077,22.788462
5926,6143,23.626923,22.792308
5927,6144,23.630769,22.796154
5928,6145,23.634615,22.800000
5929,6146,23.638462,22.803846
5930,6147,23.642308,22.807692
5931,6148,23.646154,22.811538
5932,6149,23.650000,22.815385
5933,6150,23.653846,22.819231
5934,6151,23.657692,22.823077
5935,6152,23.661538,22.826923
5936,6153,23.665385,22.830769
5937,6154,23.669231,22.834615
5938,6155,23.673077,22.838462
5939,6156,23.676923,22.842308
5940,6157,23.680769,22.846154
5941,6158,23.684615,22.850000
5942,6159,23.688462,22.853846
5943,6160,23.692308,22.857692
5944,6161,23.696154,22.861538
5945,6162,23.700000,22.865385
5946,6163,23.703846,22.869231
5947,6164,23.707692,22.873077
5948,6165,23.711538,22.876923
5949,6166,23.715385,22.880769
5950,6167,23.719231,22.884615
5951,6168,23.723077,22.888462
5952,6169,23.726923,22.892308
5953,6170,23.730769,22.896154
5954,6171,23.734615,22.900000
5955,6172,23.738462,22.903846
5956,6173,23.742308,22.907692
5957,6174,23.746154,22.911538
5958,6175,23.750000,22.915385
5959,6176,23.753846,22.919231
5960,6177,23.757692,22.923077
5961,6178,23.761538,22.926923
5962,6179,23.765385,22.930769
5963,6180,23.769231,22.934615
5964,6181,23.773077,22.938462
5965,6182,23.776923,22.942308
5966,6183,23.780769,22.946154
5967,6184,23.784615,22.950000
5968,6185,23.788462,22.953846
5969,6186,23.792308,22.957692
5970,6187,23.796154,22.961538
5971,6188,23.800000,22.965385
5972,6189,23.803846,22.969231
5973,6190,23.807692,22.973077
5974,6191,23.811538,22.976923
5975,6192,23.815385,22.980769
5976,6193,23.819231,22.984615
5977,6194,23.823077,22.988462
5978,6195,23.826923,22.992308
5979,6196,23.830769,22.996154
5980,6197,23.834615,23.000000
5981,6198,23.838462,23.003846
5982,6199,23.842308,23.007692
5983,6200,23.846154,23.011538
5984,6201,23.850000,23.015385
5985,6202,23.853846,23.019231
5986,6203,23.857692,23.023077
5987,6204,23.861538,23.026923
5988,6205,23.865385,23.030769
5989,6206,23.869231,23.034615
5990,6207,23.873077,23.038462
5991,6208,23.876923,23.042308
5992,6209,23.880769,23.046154
5993,6210,23.884615,23.050000
5994,6211,23.888462,23.053846
5995,6212,23.892308,23.057692
5996,6213,23.896154,23.061538
5997,6214,23.900000,23.065385
5998,6215,23.903846,23.069231
5999,6216,23.907692,23.073077
6000,6217,23.911538,23.076923
6001,6218,23.915385,23.080769
6002,6219,23.919231,23.084615
6003,6220,23.923077,23.088462
6004,6221,23.926923,23.092308
6005,6222,23.930769,23.096154
6006,6223,23.934615,23.100000
6007,6224,23.938462,23.103846
6008,6225,23.942308,23.107692
6009,6226,23.946154,23.111538
6010,6227,23.950000,23.115385
6011,6228,23.953846,23.119231
6012,6229,23.957692,23.123077
6013,6230,23.961538,23.126923
6014,6231,23.965385,23.130769
6015,6232,23.969231,23.134615
6016,6233,23.973077,23.138462
6017,6234,23.976923,23.142308
6018,6235,23.980769,23.146154
6019,6236,23.984615,23.150000
6020,6237,23.988462,23.153846
6021,6238,23.992308,23.157692
6022,6239,23.996154,23.161538
6023,6240,24.000000,23.165385
6024,6241,24.003846,23.169231
6025,6242,24.007692,23.173077
6026,6243,24.011538,23.176923
6027,6244,24.015385,23.180769
6028,6245,24.019231,23.184615
6029,6246,24.023077,23.188462
6030,6247,24.026923,23.192308
6031,6248,24.030769,23.196154
6032,6249,24.034615,23.200000
6033,6250,24.038462,23.203846
6034,6251,24.042308,23.207692
6035,6252,24.046154,23.211538
6036,6253,24.050000,23.215385
6037,6254,24.053846,23.219231
6038,6255,24.057692,23.223077
6039,6256,24.061538,23.226923
6040,6257,24.065385,23.230769
6041,6258,24.069231,23.234615
6042,6259,24.073077,23.238462
6043,6260,24.076923,23.242308
6044,6261,24.080769,23.246154
6045,6262,24.084615,23.250000
6046,6263,24.088462,23.253846
6047,6264,24.092308,23.257692
6048,6265,24.096154,23.261538
6049,6266,24.100000,23.265385
6050,6267,24.103846,23.269231
6051,6268,24.107692,23.273077
6052,6269,24.111538,23.276923
6053,6270,24.115385,23.280769
6054,6271,24.119231,23.284615
6055,6272,24.123077,23.288462
6056,6273,24.126923,23.292308
6057,6274,24.130769,23.296154
6058,6275,24.134615,23.300000
6059,6276,24.138462,23.303846
6060,6277,24.142308,23.307692
6061,6278,24.146154,23.311538
6062,6279,24.150000,23.315385
6063,6280,24.153846,23.319231
6064,6281,24.157692,23.323077
6065,6282,24.161538,23.326923
6066,6283,24.165385,23.330769
6067,6284,24.169231,23.334615
6068,6285,24.173077,23.338462
6069,6286,24.176923,23.342308
6070,6287,24.180769,23.346154
6071,6288,24.184615,23.350000
6072,6289,24.188462,23.353846
6073,6290,24.192308,23.357692
6074,6291,24.196154,23.361538
6075,6292,24.200000,23.365385
6076,6293,24.203846,23.369231
6077,6294,24.207692,23.373077
6078,6295,24.211538,23.376923
6079,6296,24.215385,23.380769
6080,6297,24.219231,23.384615
6081,6298,24.223077,23.388462
6082,6299,24.226923,23.392308
6083,6300,24.230769,23.396154
6084,6301,24.234615,23.400000
6085,6302,24.238462,23.403846
6086,6303,24.242308,23.407692
6087,6304,24.246154,23.411538
6088,6305,24.250000,23.415385
6089,6306,24.253846,23.419231
6090,6307,24.257692,23.423077
6091,6308,24.261538,23.426923
6092,6309,24.265385,23.430769
6093,6310,24.269231,23.434615
6094,6311,24.273077,23.438462
6095,6312,24.276923,23.442308
6096,6313,24.280769,23.446154
6097,6314,24.284615,23.450000
6098,6315,24.288462,23.453846
6099,6316,24.292308,23.457692
6100,6317,24.296154,23.461538
6101,6318,24.300000,23.465385
6102,6319,24.303846,23.469231
6103,6320,24.307692,23.473077
6104,6321,24.311538,23.476923
6105,6322,24.315385,23.480769
6106,6323,24.319231,23.484615
6107,6324,24.323077,23.488462
6108,6325,24.326923,23.492308
6109,6326,24.330769,23.496154
6110,6327,24.334615,23.500000
6111,6328,24.338462,23.503846
6112,6329,24.342308,23.507692
6113,6330,24.346154,23.511538
6114,6331,24.350000,23.515385
6115,6332,24.353846,23.519231
6116,6333,24.357692,23.523077
6117,6334,24.361538,23.526923
6118,6335,24.365385,23.530769
6119,6336,24.369231,23.534615
6120,6337,24.373077,23.538462
6121,6338,24.376923,23.542308
6122,6339,24.380769,23.546154
6123,6340,24.384615,23.550000
6124,6341,24.388462,23.553846
6125,6342,24.392308,23.557692
6126,6343,24.396154,23.561538
6127,6344,24.400000,23.565385
6128,6345,24.403846,23.569231
6129,6346,24.407692,23.573077
6130,6347,24.411538,23.576923
6131,6348,24.415385,23.580769
6132,6349,24.419231,23.584615
6133,6350,24.423077,23.588462
6134,6351,24.426923,23.592308
6135,6352,24.430769,23.596154
6136,6353,24.434615,23.600000
6137,6354,24.438462,23.603846
6138,6355,24.442308,23.607692
6139,6356,24.446154,23.611538
6140,6357,24.450000,23.615385
6141,6358,24.453846,23.619231
6142,6359,24.457692,23.623077
6143,6360,24.461538,23.626923
6144,6361,24.465385,23.630769
6145,6362,24.469231,23.634615
6146,6363,24.473077,23.638462
6147,6364,24.476923,23.642308
6148,6365,24.480769,23.646154
6149,6366,24.484615,23.650000
6150,6367,24.488462,23.653846
6151,6368,24.492308,23.657692
6152,6369,24.496154,23.661538
6153,6370,24.500000,23.665385
6154,6371,24.503846,23.669231
6155,6372,24.507692,23.673077
6156,6373,24.511538,23.676923
6157,6374,24.515385,23.680769
6158,6375,24.519231,23.684615
6159,6376,24.523077,23.688462
6160,6377,24.526923,23.692308
6161,6378,24.530769,23.696154
6162,6379,24.534615,23.700000
6163,6380,24.538462,23.703846
6164,6381,24.542308,23.707692
6165,6382,24.546154,23.711538
6166,6383,24.550000,23.715385
6167,6384,24.553846,23.719231
6168,6385,24.557692,23.723077
6169,6386,24.561538,23.726923
6170,6387,24.565385,23.730769
6171,6388,24.569231,23.734615
6172,6389,24.573077,23.738462
6173,6390,24.576923,23.742308
6174,6391,24.580769,23.746154
6175,6392,24.584615,23.750000
6176,6393,24.588462,23.753846
6177,6394,24.592308,23.757692
6178,6395,24.596154,23.761538
6179,6396,24.600000,23.765385
6180,6397,24.603846,23.769231
6181,6398,24.607692,23.773077
6182,6399,24.611538,23.776923
6183,6400,24.615385,23.780769
6184,6401,24.619231,23.784615
6185,6402,24.623077,23.788462
6186,6403,24.626923,23.792308
6187,6404,24.630769,23.796154
6188,6405,24.634615,23.800000
6189,6406,24.638462,23.803846
6190,6407,24.642308,23.807692
6191,6408,24.646154,23.811538
6192,6409,24.650000,23.815385
6193,6410,24.653846,23.819231
6194,6411,24.657692,23.823077
6195,6412,24.661538,23.826923
6196,6413,24.665385,23.830769
6197,6414,24.669231,23.834615
6198,6415,24.673077,23.838462
6199,6416,24.676923,23.842308
6200,6417,24.680769,23.846154
6201,6418,24.684615,23.850000
6202,6419,24.688462,23.853846
6203,6420,24.692308,23.857692
6204,6421,24.696154,23.861538
6205,6422,24.700000,23.865385
6206,6423,24.703846,23.869231
6207,6424,24.707692,23.873077
6208,6425,24.711538,23.876923
6209,6426,24.715385,23.880769
6210,6427,24.719231,23.884615
6211,6428,24.723077,23.888462
6212,6429,24.726923,23.892308
6213,6430,24.730769,23.896154
6214,6431,24.734615,23.900000
6215,6432,24.738462,23.903846
6216,6433,24.742308,23.907692
6217,6434,24.746154,23.911538
6218,6435,24.750000,23.915385
6219,6436,24.753846,23.919231
6220,6437,24.757692,23.923077
6221,6438,24.761538,23.926923
6222,6439,24.765385,23.930769
6223,6440,24.769231,23.934615
6224,6441,24.773077,23.938462
6225,6442,24.776923,23.942308
6226,6443,24.780769,23.946154
6227,6444,24.784615,23.950000
6228,6445,24.788462,23.953846
6229,6446,24.792308,23.957692
6230,6447,24.796154,23.961538
6231,6448,24.800000,23.965385
6232,6449,24.803846,23.969231
6233,6450,24.807692,23.973077
6234,6451,24.811538,23.976923
6235,6452,24.815385,23.980769
6236,6453,24.819231,23.984615
6237,6454,24.823077,23.988462
6238,6455,24.826923,23.992308
6239,6456,24.830769,23.996154
6240,6457,24.834615,24.000000
6241,6458,24.838462,24.003846
6242,6459,24.842308,24.007692
6243,6460,24.846154,24.011538
6244,6461,24.850000,24.015385
6245,6462,24.853846,24.019231
6246,6463,24.857692,24.023077
6247,6464,24.861538,24.026923
6248,6465,24.865385,24.030769
6249,6466,24.869231,24.034615
6250,6467,24.873077,24.038462
6251,6468,24.876923,24.042308
6252,6469,24.880769,24.046154
6253,6470,24.884615,24.050000
6254,6471,24.888462,24.053846
6255,6472,24.892308,24.057692
6256,6473,24.896154,24.061538
6257,6474,24.900000,24.065385
6258,6475,24.903846,24.069231
6259,6476,24.907692,24.073077
6260,6477,24.911538,24.076923
6261,6478,24.915385,24.080769
6262,6479,24.919231,24.084615
6263,6480,24.923077,24.088462
6264,6481,24.926923,24.092308
6265,6482,24.930769,24.096154
6266,6483,24.934615,24.100000
6267,6484,24.938462,24.103846
6268,6485,24.942308,24.107692
6269,6486,24.946154,24.111538
6270,6487,24.950000,24.115385
6271,6488,24.953846,24.119231
6272,6489,24.957692,24.123077
6273,6490,24.961538,24.126923
6274,6491,24.965385,24.130769
6275,6492,24.969231,24.134615
6276,6493,24.973077,24.138462
6277,6494,24.976923,24.142308
6278,6495,24.980769,24.146154
6279,6496,24.984615,24.150000
6280,6497,24.988462,24.153846
6281,6498,24.992308,24.157692
6282,6499,24.996154,24.161538
6283,6500,25.000000,24.165385
6284,6501,25.003846,24.169231
6285,6502,25.007692,24.173077
6286,6503,25.011538,24.176923
6287,6504,25.015385,24.180769
6288,6505,25.019231,24.184615
6289,6506,25.023077,24.188462
6290,6507,25.026923,24.192308
6291,6508,25.030769,24.196154
6292,6509,25.034615,24.200000
6293,6510,25.038462,24.203846
6294,6511,25.042308,24.207692
6295,6512,25.046154,24.211538
6296,6513,25.050000,24.215385
6297,6514,25.053846,24.219231
6298,6515,25.057692,24.223077
6299,6516,25.061538,24.226923
6300,6517,25.065385,24.230769
6301,6518,25.069231,24.234615
6302,6519,25.073077,24.238462
6303,6520,25.076923,24.242308
6304,6521,25.080769,24.246154
6305,6522,25.084615,24.250000
6306,6523,25.088462,24.253846
6307,6524,25.092308,24.257692
6308,6525,25.096154,24.261538
6309,6526,25.100000,24.265385
6310,6527,25.103846,24.269231
6311,6528,25.107692,24.273077
6312,6529,25.111538,24.276923
6313,6530,25.115385,24.280769
6314,6531,25.119231,24.284615
6315,6532,25.123077,24.288462
6316,6533,25.126923,24.292308
6317,6534,25.130769,24.296154
6318,6535,25.134615,24.300000
6319,6536,25.138462,24.303846
6320,6537,25.142308,24.307692
6321,6538,25.146154,24.311538
6322,6539,25.150000,24.315385
6323,6540,25.153846,24.319231
6324,6541,25.157692,24.323077
6325,6542,25.161538,24.326923
6326,6543,25.165385,24.330769
6327,6544,25.169231,24.334615
6328,6545,25.173077,24.338462
6329,6546,25.176923,24.342308
6330,6547,25.180769,24.346154
6331,6548,25.184615,24.350000
6332,6549,25.188462,24.353846
6333,6550,25.192308,24.357692
6334,6551,25.196154,24.361538
6335,6552,25.200000,24.365385
6336,6553,25.203846,24.369231
6337,6554,25.207692,24.373077
6338,6555,25.211538,24.376923
6339,6556,25.215385,24.380769
6340,6557,25.219231,24.384615
6341,6558,25.223077,24.388462
6342,6559,25.226923,24.392308
6343,6560,25.230769,24.396154
6344,6561,25.234615,24.400000
6345,6562,25.238462,24.403846
6346,6563,25.242308,24.407692
6347,6564,25.246154,24.411538
6348,6565,25.250000,24.415385
6349,6566,25.253846,24.419231
6350,6567,25.257692,24.423077
6351,6568,25.261538,24.426923
6352,6569,25.265385,24.430769
6353,6570,25.269231,24.434615
6354,6571,25.273077,24.438462
6355,6572,25.276923,24.442308
6356,6573,25.280769,24.446154
6357,6574,25.284615,24.450000
6358,6575,25.288462,24.453846
6359,6576,25.292308,24.457692
6360,6577,25.296154,24.461538
6361,6578,25.300000,24.465385
6362,6579,25.303846,24.469231
6363,6580,25.307692,24.473077
6364,6581,25.311538,24.476923
6365,6582,25.315385,24.480769
6366,6583,25.319231,24.484615
6367,6584,25.323077,24.488462
6368,6585,25.326923,24.492308
6369,6586,25.330769,24.496154
6370,6587,25.334615,24.500000
6371,6588,25.338462,24.503846
6372,6589,25.342308,24.507692
6373,6590,25.346154,24.511538
6374,6591,25.350000,24.515385
6375,6592,25.353846,24.519231
6376,6593,25.357692,24.523077
6377,6594,25.361538,24.526923
6378,6595,25.365385,24.530769
6379,6596,25.369231,24.534615
6380,6597,25.373077,24.538462
6381,6598,25.376923,24.542308
6382,6599,25.380769,24.546154
6383,6600,25.384615,24.550000
6384,6601,25.388462,24.553846
6385,6602,25.392308,24.557692
6386,6603,25.396154,24.561538
6387,6604,25.400000,24.565385
6388,6605,25.403846,24.569231
6389,6606,25.407692,24.573077
6390,6607,25.411538,24.576923
6391,6608,25.415385,24.580769
6392,6609,25.419231,24.584615
6393,6610,25.423077,24.588462
6394,6611,25.426923,24.592308
6395,6612,25.430769,24.596154
6396,6613,25.434615,24.600000
6397,6614,25.438462,24.603846
6398,6615,25.442308,24.607692
6399,6616,25.446154,24.611538
6400,6617,25.450000,24.615385
6401,6618,25.453846,24.619231
6402,6619,25.457692,24.623077
6403,6620,25.461538,24.626923
6404,6621,25.465385,24.630769
6405,6622,25.469231,24.634615
6406,6623,25.473077,24.638462
6407,6624,25.476923,24.642308
6408,6625,25.480769,24.646154
6409,6626,25.484615,24.650000
6410,6627,25.488462,24.653846
6411,6628,25.492308,24.657692
6412,6629,25.496154,24.661538
6413,6630,25.500000,24.665385
6414,6631,25.503846,24.669231
6415,6632,25.507692,24.673077
6416,6633,25.511538,24.676923
6417,6634,25.515385,24.680769
6418,6635,25.519231,24.684615
6419,6636,25.523077,24.688462
6420,6637,25.526923,24.692308
6421,6638,25.530769,24.696154
6422,6639,25.534615,24.700000
6423,6640,25.538462,24.703846
6424,6641,25.542308,24.707692
6425,6642,25.546154,24.711538
6426,6643,25.550000,24.715385
6427,6644,25.553846,24.719231
6428,6645,25.557692,24.723077
6429,6646,25.561538,24.726923
6430,6647,25.565385,24.730769
6431,6648,25.569231,24.734615
6432,6649,25.573077,24.738462
6433,6650,25.576923,24.742308
6434,6651,25.580769,24.746154
6435,6652,25.584615,24.750000
6436,6653,25.588462,24.753846
6437,6654,25.592308,24.757692
6438,6655,25.596154,24.761538
6439,6656,25.600000,24.765385
6440,6657,25.603846,24.769231
6441,6658,25.607692,24.773077
6442,6659,25.611538,24.776923
6443,6660,25.615385,24.780769
6444,6661,25.619231,24.784615
6445,6662,25.623077,24.788462
6446,6663,25.626923,24.792308
6447,6664,25.630769,24.796154
6448,6665,25.634615,24.800000
6449,6666,25.638462,24.803846
6450,6667,25.642308,24.807692
6451,6668,25.646154,24.811538
6452,6669,25.650000,24.815385
6453,6670,25.653846,24.819231
6454,6671,25.657692,24.823077
6455,6672,25.661538,24.826923
6456,6673,25.665385,24.830769
6457,6674,25.669231,24.834615
6458,6675,25.673077,24.838462
6459,6676,25.676923,24.842308
6460,6677,25.680769,24.846154
6461,6678,25.684615,24.850000
6462,6679,25.688462,24.853846
6463,6680,25.692308,24.857692
6464,6681,25.696154,24.861538
6465,6682,25.700000,24.865385
6466,6683,25.703846,24.869231
6467,6684,25.707692,24.873077
6468,6685,25.711538,24.876923
6469,6686,25.715385,24.880769
6470,6687,25.719231,24.884615
6471,6688,25.723077,24.888462
6472,6689,25.726923,24.892308
6473,6690,25.730769,24.896154
6474,6691,25.734615,24.900000
6475,6692,25.738462,24.903846
6476,6693,25.742308,24.907692
6477,6694,25.746154,24.911538
6478,6695,25.750000,24.915385
6479,6696,25.753846,24.919231
6480,6697,25.757692,24.923077
6481,6698,25.761538,24.926923
6482,6699,25.765385,24.930769
6483,6700,25.769231,24.934615
6484,6701,25.773077,24.938462
6485,6702,25.776923,24.942308
6486,6703,25.780769,24.946154
6487,6704,25.784615,24.950000
6488,6705,25.788462,24.953846
6489,6706,25.792308,24.957692
6490,6707,25.796154,24.961538
6491,6708,25.800000,24.965385
6492,6709,25.803846,24.969231
6493,6710,25.807692,24.973077
6494,6711,25.811538,24.976923
6495,6712,25.815385,24.980769
6496,6713,25.819231,24.984615
6497,6714,25.823077,24.988462
6498,6715,25.826923,24.992308
6499,6716,25.830769,24.996154
6500,6717,25.834615,25.000000
6501,6718,25.838462,25.003846
6502,6719,25.842308,25.007692
6503,6720,25.846154,25.011538
6504,6721,25.850000,25.015385
6505,6722,25.853846,25.019231
6506,6723,25.857692,25.023077
6507,6724,25.861538,25.026923
6508,6725,25.865385,25.030769
6509,6726,25.869231,25.034615
6510,6727,25.873077,25.038462
6511,6728,25.876923,25.042308
6512,6729,25.880769,25.046154
6513,6730,25.884615,25.050000
6514,6731,25.888462,25.053846
6515,6732,25.892308,25.057692
6516,6733,25.896154,25.061538
6517,6734,25.900000,25.065385
6518,6735,25.903846,25.069231
6519,6736,25.907692,25.073077
6520,6737,25.911538,25.076923
6521,6738,25.915385,25.080769
6522,6739,25.919231,25.084615
6523,6740,25.923077,25.088462
6524,6741,25.926923,25.092308
6525,6742,25.930769,25.096154
6526,6743,25.934615,25.100000
6527,6744,25.938462,25.103846
6528,6745,25.942308,25.107692
6529,6746,25.946154,25.111538
6530,6747,25.950000,25.115385
6531,6748,25.953846,25.119231
6532,6749,25.957692,25.123077
6533,6750,25.961538,25.126923
6534,6751,25.965385,25.130769
6535,6752,25.969231,25.134615
6536,6753,25.973077,25.138462
6537,6754,25.976923,25.142308
6538,6755,25.980769,25.146154
6539,6756,25.984615,25.150000
6540,6757,25.988462,25.153846
6541,6758,25.992308,25.157692
6542,6759,25.996154,25.161538
6543,6760,26.000000,25.165385
6544,6761,26.003846,25.169231
6545,6762,26.007692,25.173077
6546,6763,26.011538,25.176923
6547,6764,26.015385,25.180769
6548,6765,26.019231,25.184615
6549,6766,26.023077,25.188462
6550,6767,26.026923,25.192308
6551,6768,26.030769,25.196154
6552,6769,26.034615,25.200000
6553,6770,26.038462,25.203846
6554,6771,26.042308,25.207692
6555,6772,26.046154,25.211538
6556,6773,26.050000,25.215385
6557,6774,26.053846,25.219231
6558,6775,26.057692,25.223077
6559,6776,26.061538,25.226923
6560,6777,26.065385,25.230769
6561,6778,26.069231,25.234615
6562,6779,26.073077,25.238462
6563,6780,26.076923,25.242308
6564,6781,26.080769,25.246154
6565,6782,26.084615,25.250000
6566,6783,26.088462,25.253846
6567,6784,26.092308,25.257692
6568,6785,26.096154,25.261538
6569,6786,26.100000,25.265385
6570,6787,26.103846,25.269231
6571,6788,26.107692,25.273077
6572,6789,26.111538,25.276923
6573,6790,26.115385,25.280769
6574,6791,26.119231,25.284615
6575,6792,26.123077,25.288462
6576,6793,26.126923,25.292308
6577,6794,26.130769,25.296154
6578,6795,26.134615,25.300000
6579,6796,26.138462,25.303846
6580,6797,26.142308,25.307692
6581,6798,26.146154,25.311538
6582,6799,26.150000,25.315385
6583,6800,26.153846,25.319231
6584,6801,26.157692,25.323077
6585,6802,26.161538,25.326923
6586,6803,26.165385,25.330769
6587,6804,26.169231,25.334615
6588,6805,26.173077,25.338462
6589,6806,26.176923,25.342308
6590,6807,26.180769,25.346154
6591,6808,26.184615,25.350000
6592,6809,26.188462,25.353846
6593,6810,26.192308,25.357692
6594,6811,26.196154,25.361538
6595,6812,26.200000,25.365385
6596,6813,26.203846,25.369231
6597,6814,26.207692,25.373077
6598,6815,26.211538,25.376923
6599,6816,26.215385,25.380769
6600,6817,26.219231,25.384615
6601,6818,26.223077,25.388462
6602,6819,26.226923,25.392308
6603,6820,26.230769,25.396154
6604,6821,26.234615,25.400000
6605,6822,26.238462,25.403846
6606,6823,26.242308,25.407692
6607,6824,26.246154,25.411538
6608,6825,26.250000,25.415385
6609,6826,26.253846,25.419231
6610,6827,26.257692,25.423077
6611,6828,26.261538,25.426923
6612,6829,26.265385,25.430769
6613,6830,26.269231,25.434615
6614,6831,26.273077,25.438462
6615,6832,26.276923,25.442308
6616,6833,26.280769,25.446154
6617,6834,26.284615,25.450000
6618,6835,26.288462,25.453846
6619,6836,26.292308,25.457692
6620,6837,26.296154,25.461538
6621,6838,26.300000,25.465385
6622,6839,26.303846,25.469231
6623,6840,26.307692,25.473077
6624,6841,26.311538,25.476923
6625,6842,26.315385,25.480769
6626,6843,26.319231,25.484615
6627,6844,26.323077,25.488462
6628,6845,26.326923,25.492308
6629,6846,26.330769,25.496154
6630,6847,26.334615,25.500000
6631,6848,26.338462,25.503846
6632,6849,26.342308,25.507692
6633,6850,26.346154,25.511538
6634,6851,26.350000,25.515385
6635,6852,26.353846,25.519231
6636,6853,26.357692,25.523077
6637,6854,26.361538,25.526923
6638,6855,26.365385,25.530769
6639,6856,26.369231,25.534615
6640,6857,26.373077,25.538462
6641,6858,26.376923,25.542308
6642,6859,26.380769,25.546154
6643,6860,26.384615,25.550000
6644,6861,26.388462,25.553846
6645,6862,26.392308,25.557692
6646,6863,26.396154,25.561538
6647,6864,26.400000,25.565385
6648,6865,26.403846,25.569231
6649,6866,26.407692,25.573077
6650,6867,26.411538,25.576923
6651,6868,26.415385,25.580769
6652,6869,26.419231,25.584615
6653,6870,26.423077,25.588462
6654,6871,26.426923,25.592308
6655,6872,26.430769,25.596154
6656,6873,26.434615,25.600000
6657,6874,26.438462,25.603846
6658,6875,26.442308,25.607692
6659,6876,26.446154,25.611538
6660,6877,26.450000,25.615385
6661,6878,26.453846,25.619231
6662,6879,26.457692,25.623077
6663,6880,26.461538,25.626923
6664,6881,26.465385,25.630769
6665,6882,26.469231,25.634615
6666,6883,26.473077,25.638462
6667,6884,26.476923,25.642308
6668,6885,26.480769,25.646154
6669,6886,26.484615,25.650000
6670,6887,26.488462,25.653846
6671,6888,26.492308,25.657692
6672,6889,26.496154,25.661538
6673,6890,26.500000,25.665385
6674,6891,26.503846,25.669231
6675,6892,26.507692,25.673077
6676,6893,26.511538,25.676923
6677,6894,26.515385,25.680769
6678,6895,26.519231,25.684615
6679,6896,26.523077,25.688462
6680,6897,26.526923,25.692308
6681,6898,26.530769,25.696154
6682,6899,26.534615,25.700000
6683,6900,26.538462,25.703846
6684,6901,26.542308,25.707692
6685,6902,26.546154,25.711538
6686,6903,26.550000,25.715385
6687,6904,26.553846,25.719231
6688,6905,26.557692,25.723077
6689,6906,26.561538,25.726923
6690,6907,26.565385,25.730769
6691,6908,26.569231,25.734615
6692,6909,26.573077,25.738462
6693,6910,26.576923,25.742308
6694,6911,26.580769,25.746154
6695,6912,26.584615,25.750000
6696,6913,26.588462,25.753846
6697,6914,26.592308,25.757692
6698,6915,26.596154,25.761538
6699,6916,26.600000,25.765385
6700,6917,26.603846,25.769231
6701,6918,26.607692,25.773077
6702,6919,26.611538,25.776923
6703,6920,26.615385,25.780769
6704,6921,26.619231,25.784615
6705,6922,26.623077,25.788462
6706,6923,26.626923,25.792308
6707,6924,26.630769,25.796154
6708,6925,26.634615,25.800000
6709,6926,26.638462,25.803846
6710,6927,26.642308,25.807692
6711,6928,26.646154,25.811538
6712,6929,26.650000,25.815385
6713,6930,26.653846,25.819231
6714,6931,26.657692,25.823077
6715,6932,26.661538,25.826923
6716,6933,26.665385,25.830769
6717,6934,26.669231,25.834615
6718,6935,26.673077,25.838462
6719,6936,26.676923,25.842308
6720,6937,26.680769,25.846154
6721,6938,26.684615,25.850000
6722,6939,26.688462,25.853846
6723,6940,26.692308,25.857692
6724,6941,26.696154,25.861538
6725,6942,26.700000,25.865385
6726,6943,26.703846,25.869231
6727,6944,26.707692,25.873077
6728,6945,26.711538,25.876923
6729,6946,26.715385,25.880769
6730,6947,26.719231,25.884615
6731,6948,26.723077,25.888462
6732,6949,26.726923,25.892308
6733,6950,26.730769,25.896154
6734,6951,26.734615,25.900000
6735,6952,26.738462,25.903846
6736,6953,26.742308,25.907692
6737,6954,26.746154,25.911538
6738,6955,26.750000,25.915385
6739,6956,26.753846,25.919231
6740,6957,26.757692,25.923077
6741,6958,26.761538,25.926923
6742,6959,26.765385,25.930769
6743,6960,26.769231,25.934615
6744,6961,26.773077,25.938462
6745,6962,26.776923,25.942308
6746,6963,26.780769,25.946154
6747,6964,26.784615,25.950000
6748,6965,26.788462,25.953846
6749,6966,26.792308,25.957692
6750,6967,26.796154,25.961538
6751,6968,26.800000,25.965385
6752,6969,26.803846,25.969231
6753,6970,26.807692,25.973077
6754,6971,26.811538,25.976923
6755,6972,26.815385,25.980769
6756,6973,26.819231,25.984615
6757,6974,26.823077,25.988462
6758,6975,26.826923,25.992308
6759,6976,26.830769,25.996154
6760,6977,26.834615,26.000000
6761,6978,26.838462,26.003846
6762,6979,26.842308,26.007692
6763,6980,26.846154,26.011538
6764,6981,26.850000,26.015385
6765,6982,26.853846,26.019231
6766,6983,26.857692,26.023077
6767,6984,26.861538,26.026923
6768,6985,26.865385,26.030769
6769,6986,26.869231,26.034615
6770,6987,26.873077,26.038462
6771,6988,26.876923,26.042308
6772,6989,26.880769,26.046154
6773,6990,26.884615,26.050000
6774,6991,26.888462,26.053846
6775,6992,26.892308,26.057692
6776,6993,26.896154,26.061538
6777,6994,26.900000,26.065385
6778,6995,26.903846,26.069231
6779,6996,26.907692,26.073077
6780,6997,26.911538,26.076923
6781,6998,26.915385,26.080769
6782,6999,26.919231,26.084615
6783,7000,26.923077,26.088462
6784,7001,26.926923,26.092308
6785,7002,26.930769,26.096154
6786,7003,26.934615,26.100000
6787,7004,26.938462,26.103846
6788,7005,26.942308,26.107692
6789,7006,26.946154,26.111538
6790,7007,26.950000,26.115385
6791,7008,26.953846,26.119231
6792,7009,26.957692,26.123077
6793,7010,26.961538,26.126923
6794,7011,26.965385,26.130769
6795,7012,26.969231,26.134615
6796,7013,26.973077,26.138462
6797,7014,26.976923,26.142308
6798,7015,26.980769,26.146154
6799,7016,26.984615,26.150000
6800,7017,26.988462,26.153846
6801,7018,26.992308,26.157692
6802,7019,26.996154,26.161538
6803,7020,27.000000,26.165385
6804,7021,27.003846,26.169231
6805,7022,27.007692,26.173077
6806,7023,27.011538,26.176923
6807,7024,27.015385,26.180769
6808,7025,27.019231,26.184615
6809,7026,27.023077,26.188462
6810,7027,27.026923,26.192308
6811,7028,27.030769,26.196154
6812,7029,27.034615,26.200000
6813,7030,27.038462,26.203846
6814,7031,27.042308,26.207692
6815,7032,27.046154,26.211538
6816,7033,27.050000,26.215385
6817,7034,27.053846,26.219231
6818,7035,27.057692,26.223077
6819,7036,27.061538,26.226923
6820,7037,27.065385,26.230769
6821,7038,27.069231,26.234615
6822,7039,27.073077,26.238462
6823,7040,27.076923,26.242308
6824,7041,27.080769,26.246154
6825,7042,27.084615,26.250000
6826,7043,27.088462,26.253846
6827,7044,27.092308,26.257692
6828,7045,27.096154,26.261538
6829,7046,27.100000,26.265385
6830,7047,27.103846,26.269231
6831,7048,27.107692,26.273077
6832,7049,27.111538,26.276923
6833,7050,27.115385,26.280769
6834,7051,27.119231,26.284615
6835,7052,27.123077,26.288462
6836,7053,27.126923,26.292308
6837,7054,27.130769,26.296154
6838,7055,27.134615,26.300000
6839,7056,27.138462,26.303846
6840,7057,27.142308,26.307692
6841,7058,27.146154,26.311538
6842,7059,27.150000,26.315385
6843,7060,27.153846,26.319231
6844,7061,27.157692,26.323077
6845,7062,27.161538,26.326923
6846,7063,27.165385,26.330769
6847,7064,27.169231,26.334615
6848,7065,27.173077,26.338462
6849,7066,27.176923,26.342308
6850,7067,27.180769,26.346154
6851,7068,27.184615,26.350000
6852,7069,27.188462,26.353846
6853,7070,27.192308,26.357692
6854,7071,27.196154,26.361538
6855,7072,27.200000,26.365385
6856,7073,27.203846,26.369231
6857,7074,27.207692,26.373077
6858,7075,27.211538,26.376923
6859,7076,27.215385,26.380769
6860,7077,27.219231,26.384615
6861,7078,27.223077,26.388462
6862,7079,27.226923,26.392308
6863,7080,27.230769,26.396154
6864,7081,27.234615,26.400000
6865,7082,27.238462,26.403846
6866,7083,27.242308,26.407692
6867,7084,27.246154,26.411538
6868,7085,27.250000,26.415385
6869,7086,27.253846,26.419231
6870,7087,27.257692,26.423077
6871,7088,27.261538,26.426923
6872,7089,27.265385,26.430769
6873,7090,27.269231,26.434615
6874,7091,27.273077,26.438462
6875,7092,27.276923,26.442308
6876,7093,27.280769,26.446154
6877,7094,27.284615,26.450000
6878,7095,27.288462,26.453846
6879,7096,27.292308,26.457692
6880,7097,27.296154,26.461538
6881,7098,27.300000,26.465385
6882,7099,27.303846,26.469231
6883,7100,27.307692,26.473077
6884,7101,27.311538,26.476923
6885,7102,27.315385,26.480769
6886,7103,27.319231,26.484615
6887,7104,27.323077,26.488462
6888,7105,27.326923,26.492308
6889,7106,27.330769,26.496154
6890,7107,27.334615,26.500000
6891,7108,27.338462,26.503846
6892,7109,27.342308,26.507692
6893,7110,27.346154,26.511538
6894,7111,27.350000,26.515385
6895,7112,27.353846,26.519231
6896,7113,27.357692,26.523077
6897,7114,27.361538,26.526923
6898,7115,27.365385,26.530769
6899,7116,27.369231,26.534615
6900,7117,27.373077,26.538462
6901,7118,27.376923,26.542308
6902,7119,27.380769,26.546154
6903,7120,27.384615,26.550000
6904,7121,27.388462,26.553846
6905,7122,27.392308,26.557692
6906,7123,27.396154,26.561538
6907,7124,27.400000,26.565385
6908,7125,27.403846,26.569231
6909,7126,27.407692,26.573077
6910,7127,27.411538,26.576923
6911,7128,27.415385,26.580769
6912,7129,27.419231,26.584615
6913,7130,27.423077,26.588462
6914,7131,27.426923,26.592308
6915,7132,27.430769,26.596154
6916,7133,27.434615,26.600000
6917,7134,27.438462,26.603846
6918,7135,27.442308,26.607692
6919,7136,27.446154,26.611538
6920,7137,27.450000,26.615385
6921,7138,27.453846,26.619231
6922,7139,27.457692,26.623077
6923,7140,27.461538,26.626923
6924,7141,27.465385,26.630769
6925,7142,27.469231,26.634615
6926,7143,27.473077,26.638462
6927,7144,27.476923,26.642308
6928,7145,27.480769,26.646154
6929,7146,27.484615,26.650000
6930,7147,27.488462,26.653846
6931,7148,27.492308,26.657692
6932,7149,27.496154,26.661538
6933,7150,27.500000,26.665385
6934,7151,27.503846,26.669231
6935,7152,27.507692,26.673077
6936,7153,27.511538,26.676923
6937,7154,27.515385,26.680769
6938,7155,27.519231,26.684615
6939,7156,27.523077,26.688462
6940,7157,27.526923,26.692308
6941,7158,27.530769,26.696154
6942,7159,27.534615,26.700000
6943,7160,27.538462,26.703846
6944,7161,27.542308,26.707692
6945,7162,27.546154,26.711538
6946,7163,27.550000,26.715385
6947,7164,27.553846,26.719231
6948,7165,27.557692,26.723077
6949,7166,27.561538,26.726923
6950,7167,27.565385,26.730769
6951,7168,27.569231,26.734615
6952,7169,27.573077,26.738462
6953,7170,27.576923,26.742308
6954,7171,27.580769,26.746154
6955,7172,27.584615,26.750000
6956,7173,27.588462,26.753846
6957,7174,27.592308,26.757692
6958,7175,27.596154,26.761538
6959,7176,27.600000,26.765385
6960,7177,27.603846,26.769231
6961,7178,27.607692,26.773077
6962,7179,27.611538,26.776923
6963,7180,27.615385,26.780769
6964,7181,27.619231,26.784615
6965,7182,27.623077,26.788462
6966,7183,27.626923,26.792308
6967,7184,27.630769,26.796154
6968,7185,27.634615,26.800000
6969,7186,27.638462,26.803846
6970,7187,27.642308,26.807692
6971,7188,27.646154,26.811538
6972,7189,27.650000,26.815385
6973,7190,27.653846,26.819231
6974,7191,27.657692,26.823077
6975,7192,27.661538,26.826923
6976,7193,27.665385,26.830769
6977,7194,27.669231,26.834615
6978,7195,27.673077,26.838462
6979,7196,27.676923,26.842308
6980,7197,27.680769,26.846154
6981,7198,27.684615,26.850000
6982,7199,27.688462,26.853846
6983,7200,27.692308,26.857692
6984,7201,27.696154,26.861538
6985,7202,27.700000,26.865385
6986,7203,27.703846,26.869231
6987,7204,27.707692,26.873077
6988,7205,27.711538,26.876923
6989,7206,27.715385,26.880769
6990,7207,27.719231,26.884615
6991,7208,27.723077,26.888462
6992,7209,27.726923,26.892308
6993,7210,27.730769,26.896154
6994,7211,27.734615,26.900000
6995,7212,27.738462,26.903846
6996,7213,27.742308,26.907692
6997,7214,27.746154,26.911538
6998,7215,27.750000,26.915385
6999,7216,27.753846,26.919231
7000,7217,27.757692,26.923077
7001,7218,27.761538,26.926923
7002,7219,27.765385,26.930769
7003,7220,27.769231,26.934615
7004,7221,27.773077,26.938462
7005,7222,27.776923,26.942308
7006,7223,27.780769,26.946154
7007,7224,27.784615,26.950000
7008,7225,27.788462,26.953846
7009,7226,27.792308,26.957692
7010,7227,27.796154,26.961538
7011,7228,27.800000,26.965385
7012,7229,27.803846,26.969231
7013,7230,27.807692,26.973077
7014,7231,27.811538,26.976923
7015,7232,27.815385,26.980769
7016,7233,27.819231,26.984615
7017,7234,27.823077,26.988462
7018,7235,27.826923,26.992308
7019,7236,27.830769,26.996154
7020,7237,27.834615,27.000000
7021,7238,27.838462,27.003846
7022,7239,27.842308,27.007692
7023,7240,27.846154,27.011538
7024,7241,27.850000,27.015385
7025,7242,27.853846,27.019231
7026,7243,27.857692,27.023077
7027,7244,27.861538,27.026923
7028,7245,27.865385,27.030769
7029,7246,27.869231,27.034615
7030,7247,27.873077,27.038462
7031,7248,27.876923,27.042308
7032,7249,27.880769,27.046154
7033,7250,27.884615,27.050000
7034,7251,27.888462,27.053846
7035,7252,27.892308,27.057692
7036,7253,27.896154,27.061538
7037,7254,27.900000,27.065385
7038,7255,27.903846,27.069231
7039,7256,27.907692,27.073077
7040,7257,27.911538,27.076923
7041,7258,27.915385,27.080769
7042,7259,27.919231,27.084615
7043,7260,27.923077,27.088462
7044,7261,27.926923,27.092308
7045,7262,27.930769,27.096154
7046,7263,27.934615,27.100000
7047,7264,27.938462,27.103846
7048,7265,27.942308,27.107692
7049,7266,27.946154,27.111538
7050,7267,27.950000,27.115385
7051,7268,27.953846,27.119231
7052,7269,27.957692,27.123077
7053,7270,27.961538,27.126923
7054,7271,27.965385,27.130769
7055,7272,27.969231,27.134615
7056,7273,27.973077,27.138462
7057,7274,27.976923,27.142308
7058,7275,27.980769,27.146154
7059,7276,27.984615,27.150000
7060,7277,27.988462,27.153846
7061,7278,27.992308,27.157692
7062,7279,27.996154,27.161538
7063,7280,28.000000,27.165385
7064,7281,28.003846,27.169231
7065,7282,28.007692,27.173077
7066,7283,28.011538,27.176923
7067,7284,28.015385,27.180769
7068,7285,28.019231,27.184615
7069,7286,28.023077,27.188462
7070,7287,28.026923,27.192308
7071,7288,28.030769,27.196154
7072,7289,28.034615,27.200000
7073,7290,28.038462,27.203846
7074,7291,28.042308,27.207692
7075,7292,28.046154,27.211538
7076,7293,28.050000,27.215385
7077,7294,28.053846,27.219231
7078,7295,28.057692,27.223077
7079,7296,28.061538,27.226923
7080,7297,28.065385,27.230769
7081,7298,28.069231,27.234615
7082,7299,28.073077,27.238462
7083,7300,28.076923,27.242308
7084,7301,28.080769,27.246154
7085,7302,28.084615,27.250000
7086,7303,28.088462,27.253846
7087,7304,28.092308,27.257692
7088,7305,28.096154,27.261538
7089,7306,28.100000,27.265385
7090,7307,28.103846,27.269231
7091,7308,28.107692,27.273077
7092,7309,28.111538,27.276923
7093,7310,28.115385,27.280769
7094,7311,28.119231,27.284615
7095,7312,28.123077,27.288462
7096,7313,28.126923,27.292308
7097,7314,28.130769,27.296154
7098,7315,28.134615,27.300000
7099,7316,28.138462,27.303846
7100,7317,28.142308,27.307692
7101,7318,28.146154,27.311538
7102,7319,28.150000,27.315385
7103,7320,28.153846,27.319231
7104,7321,28.157692,27.323077
7105,7322,28.161538,27.326923
7106,7323,28.165385,27.330769
7107,7324,28.169231,27.334615
7108,7325,28.173077,27.338462
7109,7326,28.176923,27.342308
7110,7327,28.180769,27.346154
7111,7328,28.184615,27.350000
7112,7329,28.188462,27.353846
7113,7330,28.192308,27.357692
7114,7331,28.196154,27.361538
7115,7332,28.200000,27.365385
7116,7333,28.203846,27.369231
7117,7334,28.207692,27.373077
7118,7335,28.211538,27.376923
7119,7336,28.215385,27.380769
7120,7337,28.219231,27.384615
7121,7338,28.223077,27.388462
7122,7339,28.226923,27.392308
7123,7340,28.230769,27.396154
7124,7341,28.234615,27.400000
7125,7342,28.238462,27.403846
7126,7343,28.242308,27.407692
7127,7344,28.246154,27.411538
7128,7345,28.250000,27.415385
7129,7346,28.253846,27.419231
7130,7347,28.257692,27.423077
7131,7348,28.261538,27.426923
7132,7349,28.265385,27.430769
7133,7350,28.269231,27.434615
7134,7351,28.273077,27.438462
7135,7352,28.276923,27.442308
7136,7353,28.280769,27.446154
7137,7354,28.284615,27.450000
7138,7355,28.288462,27.453846
7139,7356,28.292308,27.457692
7140,7357,28.296154,27.461538
7141,7358,28.300000,27.465385
7142,7359,28.303846,27.469231
7143,7360,28.307692,27.473077
7144,7361,28.311538,27.476923
7145,7362,28.315385,27.480769
7146,7363,28.319231,27.484615
7147,7364,28.323077,27.488462
7148,7365,28.326923,27.492308
7149,7366,28.330769,27.496154
7150,7367,28.334615,27.500000
7151,7368,28.338462,27.503846
7152,7369,28.342308,27.507692
7153,7370,28.346154,27.511538
7154,7371,28.350000,27.515385
7155,7372,28.353846,27.519231
7156,7373,28.357692,27.523077
7157,7374,28.361538,27.526923
7158,7375,28.365385,27.530769
7159,7376,28.369231,27.534615
7160,7377,28.373077,27.538462
7161,7378,28.376923,27.542308
7162,7379,28.380769,27.546154
7163,7380,28.384615,27.550000
7164,7381,28.388462,27.553846
7165,7382,28.392308,27.557692
7166,7383,28.396154,27.561538
7167,7384,28.400000,27.565385
7168,7385,28.403846,27.569231
7169,7386,28.407692,27.573077
7170,7387,28.411538,27.576923
7171,7388,28.415385,27.580769
7172,7389,28.419231,27.584615
7173,7390,28.423077,27.588462
7174,7391,28.426923,27.592308
7175,7392,28.430769,27.596154
7176,7393,28.434615,27.600000
7177,7394,28.438462,27.603846
7178,7395,28.442308,27.607692
7179,7396,28.446154,27.611538
7180,7397,28.450000,27.615385
7181,7398,28.453846,27.619231
7182,7399,28.457692,27.623077
7183,7400,28.461538,27.626923
7184,7401,28.465385,27.630769
7185,7402,28.469231,27.634615
7186,7403,28.473077,27.638462
7187,7404,28.476923,27.642308
7188,7405,28.480769,27.646154
7189,7406,28.484615,27.650000
7190,7407,28.488462,27.653846
7191,7408,28.492308,27.657692
7192,7409,28.496154,27.661538
7193,7410,28.500000,27.665385
7194,7411,28.503846,27.669231
7195,7412,28.507692,27.673077
7196,7413,28.511538,27.676923
7197,7414,28.515385,27.680769
7198,7415,28.519231,27.684615
7199,7416,28.523077,27.688462
7200,7417,28.526923,27.692308
7201,7418,28.530769,27.696154
7202,7419,28.534615,27.700000
7203,7420,28.538462,27.703846
7204,7421,28.542308,27.707692
7205,7422,28.546154,27.711538
7206,7423,28.550000,27.715385
7207,7424,28.553846,27.719231
7208,7425,28.557692,27.723077
7209,7426,28.561538,27.726923
7210,7427,28.565385,27.730769
7211,7428,28.569231,27.734615
7212,7429,28.573077,27.738462
7213,7430,28.576923,27.742308
7214,7431,28.580769,27.746154
7215,7432,28.584615,27.750000
7216,7433,28.588462,27.753846
7217,7434,28.592308,27.757692
7218,7435,28.596154,27.761538
7219,7436,28.600000,27.765385
7220,7437,28.603846,27.769231
7221,7438,28.607692,27.773077
7222,7439,28.611538,27.776923
7223,7440,28.615385,27.780769
7224,7441,28.619231,27.784615
7225,7442,28.623077,27.788462
7226,7443,28.626923,27.792308
7227,7444,28.630769,27.796154
7228,7445,28.634615,27.800000
7229,7446,28.638462,27.803846
7230,7447,28.642308,27.807692
7231,7448,28.646154,27.811538
7232,7449,28.650000,27.815385
7233,7450,28.653846,27.819231
7234,7451,28.657692,27.823077
7235,7452,28.661538,27.826923
7236,7453,28.665385,27.830769
7237,7454,28.669231,27.834615
7238,7455,28.673077,27.838462
7239,7456,28.676923,27.842308
7240,7457,28.680769,27.846154
7241,7458,28.684615,27.850000
7242,7459,28.688462,27.853846
7243,7460,28.692308,27.857692
7244,7461,28.696154,27.861538
7245,7462,28.700000,27.865385
7246,7463,28.703846,27.869231
7247,7464,28.707692,27.873077
7248,7465,28.711538,27.876923
7249,7466,28.715385,27.880769
7250,7467,28.719231,27.884615
7251,7468,28.723077,27.888462
7252,7469,28.726923,27.892308
7253,7470,28.730769,27.896154
7254,7471,28.734615,27.900000
7255,7472,28.738462,27.903846
7256,7473,28.742308,27.907692
7257,7474,28.746154,27.911538
7258,7475,28.750000,27.915385
7259,7476,28.753846,27.919231
7260,7477,28.757692,27.923077
7261,7478,28.761538,27.926923
7262,7479,28.765385,27.930769
7263,7480,28.769231,27.934615
7264,7481,28.773077,27.938462
7265,7482,28.776923,27.942308
7266,7483,28.780769,27.946154
7267,7484,28.784615,27.950000
7268,7485,28.788462,27.953846
7269,7486,28.792308,27.957692
7270,7487,28.796154,27.961538
7271,7488,28.800000,27.965385
7272,7489,28.803846,27.969231
7273,7490,28.807692,27.973077
7274,7491,28.811538,27.976923
7275,7492,28.815385,27.980769
7276,7493,28.819231,27.984615
7277,7494,28.823077,27.988462
7278,7495,28.826923,27.992308
7279,7496,28.830769,27.996154
7280,7497,28.834615,28.000000
7281,7498,28.838462,28.003846
7282,7499,28.842308,28.007692
7283,7500,28.846154,28.011538
7284,7501,28.850000,28.015385
7285,7502,28.853846,28.019231
7286,7503,28.857692,28.023077
7287,7504,28.861538,28.026923
7288,7505,28.865385,28.030769
7289,7506,28.869231,28.034615
7290,7507,28.873077,28.038462
7291,7508,28.876923,28.042308
7292,7509,28.880769,28.046154
7293,7510,28.884615,28.050000
7294,7511,28.888462,28.053846
7295,7512,28.892308,28.057692
7296,7513,28.896154,28.061538
7297,7514,28.900000,28.065385
7298,7515,28.903846,28.069231
7299,7516,28.907692,28.073077
7300,7517,28.911538,28.076923
7301,7518,28.915385,28.080769
7302,7519,28.919231,28.084615
7303,7520,28.923077,28.088462
7304,7521,28.926923,28.092308
7305,7522,28.930769,28.096154
7306,7523,28.934615,28.100000
7307,7524,28.938462,28.103846
7308,7525,28.942308,28.107692
7309,7526,28.946154,28.111538
7310,7527,28.950000,28.115385
7311,7528,28.953846,28.119231
7312,7529,28.957692,28.123077
7313,7530,28.961538,28.126923
7314,7531,28.965385,28.130769
7315,7532,28.969231,28.134615
7316,7533,28.973077,28.138462
7317,7534,28.976923,28.142308
7318,7535,28.980769,28.146154
7319,7536,28.984615,28.150000
7320,7537,28.988462,28.153846
7321,7538,28.992308,28.157692
7322,7539,28.996154,28.161538
7323,7540,29.000000,28.165385
7324,7541,29.003846,28.169231
7325,7542,29.007692,28.173077
7326,7543,29.011538,28.176923
7327,7544,29.015385,28.180769
7328,7545,29.019231,28.184615
7329,7546,29.023077,28.188462
7330,7547,29.026923,28.192308
7331,7548,29.030769,28.196154
7332,7549,29.034615,28.200000
7333,7550,29.038462,28.203846
7334,7551,29.042308,28.207692
7335,7552,29.046154,28.211538
7336,7553,29.050000,28.215385
7337,7554,29.053846,28.219231
7338,7555,29.057692,28.223077
7339,7556,29.061538,28.226923
7340,7557,29.065385,28.230769
7341,7558,29.069231,28.234615
7342,7559,29.073077,28.238462
7343,7560,29.076923,28.242308
7344,7561,29.080769,28.246154
7345,7562,29.084615,28.250000
7346,7563,29.088462,28.253846
7347,7564,29.092308,28.257692
7348,7565,29.096154,28.261538
7349,7566,29.100000,28.265385
7350,7567,29.103846,28.269231
7351,7568,29.107692,28.273077
7352,7569,29.111538,28.276923
7353,7570,29.115385,28.280769
7354,7571,29.119231,28.284615
7355,7572,29.123077,28.288462
7356,7573,29.126923,28.292308
7357,7574,29.130769,28.296154
7358,7575,29.134615,28.300000
7359,7576,29.138462,28.303846
7360,7577,29.142308,28.307692
7361,7578,29.146154,28.311538
7362,7579,29.150000,28.315385
7363,7580,29.153846,28.319231
7364,7581,29.157692,28.323077
7365,7582,29.161538,28.326923
7366,7583,29.165385,28.330769
7367,7584,29.169231,28.334615
7368,7585,29.173077,28.338462
7369,7586,29.176923,28.342308
7370,7587,29.180769,28.346154
7371,7588,29.184615,28.350000
7372,7589,29.188462,28.353846
7373,7590,29.192308,28.357692
7374,7591,29.196154,28.361538
7375,7592,29.200000,28.365385
7376,7593,29.203846,28.369231
7377,7594,29.207692,28.373077
7378,7595,29.211538,28.376923
7379,7596,29.215385,28.380769
7380,7597,29.219231,28.384615
7381,7598,29.223077,28.388462
7382,7599,29.226923,28.392308
7383,7600,29.230769,28.396154
7384,7601,29.234615,28.400000
7385,7602,29.238462,28.403846
7386,7603,29.242308,28.407692
7387,7604,29.246154,28.411538
7388,7605,29.250000,28.415385
7389,7606,29.253846,28.419231
7390,7607,29.257692,28.423077
7391,7608,29.261538,28.426923
7392,7609,29.265385,28.430769
7393,7610,29.269231,28.434615
7394,7611,29.273077,28.438462
7395,7612,29.276923,28.442308
7396,7613,29.280769,28.446154
7397,7614,29.284615,28.450000
7398,7615,29.288462,28.453846
7399,7616,29.292308,28.457692
7400,7617,29.296154,28.461538
7401,7618,29.300000,28.465385
7402,7619,29.303846,28.469231
7403,7620,29.307692,28.473077
7404,7621,29.311538,28.476923
7405,7622,29.315385,28.480769
7406,7623,29.319231,28.484615
7407,7624,29.323077,28.488462
7408,7625,29.326923,28.492308
7409,7626,29.330769,28.496154
7410,7627,29.334615,28.500000
7411,7628,29.338462,28.503846
7412,7629,29.342308,28.507692
7413,7630,29.346154,28.511538
7414,7631,29.350000,28.515385
7415,7632,29.353846,28.519231
7416,7633,29.357692,28.523077
7417,7634,29.361538,28.526923
7418,7635,29.365385,28.530769
7419,7636,29.369231,28.534615
7420,7637,29.373077,28.538462
7421,7638,29.376923,28.542308
7422,7639,29.380769,28.546154
7423,7640,29.384615,28.550000
7424,7641,29.388462,28.553846
7425,7642,29.392308,28.557692
7426,7643,29.396154,28.561538
7427,7644,29.400000,28.565385
7428,7645,29.403846,28.569231
7429,7646,29.407692,28.573077
7430,7647,29.411538,28.576923
7431,7648,29.415385,28.580769
7432,7649,29.419231,28.584615
7433,7650,29.423077,28.588462
7434,7651,29.426923,28.592308
7435,7652,29.430769,28.596154
7436,7653,29.434615,28.600000
7437,7654,29.438462,28.603846
7438,7655,29.442308,28.607692
7439,7656,29.446154,28.611538
7440,7657,29.450000,28.615385
7441,7658,29.453846,28.619231
7442,7659,29.457692,28.623077
7443,7660,29.461538,28.626923
7444,7661,29.465385,28.630769
7445,7662,29.469231,28.634615
7446,7663,29.473077,28.638462
7447,7664,29.476923,28.642308
7448,7665,29.480769,28.646154
7449,7666,29.484615,28.650000
7450,7667,29.488462,28.653846
7451,7668,29.492308,28.657692
7452,7669,29.496154,28.661538
7453,7670,29.500000,28.665385
7454,7671,29.503846,28.669231
7455,7672,29.507692,28.673077
7456,7673,29.511538,28.676923
7457,7674,29.515385,28.680769
7458,7675,29.519231,28.684615
7459,7676,29.523077,28.688462
7460,7677,29.526923,28.692308
7461,7678,29.530769,28.696154
7462,7679,29.534615,28.700000
7463,7680,29.538462,28.703846
7464,7681,29.542308,28.707692
7465,7682,29.546154,28.711538
7466,7683,29.550000,28.715385
7467,7684,29.553846,28.719231
7468,7685,29.557692,28.723077
7469,7686,29.561538,28.726923
7470,7687,29.565385,28.730769
7471,7688,29.569231,28.734615
7472,7689,29.573077,28.738462
7473,7690,29.576923,28.742308
7474,7691,29.580769,28.746154
7475,7692,29.584615,28.750000
7476,7693,29.588462,28.753846
7477,7694,29.592308,28.757692
7478,7695,29.596154,28.761538
7479,7696,29.600000,28.765385
7480,7697,29.603846,28.769231
7481,7698,29.607692,28.773077
7482,7699,29.611538,28.776923
7483,7700,29.615385,28.780769
7484,7701,29.619231,28.784615
7485,7702,29.623077,28.788462
7486,7703,29.626923,28.792308
7487,7704,29.630769,28.796154
7488,7705,29.634615,28.800000
7489,7706,29.638462,28.803846
7490,7707,29.642308,28.807692
7491,7708,29.646154,28.811538
7492,7709,29.650000,28.815385
7493,7710,29.653846,28.819231
7494,7711,29.657692,28.823077
7495,7712,29.661538,28.826923
7496,7713,29.665385,28.830769
7497,7714,29.669231,28.834615
7498,7715,29.673077,28.838462
7499,7716,29.676923,28.842308
7500,7717,29.680769,28.846154
7501,7718,29.684615,28.850000
7502,7719,29.688462,28.853846
7503,7720,29.692308,28.857692
7504,7721,29.696154,28.861538
7505,7722,29.700000,28.865385
7506,7723,29.703846,28.869231
7507,7724,29.707692,28.873077
7508,7725,29.711538,28.876923
7509,7726,29.715385,28.880769
7510,7727,29.719231,28.884615
7511,7728,29.723077,28.888462
7512,7729,29.726923,28.892308
7513,7730,29.730769,28.896154
7514,7731,29.734615,28.900000
7515,7732,29.738462,28.903846
7516,7733,29.742308,28.907692
7517,7734,29.746154,28.911538
7518,7735,29.750000,28.915385
7519,7736,29.753846,28.919231
7520,7737,29.757692,28.923077
7521,7738,29.761538,28.926923
7522,7739,29.765385,28.930769
7523,7740,29.769231,28.934615
7524,7741,29.773077,28.938462
7525,7742,29.776923,28.942308
7526,7743,29.780769,28.946154
7527,7744,29.784615,28.950000
7528,7745,29.788462,28.953846
7529,7746,29.792308,28.957692
7530,7747,29.796154,28.961538
7531,7748,29.800000,28.965385
7532,7749,29.803846,28.969231
7533,7750,29.807692,28.973077
7534,7751,29.811538,28.976923
7535,7752,29.815385,28.980769
7536,7753,29.819231,28.984615
7537,7754,29.823077,28.988462
7538,7755,29.826923,28.992308
7539,7756,29.830769,28.996154
7540,7757,29.834615,29.000000
7541,7758,29.838462,29.003846
7542,7759,29.842308,29.007692
7543,7760,29.846154,29.011538
7544,7761,29.850000,29.015385
7545,7762,29.853846,29.019231
7546,7763,29.857692,29.023077
7547,7764,29.861538,29.026923
7548,7765,29.865385,29.030769
7549,7766,29.869231,29.034615
7550,7767,29.873077,29.038462
7551,7768,29.876923,29.042308
7552,7769,29.880769,29.046154
7553,7770,29.884615,29.050000
7554,7771,29.888462,29.053846
7555,7772,29.892308,29.057692
7556,7773,29.896154,29.061538
7557,7774,29.900000,29.065385
7558,7775,29.903846,29.069231
7559,7776,29.907692,29.073077
7560,7777,29.911538,29.076923
7561,7778,29.915385,29.080769
7562,7779,29.919231,29.084615
7563,7780,29.923077,29.088462
7564,7781,29.926923,29.092308
7565,7782,29.930769,29.096154
7566,7783,29.934615,29.100000
7567,7784,29.938462,29.103846
7568,7785,29.942308,29.107692
7569,7786,29.946154,29.111538
7570,7787,29.950000,29.115385
7571,7788,29.953846,29.119231
7572,7789,29.957692,29.123077
7573,7790,29.961538,29.126923
7574,7791,29.965385,29.130769
7575,7792,29.969231,29.134615
7576,7793,29.973077,29.138462
7577,7794,29.976923,29.142308
7578,7795,29.980769,29.146154
7579,7796,29.984615,29.150000
7580,7797,29.988462,29.153846
7581,7798,29.992308,29.157692
7582,7799,29.996154,29.161538
7583,7800,30.000000,29.165385
7584,7801,30.003846,29.169231
7585,7802,30.007692,29.173077
7586,7803,30.011538,29.176923
7587,7804,30.015385,29.180769
7588,7805,30.019231,29.184615
7589,7806,30.023077,29.188462
7590,7807,30.026923,29.192308
7591,7808,30.030769,29.196154
7592,7809,30.034615,29.200000
7593,7810,30.038462,29.203846
7594,7811,30.042308,29.207692
7595,7812,30.046154,29.211538
7596,7813,30.050000,29.215385
7597,7814,30.053846,29.219231
7598,7815,30.057692,29.223077
7599,7816,30.061538,29.226923
7600,7817,30.065385,29.230769
7601,7818,30.069231,29.234615
7602,7819,30.073077,29.238462
7603,7820,30.076923,29.242308
7604,7821,30.080769,29.246154
7605,7822,30.084615,29.250000
7606,7823,30.088462,29.253846
7607,7824,30.092308,29.257692
7608,7825,30.096154,29.261538
7609,7826,30.100000,29.265385
7610,7827,30.103846,29.269231
7611,7828,30.107692,29.273077
7612,7829,30.111538,29.276923
7613,7830,30.115385,29.280769
7614,7831,30.119231,29.284615
7615,7832,30.123077,29.288462
7616,7833,30.126923,29.292308
7617,7834,30.130769,29.296154
7618,7835,30.134615,29.300000
7619,7836,30.138462,29.303846
7620,7837,30.142308,29.307692
7621,7838,30.146154,29.311538
7622,7839,30.150000,29.315385
7623,7840,30.153846,29.319231
7624,7841,30.157692,29.323077
7625,7842,30.161538,29.326923
7626,7843,30.165385,29.330769
7627,7844,30.169231,29.334615
7628,7845,30.173077,29.338462
7629,7846,30.176923,29.342308
7630,7847,30.180769,29.346154
7631,7848,30.184615,29.350000
7632,7849,30.188462,29.353846
7633,7850,30.192308,29.357692
7634,7851,30.196154,29.361538
7635,7852,30.200000,29.365385
7636,7853,30.203846,29.369231
7637,7854,30.207692,29.373077
7638,7855,30.211538,29.376923
7639,7856,30.215385,29.380769
7640,7857,30.219231,29.384615
7641,7858,30.223077,29.388462
7642,7859,30.226923,29.392308
7643,7860,30.230769,29.396154
7644,7861,30.234615,29.400000
7645,7862,30.238462,29.403846
7646,7863,30.242308,29.407692
7647,7864,30.246154,29.411538
7648,7865,30.250000,29.415385
7649,7866,30.253846,29.419231
7650,7867,30.257692,29.423077
7651,7868,30.261538,29.426923
7652,7869,30.265385,29.430769
7653,7870,30.269231,29.434615
7654,7871,30.273077,29.438462
7655,7872,30.276923,29.442308
7656,7873,30.280769,29.446154
7657,7874,30.284615,29.450000
7658,7875,30.288462,29.453846
7659,7876,30.292308,29.457692
7660,7877,30.296154,29.461538
7661,7878,30.300000,29.465385
7662,7879,30.303846,29.469231
7663,7880,30.307692,29.473077
7664,7881,30.311538,29.476923
7665,7882,30.315385,29.480769
7666,7883,30.319231,29.484615
7667,7884,30.323077,29.488462
7668,7885,30.326923,29.492308
7669,7886,30.330769,29.496154
7670,7887,30.334615,29.500000
7671,7888,30.338462,29.503846
7672,7889,30.342308,29.507692
7673,7890,30.346154,29.511538
7674,7891,30.350000,29.515385
7675,7892,30.353846,29.519231
7676,7893,30.357692,29.523077
7677,7894,30.361538,29.526923
7678,7895,30.365385,29.530769
7679,7896,30.369231,29.534615
7680,7897,30.373077,29.538462
7681,7898,30.376923,29.542308
7682,7899,30.380769,29.546154
7683,7900,30.384615,29.550000
7684,7901,30.388462,29.553846
7685,7902,30.392308,29.557692
7686,7903,30.396154,29.561538
7687,7904,30.400000,29.565385
7688,7905,30.403846,29.569231
7689,7906,30.407692,29.573077
7690,7907,30.411538,29.576923
7691,7908,30.415385,29.580769
7692,7909,30.419231,29.584615
7693,7910,30.423077,29.588462
7694,7911,30.426923,29.592308
7695,7912,30.430769,29.596154
7696,7913,30.434615,29.600000
7697,7914,30.438462,29.603846
7698,7915,30.442308,29.607692
7699,7916,30.446154,29.611538
7700,7917,30.450000,29.615385
7701,7918,30.453846,29.619231
7702,7919,30.457692,29.623077
7703,7920,30.461538,29.626923
7704,7921,30.465385,29.630769
7705,7922,30.469231,29.634615
7706,7923,30.473077,29.638462
7707,7924,30.476923,29.642308
7708,7925,30.480769,29.646154
7709,7926,30.484615,29.650000
7710,7927,30.488462,29.653846
7711,7928,30.492308,29.657692
7712,7929,30.496154,29.661538
7713,7930,30.500000,29.665385
7714,7931,30.503846,29.669231
7715,7932,30.507692,29.673077
7716,7933,30.511538,29.676923
7717,7934,30.515385,29.680769
7718,7935,30.519231,29.684615
7719,7936,30.523077,29.688462
7720,7937,30.526923,29.692308
7721,7938,30.530769,29.696154
7722,7939,30.534615,29.700000
7723,7940,30.538462,29.703846
7724,7941,30.542308,29.707692
7725,7942,30.546154,29.711538
7726,7943,30.550000,29.715385
7727,7944,30.553846,29.719231
7728,7945,30.557692,29.723077
7729,7946,30.561538,29.726923
7730,7947,30.565385,29.730769
7731,7948,30.569231,29.734615
7732,7949,30.573077,29.738462
7733,7950,30.576923,29.742308
7734,7951,30.580769,29.746154
7735,7952,30.584615,29.750000
7736,7953,30.588462,29.753846
7737,7954,30.592308,29.757692
7738,7955,30.596154,29.761538
7739,7956,30.600000,29.765385
7740,7957,30.603846,29.769231
7741,7958,30.607692,29.773077
7742,7959,30.611538,29.776923
7743,7960,30.615385,29.780769
7744,7961,30.619231,29.784615
7745,7962,30.623077,29.788462
7746,7963,30.626923,29.792308
7747,7964,30.630769,29.796154
7748,7965,30.634615,29.800000
7749,7966,30.638462,29.803846
7750,7967,30.642308,29.807692
7751,7968,30.646154,29.811538
7752,7969,30.650000,29.815385
7753,7970,30.653846,29.819231
7754,7971,30.657692,29.823077
7755,7972,30.661538,29.826923
7756,7973,30.665385,29.830769
7757,7974,30.669231,29.834615
7758,7975,30.673077,29.838462
7759,7976,30.676923,29.842308
7760,7977,30.680769,29.846154
7761,7978,30.684615,29.850000
7762,7979,30.688462,29.853846
7763,7980,30.692308,29.857692
7764,7981,30.696154,29.861538
7765,7982,30.700000,29.865385
7766,7983,30.703846,29.869231
7767,7984,30.707692,29.873077
7768,7985,30.711538,29.876923
7769,7986,30.715385,29.880769
7770,7987,30.719231,29.884615
7771,7988,30.723077,29.888462
7772,7989,30.726923,29.892308
7773,7990,30.730769,29.896154
7774,7991,30.734615,29.900000
7775,7992,30.738462,29.903846
7776,7993,30.742308,29.907692
7777,7994,30.746154,29.911538
7778,7995,30.750000,29.915385
7779,7996,30.753846,29.919231
7780,7997,30.757692,29.923077
7781,7998,30.761538,29.926923
7782,7999,30.765385,29.930769
7783,8000,30.769231,29.934615
7784,8001,30.773077,29.938462
7785,8002,30.776923,29.942308
7786,8003,30.780769,29.946154
7787,8004,30.784615,29.950000
7788,8005,30.788462,29.953846
7789,8006,30.792308,29.957692
7790,8007,30.796154,29.961538
7791,8008,30.800000,29.965385
7792,8009,30.803846,29.969231
7793,8010,30.807692,29.973077
7794,8011,30.811538,29.976923
7795,8012,30.815385,29.980769
7796,8013,30.819231,29.984615
7797,8014,30.823077,29.988462
7798,8015,30.826923,29.992308
7799,8016,30.830769,29.996154
7800,8017,30.834615,30.000000
7801,8018,30.838462,30.003846
7802,8019,30.842308,30.007692
7803,8020,30.846154,30.011538
7804,8021,30.850000,30.015385
7805,8022,30.853846,30.019231
7806,8023,30.857692,30.023077
7807,8024,30.861538,30.026923
7808,8025,30.865385,30.030769
7809,8026,30.869231,30.034615
7810,8027,30.873077,30.038462
7811,8028,30.876923,30.042308
7812,8029,30.880769,30.046154
7813,8030,30.884615,30.050000
7814,8031,30.888462,30.053846
7815,8032,30.892308,30.057692
7816,8033,30.896154,30.061538
7817,8034,30.900000,30.065385
7818,8035,30.903846,30.069231
7819,8036,30.907692,30.073077
7820,8037,30.911538,30.076923
7821,8038,30.915385,30.080769
7822,8039,30.919231,30.084615
7823,8040,30.923077,30.088462
7824,8041,30.926923,30.092308
7825,8042,30.930769,30.096154
7826,8043,30.934615,30.100000
7827,8044,30.938462,30.103846
7828,8045,30.942308,30.107692
7829,8046,30.946154,30.111538
7830,8047,30.950000,30.115385
7831,8048,30.953846,30.119231
7832,8049,30.957692,30.123077
7833,8050,30.961538,30.126923
7834,8051,30.965385,30.130769
7835,8052,30.969231,30.134615
7836,8053,30.973077,30.138462
7837,8054,30.976923,30.142308
7838,8055,30.980769,30.146154
7839,8056,30.984615,30.150000
7840,8057,30.988462,30.153846
7841,8058,30.992308,30.157692
7842,8059,30.996154,30.161538
7843,8060,31.000000,30.165385
7844,8061,31.003846,30.169231
7845,8062,31.007692,30.173077
7846,8063,31.011538,30.176923
7847,8064,31.015385,30.180769
7848,8065,31.019231,30.184615
7849,8066,31.023077,30.188462
7850,8067,31.026923,30.192308
7851,8068,31.030769,30.196154
7852,8069,31.034615,30.200000
7853,8070,31.038462,30.203846
7854,8071,31.042308,30.207692
7855,8072,31.046154,30.211538
7856,8073,31.050000,30.215385
7857,8074,31.053846,30.219231
7858,8075,31.057692,30.223077
7859,8076,31.061538,30.226923
7860,8077,31.065385,30.230769
7861,8078,31.069231,30.234615
7862,8079,31.073077,30.238462
7863,8080,31.076923,30.242308
7864,8081,31.080769,30.246154
7865,8082,31.084615,30.250000
7866,8083,31.088462,30.253846
7867,8084,31.092308,30.257692
7868,8085,31.096154,30.261538
7869,8086,31.100000,30.265385
7870,8087,31.103846,30.269231
7871,8088,31.107692,30.273077
7872,8089,31.111538,30.276923
7873,8090,31.115385,30.280769
7874,8091,31.119231,30.284615
7875,8092,31.123077,30.288462
7876,8093,31.126923,30.292308
7877,8094,31.130769,30.296154
7878,8095,31.134615,30.300000
7879,8096,31.138462,30.303846
7880,8097,31.142308,30.307692
7881,8098,31.146154,30.311538
7882,8099,31.150000,30.315385
7883,8100,31.153846,30.319231
7884,8101,31.157692,30.323077
7885,8102,31.161538,30.326923
7886,8103,31.165385,30.330769
7887,8104,31.169231,30.334615
7888,8105,31.173077,30.338462
7889,8106,31.176923,30.342308
7890,8107,31.180769,30.346154
7891,8108,31.184615,30.350000
7892,8109,31.188462,30.353846
7893,8110,31.192308,30.357692
7894,8111,31.196154,30.361538
7895,8112,31.200000,30.365385
7896,8113,31.203846,30.369231
7897,8114,31.207692,30.373077
7898,8115,31.211538,30.376923
7899,8116,31.215385,30.380769
7900,8117,31.219231,30.384615
7901,8118,31.223077,30.388462
7902,8119,31.226923,30.392308
7903,8120,31.230769,30.396154
7904,8121,31.234615,30.400000
7905,8122,31.238462,30.403846
7906,8123,31.242308,30.407692
7907,8124,31.246154,30.411538
7908,8125,31.250000,30.415385
7909,8126,31.253846,30.419231
7910,8127,31.257692,30.423077
7911,8128,31.261538,30.426923
7912,8129,31.265385,30.430769
7913,8130,31.269231,30.434615
7914,8131,31.273077,30.438462
7915,8132,31.276923,30.442308
7916,8133,31.280769,30.446154
7917,8134,31.284615,30.450000
7918,8135,31.288462,30.453846
7919,8136,31.292308,30.457692
7920,8137,31.296154,30.461538
7921,8138,31.300000,30.465385
7922,8139,31.303846,30.469231
7923,8140,31.307692,30.473077
7924,8141,31.311538,30.476923
7925,8142,31.315385,30.480769
7926,8143,31.319231,30.484615
7927,8144,31.323077,30.488462
7928,8145,31.326923,30.492308
7929,8146,31.330769,30.496154
7930,8147,31.334615,30.500000
7931,8148,31.338462,30.503846
7932,8149,31.342308,30.507692
7933,8150,31.346154,30.511538
7934,8151,31.350000,30.515385
7935,8152,31.353846,30.519231
7936,8153,31.357692,30.523077
7937,8154,31.361538,30.526923
7938,8155,31.365385,30.530769
7939,8156,31.369231,30.534615
7940,8157,31.373077,30.538462
7941,8158,31.376923,30.542308
7942,8159,31.380769,30.546154
7943,8160,31.384615,30.550000
7944,8161,31.388462,30.553846
7945,8162,31.392308,30.557692
7946,8163,31.396154,30.561538
7947,8164,31.400000,30.565385
7948,8165,31.403846,30.569231
7949,8166,31.407692,30.573077
7950,8167,31.411538,30.576923
7951,8168,31.415385,30.580769
7952,8169,31.419231,30.584615
7953,8170,31.423077,30.588462
7954,8171,31.426923,30.592308
7955,8172,31.430769,30.596154
7956,8173,31.434615,30.600000
7957,8174,31.438462,30.603846
7958,8175,31.442308,30.607692
7959,8176,31.446154,30.611538
7960,8177,31.450000,30.615385
7961,8178,31.453846,30.619231
7962,8179,31.457692,30.623077
7963,8180,31.461538,30.626923
7964,8181,31.465385,30.630769
7965,8182,31.469231,30.634615
7966,8183,31.473077,30.638462
7967,8184,31.476923,30.642308
7968,8185,31.480769,30.646154
7969,8186,31.484615,30.650000
7970,8187,31.488462,30.653846
7971,8188,31.492308,30.657692
7972,8189,31.496154,30.661538
7973,8190,31.500000,30.665385
7974,8191,31.503846,30.669231
7975,8192,31.507692,30.673077
7976,8193,31.511538,30.676923
7977,8194,31.515385,30.680769
7978,8195,31.519231,30.684615
7979,8196,31.523077,30.688462
7980,8197,31.526923,30.692308
7981,8198,31.530769,30.696154
7982,8199,31.534615,30.700000
7983,8200,31.538462,30.703846
7984,8201,31.542308,30.707692
7985,8202,31.546154,30.711538
7986,8203,31.550000,30.715385
7987,8204,31.553846,30.719231
7988,8205,31.557692,30.723077
7989,8206,31.561538,30.726923
7990,8207,31.565385,30.730769
7991,8208,31.569231,30.734615
7992,8209,31.573077,30.738462
7993,8210,31.576923,30.742308
7994,8211,31.580769,30.746154
7995,8212,31.584615,30.750000
7996,8213,31.588462,30.753846
7997,8214,31.592308,30.757692
7998,8215,31.596154,30.761538
7999,8216,31.600000,30.765385
8000,8217,31.603846,30.769231
8001,8218,31.607692,30.773077
8002,8219,31.611538,30.776923
8003,8220,31.615385,30.780769
8004,8221,31.619231,30.784615
8005,8222,31.623077,30.788462
8006,8223,31.626923,30.792308
8007,8224,31.630769,30.796154
8008,8225,31.634615,30.800000
8009,8226,31.638462,30.803846
8010,8227,31.642308,30.807692
8011,8228,31.646154,30.811538
8012,8229,31.650000,30.815385
8013,8230,31.653846,30.819231
8014,8231,31.657692,30.823077
8015,8232,31.661538,30.826923
8016,8233,31.665385,30.830769
8017,8234,31.669231,30.834615
8018,8235,31.673077,30.838462
8019,8236,31.676923,30.842308
8020,8237,31.680769,30.846154
8021,8238,31.684615,30.850000
8022,8239,31.688462,30.853846
8023,8240,31.692308,30.857692
8024,8241,31.696154,30.861538
8025,8242,31.700000,30.865385
8026,8243,31.703846,30.869231
8027,8244,31.707692,30.873077
8028,8245,31.711538,30.876923
8029,8246,31.715385,30.880769
8030,8247,31.719231,30.884615
8031,8248,31.723077,30.888462
8032,8249,31.726923,30.892308
8033,8250,31.730769,30.896154
8034,8251,31.734615,30.900000
8035,8252,31.738462,30.903846
8036,8253,31.742308,30.907692
8037,8254,31.746154,30.911538
8038,8255,31.750000,30.915385
8039,8256,31.753846,30.919231
8040,8257,31.757692,30.923077
8041,8258,31.761538,30.926923
8042,8259,31.765385,30.930769
8043,8260,31.769231,30.934615
8044,8261,31.773077,30.938462
8045,8262,31.776923,30.942308
8046,8263,31.780769,30.946154
8047,8264,31.784615,30.950000
8048,8265,31.788462,30.953846
8049,8266,31.792308,30.957692
8050,8267,31.796154,30.961538
8051,8268,31.800000,30.965385
8052,8269,31.803846,30.969231
8053,8270,31.807692,30.973077
8054,8271,31.811538,30.976923
8055,8272,31.815385,30.980769
8056,8273,31.819231,30.984615
8057,8274,31.823077,30.988462
8058,8275,31.826923,30.992308
8059,8276,31.830769,30.996154
8060,8277,31.834615,31.000000
8061,8278,31.838462,31.003846
8062,8279,31.842308,31.007692
8063,8280,31.846154,31.011538
8064,8281,31.850000,31.015385
8065,8282,31.853846,31.019231
8066,8283,31.857692,31.023077
8067,8284,31.861538,31.026923
8068,8285,31.865385,31.030769
8069,8286,31.869231,31.034615
8070,8287,31.873077,31.038462
8071,8288,31.876923,31.042308
8072,8289,31.880769,31.046154
8073,8290,31.884615,31.050000
8074,8291,31.888462,31.053846
8075,8292,31.892308,31.057692
8076,8293,31.896154,31.061538
8077,8294,31.900000,31.065385
8078,8295,31.903846,31.069231
8079,8296,31.907692,31.073077
8080,8297,31.911538,31.076923
8081,8298,31.915385,31.080769
8082,8299,31.919231,31.084615
8083,8300,31.923077,31.088462
8084,8301,31.926923,31.092308
8085,8302,31.930769,31.096154
8086,8303,31.934615,31.100000
8087,8304,31.938462,31.103846
8088,8305,31.942308,31.107692
8089,8306,31.946154,31.111538
8090,8307,31.950000,31.115385
8091,8308,31.953846,31.119231
8092,8309,31.957692,31.123077
8093,8310,31.961538,31.126923
8094,8311,31.965385,31.130769
8095,8312,31.969231,31.134615
8096,8313,31.973077,31.138462
8097,8314,31.976923,31.142308
8098,8315,31.980769,31.146154
8099,8316,31.984615,31.150000
8100,8317,31.988462,31.153846
8101,8318,31.992308,31.157692
8102,8319,31.996154,31.161538
8103,8320,32.000000,31.165385
8104,8321,32.003846,31.169231
8105,8322,32.007692,31.173077
8106,8323,32.011538,31.176923
8107,8324,32.015385,31.180769
8108,8325,32.019231,31.184615
8109,8326,32.023077,31.188462
8110,8327,32.026923,31.192308
8111,8328,32.030769,31.196154
8112,8329,32.034615,31.200000
8113,8330,32.038462,31.203846
8114,8331,32.042308,31.207692
8115,8332,32.046154,31.211538
8116,8333,32.050000,31.215385
8117,8334,32.053846,31.219231
8118,8335,32.057692,31.223077
8119,8336,32.061538,31.226923
8120,8337,32.065385,31.230769
8121,8338,32.069231,31.234615
8122,8339,32.073077,31.238462
8123,8340,32.076923,31.242308
8124,8341,32.080769,31.246154
8125,8342,32.084615,31.250000
8126,8343,32.088462,31.253846
8127,8344,32.092308,31.257692
8128,8345,32.096154,31.261538
8129,8346,32.100000,31.265385
8130,8347,32.103846,31.269231
8131,8348,32.107692,31.273077
8132,8349,32.111538,31.276923
8133,8350,32.115385,31.280769
8134,8351,32.119231,31.284615
8135,8352,32.123077,31.288462
8136,8353,32.126923,31.292308
8137,8354,32.130769,31.296154
8138,8355,32.134615,31.300000
8139,8356,32.138462,31.303846
8140,8357,32.142308,31.307692
8141,8358,32.146154,31.311538
8142,8359,32.150000,31.315385
8143,8360,32.153846,31.319231
8144,8361,32.157692,31.323077
8145,8362,32.161538,31.326923
8146,8363,32.165385,31.330769
8147,8364,32.169231,31.334615
8148,8365,32.173077,31.338462
8149,8366,32.176923,31.342308
8150,8367,32.180769,31.346154
8151,8368,32.184615,31.350000
8152,8369,32.188462,31.353846
8153,8370,32.192308,31.357692
8154,8371,32.196154,31.361538
8155,8372,32.200000,31.365385
8156,8373,32.203846,31.369231
8157,8374,32.207692,31.373077
8158,8375,32.211538,31.376923
8159,8376,32.215385,31.380769
8160,8377,32.219231,31.384615
8161,8378,32.223077,31.388462
8162,8379,32.226923,31.392308
8163,8380,32.230769,31.396154
8164,8381,32.234615,31.400000
8165,8382,32.238462,31.403846
8166,8383,32.242308,31.407692
8167,8384,32.246154,31.411538
8168,8385,32.250000,31.415385
8169,8386,32.253846,31.419231
8170,8387,32.257692,31.423077
8171,8388,32.261538,31.426923
8172,8389,32.265385,31.430769
8173,8390,32.269231,31.434615
8174,8391,32.273077,31.438462
8175,8392,32.276923,31.442308
8176,8393,32.280769,31.446154
8177,8394,32.284615,31.450000
8178,8395,32.288462,31.453846
8179,8396,32.292308,31.457692
8180,8397,32.296154,31.461538
8181,8398,32.300000,31.465385
8182,8399,32.303846,31.469231
8183,8400,32.307692,31.473077
8184,8401,32.311538,31.476923
8185,8402,32.315385,31.480769
8186,8403,32.319231,31.484615
8187,8404,32.323077,31.488462
8188,8405,32.326923,31.492308
8189,8406,32.330769,31.496154
8190,8407,32.334615,31.500000
8191,8408,32.338462,31.503846
8192,8409,32.342308,31.507692
8193,8410,32.346154,31.511538
8194,8411,32.350000,31.515385
8195,8412,32.353846,31.519231
8196,8413,32.357692,31.523077
8197,8414,32.361538,31.526923
8198,8415,32.365385,31.530769
8199,8416,32.369231,31.534615
8200,8417,32.373077,31.538462
8201,8418,32.376923,31.542308
8202,8419,32.380769,31.546154
8203,8420,32.384615,31.550000
8204,8421,32.388462,31.553846
8205,8422,32.392308,31.557692
8206,8423,32.396154,31.561538
8207,8424,32.400000,31.565385
8208,8425,32.403846,31.569231
8209,8426,32.407692,31.573077
8210,8427,32.411538,31.576923
8211,8428,32.415385,31.580769
8212,8429,32.419231,31.584615
8213,8430,32.423077,31.588462
8214,8431,32.426923,31.592308
8215,8432,32.430769,31.596154
8216,8433,32.434615,31.600000
8217,8434,32.438462,31.603846
8218,8435,32.442308,31.607692
8219,8436,32.446154,31.611538
8220,8437,32.450000,31.615385
8221,8438,32.453846,31.619231
8222,8439,32.457692,31.623077
8223,8440,32.461538,31.626923
8224,8441,32.465385,31.630769
8225,8442,32.469231,31.634615
8226,8443,32.473077,31.638462
8227,8444,32.476923,31.642308
8228,8445,32.480769,31.646154
8229,8446,32.484615,31.650000
8230,8447,32.488462,31.653846
8231,8448,32.492308,31.657692
8232,8449,32.496154,31.661538
8233,8450,32.500000,31.665385
8234,8451,32.503846,31.669231
8235,8452,32.507692,31.673077
8236,8453,32.511538,31.676923
8237,8454,32.515385,31.680769
8238,8455,32.519231,31.684615
8239,8456,32.523077,31.688462
8240,8457,32.526923,31.692308
8241,8458,32.530769,31.696154
8242,8459,32.534615,31.700000
8243,8460,32.538462,31.703846
8244,8461,32.542308,31.707692
8245,8462,32.546154,31.711538
8246,8463,32.550000,31.715385
8247,8464,32.553846,31.719231
8248,8465,32.557692,31.723077
8249,8466,32.561538,31.726923
8250,8467,32.565385,31.730769
8251,8468,32.569231,31.734615
8252,8469,32.573077,31.738462
8253,8470,32.576923,31.742308
8254,8471,32.580769,31.746154
8255,8472,32.584615,31.750000
8256,8473,32.588462,31.753846
8257,8474,32.592308,31.757692
8258,8475,32.596154,31.761538
8259,8476,32.600000,31.765385
8260,8477,32.603846,31.769231
8261,8478,32.607692,31.773077
8262,8479,32.611538,31.776923
8263,8480,32.615385,31.780769
8264,8481,32.619231,31.784615
8265,8482,32.623077,31.788462
8266,8483,32.626923,31.792308
8267,8484,32.630769,31.796154
8268,8485,32.634615,31.800000
8269,8486,32.638462,31.803846
8270,8487,32.642308,31.807692
8271,8488,32.646154,31.811538
8272,8489,32.650000,31.815385
8273,8490,32.653846,31.819231
8274,8491,32.657692,31.823077
8275,8492,32.661538,31.826923
8276,8493,32.665385,31.830769
8277,8494,32.669231,31.834615
8278,8495,32.673077,31.838462
8279,8496,32.676923,31.842308
8280,8497,32.680769,31.846154
8281,8498,32.684615,31.850000
8282,8499,32.688462,31.853846
8283,8500,32.692308,31.857692
8284,8501,32.696154,31.861538
8285,8502,32.700000,31.865385
8286,8503,32.703846,31.869231
8287,8504,32.707692,31.873077
8288,8505,32.711538,31.876923
8289,8506,32.715385,31.880769
8290,8507,32.719231,31.884615
8291,8508,32.723077,31.888462
8292,8509,32.726923,31.892308
8293,8510,32.730769,31.896154
8294,8511,32.734615,31.900000
8295,8512,32.738462,31.903846
8296,8513,32.742308,31.907692
8297,8514,32.746154,31.911538
8298,8515,32.750000,31.915385
8299,8516,32.753846,31.919231
8300,8517,32.757692,31.923077
8301,8518,32.761538,31.926923
8302,8519,32.765385,31.930769
8303,8520,32.769231,31.934615
8304,8521,32.773077,31.938462
8305,8522,32.776923,31.942308
8306,8523,32.780769,31.946154
8307,8524,32.784615,31.950000
8308,8525,32.788462,31.953846
8309,8526,32.792308,31.957692
8310,8527,32.796154,31.961538
8311,8528,32.800000,31.965385
8312,8529,32.803846,31.969231
8313,8530,32.807692,31.973077
8314,8531,32.811538,31.976923
8315,8532,32.815385,31.980769
8316,8533,32.819231,31.984615
8317,8534,32.823077,31.988462
8318,8535,32.826923,31.992308
8319,8536,32.830769,31.996154
8320,8537,32.834615,32.000000
8321,8538,32.838462,32.003846
8322,8539,32.842308,32.007692
8323,8540,32.846154,32.011538
8324,8541,32.850000,32.015385
8325,8542,32.853846,32.019231
8326,8543,32.857692,32.023077
8327,8544,32.861538,32.026923
8328,8545,32.865385,32.030769
8329,8546,32.869231,32.034615
8330,8547,32.873077,32.038462
8331,8548,32.876923,32.042308
8332,8549,32.880769,32.046154
8333,8550,32.884615,32.050000
8334,8551,32.888462,32.053846
8335,8552,32.892308,32.057692
8336,8553,32.896154,32.061538
8337,8554,32.900000,32.065385
8338,8555,32.903846,32.069231
8339,8556,32.907692,32.073077
8340,8557,32.911538,32.076923
8341,8558,32.915385,32.080769
8342,8559,32.919231,32.084615
8343,8560,32.923077,32.088462
8344,8561,32.926923,32.092308
8345,8562,32.930769,32.096154
8346,8563,32.934615,32.100000
8347,8564,32.938462,32.103846
8348,8565,32.942308,32.107692
8349,8566,32.946154,32.111538
8350,8567,32.950000,32.115385
8351,8568,32.953846,32.119231
8352,8569,32.957692,32.123077
8353,8570,32.961538,32.126923
8354,8571,32.965385,32.130769
8355,8572,32.969231,32.134615
8356,8573,32.973077,32.138462
8357,8574,32.976923,32.142308
8358,8575,32.980769,32.146154
8359,8576,32.984615,32.150000
8360,8577,32.988462,32.153846
8361,8578,32.992308,32.157692
8362,8579,32.996154,32.161538
8363,8580,33.000000,32.165385
8364,8581,33.003846,32.169231
8365,8582,33.007692,32.173077
8366,8583,33.011538,32.176923
8367,8584,33.015385,32.180769
8368,8585,33.019231,32.184615
8369,8586,33.023077,32.188462
8370,8587,33.026923,32.192308
8371,8588,33.030769,32.196154
8372,8589,33.034615,32.200000
8373,8590,33.038462,32.203846
8374,8591,33.042308,32.207692
8375,8592,33.046154,32.211538
8376,8593,33.050000,32.215385
8377,8594,33.053846,32.219231
8378,8595,33.057692,32.223077
8379,8596,33.061538,32.226923
8380,8597,33.065385,32.230769
8381,8598,33.069231,32.234615
8382,8599,33.073077,32.238462
8383,8600,33.076923,32.242308
8384,8601,33.080769,32.246154
8385,8602,33.084615,32.250000
8386,8603,33.088462,32.253846
8387,8604,33.092308,32.257692
8388,8605,33.096154,32.261538
8389,8606,33.100000,32.265385
8390,8607,33.103846,32.269231
8391,8608,33.107692,32.273077
8392,8609,33.111538,32.276923
8393,8610,33.115385,32.280769
8394,8611,33.119231,32.284615
8395,8612,33.123077,32.288462
8396,8613,33.126923,32.292308
8397,8614,33.130769,32.296154
8398,8615,33.134615,32.300000
8399,8616,33.138462,32.303846
8400,8617,33.142308,32.307692
8401,8618,33.146154,32.311538
8402,8619,33.150000,32.315385
8403,8620,33.153846,32.319231
8404,8621,33.157692,32.323077
8405,8622,33.161538,32.326923
8406,8623,33.165385,32.330769
8407,8624,33.169231,32.334615
8408,8625,33.173077,32.338462
8409,8626,33.176923,32.342308
8410,8627,33.180769,32.346154
8411,8628,33.184615,32.350000
8412,8629,33.188462,32.353846
8413,8630,33.192308,32.357692
8414,8631,33.196154,32.361538
8415,8632,33.200000,32.365385
8416,8633,33.203846,32.369231
8417,8634,33.207692,32.373077
8418,8635,33.211538,32.376923
8419,8636,33.215385,32.380769
8420,8637,33.219231,32.384615
8421,8638,33.223077,32.388462
8422,8639,33.226923,32.392308
8423,8640,33.230769,32.396154
8424,8641,33.234615,32.400000
8425,8642,33.238462,32.403846
8426,8643,33.242308,32.407692
8427,8644,33.246154,32.411538
8428,8645,33.250000,32.415385
8429,8646,33.253846,32.419231
8430,8647,33.257692,32.423077
8431,8648,33.261538,32.426923
8432,8649,33.265385,32.430769
8433,8650,33.269231,32.434615
8434,8651,33.273077,32.438462
8435,8652,33.276923,32.442308
8436,8653,33.280769,32.446154
8437,8654,33.284615,32.450000
8438,8655,33.288462,32.453846
8439,8656,33.292308,32.457692
8440,8657,33.296154,32.461538
8441,8658,33.300000,32.465385
8442,8659,33.303846,32.469231
8443,8660,33.307692,32.473077
8444,8661,33.311538,32.476923
8445,8662,33.315385,32.480769
8446,8663,33.319231,32.484615
8447,8664,33.323077,32.488462
8448,8665,33.326923,32.492308
8449,8666,33.330769,32.496154
8450,8667,33.334615,32.500000
8451,8668,33.338462,32.503846
8452,8669,33.342308,32.507692
8453,8670,33.346154,32.511538
8454,8671,33.350000,32.515385
8455,8672,33.353846,32.519231
8456,8673,33.357692,32.523077
8457,8674,33.361538,32.526923
8458,8675,33.365385,32.530769
8459,8676,33.369231,32.534615
8460,8677,33.373077,32.538462
8461,8678,33.376923,32.542308
8462,8679,33.380769,32.546154
8463,8680,33.384615,32.550000
8464,8681,33.388462,32.553846
8465,8682,33.392308,32.557692
8466,8683,33.396154,32.561538
8467,8684,33.400000,32.565385
8468,8685,33.403846,32.569231
8469,8686,33.407692,32.573077
8470,8687,33.411538,32.576923
8471,8688,33.415385,32.580769
8472,8689,33.419231,32.584615
8473,8690,33.423077,32.588462
8474,8691,33.426923,32.592308
8475,8692,33.430769,32.596154
8476,8693,33.434615,32.600000
8477,8694,33.438462,32.603846
8478,8695,33.442308,32.607692
8479,8696,33.446154,32.611538
8480,8697,33.450000,32.615385
8481,8698,33.453846,32.619231
8482,8699,33.457692,32.623077
8483,8700,33.461538,32.626923
8484,8701,33.465385,32.630769
8485,8702,33.469231,32.634615
8486,8703,33.473077,32.638462
8487,8704,33.476923,32.642308
8488,8705,33.480769,32.646154
8489,8706,33.484615,32.650000
8490,8707,33.488462,32.653846
8491,8708,33.492308,32.657692
8492,8709,33.496154,32.661538
8493,8710,33.500000,32.665385
8494,8711,33.503846,32.669231
8495,8712,33.507692,32.673077
8496,8713,33.511538,32.676923
8497,8714,33.515385,32.680769
8498,8715,33.519231,32.684615
8499,8716,33.523077,32.688462
8500,8717,33.526923,32.692308
8501,8718,33.530769,32.696154
8502,8719,33.534615,32.700000
8503,8720,33.538462,32.703846
8504,8721,33.542308,32.707692
8505,8722,33.546154,32.711538
8506,8723,33.550000,32.715385
8507,8724,33.553846,32.719231
8508,8725,33.557692,32.723077
8509,8726,33.561538,32.726923
8510,8727,33.565385,32.730769
8511,8728,33.569231,32.734615
8512,8729,33.573077,32.738462
8513,8730,33.576923,32.742308
8514,8731,33.580769,32.746154
8515,8732,33.584615,32.750000
8516,8733,33.588462,32.753846
8517,8734,33.592308,32.757692
8518,8735,33.596154,32.761538
8519,8736,33.600000,32.765385
8520,8737,33.603846,32.769231
8521,8738,33.607692,32.773077
8522,8739,33.611538,32.776923
8523,8740,33.615385,32.780769
8524,8741,33.619231,32.784615
8525,8742,33.623077,32.788462
8526,8743,33.626923,32.792308
8527,8744,33.630769,32.796154
8528,8745,33.634615,32.800000
8529,8746,33.638462,32.803846
8530,8747,33.642308,32.807692
8531,8748,33.646154,32.811538
8532,8749,33.650000,32.815385
8533,8750,33.653846,32.819231
8534,8751,33.657692,32.823077
8535,8752,33.661538,32.826923
8536,8753,33.665385,32.830769
8537,8754,33.669231,32.834615
8538,8755,33.673077,32.838462
8539,8756,33.676923,32.842308
8540,8757,33.680769,32.846154
8541,8758,33.684615,32.850000
8542,8759,33.688462,32.853846
8543,8760,33.692308,32.857692
8544,8761,33.696154,32.861538
8545,8762,33.700000,32.865385
8546,8763,33.703846,32.869231
8547,8764,33.707692,32.873077
8548,8765,33.711538,32.876923
8549,8766,33.715385,32.880769
8550,8767,33.719231,32.884615
8551,8768,33.723077,32.888462
8552,8769,33.726923,32.892308
8553,8770,33.730769,32.896154
8554,8771,33.734615,32.900000
8555,8772,33.738462,32.903846
8556,8773,33.742308,32.907692
8557,8774,33.746154,32.911538
8558,8775,33.750000,32.915385
8559,8776,33.753846,32.919231
8560,8777,33.757692,32.923077
8561,8778,33.761538,32.926923
8562,8779,33.765385,32.930769
8563,8780,33.769231,32.934615
8564,8781,33.773077,32.938462
8565,8782,33.776923,32.942308
8566,8783,33.780769,32.946154
8567,8784,33.784615,32.950000
8568,8785,33.788462,32.953846
8569,8786,33.792308,32.957692
8570,8787,33.796154,32.961538
8571,8788,33.800000,32.965385
8572,8789,33.803846,32.969231
8573,8790,33.807692,32.973077
8574,8791,33.811538,32.976923
8575,8792,33.815385,32.980769
8576,8793,33.819231,32.984615
8577,8794,33.823077,32.988462
8578,8795,33.826923,32.992308
8579,8796,33.830769,32.996154
8580,8797,33.834615,33.000000
8581,8798,33.838462,33.003846
8582,8799,33.842308,33.007692
8583,8800,33.846154,33.011538
8584,8801,33.850000,33.015385
8585,8802,33.853846,33.019231
8586,8803,33.857692,33.023077
8587,8804,33.861538,33.026923
8588,8805,33.865385,33.030769
8589,8806,33.869231,33.034615
8590,8807,33.873077,33.038462
8591,8808,33.876923,33.042308
8592,8809,33.880769,33.046154
8593,8810,33.884615,33.050000
8594,8811,33.888462,33.053846
8595,8812,33.892308,33.057692
8596,8813,33.896154,33.061538
8597,8814,33.900000,33.065385
8598,8815,33.903846,33.069231
8599,8816,33.907692,33.073077
8600,8817,33.911538,33.076923
8601,8818,33.915385,33.080769
8602,8819,33.919231,33.084615
8603,8820,33.923077,33.088462
8604,8821,33.926923,33.092308
8605,8822,33.930769,33.096154
8606,8823,33.934615,33.100000
8607,8824,33.938462,33.103846
8608,8825,33.942308,33.107692
8609,8826,33.946154,33.111538
8610,8827,33.950000,33.115385
8611,8828,33.953846,33.119231
8612,8829,33.957692,33.123077
8613,8830,33.961538,33.126923
8614,8831,33.965385,33.130769
8615,8832,33.969231,33.134615
8616,8833,33.973077,33.138462
8617,8834,33.976923,33.142308
8618,8835,33.980769,33.146154
8619,8836,33.984615,33.150000
8620,8837,33.988462,33.153846
8621,8838,33.992308,33.157692
8622,8839,33.996154,33.161538
8623,8840,34.000000,33.165385
8624,8841,34.003846,33.169231
8625,8842,34.007692,33.173077
8626,8843,34.011538,33.176923
8627,8844,34.015385,33.180769
8628,8845,34.019231,33.184615
8629,8846,34.023077,33.188462
8630,8847,34.026923,33.192308
8631,8848,34.030769,33.196154
8632,8849,34.034615,33.200000
8633,8850,34.038462,33.203846
8634,8851,34.042308,33.207692
8635,8852,34.046154,33.211538
8636,8853,34.050000,33.215385
8637,8854,34.053846,33.219231
8638,8855,34.057692,33.223077
8639,8856,34.061538,33.226923
8640,8857,34.065385,33.230769
8641,8858,34.069231,33.234615
8642,8859,34.073077,33.238462
8643,8860,34.076923,33.242308
8644,8861,34.080769,33.246154
8645,8862,34.084615,33.250000
8646,8863,34.088462,33.253846
8647,8864,34.092308,33.257692
8648,8865,34.096154,33.261538
8649,8866,34.100000,33.265385
8650,8867,34.103846,33.269231
8651,8868,34.107692,33.273077
8652,8869,34.111538,33.276923
8653,8870,34.115385,33.280769
8654,8871,34.119231,33.284615
8655,8872,34.123077,33.288462
8656,8873,34.126923,33.292308
8657,8874,34.130769,33.296154
8658,8875,34.134615,33.300000
8659,8876,34.138462,33.303846
8660,8877,34.142308,33.307692
8661,8878,34.146154,33.311538
8662,8879,34.150000,33.315385
8663,8880,34.153846,33.319231
8664,8881,34.157692,33.323077
8665,8882,34.161538,33.326923
8666,8883,34.165385,33.330769
8667,8884,34.169231,33.334615
8668,8885,34.173077,33.338462
8669,8886,34.176923,33.342308
8670,8887,34.180769,33.346154
8671,8888,34.184615,33.350000
8672,8889,34.188462,33.353846
8673,8890,34.192308,33.357692
8674,8891,34.196154,33.361538
8675,8892,34.200000,33.365385
8676,8893,34.203846,33.369231
8677,8894,34.207692,33.373077
8678,8895,34.211538,33.376923
8679,8896,34.215385,33.380769
8680,8897,34.219231,33.384615
8681,8898,34.223077,33.388462
8682,8899,34.226923,33.392308
8683,8900,34.230769,33.396154
8684,8901,34.234615,33.400000
8685,8902,34.238462,33.403846
8686,8903,34.242308,33.407692
8687,8904,34.246154,33.411538
8688,8905,34.250000,33.415385
8689,8906,34.253846,33.419231
8690,8907,34.257692,33.423077
8691,8908,34.261538,33.426923
8692,8909,34.265385,33.430769
8693,8910,34.269231,33.434615
8694,8911,34.273077,33.438462
8695,8912,34.276923,33.442308
8696,8913,34.280769,33.446154
8697,8914,34.284615,33.450000
8698,8915,34.288462,33.453846
8699,8916,34.292308,33.457692
8700,8917,34.296154,33.461538
8701,8918,34.300000,33.465385
8702,8919,34.303846,33.469231
8703,8920,34.307692,33.473077
8704,8921,34.311538,33.476923
8705,8922,34.315385,33.480769
8706,8923,34.319231,33.484615
8707,8924,34.323077,33.488462
8708,8925,34.326923,33.492308
8709,8926,34.330769,33.496154
8710,8927,34.334615,33.500000
8711,8928,34.338462,33.503846
8712,8929,34.342308,33.507692
8713,8930,34.346154,33.511538
8714,8931,34.350000,33.515385
8715,8932,34.353846,33.519231
8716,8933,34.357692,33.523077
8717,8934,34.361538,33.526923
8718,8935,34.365385,33.530769
8719,8936,34.369231,33.534615
8720,8937,34.373077,33.538462
8721,8938,34.376923,33.542308
8722,8939,34.380769,33.546154
8723,8940,34.384615,33.550000
8724,8941,34.388462,33.553846
8725,8942,34.392308,33.557692
8726,8943,34.396154,33.561538
8727,8944,34.400000,33.565385
8728,8945,34.403846,33.569231
8729,8946,34.407692,33.573077
8730,8947,34.411538,33.576923
8731,8948,34.415385,33.580769
8732,8949,34.419231,33.584615
8733,8950,34.423077,33.588462
8734,8951,34.426923,33.592308
8735,8952,34.430769,33.596154
8736,8953,34.434615,33.600000
8737,8954,34.438462,33.603846
8738,8955,34.442308,33.607692
8739,8956,34.446154,33.611538
8740,8957,34.450000,33.615385
8741,8958,34.453846,33.619231
8742,8959,34.457692,33.623077
8743,8960,34.461538,33.626923
8744,8961,34.465385,33.630769
8745,8962,34.469231,33.634615
8746,8963,34.473077,33.638462
8747,8964,34.476923,33.642308
8748,8965,34.480769,33.646154
8749,8966,34.484615,33.650000
8750,8967,34.488462,33.653846
8751,8968,34.492308,33.657692
8752,8969,34.496154,33.661538
8753,8970,34.500000,33.665385
8754,8971,34.503846,33.669231
8755,8972,34.507692,33.673077
8756,8973,34.511538,33.676923
8757,8974,34.515385,33.680769
8758,8975,34.519231,33.684615
8759,8976,34.523077,33.688462
8760,8977,34.526923,33.692308
8761,8978,34.530769,33.696154
8762,8979,34.534615,33.700000
8763,8980,34.538462,33.703846
8764,8981,34.542308,33.707692
8765,8982,34.546154,33.711538
8766,8983,34.550000,33.715385
8767,8984,34.553846,33.719231
8768,8985,34.557692,33.723077
8769,8986,34.561538,33.726923
8770,8987,34.565385,33.730769
8771,8988,34.569231,33.734615
8772,8989,34.573077,33.738462
8773,8990,34.576923,33.742308
8774,8991,34.580769,33.746154
8775,8992,34.584615,33.750000
8776,8993,34.588462,33.753846
8777,8994,34.592308,33.757692
8778,8995,34.596154,33.761538
8779,8996,34.600000,33.765385
8780,8997,34.603846,33.769231
8781,8998,34.607692,33.773077
8782,8999,34.611538,33.776923
8783,9000,34.615385,33.780769
8784,9001,34.619231,33.784615
8785,9002,34.623077,33.788462
8786,9003,34.626923,33.792308
8787,9004,34.630769,33.796154
8788,9005,34.634615,33.800000
8789,9006,34.638462,33.803846
8790,9007,34.642308,33.807692
8791,9008,34.646154,33.811538
8792,9009,34.650000,33.815385
8793,9010,34.653846,33.819231
8794,9011,34.657692,33.823077
8795,9012,34.661538,33.826923
8796,9013,34.665385,33.830769
8797,9014,34.669231,33.834615
8798,9015,34.673077,33.838462
8799,9016,34.676923,33.842308
8800,9017,34.680769,33.846154
8801,9018,34.684615,33.850000
8802,9019,34.688462,33.853846
8803,9020,34.692308,33.857692
8804,9021,34.696154,33.861538
8805,9022,34.700000,33.865385
8806,9023,34.703846,33.869231
8807,9024,34.707692,33.873077
8808,9025,34.711538,33.876923
8809,9026,34.715385,33.880769
8810,9027,34.719231,33.884615
8811,9028,34.723077,33.888462
8812,9029,34.726923,33.892308
8813,9030,34.730769,33.896154
8814,9031,34.734615,33.900000
8815,9032,34.738462,33.903846
8816,9033,34.742308,33.907692
8817,9034,34.746154,33.911538
8818,9035,34.750000,33.915385
8819,9036,34.753846,33.919231
8820,9037,34.757692,33.923077
8821,9038,34.761538,33.926923
8822,9039,34.765385,33.930769
8823,9040,34.769231,33.934615
8824,9041,34.773077,33.938462
8825,9042,34.776923,33.942308
8826,9043,34.780769,33.946154
8827,9044,34.784615,33.950000
8828,9045,34.788462,33.953846
8829,9046,34.792308,33.957692
8830,9047,34.796154,33.961538
8831,9048,34.800000,33.965385
8832,9049,34.803846,33.969231
8833,9050,34.807692,33.973077
8834,9051,34.811538,33.976923
8835,9052,34.815385,33.980769
8836,9053,34.819231,33.984615
8837,9054,34.823077,33.988462
8838,9055,34.826923,33.992308
8839,9056,34.830769,33.996154
8840,9057,34.834615,34.000000
8841,9058,34.838462,34.003846
8842,9059,34.842308,34.007692
8843,9060,34.846154,34.011538
8844,9061,34.850000,34.015385
8845,9062,34.853846,34.019231
8846,9063,34.857692,34.023077
8847,9064,34.861538,34.026923
8848,9065,34.865385,34.030769
8849,9066,34.869231,34.034615
8850,9067,34.873077,34.038462
8851,9068,34.876923,34.042308
8852,9069,34.880769,34.046154
8853,9070,34.884615,34.050000
8854,9071,34.888462,34.053846
8855,9072,34.892308,34.057692
8856,9073,34.896154,34.061538
8857,9074,34.900000,34.065385
8858,9075,34.903846,34.069231
8859,9076,34.907692,34.073077
8860,9077,34.911538,34.076923
8861,9078,34.915385,34.080769
8862,9079,34.919231,34.084615
8863,9080,34.923077,34.088462
8864,9081,34.926923,34.092308
8865,9082,34.930769,34.096154
8866,9083,34.934615,34.100000
8867,9084,34.938462,34.103846
8868,9085,34.942308,34.107692
8869,9086,34.946154,34.111538
8870,9087,34.950000,34.115385
8871,9088,34.953846,34.119231
8872,9089,34.957692,34.123077
8873,9090,34.961538,34.126923
8874,9091,34.965385,34.130769
8875,9092,34.969231,34.134615
8876,9093,34.973077,34.138462
8877,9094,34.976923,34.142308
8878,9095,34.980769,34.146154
8879,9096,34.984615,34.150000
8880,9097,34.988462,34.153846
8881,9098,34.992308,34.157692
8882,9099,34.996154,34.161538
8883,9100,35.000000,34.165385
8884,9101,35.003846,34.169231
8885,9102,35.007692,34.173077
8886,9103,35.011538,34.176923
8887,9104,35.015385,34.180769
8888,9105,35.019231,34.184615
8889,9106,35.023077,34.188462
8890,9107,35.026923,34.192308
8891,9108,35.030769,34.196154
8892,9109,35.034615,34.200000
8893,9110,35.038462,34.203846
8894,9111,35.042308,34.207692
8895,9112,35.046154,34.211538
8896,9113,35.050000,34.215385
8897,9114,35.053846,34.219231
8898,9115,35.057692,34.223077
8899,9116,35.061538,34.226923
8900,9117,35.065385,34.230769
8901,9118,35.069231,34.234615
8902,9119,35.073077,34.238462
8903,9120,35.076923,34.242308
8904,9121,35.080769,34.246154
8905,9122,35.084615,34.250000
8906,9123,35.088462,34.253846
8907,9124,35.092308,34.257692
8908,9125,35.096154,34.261538
8909,9126,35.100000,34.265385
8910,9127,35.103846,34.269231
8911,9128,35.107692,34.273077
8912,9129,35.111538,34.276923
8913,9130,35.115385,34.280769
8914,9131,35.119231,34.284615
8915,9132,35.123077,34.288462
8916,9133,35.126923,34.292308
8917,9134,35.130769,34.296154
8918,9135,35.134615,34.300000
8919,9136,35.138462,34.303846
8920,9137,35.142308,34.307692
8921,9138,35.146154,34.311538
8922,9139,35.150000,34.315385
8923,9140,35.153846,34.319231
8924,9141,35.157692,34.323077
8925,9142,35.161538,34.326923
8926,9143,35.165385,34.330769
8927,9144,35.169231,34.334615
8928,9145,35.173077,34.338462
8929,9146,35.176923,34.342308
8930,9147,35.180769,34.346154
8931,9148,35.184615,34.350000
8932,9149,35.188462,34.353846
8933,9150,35.192308,34.357692
8934,9151,35.196154,34.361538
8935,9152,35.200000,34.365385
8936,9153,35.203846,34.369231
8937,9154,35.207692,34.373077
8938,9155,35.211538,34.376923
8939,9156,35.215385,34.380769
8940,9157,35.219231,34.384615
8941,9158,35.223077,34.388462
8942,9159,35.226923,34.392308
8943,9160,35.230769,34.396154
8944,9161,35.234615,34.400000
8945,9162,35.238462,34.403846
8946,9163,35.242308,34.407692
8947,9164,35.246154,34.411538
8948,9165,35.250000,34.415385
8949,9166,35.253846,34.419231
8950,9167,35.257692,34.423077
8951,9168,35.261538,34.426923
8952,9169,35.265385,34.430769
8953,9170,35.269231,34.434615
8954,9171,35.273077,34.438462
8955,9172,35.276923,34.442308
8956,9173,35.280769,34.446154
8957,9174,35.284615,34.450000
8958,9175,35.288462,34.453846
8959,9176,35.292308,34.457692
8960,9177,35.296154,34.461538
8961,9178,35.300000,34.465385
8962,9179,35.303846,34.469231
8963,9180,35.307692,34.473077
8964,9181,35.311538,34.476923
8965,9182,35.315385,34.480769
8966,9183,35.319231,34.484615
8967,9184,35.323077,34.488462
8968,9185,35.326923,34.492308
8969,9186,35.330769,34.496154
8970,9187,35.334615,34.500000
8971,9188,35.338462,34.503846
8972,9189,35.342308,34.507692
8973,9190,35.346154,34.511538
8974,9191,35.350000,34.515385
8975,9192,35.353846,34.519231
8976,9193,35.357692,34.523077
8977,9194,35.361538,34.526923
8978,9195,35.365385,34.530769
8979,9196,35.369231,34.534615
8980,9197,35.373077,34.538462
8981,9198,35.376923,34.542308
8982,9199,35.380769,34.546154
8983,9200,35.384615,34.550000
8984,9201,35.388462,34.553846
8985,9202,35.392308,34.557692
8986,9203,35.396154,34.561538
8987,9204,35.400000,34.565385
8988,9205,35.403846,34.569231
8989,9206,35.407692,34.573077
8990,9207,35.411538,34.576923
8991,9208,35.415385,34.580769
8992,9209,35.419231,34.584615
8993,9210,35.423077,34.588462
8994,9211,35.426923,34.592308
8995,9212,35.430769,34.596154
8996,9213,35.434615,34.600000
8997,9214,35.438462,34.603846
8998,9215,35.442308,34.607692
8999,9216,35.446154,34.611538
9000,9217,35.450000,34.615385
9001,9218,35.453846,34.619231
9002,9219,35.457692,34.623077
9003,9220,35.461538,34.626923
9004,9221,35.465385,34.630769
9005,9222,35.469231,34.634615
9006,9223,35.473077,34.638462
9007,9224,35.476923,34.642308
9008,9225,35.480769,34.646154
9009,9226,35.484615,34.650000
9010,9227,35.488462,34.653846
9011,9228,35.492308,34.657692
9012,9229,35.496154,34.661538
9013,9230,35.500000,34.665385
9014,9231,35.503846,34.669231
9015,9232,35.507692,34.673077
9016,9233,35.511538,34.676923
9017,9234,35.515385,34.680769
9018,9235,35.519231,34.684615
9019,9236,35.523077,34.688462
9020,9237,35.526923,34.692308
9021,9238,35.530769,34.696154
9022,9239,35.534615,34.700000
9023,9240,35.538462,34.703846
9024,9241,35.542308,34.707692
9025,9242,35.546154,34.711538
9026,9243,35.550000,34.715385
9027,9244,35.553846,34.719231
9028,9245,35.557692,34.723077
9029,9246,35.561538,34.726923
9030,9247,35.565385,34.730769
9031,9248,35.569231,34.734615
9032,9249,35.573077,34.738462
9033,9250,35.576923,34.742308
9034,9251,35.580769,34.746154
9035,9252,35.584615,34.750000
9036,9253,35.588462,34.753846
9037,9254,35.592308,34.757692
9038,9255,35.596154,34.761538
9039,9256,35.600000,34.765385
9040,9257,35.603846,34.769231
9041,9258,35.607692,34.773077
9042,9259,35.611538,34.776923
9043,9260,35.615385,34.780769
9044,9261,35.619231,34.784615
9045,9262,35.623077,34.788462
9046,9263,35.626923,34.792308
9047,9264,35.630769,34.796154
9048,9265,35.634615,34.800000
9049,9266,35.638462,34.803846
9050,9267,35.642308,34.807692
9051,9268,35.646154,34.811538
9052,9269,35.650000,34.815385
9053,9270,35.653846,34.819231
9054,9271,35.657692,34.823077
9055,9272,35.661538,34.826923
9056,9273,35.665385,34.830769
9057,9274,35.669231,34.834615
9058,9275,35.673077,34.838462
9059,9276,35.676923,34.842308
9060,9277,35.680769,34.846154
9061,9278,35.684615,34.850000
9062,9279,35.688462,34.853846
9063,9280,35.692308,34.857692
9064,9281,35.696154,34.861538
9065,9282,35.700000,34.865385
9066,9283,35.703846,34.869231
9067,9284,35.707692,34.873077
9068,9285,35.711538,34.876923
9069,9286,35.715385,34.880769
9070,9287,35.719231,34.884615
9071,9288,35.723077,34.888462
9072,9289,35.726923,34.892308
9073,9290,35.730769,34.896154
9074,9291,35.734615,34.900000
9075,9292,35.738462,34.903846
9076,9293,35.742308,34.907692
9077,9294,35.746154,34.911538
9078,9295,35.750000,34.915385
9079,9296,35.753846,34.919231
9080,9297,35.757692,34.923077
9081,9298,35.761538,34.926923
9082,9299,35.765385,34.930769
9083,9300,35.769231,34.934615
9084,9301,35.773077,34.938462
9085,9302,35.776923,34.942308
9086,9303,35.780769,34.946154
9087,9304,35.784615,34.950000
9088,9305,35.788462,34.953846
9089,9306,35.792308,34.957692
9090,9307,35.796154,34.961538
9091,9308,35.800000,34.965385
9092,9309,35.803846,34.969231
9093,9310,35.807692,34.973077
9094,9311,35.811538,34.976923
9095,9312,35.815385,34.980769
9096,9313,35.819231,34.984615
9097,9314,35.823077,34.988462
9098,9315,35.826923,34.992308
9099,9316,35.830769,34.996154
9100,9317,35.834615,35.000000
9101,9318,35.838462,35.003846
9102,9319,35.842308,35.007692
9103,9320,35.846154,35.011538
9104,9321,35.850000,35.015385
9105,9322,35.853846,35.019231
9106,9323,35.857692,35.023077
9107,9324,35.861538,35.026923
9108,9325,35.865385,35.030769
9109,9326,35.869231,35.034615
9110,9327,35.873077,35.038462
9111,9328,35.876923,35.042308
9112,9329,35.880769,35.046154
9113,9330,35.884615,35.050000
9114,9331,35.888462,35.053846
9115,9332,35.892308,35.057692
9116,9333,35.896154,35.061538
9117,9334,35.900000,35.065385
9118,9335,35.903846,35.069231
9119,9336,35.907692,35.073077
9120,9337,35.911538,35.076923
9121,9338,35.915385,35.080769
9122,9339,35.919231,35.084615
9123,9340,35.923077,35.088462
9124,9341,35.926923,35.092308
9125,9342,35.930769,35.096154
9126,9343,35.934615,35.100000
9127,9344,35.938462,35.103846
9128,9345,35.942308,35.107692
9129,9346,35.946154,35.111538
9130,9347,35.950000,35.115385
9131,9348,35.953846,35.119231
9132,9349,35.957692,35.123077
9133,9350,35.961538,35.126923
9134,9351,35.965385,35.130769
9135,9352,35.969231,35.134615
9136,9353,35.973077,35.138462
9137,9354,35.976923,35.142308
9138,9355,35.980769,35.146154
9139,9356,35.984615,35.150000
9140,9357,35.988462,35.153846
9141,9358,35.992308,35.157692
9142,9359,35.996154,35.161538
9143,9360,36.000000,35.165385
9144,9361,36.003846,35.169231
9145,9362,36.007692,35.173077
9146,9363,36.011538,35.176923
9147,9364,36.015385,35.180769
9148,9365,36.019231,35.184615
9149,9366,36.023077,35.188462
9150,9367,36.026923,35.192308
9151,9368,36.030769,35.196154
9152,9369,36.034615,35.200000
9153,9370,36.038462,35.203846
9154,9371,36.042308,35.207692
9155,9372,36.046154,35.211538
9156,9373,36.050000,35.215385
9157,9374,36.053846,35.219231
9158,9375,36.057692,35.223077
9159,9376,36.061538,35.226923
9160,9377,36.065385,35.230769
9161,9378,36.069231,35.234615
9162,9379,36.073077,35.238462
9163,9380,36.076923,35.242308
9164,9381,36.080769,35.246154
9165,9382,36.084615,35.250000
9166,9383,36.088462,35.253846
9167,9384,36.092308,35.257692
9168,9385,36.096154,35.261538
9169,9386,36.100000,35.265385
9170,9387,36.103846,35.269231
9171,9388,36.107692,35.273077
9172,9389,36.111538,35.276923
9173,9390,36.115385,35.280769
9174,9391,36.119231,35.284615
9175,9392,36.123077,35.288462
9176,9393,36.126923,35.292308
9177,9394,36.130769,35.296154
9178,9395,36.134615,35.300000
9179,9396,36.138462,35.303846
9180,9397,36.142308,35.307692
9181,9398,36.146154,35.311538
9182,9399,36.150000,35.315385
9183,9400,36.153846,35.319231
9184,9401,36.157692,35.323077
9185,9402,36.161538,35.326923
9186,9403,36.165385,35.330769
9187,9404,36.169231,35.334615
9188,9405,36.173077,35.338462
9189,9406,36.176923,35.342308
9190,9407,36.180769,35.346154
9191,9408,36.184615,35.350000
9192,9409,36.188462,35.353846
9193,9410,36.192308,35.357692
9194,9411,36.196154,35.361538
9195,9412,36.200000,35.365385
9196,9413,36.203846,35.369231
9197,9414,36.207692,35.373077
9198,9415,36.211538,35.376923
9199,9416,36.215385,35.380769
9200,9417,36.219231,35.384615
9201,9418,36.223077,35.388462
9202,9419,36.226923,35.392308
9203,9420,36.230769,35.396154
9204,9421,36.234615,35.400000
9205,9422,36.238462,35.403846
9206,9423,36.242308,35.407692
9207,9424,36.246154,35.411538
9208,9425,36.250000,35.415385
9209,9426,36.253846,35.419231
9210,9427,36.257692,35.423077
9211,9428,36.261538,35.426923
9212,9429,36.265385,35.430769
9213,9430,36.269231,35.434615
9214,9431,36.273077,35.438462
9215,9432,36.276923,35.442308
9216,9433,36.280769,35.446154
9217,9434,36.284615,35.450000
9218,9435,36.288462,35.453846
9219,9436,36.292308,35.457692
9220,9437,36.296154,35.461538
9221,9438,36.300000,35.465385
9222,9439,36.303846,35.469231
9223,9440,36.307692,35.473077
9224,9441,36.311538,35.476923
9225,9442,36.315385,35.480769
9226,9443,36.319231,35.484615
9227,9444,36.323077,35.488462
9228,9445,36.326923,35.492308
9229,9446,36.330769,35.496154
9230,9447,36.334615,35.500000
9231,9448,36.338462,35.503846
9232,9449,36.342308,35.507692
9233,9450,36.346154,35.511538
9234,9451,36.350000,35.515385
9235,9452,36.353846,35.519231
9236,9453,36.357692,35.523077
9237,9454,36.361538,35.526923
9238,9455,36.365385,35.530769
9239,9456,36.369231,35.534615
9240,9457,36.373077,35.538462
9241,9458,36.376923,35.542308
9242,9459,36.380769,35.546154
9243,9460,36.384615,35.550000
9244,9461,36.388462,35.553846
9245,9462,36.392308,35.557692
9246,9463,36.396154,35.561538
9247,9464,36.400000,35.565385
9248,9465,36.403846,35.569231
9249,9466,36.407692,35.573077
9250,9467,36.411538,35.576923
9251,9468,36.415385,35.580769
9252,9469,36.419231,35.584615
9253,9470,36.423077,35.588462
9254,9471,36.426923,35.592308
9255,9472,36.430769,35.596154
9256,9473,36.434615,35.600000
9257,9474,36.438462,35.603846
9258,9475,36.442308,35.607692
9259,9476,36.446154,35.611538
9260,9477,36.450000,35.615385
9261,9478,36.453846,35.619231
9262,9479,36.457692,35.623077
9263,9480,36.461538,35.626923
9264,9481,36.465385,35.630769
9265,9482,36.469231,35.634615
9266,9483,36.473077,35.638462
9267,9484,36.476923,35.642308
9268,9485,36.480769,35.646154
9269,9486,36.484615,35.650000
9270,9487,36.488462,35.653846
9271,9488,36.492308,35.657692
9272,9489,36.496154,35.661538
9273,9490,36.500000,35.665385
9274,9491,36.503846,35.669231
9275,9492,36.507692,35.673077
9276,9493,36.511538,35.676923
9277,9494,36.515385,35.680769
9278,9495,36.519231,35.684615
9279,9496,36.523077,35.688462
9280,9497,36.526923,35.692308
9281,9498,36.530769,35.696154
9282,9499,36.534615,35.700000
9283,9500,36.538462,35.703846
9284,9501,36.542308,35.707692
9285,9502,36.546154,35.711538
9286,9503,36.550000,35.715385
9287,9504,36.553846,35.719231
9288,9505,36.557692,35.723077
9289,9506,36.561538,35.726923
9290,9507,36.565385,35.730769
9291,9508,36.569231,35.734615
9292,9509,36.573077,35.738462
9293,9510,36.576923,35.742308
9294,9511,36.580769,35.746154
9295,9512,36.584615,35.750000
9296,9513,36.588462,35.753846
9297,9514,36.592308,35.757692
9298,9515,36.596154,35.761538
9299,9516,36.600000,35.765385
9300,9517,36.603846,35.769231
9301,9518,36.607692,35.773077
9302,9519,36.611538,35.776923
9303,9520,36.615385,35.780769
9304,9521,36.619231,35.784615
9305,9522,36.623077,35.788462
9306,9523,36.626923,35.792308
9307,9524,36.630769,35.796154
9308,9525,36.634615,35.800000
9309,9526,36.638462,35.803846
9310,9527,36.642308,35.807692
9311,9528,36.646154,35.811538
9312,9529,36.650000,35.815385
9313,9530,36.653846,35.819231
9314,9531,36.657692,35.823077
9315,9532,36.661538,35.826923
9316,9533,36.665385,35.830769
9317,9534,36.669231,35.834615
9318,9535,36.673077,35.838462
9319,9536,36.676923,35.842308
9320,9537,36.680769,35.846154
9321,9538,36.684615,35.850000
9322,9539,36.688462,35.853846
9323,9540,36.692308,35.857692
9324,9541,36.696154,35.861538
9325,9542,36.700000,35.865385
9326,9543,36.703846,35.869231
9327,9544,36.707692,35.873077
9328,9545,36.711538,35.876923
9329,9546,36.715385,35.880769
9330,9547,36.719231,35.884615
9331,9548,36.723077,35.888462
9332,9549,36.726923,35.892308
9333,9550,36.730769,35.896154
9334,9551,36.734615,35.900000
9335,9552,36.738462,35.903846
9336,9553,36.742308,35.907692
9337,9554,36.746154,35.911538
9338,9555,36.750000,35.915385
9339,9556,36.753846,35.919231
9340,9557,36.757692,35.923077
9341,9558,36.761538,35.926923
9342,9559,36.765385,35.930769
9343,9560,36.769231,35.934615
9344,9561,36.773077,35.938462
9345,9562,36.776923,35.942308
9346,9563,36.780769,35.946154
9347,9564,36.784615,35.950000
9348,9565,36.788462,35.953846
9349,9566,36.792308,35.957692
9350,9567,36.796154,35.961538
9351,9568,36.800000,35.965385
9352,9569,36.803846,35.969231
9353,9570,36.807692,35.973077
9354,9571,36.811538,35.976923
9355,9572,36.815385,35.980769
9356,9573,36.819231,35.984615
9357,9574,36.823077,35.988462
9358,9575,36.826923,35.992308
9359,9576,36.830769,35.996154
9360,9577,36.834615,36.000000
9361,9578,36.838462,36.003846
9362,9579,36.842308,36.007692
9363,9580,36.846154,36.011538
9364,9581,36.850000,36.015385
9365,9582,36.853846,36.019231
9366,9583,36.857692,36.023077
9367,9584,36.861538,36.026923
9368,9585,36.865385,36.030769
9369,9586,36.869231,36.034615
9370,9587,36.873077,36.038462
9371,9588,36.876923,36.042308
9372,9589,36.880769,36.046154
9373,9590,36.884615,36.050000
9374,9591,36.888462,36.053846
9375,9592,36.892308,36.057692
9376,9593,36.896154,36.061538
9377,9594,36.900000,36.065385
9378,9595,36.903846,36.069231
9379,9596,36.907692,36.073077
9380,9597,36.911538,36.076923
9381,9598,36.915385,36.080769
9382,9599,36.919231,36.084615
9383,9600,36.923077,36.088462
9384,9601,36.926923,36.092308
9385,9602,36.930769,36.096154
9386,9603,36.934615,36.100000
9387,9604,36.938462,36.103846
9388,9605,36.942308,36.107692
9389,9606,36.946154,36.111538
9390,9607,36.950000,36.115385
9391,9608,36.953846,36.119231
9392,9609,36.957692,36.123077
9393,9610,36.961538,36.126923
9394,9611,36.965385,36.130769
9395,9612,36.969231,36.134615
9396,9613,36.973077,36.138462
9397,9614,36.976923,36.142308
9398,9615,36.980769,36.146154
9399,9616,36.984615,36.150000
9400,9617,36.988462,36.153846
9401,9618,36.992308,36.157692
9402,9619,36.996154,36.161538
9403,9620,37.000000,36.165385
9404,9621,37.003846,36.169231
9405,9622,37.007692,36.173077
9406,9623,37.011538,36.176923
9407,9624,37.015385,36.180769
9408,9625,37.019231,36.184615
9409,9626,37.023077,36.188462
9410,9627,37.026923,36.192308
9411,9628,37.030769,36.196154
9412,9629,37.034615,36.200000
9413,9630,37.038462,36.203846
9414,9631,37.042308,36.207692
9415,9632,37.046154,36.211538
9416,9633,37.050000,36.215385
9417,9634,37.053846,36.219231
9418,9635,37.057692,36.223077
9419,9636,37.061538,36.226923
9420,9637,37.065385,36.230769
9421,9638,37.069231,36.234615
9422,9639,37.073077,36.238462
9423,9640,37.076923,36.242308
9424,9641,37.080769,36.246154
9425,9642,37.084615,36.250000
9426,9643,37.088462,36.253846
9427,9644,37.092308,36.257692
9428,9645,37.096154,36.261538
9429,9646,37.100000,36.265385
9430,9647,37.103846,36.269231
9431,9648,37.107692,36.273077
9432,9649,37.111538,36.276923
9433,9650,37.115385,36.280769
9434,9651,37.119231,36.284615
9435,9652,37.123077,36.288462
9436,9653,37.126923,36.292308
9437,9654,37.130769,36.296154
9438,9655,37.134615,36.300000
9439,9656,37.138462,36.303846
9440,9657,37.142308,36.307692
9441,9658,37.146154,36.311538
9442,9659,37.150000,36.315385
9443,9660,37.153846,36.319231
9444,9661,37.157692,36.323077
9445,9662,37.161538,36.326923
9446,9663,37.165385,36.330769
9447,9664,37.169231,36.334615
9448,9665,37.173077,36.338462
9449,9666,37.176923,36.342308
9450,9667,37.180769,36.346154
9451,9668,37.184615,36.350000
9452,9669,37.188462,36.353846
9453,9670,37.192308,36.357692
9454,9671,37.196154,36.361538
9455,9672,37.200000,36.365385
9456,9673,37.203846,36.369231
9457,9674,37.207692,36.373077
9458,9675,37.211538,36.376923
9459,9676,37.215385,36.380769
9460,9677,37.219231,36.384615
9461,9678,37.223077,36.388462
9462,9679,37.226923,36.392308
9463,9680,37.230769,36.396154
9464,9681,37.234615,36.400000
9465,9682,37.238462,36.403846
9466,9683,37.242308,36.407692
9467,9684,37.246154,36.411538
9468,9685,37.250000,36.415385
9469,9686,37.253846,36.419231
9470,9687,37.257692,36.423077
9471,9688,37.261538,36.426923
9472,9689,37.265385,36.430769
9473,9690,37.269231,36.434615
9474,9691,37.273077,36.438462
9475,9692,37.276923,36.442308
9476,9693,37.280769,36.446154
9477,9694,37.284615,36.450000
9478,9695,37.288462,36.453846
9479,9696,37.292308,36.457692
9480,9697,37.296154,36.461538
9481,9698,37.300000,36.465385
9482,9699,37.303846,36.469231
9483,9700,37.307692,36.473077
9484,9701,37.311538,36.476923
9485,9702,37.315385,36.480769
9486,9703,37.319231,36.484615
9487,9704,37.323077,36.488462
9488,9705,37.326923,36.492308
9489,9706,37.330769,36.496154
9490,9707,37.334615,36.500000
9491,9708,37.338462,36.503846
9492,9709,37.342308,36.507692
9493,9710,37.346154,36.511538
9494,9711,37.350000,36.515385
9495,9712,37.353846,36.519231
9496,9713,37.357692,36.523077
9497,9714,37.361538,36.526923
9498,9715,37.365385,36.530769
9499,9716,37.369231,36.534615
9500,9717,37.373077,36.538462
9501,9718,37.376923,36.542308
9502,9719,37.380769,36.546154
9503,9720,37.384615,36.550000
9504,9721,37.388462,36.553846
9505,9722,37.392308,36.557692
9506,9723,37.396154,36.561538
9507,9724,37.400000,36.565385
9508,9725,37.403846,36.569231
9509,9726,37.407692,36.573077
9510,9727,37.411538,36.576923
9511,9728,37.415385,36.580769
9512,9729,37.419231,36.584615
9513,9730,37.423077,36.588462
9514,9731,37.426923,36.592308
9515,9732,37.430769,36.596154
9516,9733,37.434615,36.600000
9517,9734,37.438462,36.603846
9518,9735,37.442308,36.607692
9519,9736,37.446154,36.611538
9520,9737,37.450000,36.615385
9521,9738,37.453846,36.619231
9522,9739,37.457692,36.623077
9523,9740,37.461538,36.626923
9524,9741,37.465385,36.630769
9525,9742,37.469231,36.634615
9526,9743,37.473077,36.638462
9527,9744,37.476923,36.642308
9528,9745,37.480769,36.646154
9529,9746,37.484615,36.650000
9530,9747,37.488462,36.653846
9531,9748,37.492308,36.657692
9532,9749,37.496154,36.661538
9533,9750,37.500000,36.665385
9534,9751,37.503846,36.669231
9535,9752,37.507692,36.673077
9536,9753,37.511538,36.676923
9537,9754,37.515385,36.680769
9538,9755,37.519231,36.684615
9539,9756,37.523077,36.688462
9540,9757,37.526923,36.692308
9541,9758,37.530769,36.696154
9542,9759,37.534615,36.700000
9543,9760,37.538462,36.703846
9544,9761,37.542308,36.707692
9545,9762,37.546154,36.711538
9546,9763,37.550000,36.715385
9547,9764,37.553846,36.719231
9548,9765,37.557692,36.723077
9549,9766,37.561538,36.726923
9550,9767,37.565385,36.730769
9551,9768,37.569231,36.734615
9552,9769,37.573077,36.738462
9553,9770,37.576923,36.742308
9554,9771,37.580769,36.746154
9555,9772,37.584615,36.750000
9556,9773,37.588462,36.753846
9557,9774,37.592308,36.757692
9558,9775,37.596154,36.761538
9559,9776,37.600000,36.765385
9560,9777,37.603846,36.769231
9561,9778,37.607692,36.773077
9562,9779,37.611538,36.776923
9563,9780,37.615385,36.780769
9564,9781,37.619231,36.784615
9565,9782,37.623077,36.788462
9566,9783,37.626923,36.792308
9567,9784,37.630769,36.796154
9568,9785,37.634615,36.800000
9569,9786,37.638462,36.803846
9570,9787,37.642308,36.807692
9571,9788,37.646154,36.811538
9572,9789,37.650000,36.815385
9573,9790,37.653846,36.819231
9574,9791,37.657692,36.823077
9575,9792,37.661538,36.826923
9576,9793,37.665385,36.830769
9577,9794,37.669231,36.834615
9578,9795,37.673077,36.838462
9579,9796,37.676923,36.842308
9580,9797,37.680769,36.846154
9581,9798,37.684615,36.850000
9582,9799,37.688462,36.853846
9583,9800,37.692308,36.857692
9584,9801,37.696154,36.861538
9585,9802,37.700000,36.865385
9586,9803,37.703846,36.869231
9587,9804,37.707692,36.873077
9588,9805,37.711538,36.876923
9589,9806,37.715385,36.880769
9590,9807,37.719231,36.884615
9591,9808,37.723077,36.888462
9592,9809,37.726923,36.892308
9593,9810,37.730769,36.896154
9594,9811,37.734615,36.900000
9595,9812,37.738462,36.903846
9596,9813,37.742308,36.907692
9597,9814,37.746154,36.911538
9598,9815,37.750000,36.915385
9599,9816,37.753846,36.919231
9600,9817,37.757692,36.923077
9601,9818,37.761538,36.926923
9602,9819,37.765385,36.930769
9603,9820,37.769231,36.934615
9604,9821,37.773077,36.938462
9605,9822,37.776923,36.942308
9606,9823,37.780769,36.946154
9607,9824,37.784615,36.950000
9608,9825,37.788462,36.953846
9609,9826,37.792308,36.957692
9610,9827,37.796154,36.961538
9611,9828,37.800000,36.965385
9612,9829,37.803846,36.969231
9613,9830,37.807692,36.973077
9614,9831,37.811538,36.976923
9615,9832,37.815385,36.980769
9616,9833,37.819231,36.984615
9617,9834,37.823077,36.988462
9618,9835,37.826923,36.992308
9619,9836,37.830769,36.996154
9620,9837,37.834615,37.000000
9621,9838,37.838462,37.003846
9622,9839,37.842308,37.007692
9623,9840,37.846154,37.011538
9624,9841,37.850000,37.015385
9625,9842,37.853846,37.019231
9626,9843,37.857692,37.023077
9627,9844,37.861538,37.026923
9628,9845,37.865385,37.030769
9629,9846,37.869231,37.034615
9630,9847,37.873077,37.038462
9631,9848,37.876923,37.042308
9632,9849,37.880769,37.046154
9633,9850,37.884615,37.050000
9634,9851,37.888462,37.053846
9635,9852,37.892308,37.057692
9636,9853,37.896154,37.061538
9637,9854,37.900000,37.065385
9638,9855,37.903846,37.069231
9639,9856,37.907692,37.073077
9640,9857,37.911538,37.076923
9641,9858,37.915385,37.080769
9642,9859,37.919231,37.084615
9643,9860,37.923077,37.088462
9644,9861,37.926923,37.092308
9645,9862,37.930769,37.096154
9646,9863,37.934615,37.100000
9647,9864,37.938462,37.103846
9648,9865,37.942308,37.107692
9649,9866,37.946154,37.111538
9650,9867,37.950000,37.115385
9651,9868,37.953846,37.119231
9652,9869,37.957692,37.123077
9653,9870,37.961538,37.126923
9654,9871,37.965385,37.130769
9655,9872,37.969231,37.134615
9656,9873,37.973077,37.138462
9657,9874,37.976923,37.142308
9658,9875,37.980769,37.146154
9659,9876,37.984615,37.150000
9660,9877,37.988462,37.153846
9661,9878,37.992308,37.157692
9662,9879,37.996154,37.161538
9663,9880,38.000000,37.165385
9664,9881,38.003846,37.169231
9665,9882,38.007692,37.173077
9666,9883,38.011538,37.176923
9667,9884,38.015385,37.180769
9668,9885,38.019231,37.184615
9669,9886,38.023077,37.188462
9670,9887,38.026923,37.192308
9671,9888,38.030769,37.196154
9672,9889,38.034615,37.200000
9673,9890,38.038462,37.203846
9674,9891,38.042308,37.207692
9675,9892,38.046154,37.211538
9676,9893,38.050000,37.215385
9677,9894,38.053846,37.219231
9678,9895,38.057692,37.223077
9679,9896,38.061538,37.226923
9680,9897,38.065385,37.230769
9681,9898,38.069231,37.234615
9682,9899,38.073077,37.238462
9683,9900,38.076923,37.242308
9684,9901,38.080769,37.246154
9685,9902,38.084615,37.250000
9686,9903,38.088462,37.253846
9687,9904,38.092308,37.257692
9688,9905,38.096154,37.261538
9689,9906,38.100000,37.265385
9690,9907,38.103846,37.269231
9691,9908,38.107692,37.273077
9692,9909,38.111538,37.276923
9693,9910,38.115385,37.280769
9694,9911,38.119231,37.284615
9695,9912,38.123077,37.288462
9696,9913,38.126923,37.292308
9697,9914,38.130769,37.296154
9698,9915,38.134615,37.300000
9699,9916,38.138462,37.303846
9700,9917,38.142308,37.307692
9701,9918,38.146154,37.311538
9702,9919,38.150000,37.315385
9703,9920,38.153846,37.319231
9704,9921,38.157692,37.323077
9705,9922,38.161538,37.326923
9706,9923,38.165385,37.330769
9707,9924,38.169231,37.334615
9708,9925,38.173077,37.338462
9709,9926,38.176923,37.342308
9710,9927,38.180769,37.346154
9711,9928,38.184615,37.350000
9712,9929,38.188462,37.353846
9713,9930,38.192308,37.357692
9714,9931,38.196154,37.361538
9715,9932,38.200000,37.365385
9716,9933,38.203846,37.369231
9717,9934,38.207692,37.373077
9718,9935,38.211538,37.376923
9719,9936,38.215385,37.380769
9720,9937,38.219231,37.384615
9721,9938,38.223077,37.388462
9722,9939,38.226923,37.392308
9723,9940,38.230769,37.396154
9724,9941,38.234615,37.400000
9725,9942,38.238462,37.403846
9726,9943,38.242308,37.407692
9727,9944,38.246154,37.411538
9728,9945,38.250000,37.415385
9729,9946,38.253846,37.419231
9730,9947,38.257692,37.423077
9731,9948,38.261538,37.426923
9732,9949,38.265385,37.430769
9733,9950,38.269231,37.434615
9734,9951,38.273077,37.438462
9735,9952,38.276923,37.442308
9736,9953,38.280769,37.446154
9737,9954,38.284615,37.450000
9738,9955,38.288462,37.453846
9739,9956,38.292308,37.457692
9740,9957,38.296154,37.461538
9741,9958,38.300000,37.465385
9742,9959,38.303846,37.469231
9743,9960,38.307692,37.473077
9744,9961,38.311538,37.476923
9745,9962,38.315385,37.480769
9746,9963,38.319231,37.484615
9747,9964,38.323077,37.488462
9748,9965,38.326923,37.492308
9749,9966,38.330769,37.496154
9750,9967,38.334615,37.500000
9751,9968,38.338462,37.503846
9752,9969,38.342308,37.507692
9753,9970,38.346154,37.511538
9754,9971,38.350000,37.515385
9755,9972,38.353846,37.519231
9756,9973,38.357692,37.523077
9757,9974,38.361538,37.526923
9758,9975,38.365385,37.530769
9759,9976,38.369231,37.534615
9760,9977,38.373077,37.538462
9761,9978,38.376923,37.542308
9762,9979,38.380769,37.546154
9763,9980,38.384615,37.550000
9764,9981,38.388462,37.553846
9765,9982,38.392308,37.557692
9766,9983,38.396154,37.561538
9767,9984,38.400000,37.565385
9768,9985,38.403846,37.569231
9769,9986,38.407692,37.573077
9770,9987,38.411538,37.576923
9771,9988,38.415385,37.580769
9772,9989,38.419231,37.584615
9773,9990,38.423077,37.588462
9774,9991,38.426923,37.592308
9775,9992,38.430769,37.596154
9776,9993,38.434615,37.600000
9777,9994,38.438462,37.603846
9778,9995,38.442308,37.607692
9779,9996,38.446154,37.611538
9780,9997,38.450000,37.615385
9781,9998,38.453846,37.619231
9782,9999,38.457692,37.623077
9783,10000,38.461538,37.626923
9784,10001,38.465385,37.630769
9785,10002,38.469231,37.634615
9786,10003,38.473077,37.638462
9787,10004,38.476923,37.642308
9788,10005,38.480769,37.646154
9789,10006,38.484615,37.650000
9790,10007,38.488462,37.653846
9791,10008,38.492308,37.657692
9792,10009,38.496154,37.661538
9793,10010,38.500000,37.665385
9794,10011,38.503846,37.669231
9795,10012,38.507692,37.673077
9796,10013,38.511538,37.676923
9797,10014,38.515385,37.680769
9798,10015,38.519231,37.684615
9799,10016,38.523077,37.688462
9800,10017,38.526923,37.692308
9801,10018,38.530769,37.696154
9802,10019,38.534615,37.700000
9803,10020,38.538462,37.703846
9804,10021,38.542308,37.707692
9805,10022,38.546154,37.711538
9806,10023,38.550000,37.715385
9807,10024,38.553846,37.719231
9808,10025,38.557692,37.723077
9809,10026,38.561538,37.726923
9810,10027,38.565385,37.730769
9811,10028,38.569231,37.734615
9812,10029,38.573077,37.738462
9813,10030,38.576923,37.742308
9814,10031,38.580769,37.746154
9815,10032,38.584615,37.750000
9816,10033,38.588462,37.753846
9817,10034,38.592308,37.757692
9818,10035,38.596154,37.761538
9819,10036,38.600000,37.765385
9820,10037,38.603846,37.769231
9821,10038,38.607692,37.773077
9822,10039,38.611538,37.776923
9823,10040,38.615385,37.780769
9824,10041,38.619231,37.784615
9825,10042,38.623077,37.788462
9826,10043,38.626923,37.792308
9827,10044,38.630769,37.796154
9828,10045,38.634615,37.800000
9829,10046,38.638462,37.803846
9830,10047,38.642308,37.807692
9831,10048,38.646154,37.811538
9832,10049,38.650000,37.815385
9833,10050,38.653846,37.819231
9834,10051,38.657692,37.823077
9835,10052,38.661538,37.826923
9836,10053,38.665385,37.830769
9837,10054,38.669231,37.834615
9838,10055,38.673077,37.838462
9839,10056,38.676923,37.842308
9840,10057,38.680769,37.846154
9841,10058,38.684615,37.850000
9842,10059,38.688462,37.853846
9843,10060,38.692308,37.857692
9844,10061,38.696154,37.861538
9845,10062,38.700000,37.865385
9846,10063,38.703846,37.869231
9847,10064,38.707692,37.873077
9848,10065,38.711538,37.876923
9849,10066,38.715385,37.880769
9850,10067,38.719231,37.884615
9851,10068,38.723077,37.888462
9852,10069,38.726923,37.892308
9853,10070,38.730769,37.896154
9854,10071,38.734615,37.900000
9855,10072,38.738462,37.903846
9856,10073,38.742308,37.907692
9857,10074,38.746154,37.911538
9858,10075,38.750000,37.915385
9859,10076,38.753846,37.919231
9860,10077,38.757692,37.923077
9861,10078,38.761538,37.926923
9862,10079,38.765385,37.930769
9863,10080,38.769231,37.934615
9864,10081,38.773077,37.938462
9865,10082,38.776923,37.942308
9866,10083,38.780769,37.946154
9867,10084,38.784615,37.950000
9868,10085,38.788462,37.953846
9869,10086,38.792308,37.957692
9870,10087,38.796154,37.961538
9871,10088,38.800000,37.965385
9872,10089,38.803846,37.969231
9873,10090,38.807692,37.973077
9874,10091,38.811538,37.976923
9875,10092,38.815385,37.980769
9876,10093,38.819231,37.984615
9877,10094,38.823077,37.988462
9878,10095,38.826923,37.992308
9879,10096,38.830769,37.996154
9880,10097,38.834615,38.000000
9881,10098,38.838462,38.003846
9882,10099,38.842308,38.007692
9883,10100,38.846154,38.011538
9884,10101,38.850000,38.015385
9885,10102,38.853846,38.019231
9886,10103,38.857692,38.023077
9887,10104,38.861538,38.026923
9888,10105,38.865385,38.030769
9889,10106,38.869231,38.034615
9890,10107,38.873077,38.038462
9891,10108,38.876923,38.042308
9892,10109,38.880769,38.046154
9893,10110,38.884615,38.050000
9894,10111,38.888462,38.053846
9895,10112,38.892308,38.057692
9896,10113,38.896154,38.061538
9897,10114,38.900000,38.065385
9898,10115,38.903846,38.069231
9899,10116,38.907692,38.073077
9900,10117,38.911538,38.076923
9901,10118,38.915385,38.080769
9902,10119,38.919231,38.084615
9903,10120,38.923077,38.088462
9904,10121,38.926923,38.092308
9905,10122,38.930769,38.096154
9906,10123,38.934615,38.100000
9907,10124,38.938462,38.103846
9908,10125,38.942308,38.107692
9909,10126,38.946154,38.111538
9910,10127,38.950000,38.115385
9911,10128,38.953846,38.119231
9912,10129,38.957692,38.123077
9913,10130,38.961538,38.126923
9914,10131,38.965385,38.130769
9915,10132,38.969231,38.134615
9916,10133,38.973077,38.138462
9917,10134,38.976923,38.142308
9918,10135,38.980769,38.146154
9919,10136,38.984615,38.150000
9920,10137,38.988462,38.153846
9921,10138,38.992308,38.157692
9922,10139,38.996154,38.161538
9923,10140,39.000000,38.165385
9924,10141,39.003846,38.169231
9925,10142,39.007692,38.173077
9926,10143,39.011538,38.176923
9927,10144,39.015385,38.180769
9928,10145,39.019231,38.184615
9929,10146,39.023077,38.188462
9930,10147,39.026923,38.192308
9931,10148,39.030769,38.196154
9932,10149,39.034615,38.200000
9933,10150,39.038462,38.203846
9934,10151,39.042308,38.207692
9935,10152,39.046154,38.211538
9936,10153,39.050000,38.215385
9937,10154,39.053846,38.219231
9938,10155,39.057692,38.223077
9939,10156,39.061538,38.226923
9940,10157,39.065385,38.230769
9941,10158,39.069231,38.234615
9942,10159,39.073077,38.238462
9943,10160,39.076923,38.242308
9944,10161,39.080769,38.246154
9945,10162,39.084615,38.250000
9946,10163,39.088462,38.253846
9947,10164,39.092308,38.257692
9948,10165,39.096154,38.261538
9949,10166,39.100000,38.265385
9950,10167,39.103846,38.269231
9951,10168,39.107692,38.273077
9952,10169,39.111538,38.276923
9953,10170,39.115385,38.280769
9954,10171,39.119231,38.284615
9955,10172,39.123077,38.288462
9956,10173,39.126923,38.292308
9957,10174,39.130769,38.296154
9958,10175,39.134615,38.300000
9959,10176,39.138462,38.303846
9960,10177,39.142308,38.307692
9961,10178,39.146154,38.311538
9962,10179,39.150000,38.315385
9963,10180,39.153846,38.319231
9964,10181,39.157692,38.323077
9965,10182,39.161538,38.326923
9966,10183,39.165385,38.330769
9967,10184,39.169231,38.334615
9968,10185,39.173077,38.338462
9969,10186,39.176923,38.342308
9970,10187,39.180769,38.346154
9971,10188,39.184615,38.350000
9972,10189,39.188462,38.353846
9973,10190,39.192308,38.357692
9974,10191,39.196154,38.361538
9975,10192,39.200000,38.365385
9976,10193,39.203846,38.369231
9977,10194,39.207692,38.373077
9978,10195,39.211538,38.376923
9979,10196,39.215385,38.380769
9980,10197,39.219231,38.384615
9981,10198,39.223077,38.388462
9982,10199,39.226923,38.392308
9983,10200,39.230769,38.396154
9984,10201,39.234615,38.400000
9985,10202,39.238462,38.403846
9986,10203,39.242308,38.407692
9987,10204,39.246154,38.411538
9988,10205,39.250000,38.415385
9989,10206,39.253846,38.419231
9990,10207,39.257692,38.423077
9991,10208,39.261538,38.426923
9992,10209,39.265385,38.430769
9993,10210,39.269231,38.434615
9994,10211,39.273077,38.438462
9995,10212,39.276923,38.442308
9996,10213,39.280769,38.446154
9997,10214,39.284615,38.450000
9998,10215,39.288462,38.453846
9999,10216,39.292308,38.457692
10000,10217,39.296154,38.461538
10001,10218,39.300000,38.465385
10002,10219,39.303846,38.469231
10003,10220,39.307692,38.473077
10004,10221,39.311538,38.476923
10005,10222,39.315385,38.480769
10006,10223,39.319231,38.484615
10007,10224,39.323077,38.488462
10008,10225,39.326923,38.492308
10009,10226,39.330769,38.496154
10010,10227,39.334615,38.500000
10011,10228,39.338462,38.503846
10012,10229,39.342308,38.507692
10013,10230,39.346154,38.511538
10014,10231,39.350000,38.515385
10015,10232,39.353846,38.519231
10016,10233,39.357692,38.523077
10017,10234,39.361538,38.526923
10018,10235,39.365385,38.530769
10019,10236,39.369231,38.534615
10020,10237,39.373077,38.538462
10021,10238,39.376923,38.542308
10022,10239,39.380769,38.546154
10023,10240,39.384615,38.550000
10024,10241,39.388462,38.553846
10025,10242,39.392308,38.557692
10026,10243,39.396154,38.561538
10027,10244,39.400000,38.565385
10028,10245,39.403846,38.569231
10029,10246,39.407692,38.573077
10030,10247,39.411538,38.576923
10031,10248,39.415385,38.580769
10032,10249,39.419231,38.584615
10033,10250,39.423077,38.588462
10034,10251,39.426923,38.592308
10035,10252,39.430769,38.596154
10036,10253,39.434615,38.600000
10037,10254,39.438462,38.603846
10038,10255,39.442308,38.607692
10039,10256,39.446154,38.611538
10040,10257,39.450000,38.615385
10041,10258,39.453846,38.619231
10042,10259,39.457692,38.623077
10043,10260,39.461538,38.626923
10044,10261,39.465385,38.630769
10045,10262,39.469231,38.634615
10046,10263,39.473077,38.638462
10047,10264,39.476923,38.642308
10048,10265,39.480769,38.646154
10049,10266,39.484615,38.650000
10050,10267,39.488462,38.653846
10051,10268,39.492308,38.657692
10052,10269,39.496154,38.661538
10053,10270,39.500000,38.665385
10054,10271,39.503846,38.669231
10055,10272,39.507692,38.673077
10056,10273,39.511538,38.676923
10057,10274,39.515385,38.680769
10058,10275,39.519231,38.684615
10059,10276,39.523077,38.688462
10060,10277,39.526923,38.692308
10061,10278,39.530769,38.696154
10062,10279,39.534615,38.700000
10063,10280,39.538462,38.703846
10064,10281,39.542308,38.707692
10065,10282,39.546154,38.711538
10066,10283,39.550000,38.715385
10067,10284,39.553846,38.719231
10068,10285,39.557692,38.723077
10069,10286,39.561538,38.726923
10070,10287,39.565385,38.730769
10071,10288,39.569231,38.734615
10072,10289,39.573077,38.738462
10073,10290,39.576923,38.742308
10074,10291,39.580769,38.746154
10075,10292,39.584615,38.750000
10076,10293,39.588462,38.753846
10077,10294,39.592308,38.757692
10078,10295,39.596154,38.761538
10079,10296,39.600000,38.765385
10080,10297,39.603846,38.769231
10081,10298,39.607692,38.773077
10082,10299,39.611538,38.776923
10083,10300,39.615385,38.780769
10084,10301,39.619231,38.784615
10085,10302,39.623077,38.788462
10086,10303,39.626923,38.792308
10087,10304,39.630769,38.796154
10088,10305,39.634615,38.800000
10089,10306,39.638462,38.803846
10090,10307,39.642308,38.807692
10091,10308,39.646154,38.811538
10092,10309,39.650000,38.815385
10093,10310,39.653846,38.819231
10094,10311,39.657692,38.823077
10095,10312,39.661538,38.826923
10096,10313,39.665385,38.830769
10097,10314,39.669231,38.834615
10098,10315,39.673077,38.838462
10099,10316,39.676923,38.842308
10100,10317,39.680769,38.846154
10101,10318,39.684615,38.850000
10102,10319,39.688462,38.853846
10103,10320,39.692308,38.857692
10104,10321,39.696154,38.861538
10105,10322,39.700000,38.865385
10106,10323,39.703846,38.869231
10107,10324,39.707692,38.873077
10108,10325,39.711538,38.876923
10109,10326,39.715385,38.880769
10110,10327,39.719231,38.884615
10111,10328,39.723077,38.888462
10112,10329,39.726923,38.892308
10113,10330,39.730769,38.896154
10114,10331,39.734615,38.900000
10115,10332,39.738462,38.903846
10116,10333,39.742308,38.907692
10117,10334,39.746154,38.911538
10118,10335,39.750000,38.915385
10119,10336,39.753846,38.919231
10120,10337,39.757692,38.923077
10121,10338,39.761538,38.926923
10122,10339,39.765385,38.930769
10123,10340,39.769231,38.934615
10124,10341,39.773077,38.938462
10125,10342,39.776923,38.942308
10126,10343,39.780769,38.946154
10127,10344,39.784615,38.950000
10128,10345,39.788462,38.953846
10129,10346,39.792308,38.957692
10130,10347,39.796154,38.961538
10131,10348,39.800000,38.965385
10132,10349,39.803846,38.969231
10133,10350,39.807692,38.973077
10134,10351,39.811538,38.976923
10135,10352,39.815385,38.980769
10136,10353,39.819231,38.984615
10137,10354,39.823077,38.988462
10138,10355,39.826923,38.992308
10139,10356,39.830769,38.996154
10140,10357,39.834615,39.000000
10141,10358,39.838462,39.003846
10142,10359,39.842308,39.007692
10143,10360,39.846154,39.011538
10144,10361,39.850000,39.015385
10145,10362,39.853846,39.019231
10146,10363,39.857692,39.023077
10147,10364,39.861538,39.026923
10148,10365,39.865385,39.030769
10149,10366,39.869231,39.034615
10150,10367,39.873077,39.038462
10151,10368,39.876923,39.042308
10152,10369,39.880769,39.046154
10153,10370,39.884615,39.050000
10154,10371,39.888462,39.053846
10155,10372,39.892308,39.057692
10156,10373,39.896154,39.061538
10157,10374,39.900000,39.065385
10158,10375,39.903846,39.069231
10159,10376,39.907692,39.073077
10160,10377,39.911538,39.076923
10161,10378,39.915385,39.080769
10162,10379,39.919231,39.084615
10163,10380,39.923077,39.088462
10164,10381,39.926923,39.092308
10165,10382,39.930769,39.096154
10166,10383,39.934615,39.100000
10167,10384,39.938462,39.103846
10168,10385,39.942308,39.107692
10169,10386,39.946154,39.111538
10170,10387,39.950000,39.115385
10171,10388,39.953846,39.119231
10172,10389,39.957692,39.123077
10173,10390,39.961538,39.126923
10174,10391,39.965385,39.130769
10175,10392,39.969231,39.134615
10176,10393,39.973077,39.138462
10177,10394,39.976923,39.142308
10178,10395,39.980769,39.146154
10179,10396,39.984615,39.150000
10180,10397,39.988462,39.153846
10181,10398,39.992308,39.157692
10182,10399,39.996154,39.161538
10183,10400,40.000000,39.165385
10184,10401,40.003846,39.169231
10185,10402,40.007692,39.173077
10186,10403,40.011538,39.176923
10187,10404,40.015385,39.180769
10188,10405,40.019231,39.184615
10189,10406,40.023077,39.188462
10190,10407,40.026923,39.192308
10191,10408,40.030769,39.196154
10192,10409,40.034615,39.200000
10193,10410,40.038462,39.203846
10194,10411,40.042308,39.207692
10195,10412,40.046154,39.211538
10196,10413,40.050000,39.215385
10197,10414,40.053846,39.219231
10198,10415,40.057692,39.223077
10199,10416,40.061538,39.226923
10200,10417,40.065385,39.230769
10201,10418,40.069231,39.234615
10202,10419,40.073077,39.238462
10203,10420,40.076923,39.242308
10204,10421,40.080769,39.246154
10205,10422,40.084615,39.250000
10206,10423,40.088462,39.253846
10207,10424,40.092308,39.257692
10208,10425,40.096154,39.261538
10209,10426,40.100000,39.265385
10210,10427,40.103846,39.269231
10211,10428,40.107692,39.273077
10212,10429,40.111538,39.276923
10213,10430,40.115385,39.280769
10214,10431,40.119231,39.284615
10215,10432,40.123077,39.288462
10216,10433,40.126923,39.292308
10217,10434,40.130769,39.296154
10218,10435,40.134615,39.300000
10219,10436,40.138462,39.303846
10220,10437,40.142308,39.307692
10221,10438,40.146154,39.311538
10222,10439,40.150000,39.315385
10223,10440,40.153846,39.319231
10224,10441,40.157692,39.323077
10225,10442,40.161538,39.326923
10226,10443,40.165385,39.330769
10227,10444,40.169231,39.334615
10228,10445,40.173077,39.338462
10229,10446,40.176923,39.342308
10230,10447,40.180769,39.346154
10231,10448,40.184615,39.350000
10232,10449,40.188462,39.353846
10233,10450,40.192308,39.357692
10234,10451,40.196154,39.361538
10235,10452,40.200000,39.365385
10236,10453,40.203846,39.369231
10237,10454,40.207692,39.373077
10238,10455,40.211538,39.376923
10239,10456,40.215385,39.380769
10240,10457,40.219231,39.384615
10241,10458,40.223077,39.388462
10242,10459,40.226923,39.392308
10243,10460,40.230769,39.396154
10244,10461,40.234615,39.400000
10245,10462,40.238462,39.403846
10246,10463,40.242308,39.407692
10247,10464,40.246154,39.411538
10248,10465,40.250000,39.415385
10249,10466,40.253846,39.419231
10250,10467,40.257692,39.423077
10251,10468,40.261538,39.426923
10252,10469,40.265385,39.430769
10253,10470,40.269231,39.434615
10254,10471,40.273077,39.438462
10255,10472,40.276923,39.442308
10256,10473,40.280769,39.446154
10257,10474,40.284615,39.450000
10258,10475,40.288462,39.453846
10259,10476,40.292308,39.457692
10260,10477,40.296154,39.461538
10261,10478,40.300000,39.465385
10262,10479,40.303846,39.469231
10263,10480,40.307692,39.473077
10264,10481,40.311538,39.476923
10265,10482,40.315385,39.480769
10266,10483,40.319231,39.484615
10267,10484,40.323077,39.488462
10268,10485,40.326923,39.492308
10269,10486,40.330769,39.496154
10270,10487,40.334615,39.500000
10271,10488,40.338462,39.503846
10272,10489,40.342308,39.507692
10273,10490,40.346154,39.511538
10274,10491,40.350000,39.515385
10275,10492,40.353846,39.519231
10276,10493,40.357692,39.523077
10277,10494,40.361538,39.526923
10278,10495,40.365385,39.530769
10279,10496,40.369231,39.534615
10280,10497,40.373077,39.538462
10281,10498,40.376923,39.542308
10282,10499,40.380769,39.546154
10283,10500,40.384615,39.550000
10284,10501,40.388462,39.553846
10285,10502,40.392308,39.557692
10286,10503,40.396154,39.561538
10287,10504,40.400000,39.565385
10288,10505,40.403846,39.569231
10289,10506,40.407692,39.573077
10290,10507,40.411538,39.576923
10291,10508,40.415385,39.580769
10292,10509,40.419231,39.584615
10293,10510,40.423077,39.588462
10294,10511,40.426923,39.592308
10295,10512,40.430769,39.596154
10296,10513,40.434615,39.600000
10297,10514,40.438462,39.603846
10298,10515,40.442308,39.607692
10299,10516,40.446154,39.611538
10300,10517,40.450000,39.615385
10301,10518,40.453846,39.619231
10302,10519,40.457692,39.623077
10303,10520,40.461538,39.626923
10304,10521,40.465385,39.630769
10305,10522,40.469231,39.634615
10306,10523,40.473077,39.638462
10307,10524,40.476923,39.642308
10308,10525,40.480769,39.646154
10309,10526,40.484615,39.650000
10310,10527,40.488462,39.653846
10311,10528,40.492308,39.657692
10312,10529,40.496154,39.661538
10313,10530,40.500000,39.665385
10314,10531,40.503846,39.669231
10315,10532,40.507692,39.673077
10316,10533,40.511538,39.676923
10317,10534,40.515385,39.680769
10318,10535,40.519231,39.684615
10319,10536,40.523077,39.688462
10320,10537,40.526923,39.692308
10321,10538,40.530769,39.696154
10322,10539,40.534615,39.700000
10323,10540,40.538462,39.703846
10324,10541,40.542308,39.707692
10325,10542,40.546154,39.711538
10326,10543,40.550000,39.715385
10327,10544,40.553846,39.719231
10328,10545,40.557692,39.723077
10329,10546,40.561538,39.726923
10330,10547,40.565385,39.730769
10331,10548,40.569231,39.734615
10332,10549,40.573077,39.738462
10333,10550,40.576923,39.742308
10334,10551,40.580769,39.746154
10335,10552,40.584615,39.750000
10336,10553,40.588462,39.753846
10337,10554,40.592308,39.757692
10338,10555,40.596154,39.761538
10339,10556,40.600000,39.765385
10340,10557,40.603846,39.769231
10341,10558,40.607692,39.773077
10342,10559,40.611538,39.776923
10343,10560,40.615385,39.780769
10344,10561,40.619231,39.784615
10345,10562,40.623077,39.788462
10346,10563,40.626923,39.792308
10347,10564,40.630769,39.796154
10348,10565,40.634615,39.800000
10349,10566,40.638462,39.803846
10350,10567,40.642308,39.807692
10351,10568,40.646154,39.811538
10352,10569,40.650000,39.815385
10353,10570,40.653846,39.819231
10354,10571,40.657692,39.823077
10355,10572,40.661538,39.826923
10356,10573,40.665385,39.830769
10357,10574,40.669231,39.834615
10358,10575,40.673077,39.838462
10359,10576,40.676923,39.842308
10360,10577,40.680769,39.846154
10361,10578,40.684615,39.850000
10362,10579,40.688462,39.853846
10363,10580,40.692308,39.857692
10364,10581,40.696154,39.861538
10365,10582,40.700000,39.865385
10366,10583,40.703846,39.869231
10367,10584,40.707692,39.873077
10368,10585,40.711538,39.876923
10369,10586,40.715385,39.880769
10370,10587,40.719231,39.884615
10371,10588,40.723077,39.888462
10372,10589,40.726923,39.892308
10373,10590,40.730769,39.896154
10374,10591,40.734615,39.900000
10375,10592,40.738462,39.903846
10376,10593,40.742308,39.907692
10377,10594,40.746154,39.911538
10378,10595,40.750000,39.915385
10379,10596,40.753846,39.919231
10380,10597,40.757692,39.923077
10381,10598,40.761538,39.926923
10382,10599,40.765385,39.930769
10383,10600,40.769231,39.934615
10384,10601,40.773077,39.938462
10385,10602,40.776923,39.942308
10386,10603,40.780769,39.946154
10387,10604,40.784615,39.950000
10388,10605,40.788462,39.953846
10389,10606,40.792308,39.957692
10390,10607,40.796154,39.961538
10391,10608,40.800000,39.965385
10392,10609,40.803846,39.969231
10393,10610,40.807692,39.973077
10394,10611,40.811538,39.976923
10395,10612,40.815385,39.980769
10396,10613,40.819231,39.984615
10397,10614,40.823077,39.988462
10398,10615,40.826923,39.992308
10399,10616,40.830769,39.996154
10400,10617,40.834615,40.000000
10401,10618,40.838462,40.003846
10402,10619,40.842308,40.007692
10403,10620,40.846154,40.011538
10404,10621,40.850000,40.015385
10405,10622,40.853846,40.019231
10406,10623,40.857692,40.023077
10407,10624,40.861538,40.026923
10408,10625,40.865385,40.030769
10409,10626,40.869231,40.034615
10410,10627,40.873077,40.038462
10411,10628,40.876923,40.042308
10412,10629,40.880769,40.046154
10413,10630,40.884615,40.050000
10414,10631,40.888462,40.053846
10415,10632,40.892308,40.057692
10416,10633,40.896154,40.061538
10417,10634,40.900000,40.065385
10418,10635,40.903846,40.069231
10419,10636,40.907692,40.073077
10420,10637,40.911538,40.076923
10421,10638,40.915385,40.080769
10422,10639,40.919231,40.084615
10423,10640,40.923077,40.088462
10424,10641,40.926923,40.092308
10425,10642,40.930769,40.096154
10426,10643,40.934615,40.100000
10427,10644,40.938462,40.103846
10428,10645,40.942308,40.107692
10429,10646,40.946154,40.111538
10430,10647,40.950000,40.115385
10431,10648,40.953846,40.119231
10432,10649,40.957692,40.123077
10433,10650,40.961538,40.126923
10434,10651,40.965385,40.130769
10435,10652,40.969231,40.134615
10436,10653,40.973077,40.138462
10437,10654,40.976923,40.142308
10438,10655,40.980769,40.146154
10439,10656,40.984615,40.150000
10440,10657,40.988462,40.153846
10441,10658,40.992308,40.157692
10442,10659,40.996154,40.161538
10443,10660,41.000000,40.165385
10444,10661,41.003846,40.169231
10445,10662,41.007692,40.173077
10446,10663,41.011538,40.176923
10447,10664,41.015385,40.180769
10448,10665,41.019231,40.184615
10449,10666,41.023077,40.188462
10450,10667,41.026923,40.192308
10451,10668,41.030769,40.196154
10452,10669,41.034615,40.200000
10453,10670,41.038462,40.203846
10454,10671,41.042308,40.207692
10455,10672,41.046154,40.211538
10456,10673,41.050000,40.215385
10457,10674,41.053846,40.219231
10458,10675,41.057692,40.223077
10459,10676,41.061538,40.226923
10460,10677,41.065385,40.230769
10461,10678,41.069231,40.234615
10462,10679,41.073077,40.238462
10463,10680,41.076923,40.242308
10464,10681,41.080769,40.246154
10465,10682,41.084615,40.250000
10466,10683,41.088462,40.253846
10467,10684,41.092308,40.257692
10468,10685,41.096154,40.261538
10469,10686,41.100000,40.265385
10470,10687,41.103846,40.269231
10471,10688,41.107692,40.273077
10472,10689,41.111538,40.276923
10473,10690,41.115385,40.280769
10474,10691,41.119231,40.284615
10475,10692,41.123077,40.288462
10476,10693,41.126923,40.292308
10477,10694,41.130769,40.296154
10478,10695,41.134615,40.300000
10479,10696,41.138462,40.303846
10480,10697,41.142308,40.307692
10481,10698,41.146154,40.311538
10482,10699,41.150000,40.315385
10483,10700,41.153846,40.319231
10484,10701,41.157692,40.323077
10485,10702,41.161538,40.326923
10486,10703,41.165385,40.330769
10487,10704,41.169231,40.334615
10488,10705,41.173077,40.338462
10489,10706,41.176923,40.342308
10490,10707,41.180769,40.346154
10491,10708,41.184615,40.350000
10492,10709,41.188462,40.353846
10493,10710,41.192308,40.357692
10494,10711,41.196154,40.361538
10495,10712,41.200000,40.365385
10496,10713,41.203846,40.369231
10497,10714,41.207692,40.373077
10498,10715,41.211538,40.376923
10499,10716,41.215385,40.380769
10500,10717,41.219231,40.384615
10501,10718,41.223077,40.388462
10502,10719,41.226923,40.392308
10503,10720,41.230769,40.396154
10504,10721,41.234615,40.400000
10505,10722,41.238462,40.403846
10506,10723,41.242308,40.407692
10507,10724,41.246154,40.411538
10508,10725,41.250000,40.415385
10509,10726,41.253846,40.419231
10510,10727,41.257692,40.423077
10511,10728,41.261538,40.426923
10512,10729,41.265385,40.430769
10513,10730,41.269231,40.434615
10514,10731,41.273077,40.438462
10515,10732,41.276923,40.442308
10516,10733,41.280769,40.446154
10517,10734,41.284615,40.450000
10518,10735,41.288462,40.453846
10519,10736,41.292308,40.457692
10520,10737,41.296154,40.461538
10521,10738,41.300000,40.465385
10522,10739,41.303846,40.469231
10523,10740,41.307692,40.473077
10524,10741,41.311538,40.476923
10525,10742,41.315385,40.480769
10526,10743,41.319231,40.484615
10527,10744,41.323077,40.488462
10528,10745,41.326923,40.492308
10529,10746,41.330769,40.496154
10530,10747,41.334615,40.500000
10531,10748,41.338462,40.503846
10532,10749,41.342308,40.507692
10533,10750,41.346154,40.511538
10534,10751,41.350000,40.515385
10535,10752,41.353846,40.519231
10536,10753,41.357692,40.523077
10537,10754,41.361538,40.526923
10538,10755,41.365385,40.530769
10539,10756,41.369231,40.534615
10540,10757,41.373077,40.538462
10541,10758,41.376923,40.542308
10542,10759,41.380769,40.546154
10543,10760,41.384615,40.550000
10544,10761,41.388462,40.553846
10545,10762,41.392308,40.557692
10546,10763,41.396154,40.561538
10547,10764,41.400000,40.565385
10548,10765,41.403846,40.569231
10549,10766,41.407692,40.573077
10550,10767,41.411538,40.576923
10551,10768,41.415385,40.580769
10552,10769,41.419231,40.584615
10553,10770,41.423077,40.588462
10554,10771,41.426923,40.592308
10555,10772,41.430769,40.596154
10556,10773,41.434615,40.600000
10557,10774,41.438462,40.603846
10558,10775,41.442308,40.607692
10559,10776,41.446154,40.611538
10560,10777,41.450000,40.615385
10561,10778,41.453846,40.619231
10562,10779,41.457692,40.623077
10563,10780,41.461538,40.626923
10564,10781,41.465385,40.630769
10565,10782,41.469231,40.634615
10566,10783,41.473077,40.638462
10567,10784,41.476923,40.642308
10568,10785,41.480769,40.646154
10569,10786,41.484615,40.650000
10570,10787,41.488462,40.653846
10571,10788,41.492308,40.657692
10572,10789,41.496154,40.661538
10573,10790,41.500000,40.665385
10574,10791,41.503846,40.669231
10575,10792,41.507692,40.673077
10576,10793,41.511538,40.676923
10577,10794,41.515385,40.680769
10578,10795,41.519231,40.684615
10579,10796,41.523077,40.688462
10580,10797,41.526923,40.692308
10581,10798,41.530769,40.696154
10582,10799,41.534615,40.700000
10583,10800,41.538462,40.703846
10584,10801,41.542308,40.707692
10585,10802,41.546154,40.711538
10586,10803,41.550000,40.715385
10587,10804,41.553846,40.719231
10588,10805,41.557692,40.723077
10589,10806,41.561538,40.726923
10590,10807,41.565385,40.730769
10591,10808,41.569231,40.734615
10592,10809,41.573077,40.738462
10593,10810,41.576923,40.742308
10594,10811,41.580769,40.746154
10595,10812,41.584615,40.750000
10596,10813,41.588462,40.753846
10597,10814,41.592308,40.757692
10598,10815,41.596154,40.761538
10599,10816,41.600000,40.765385
10600,10817,41.603846,40.769231
10601,10818,41.607692,40.773077
10602,10819,41.611538,40.776923
10603,10820,41.615385,40.780769
10604,10821,41.619231,40.784615
10605,10822,41.623077,40.788462
10606,10823,41.626923,40.792308
10607,10824,41.630769,40.796154
10608,10825,41.634615,40.800000
10609,10826,41.638462,40.803846
10610,10827,41.642308,40.807692
10611,10828,41.646154,40.811538
10612,10829,41.650000,40.815385
10613,10830,41.653846,40.819231
10614,10831,41.657692,40.823077
10615,10832,41.661538,40.826923
10616,10833,41.665385,40.830769
10617,10834,41.669231,40.834615
10618,10835,41.673077,40.838462
10619,10836,41.676923,40.842308
10620,10837,41.680769,40.846154
10621,10838,41.684615,40.850000
10622,10839,41.688462,40.853846
10623,10840,41.692308,40.857692
10624,10841,41.696154,40.861538
10625,10842,41.700000,40.865385
10626,10843,41.703846,40.869231
10627,10844,41.707692,40.873077
10628,10845,41.711538,40.876923
10629,10846,41.715385,40.880769
10630,10847,41.719231,40.884615
10631,10848,41.723077,40.888462
10632,10849,41.726923,40.892308
10633,10850,41.730769,40.896154
10634,10851,41.734615,40.900000
10635,10852,41.738462,40.903846
10636,10853,41.742308,40.907692
10637,10854,41.746154,40.911538
10638,10855,41.750000,40.915385
10639,10856,41.753846,40.919231
10640,10857,41.757692,40.923077
10641,10858,41.761538,40.926923
10642,10859,41.765385,40.930769
10643,10860,41.769231,40.934615
10644,10861,41.773077,40.938462
10645,10862,41.776923,40.942308
10646,10863,41.780769,40.946154
10647,10864,41.784615,40.950000
10648,10865,41.788462,40.953846
10649,10866,41.792308,40.957692
10650,10867,41.796154,40.961538
10651,10868,41.800000,40.965385
10652,10869,41.803846,40.969231
10653,10870,41.807692,40.973077
10654,10871,41.811538,40.976923
10655,10872,41.815385,40.980769
10656,10873,41.819231,40.984615
10657,10874,41.823077,40.988462
10658,10875,41.826923,40.992308
10659,10876,41.830769,40.996154
10660,10877,41.834615,41.000000
10661,10878,41.838462,41.003846
10662,10879,41.842308,41.007692
10663,10880,41.846154,41.011538
10664,10881,41.850000,41.015385
10665,10882,41.853846,41.019231
10666,10883,41.857692,41.023077
10667,10884,41.861538,41.026923
10668,10885,41.865385,41.030769
10669,10886,41.869231,41.034615
10670,10887,41.873077,41.038462
10671,10888,41.876923,41.042308
10672,10889,41.880769,41.046154
10673,10890,41.884615,41.050000
10674,10891,41.888462,41.053846
10675,10892,41.892308,41.057692
10676,10893,41.896154,41.061538
10677,10894,41.900000,41.065385
10678,10895,41.903846,41.069231
10679,10896,41.907692,41.073077
10680,10897,41.911538,41.076923
10681,10898,41.915385,41.080769
10682,10899,41.919231,41.084615
10683,10900,41.923077,41.088462
10684,10901,41.926923,41.092308
10685,10902,41.930769,41.096154
10686,10903,41.934615,41.100000
10687,10904,41.938462,41.103846
10688,10905,41.942308,41.107692
10689,10906,41.946154,41.111538
10690,10907,41.950000,41.115385
10691,10908,41.953846,41.119231
10692,10909,41.957692,41.123077
10693,10910,41.961538,41.126923
10694,10911,41.965385,41.130769
10695,10912,41.969231,41.134615
10696,10913,41.973077,41.138462
10697,10914,41.976923,41.142308
10698,10915,41.980769,41.146154
10699,10916,41.984615,41.150000
10700,10917,41.988462,41.153846
10701,10918,41.992308,41.157692
10702,10919,41.996154,41.161538
10703,10920,42.000000,41.165385
10704,10921,42.003846,41.169231
10705,10922,42.007692,41.173077
10706,10923,42.011538,41.176923
10707,10924,42.015385,41.180769
10708,10925,42.019231,41.184615
10709,10926,42.023077,41.188462
10710,10927,42.026923,41.192308
10711,10928,42.030769,41.196154
10712,10929,42.034615,41.200000
10713,10930,42.038462,41.203846
10714,10931,42.042308,41.207692
10715,10932,42.046154,41.211538
10716,10933,42.050000,41.215385
10717,10934,42.053846,41.219231
10718,10935,42.057692,41.223077
10719,10936,42.061538,41.226923
10720,10937,42.065385,41.230769
10721,10938,42.069231,41.234615
10722,10939,42.073077,41.238462
10723,10940,42.076923,41.242308
10724,10941,42.080769,41.246154
10725,10942,42.084615,41.250000
10726,10943,42.088462,41.253846
10727,10944,42.092308,41.257692
10728,10945,42.096154,41.261538
10729,10946,42.100000,41.265385
10730,10947,42.103846,41.269231
10731,10948,42.107692,41.273077
10732,10949,42.111538,41.276923
10733,10950,42.115385,41.280769
10734,10951,42.119231,41.284615
10735,10952,42.123077,41.288462
10736,10953,42.126923,41.292308
10737,10954,42.130769,41.296154
10738,10955,42.134615,41.300000
10739,10956,42.138462,41.303846
10740,10957,42.142308,41.307692
10741,10958,42.146154,41.311538
10742,10959,42.150000,41.315385
10743,10960,42.153846,41.319231
10744,10961,42.157692,41.323077
10745,10962,42.161538,41.326923
10746,10963,42.165385,41.330769
10747,10964,42.169231,41.334615
10748,10965,42.173077,41.338462
10749,10966,42.176923,41.342308
10750,10967,42.180769,41.346154
10751,10968,42.184615,41.350000
10752,10969,42.188462,41.353846
10753,10970,42.192308,41.357692
10754,10971,42.196154,41.361538
10755,10972,42.200000,41.365385
10756,10973,42.203846,41.369231
10757,10974,42.207692,41.373077
10758,10975,42.211538,41.376923
10759,10976,42.215385,41.380769
10760,10977,42.219231,41.384615
10761,10978,42.223077,41.388462
10762,10979,42.226923,41.392308
10763,10980,42.230769,41.396154
10764,10981,42.234615,41.400000
10765,10982,42.238462,41.403846
10766,10983,42.242308,41.407692
10767,10984,42.246154,41.411538
10768,10985,42.250000,41.415385
10769,10986,42.253846,41.419231
10770,10987,42.257692,41.423077
10771,10988,42.261538,41.426923
10772,10989,42.265385,41.430769
10773,10990,42.269231,41.434615
10774,10991,42.273077,41.438462
10775,10992,42.276923,41.442308
10776,10993,42.280769,41.446154
10777,10994,42.284615,41.450000
10778,10995,42.288462,41.453846
10779,10996,42.292308,41.457692
10780,10997,42.296154,41.461538
10781,10998,42.300000,41.465385
10782,10999,42.303846,41.469231
10783,11000,42.307692,41.473077
10784,11001,42.311538,41.476923
10785,11002,42.315385,41.480769
10786,11003,42.319231,41.484615
10787,11004,42.323077,41.488462
10788,11005,42.326923,41.492308
10789,11006,42.330769,41.496154
10790,11007,42.334615,41.500000
10791,11008,42.338462,41.503846
10792,11009,42.342308,41.507692
10793,11010,42.346154,41.511538
10794,11011,42.350000,41.515385
10795,11012,42.353846,41.519231
10796,11013,42.357692,41.523077
10797,11014,42.361538,41.526923
10798,11015,42.365385,41.530769
10799,11016,42.369231,41.534615
10800,11017,42.373077,41.538462
10801,11018,42.376923,41.542308
10802,11019,42.380769,41.546154
10803,11020,42.384615,41.550000
10804,11021,42.388462,41.553846
10805,11022,42.392308,41.557692
10806,11023,42.396154,41.561538
10807,11024,42.400000,41.565385
10808,11025,42.403846,41.569231
10809,11026,42.407692,41.573077
10810,11027,42.411538,41.576923
10811,11028,42.415385,41.580769
10812,11029,42.419231,41.584615
10813,11030,42.423077,41.588462
10814,11031,42.426923,41.592308
10815,11032,42.430769,41.596154
10816,11033,42.434615,41.600000
10817,11034,42.438462,41.603846
10818,11035,42.442308,41.607692
10819,11036,42.446154,41.611538
10820,11037,42.450000,41.615385
10821,11038,42.453846,41.619231
10822,11039,42.457692,41.623077
10823,11040,42.461538,41.626923
10824,11041,42.465385,41.630769
10825,11042,42.469231,41.634615
10826,11043,42.473077,41.638462
10827,11044,42.476923,41.642308
10828,11045,42.480769,41.646154
10829,11046,42.484615,41.650000
10830,11047,42.488462,41.653846
10831,11048,42.492308,41.657692
10832,11049,42.496154,41.661538
10833,11050,42.500000,41.665385
10834,11051,42.503846,41.669231
10835,11052,42.507692,41.673077
10836,11053,42.511538,41.676923
10837,11054,42.515385,41.680769
10838,11055,42.519231,41.684615
10839,11056,42.523077,41.688462
10840,11057,42.526923,41.692308
10841,11058,42.530769,41.696154
10842,11059,42.534615,41.700000
10843,11060,42.538462,41.703846
10844,11061,42.542308,41.707692
10845,11062,42.546154,41.711538
10846,11063,42.550000,41.715385
10847,11064,42.553846,41.719231
10848,11065,42.557692,41.723077
10849,11066,42.561538,41.726923
10850,11067,42.565385,41.730769
10851,11068,42.569231,41.734615
10852,11069,42.573077,41.738462
10853,11070,42.576923,41.742308
10854,11071,42.580769,41.746154
10855,11072,42.584615,41.750000
10856,11073,42.588462,41.753846
10857,11074,42.592308,41.757692
10858,11075,42.596154,41.761538
10859,11076,42.600000,41.765385
10860,11077,42.603846,41.769231
10861,11078,42.607692,41.773077
10862,11079,42.611538,41.776923
10863,11080,42.615385,41.780769
10864,11081,42.619231,41.784615
10865,11082,42.623077,41.788462
10866,11083,42.626923,41.792308
10867,11084,42.630769,41.796154
10868,11085,42.634615,41.800000
10869,11086,42.638462,41.803846
10870,11087,42.642308,41.807692
10871,11088,42.646154,41.811538
10872,11089,42.650000,41.815385
10873,11090,42.653846,41.819231
10874,11091,42.657692,41.823077
10875,11092,42.661538,41.826923
10876,11093,42.665385,41.830769
10877,11094,42.669231,41.834615
10878,11095,42.673077,41.838462
10879,11096,42.676923,41.842308
10880,11097,42.680769,41.846154
10881,11098,42.684615,41.850000
10882,11099,42.688462,41.853846
10883,11100,42.692308,41.857692
10884,11101,42.696154,41.861538
10885,11102,42.700000,41.865385
10886,11103,42.703846,41.869231
10887,11104,42.707692,41.873077
10888,11105,42.711538,41.876923
10889,11106,42.715385,41.880769
10890,11107,42.719231,41.884615
10891,11108,42.723077,41.888462
10892,11109,42.726923,41.892308
10893,11110,42.730769,41.896154
10894,11111,42.734615,41.900000
10895,11112,42.738462,41.903846
10896,11113,42.742308,41.907692
10897,11114,42.746154,41.911538
10898,11115,42.750000,41.915385
10899,11116,42.753846,41.919231
10900,11117,42.757692,41.923077
10901,11118,42.761538,41.926923
10902,11119,42.765385,41.930769
10903,11120,42.769231,41.934615
10904,11121,42.773077,41.938462
10905,11122,42.776923,41.942308
10906,11123,42.780769,41.946154
10907,11124,42.784615,41.950000
10908,11125,42.788462,41.953846
10909,11126,42.792308,41.957692
10910,11127,42.796154,41.961538
10911,11128,42.800000,41.965385
10912,11129,42.803846,41.969231
10913,11130,42.807692,41.973077
10914,11131,42.811538,41.976923
10915,11132,42.815385,41.980769
10916,11133,42.819231,41.984615
10917,11134,42.823077,41.988462
10918,11135,42.826923,41.992308
10919,11136,42.830769,41.996154
10920,11137,42.834615,42.000000
10921,11138,42.838462,42.003846
10922,11139,42.842308,42.007692
10923,11140,42.846154,42.011538
10924,11141,42.850000,42.015385
10925,11142,42.853846,42.019231
10926,11143,42.857692,42.023077
10927,11144,42.861538,42.026923
10928,11145,42.865385,42.030769
10929,11146,42.869231,42.034615
10930,11147,42.873077,42.038462
10931,11148,42.876923,42.042308
10932,11149,42.880769,42.046154
10933,11150,42.884615,42.050000
10934,11151,42.888462,42.053846
10935,11152,42.892308,42.057692
10936,11153,42.896154,42.061538
10937,11154,42.900000,42.065385
10938,11155,42.903846,42.069231
10939,11156,42.907692,42.073077
10940,11157,42.911538,42.076923
10941,11158,42.915385,42.080769
10942,11159,42.919231,42.084615
10943,11160,42.923077,42.088462
10944,11161,42.926923,42.092308
10945,11162,42.930769,42.096154
10946,11163,42.934615,42.100000
10947,11164,42.938462,42.103846
10948,11165,42.942308,42.107692
10949,11166,42.946154,42.111538
10950,11167,42.950000,42.115385
10951,11168,42.953846,42.119231
10952,11169,42.957692,42.123077
10953,11170,42.961538,42.126923
10954,11171,42.965385,42.130769
10955,11172,42.969231,42.134615
10956,11173,42.973077,42.138462
10957,11174,42.976923,42.142308
10958,11175,42.980769,42.146154
10959,11176,42.984615,42.150000
10960,11177,42.988462,42.153846
10961,11178,42.992308,42.157692
10962,11179,42.996154,42.161538
10963,11180,43.000000,42.165385
10964,11181,43.003846,42.169231
10965,11182,43.007692,42.173077
10966,11183,43.011538,42.176923
10967,11184,43.015385,42.180769
10968,11185,43.019231,42.184615
10969,11186,43.023077,42.188462
10970,11187,43.026923,42.192308
10971,11188,43.030769,42.196154
10972,11189,43.034615,42.200000
10973,11190,43.038462,42.203846
10974,11191,43.042308,42.207692
10975,11192,43.046154,42.211538
10976,11193,43.050000,42.215385
10977,11194,43.053846,42.219231
10978,11195,43.057692,42.223077
10979,11196,43.061538,42.226923
10980,11197,43.065385,42.230769
10981,11198,43.069231,42.234615
10982,11199,43.073077,42.238462
10983,11200,43.076923,42.242308
10984,11201,43.080769,42.246154
10985,11202,43.084615,42.250000
10986,11203,43.088462,42.253846
10987,11204,43.092308,42.257692
10988,11205,43.096154,42.261538
10989,11206,43.100000,42.265385
10990,11207,43.103846,42.269231
10991,11208,43.107692,42.273077
10992,11209,43.111538,42.276923
10993,11210,43.115385,42.280769
10994,11211,43.119231,42.284615
10995,11212,43.123077,42.288462
10996,11213,43.126923,42.292308
10997,11214,43.130769,42.296154
10998,11215,43.134615,42.300000
10999,11216,43.138462,42.303846
11000,11217,43.142308,42.307692
11001,11218,43.146154,42.311538
11002,11219,43.150000,42.315385
11003,11220,43.153846,42.319231
11004,11221,43.157692,42.323077
11005,11222,43.161538,42.326923
11006,11223,43.165385,42.330769
11007,11224,43.169231,42.334615
11008,11225,43.173077,42.338462
11009,11226,43.176923,42.342308
11010,11227,43.180769,42.346154
11011,11228,43.184615,42.350000
11012,11229,43.188462,42.353846
11013,11230,43.192308,42.357692
11014,11231,43.196154,42.361538
11015,11232,43.200000,42.365385
11016,11233,43.203846,42.369231
11017,11234,43.207692,42.373077
11018,11235,43.211538,42.376923
11019,11236,43.215385,42.380769
11020,11237,43.219231,42.384615
11021,11238,43.223077,42.388462
11022,11239,43.226923,42.392308
11023,11240,43.230769,42.396154
11024,11241,43.234615,42.400000
11025,11242,43.238462,42.403846
11026,11243,43.242308,42.407692
11027,11244,43.246154,42.411538
11028,11245,43.250000,42.415385
11029,11246,43.253846,42.419231
11030,11247,43.257692,42.423077
11031,11248,43.261538,42.426923
11032,11249,43.265385,42.430769
11033,11250,43.269231,42.434615
11034,11251,43.273077,42.438462
11035,11252,43.276923,42.442308
11036,11253,43.280769,42.446154
11037,11254,43.284615,42.450000
11038,11255,43.288462,42.453846
11039,11256,43.292308,42.457692
11040,11257,43.296154,42.461538
11041,11258,43.300000,42.465385
11042,11259,43.303846,42.469231
11043,11260,43.307692,42.473077
11044,11261,43.311538,42.476923
11045,11262,43.315385,42.480769
11046,11263,43.319231,42.484615
11047,11264,43.323077,42.488462
11048,11265,43.326923,42.492308
11049,11266,43.330769,42.496154
11050,11267,43.334615,42.500000
11051,11268,43.338462,42.503846
11052,11269,43.342308,42.507692
11053,11270,43.346154,42.511538
11054,11271,43.350000,42.515385
11055,11272,43.353846,42.519231
11056,11273,43.357692,42.523077
11057,11274,43.361538,42.526923
11058,11275,43.365385,42.530769
11059,11276,43.369231,42.534615
11060,11277,43.373077,42.538462
11061,11278,43.376923,42.542308
11062,11279,43.380769,42.546154
11063,11280,43.384615,42.550000
11064,11281,43.388462,42.553846
11065,11282,43.392308,42.557692
11066,11283,43.396154,42.561538
11067,11284,43.400000,42.565385
11068,11285,43.403846,42.569231
11069,11286,43.407692,42.573077
11070,11287,43.411538,42.576923
11071,11288,43.415385,42.580769
11072,11289,43.419231,42.584615
11073,11290,43.423077,42.588462
11074,11291,43.426923,42.592308
11075,11292,43.430769,42.596154
11076,11293,43.434615,42.600000
11077,11294,43.438462,42.603846
11078,11295,43.442308,42.607692
11079,11296,43.446154,42.611538
11080,11297,43.450000,42.615385
11081,11298,43.453846,42.619231
11082,11299,43.457692,42.623077
11083,11300,43.461538,42.626923
11084,11301,43.465385,42.630769
11085,11302,43.469231,42.634615
11086,11303,43.473077,42.638462
11087,11304,43.476923,42.642308
11088,11305,43.480769,42.646154
11089,11306,43.484615,42.650000
11090,11307,43.488462,42.653846
11091,11308,43.492308,42.657692
11092,11309,43.496154,42.661538
11093,11310,43.500000,42.665385
11094,11311,43.503846,42.669231
11095,11312,43.507692,42.673077
11096,11313,43.511538,42.676923
11097,11314,43.515385,42.680769
11098,11315,43.519231,42.684615
11099,11316,43.523077,42.688462
11100,11317,43.526923,42.692308
11101,11318,43.530769,42.696154
11102,11319,43.534615,42.700000
11103,11320,43.538462,42.703846
11104,11321,43.542308,42.707692
11105,11322,43.546154,42.711538
11106,11323,43.550000,42.715385
11107,11324,43.553846,42.719231
11108,11325,43.557692,42.723077
11109,11326,43.561538,42.726923
11110,11327,43.565385,42.730769
11111,11328,43.569231,42.734615
11112,11329,43.573077,42.738462
11113,11330,43.576923,42.742308
11114,11331,43.580769,42.746154
11115,11332,43.584615,42.750000
11116,11333,43.588462,42.753846
11117,11334,43.592308,42.757692
11118,11335,43.596154,42.761538
11119,11336,43.600000,42.765385
11120,11337,43.603846,42.769231
11121,11338,43.607692,42.773077
11122,11339,43.611538,42.776923
11123,11340,43.615385,42.780769
11124,11341,43.619231,42.784615
11125,11342,43.623077,42.788462
11126,11343,43.626923,42.792308
11127,11344,43.630769,42.796154
11128,11345,43.634615,42.800000
11129,11346,43.638462,42.803846
11130,11347,43.642308,42.807692
11131,11348,43.646154,42.811538
11132,11349,43.650000,42.815385
11133,11350,43.653846,42.819231
11134,11351,43.657692,42.823077
11135,11352,43.661538,42.826923
11136,11353,43.665385,42.830769
11137,11354,43.669231,42.834615
11138,11355,43.673077,42.838462
11139,11356,43.676923,42.842308
11140,11357,43.680769,42.846154
11141,11358,43.684615,42.850000
11142,11359,43.688462,42.853846
11143,11360,43.692308,42.857692
11144,11361,43.696154,42.861538
11145,11362,43.700000,42.865385
11146,11363,43.703846,42.869231
11147,11364,43.707692,42.873077
11148,11365,43.711538,42.876923
11149,11366,43.715385,42.880769
11150,11367,43.719231,42.884615
11151,11368,43.723077,42.888462
11152,11369,43.726923,42.892308
11153,11370,43.730769,42.896154
11154,11371,43.734615,42.900000
11155,11372,43.738462,42.903846
11156,11373,43.742308,42.907692
11157,11374,43.746154,42.911538
11158,11375,43.750000,42.915385
11159,11376,43.753846,42.919231
11160,11377,43.757692,42.923077
11161,11378,43.761538,42.926923
11162,11379,43.765385,42.930769
11163,11380,43.769231,42.934615
11164,11381,43.773077,42.938462
11165,11382,43.776923,42.942308
11166,11383,43.780769,42.946154
11167,11384,43.784615,42.950000
11168,11385,43.788462,42.953846
11169,11386,43.792308,42.957692
11170,11387,43.796154,42.961538
11171,11388,43.800000,42.965385
11172,11389,43.803846,42.969231
11173,11390,43.807692,42.973077
11174,11391,43.811538,42.976923
11175,11392,43.815385,42.980769
11176,11393,43.819231,42.984615
11177,11394,43.823077,42.988462
11178,11395,43.826923,42.992308
11179,11396,43.830769,42.996154
11180,11397,43.834615,43.000000
11181,11398,43.838462,43.003846
11182,11399,43.842308,43.007692
11183,11400,43.846154,43.011538
11184,11401,43.850000,43.015385
11185,11402,43.853846,43.019231
11186,11403,43.857692,43.023077
11187,11404,43.861538,43.026923
11188,11405,43.865385,43.030769
11189,11406,43.869231,43.034615
11190,11407,43.873077,43.038462
11191,11408,43.876923,43.042308
11192,11409,43.880769,43.046154
11193,11410,43.884615,43.050000
11194,11411,43.888462,43.053846
11195,11412,43.892308,43.057692
11196,11413,43.896154,43.061538
11197,11414,43.900000,43.065385
11198,11415,43.903846,43.069231
11199,11416,43.907692,43.073077
11200,11417,43.911538,43.076923
11201,11418,43.915385,43.080769
11202,11419,43.919231,43.084615
11203,11420,43.923077,43.088462
11204,11421,43.926923,43.092308
11205,11422,43.930769,43.096154
11206,11423,43.934615,43.100000
11207,11424,43.938462,43.103846
11208,11425,43.942308,43.107692
11209,11426,43.946154,43.111538
11210,11427,43.950000,43.115385
11211,11428,43.953846,43.119231
11212,11429,43.957692,43.123077
11213,11430,43.961538,43.126923
11214,11431,43.965385,43.130769
11215,11432,43.969231,43.134615
11216,11433,43.973077,43.138462
11217,11434,43.976923,43.142308
11218,11435,43.980769,43.146154
11219,11436,43.984615,43.150000
11220,11437,43.988462,43.153846
11221,11438,43.992308,43.157692
11222,11439,43.996154,43.161538
11223,11440,44.000000,43.165385
11224,11441,44.003846,43.169231
11225,11442,44.007692,43.173077
11226,11443,44.011538,43.176923
11227,11444,44.015385,43.180769
11228,11445,44.019231,43.184615
11229,11446,44.023077,43.188462
11230,11447,44.026923,43.192308
11231,11448,44.030769,43.196154
11232,11449,44.034615,43.200000
11233,11450,44.038462,43.203846
11234,11451,44.042308,43.207692
11235,11452,44.046154,43.211538
11236,11453,44.050000,43.215385
11237,11454,44.053846,43.219231
11238,11455,44.057692,43.223077
11239,11456,44.061538,43.226923
11240,11457,44.065385,43.230769
11241,11458,44.069231,43.234615
11242,11459,44.073077,43.238462
11243,11460,44.076923,43.242308
11244,11461,44.080769,43.246154
11245,11462,44.084615,43.250000
11246,11463,44.088462,43.253846
11247,11464,44.092308,43.257692
11248,11465,44.096154,43.261538
11249,11466,44.100000,43.265385
11250,11467,44.103846,43.269231
11251,11468,44.107692,43.273077
11252,11469,44.111538,43.276923
11253,11470,44.115385,43.280769
11254,11471,44.119231,43.284615
11255,11472,44.123077,43.288462
11256,11473,44.126923,43.292308
11257,11474,44.130769,43.296154
11258,11475,44.134615,43.300000
11259,11476,44.138462,43.303846
11260,11477,44.142308,43.307692
11261,11478,44.146154,43.311538
11262,11479,44.150000,43.315385
11263,11480,44.153846,43.319231
11264,11481,44.157692,43.323077
11265,11482,44.161538,43.326923
11266,11483,44.165385,43.330769
11267,11484,44.169231,43.334615
11268,11485,44.173077,43.338462
11269,11486,44.176923,43.342308
11270,11487,44.180769,43.346154
11271,11488,44.184615,43.350000
11272,11489,44.188462,43.353846
11273,11490,44.192308,43.357692
11274,11491,44.196154,43.361538
11275,11492,44.200000,43.365385
11276,11493,44.203846,43.369231
11277,11494,44.207692,43.373077
11278,11495,44.211538,43.376923
11279,11496,44.215385,43.380769
11280,11497,44.219231,43.384615
11281,11498,44.223077,43.388462
11282,11499,44.226923,43.392308
11283,11500,44.230769,43.396154
11284,11501,44.234615,43.400000
11285,11502,44.238462,43.403846
11286,11503,44.242308,43.407692
11287,11504,44.246154,43.411538
11288,11505,44.250000,43.415385
11289,11506,44.253846,43.419231
11290,11507,44.257692,43.423077
11291,11508,44.261538,43.426923
11292,11509,44.265385,43.430769
11293,11510,44.269231,43.434615
11294,11511,44.273077,43.438462
11295,11512,44.276923,43.442308
11296,11513,44.280769,43.446154
11297,11514,44.284615,43.450000
11298,11515,44.288462,43.453846
11299,11516,44.292308,43.457692
11300,11517,44.296154,43.461538
11301,11518,44.300000,43.465385
11302,11519,44.303846,43.469231
11303,11520,44.307692,43.473077
11304,11521,44.311538,43.476923
11305,11522,44.315385,43.480769
11306,11523,44.319231,43.484615
11307,11524,44.323077,43.488462
11308,11525,44.326923,43.492308
11309,11526,44.330769,43.496154
11310,11527,44.334615,43.500000
11311,11528,44.338462,43.503846
11312,11529,44.342308,43.507692
11313,11530,44.346154,43.511538
11314,11531,44.350000,43.515385
11315,11532,44.353846,43.519231
11316,11533,44.357692,43.523077
11317,11534,44.361538,43.526923
11318,11535,44.365385,43.530769
11319,11536,44.369231,43.534615
11320,11537,44.373077,43.538462
11321,11538,44.376923,43.542308
11322,11539,44.380769,43.546154
11323,11540,44.384615,43.550000
11324,11541,44.388462,43.553846
11325,11542,44.392308,43.557692
11326,11543,44.396154,43.561538
11327,11544,44.400000,43.565385
11328,11545,44.403846,43.569231
11329,11546,44.407692,43.573077
11330,11547,44.411538,43.576923
11331,11548,44.415385,43.580769
11332,11549,44.419231,43.584615
11333,11550,44.423077,43.588462
11334,11551,44.426923,43.592308
11335,11552,44.430769,43.596154
11336,11553,44.434615,43.600000
11337,11554,44.438462,43.603846
11338,11555,44.442308,43.607692
11339,11556,44.446154,43.611538
11340,11557,44.450000,43.615385
11341,11558,44.453846,43.619231
11342,11559,44.457692,43.623077
11343,11560,44.461538,43.626923
11344,11561,44.465385,43.630769
11345,11562,44.469231,43.634615
11346,11563,44.473077,43.638462
11347,11564,44.476923,43.642308
11348,11565,44.480769,43.646154
11349,11566,44.484615,43.650000
11350,11567,44.488462,43.653846
11351,11568,44.492308,43.657692
11352,11569,44.496154,43.661538
11353,11570,44.500000,43.665385
11354,11571,44.503846,43.669231
11355,11572,44.507692,43.673077
11356,11573,44.511538,43.676923
11357,11574,44.515385,43.680769
11358,11575,44.519231,43.684615
11359,11576,44.523077,43.688462
11360,11577,44.526923,43.692308
11361,11578,44.530769,43.696154
11362,11579,44.534615,43.700000
11363,11580,44.538462,43.703846
11364,11581,44.542308,43.707692
11365,11582,44.546154,43.711538
11366,11583,44.550000,43.715385
11367,11584,44.553846,43.719231
11368,11585,44.557692,43.723077
11369,11586,44.561538,43.726923
11370,11587,44.565385,43.730769
11371,11588,44.569231,43.734615
11372,11589,44.573077,43.738462
11373,11590,44.576923,43.742308
11374,11591,44.580769,43.746154
11375,11592,44.584615,43.750000
11376,11593,44.588462,43.753846
11377,11594,44.592308,43.757692
11378,11595,44.596154,43.761538
11379,11596,44.600000,43.765385
11380,11597,44.603846,43.769231
11381,11598,44.607692,43.773077
11382,11599,44.611538,43.776923
11383,11600,44.615385,43.780769
11384,11601,44.619231,43.784615
11385,11602,44.623077,43.788462
11386,11603,44.626923,43.792308
11387,11604,44.630769,43.796154
11388,11605,44.634615,43.800000
11389,11606,44.638462,43.803846
11390,11607,44.642308,43.807692
11391,11608,44.646154,43.811538
11392,11609,44.650000,43.815385
11393,11610,44.653846,43.819231
11394,11611,44.657692,43.823077
11395,11612,44.661538,43.826923
11396,11613,44.665385,43.830769
11397,11614,44.669231,43.834615
11398,11615,44.673077,43.838462
11399,11616,44.676923,43.842308
11400,11617,44.680769,43.846154
11401,11618,44.684615,43.850000
11402,11619,44.688462,43.853846
11403,11620,44.692308,43.857692
11404,11621,44.696154,43.861538
11405,11622,44.700000,43.865385
11406,11623,44.703846,43.869231
11407,11624,44.707692,43.873077
11408,11625,44.711538,43.876923
11409,11626,44.715385,43.880769
11410,11627,44.719231,43.884615
11411,11628,44.723077,43.888462
11412,11629,44.726923,43.892308
11413,11630,44.730769,43.896154
11414,11631,44.734615,43.900000
11415,11632,44.738462,43.903846
11416,11633,44.742308,43.907692
11417,11634,44.746154,43.911538
11418,11635,44.750000,43.915385
11419,11636,44.753846,43.919231
11420,11637,44.757692,43.923077
11421,11638,44.761538,43.926923
11422,11639,44.765385,43.930769
11423,11640,44.769231,43.934615
11424,11641,44.773077,43.938462
11425,11642,44.776923,43.942308
11426,11643,44.780769,43.946154
11427,11644,44.784615,43.950000
11428,11645,44.788462,43.953846
11429,11646,44.792308,43.957692
11430,11647,44.796154,43.961538
11431,11648,44.800000,43.965385
11432,11649,44.803846,43.969231
11433,11650,44.807692,43.973077
11434,11651,44.811538,43.976923
11435,11652,44.815385,43.980769
11436,11653,44.819231,43.984615
11437,11654,44.823077,43.988462
11438,11655,44.826923,43.992308
11439,11656,44.830769,43.996154
11440,11657,44.834615,44.000000
11441,11658,44.838462,44.003846
11442,11659,44.842308,44.007692
11443,11660,44.846154,44.011538
11444,11661,44.850000,44.015385
11445,11662,44.853846,44.019231
11446,11663,44.857692,44.023077
11447,11664,44.861538,44.026923
11448,11665,44.865385,44.030769
11449,11666,44.869231,44.034615
11450,11667,44.873077,44.038462
11451,11668,44.876923,44.042308
11452,11669,44.880769,44.046154
11453,11670,44.884615,44.050000
11454,11671,44.888462,44.053846
11455,11672,44.892308,44.057692
11456,11673,44.896154,44.061538
11457,11674,44.900000,44.065385
11458,11675,44.903846,44.069231
11459,11676,44.907692,44.073077
11460,11677,44.911538,44.076923
11461,11678,44.915385,44.080769
11462,11679,44.919231,44.084615
11463,11680,44.923077,44.088462
11464,11681,44.926923,44.092308
11465,11682,44.930769,44.096154
11466,11683,44.934615,44.100000
11467,11684,44.938462,44.103846
11468,11685,44.942308,44.107692
11469,11686,44.946154,44.111538
11470,11687,44.950000,44.115385
11471,11688,44.953846,44.119231
11472,11689,44.957692,44.123077
11473,11690,44.961538,44.126923
11474,11691,44.965385,44.130769
11475,11692,44.969231,44.134615
11476,11693,44.973077,44.138462
11477,11694,44.976923,44.142308
11478,11695,44.980769,44.146154
11479,11696,44.984615,44.150000
11480,11697,44.988462,44.153846
11481,11698,44.992308,44.157692
11482,11699,44.996154,44.161538
11483,11700,45.000000,44.165385
11484,11701,45.003846,44.169231
11485,11702,45.007692,44.173077
11486,11703,45.011538,44.176923
11487,11704,45.015385,44.180769
11488,11705,45.019231,44.184615
11489,11706,45.023077,44.188462
11490,11707,45.026923,44.192308
11491,11708,45.030769,44.196154
11492,11709,45.034615,44.200000
11493,11710,45.038462,44.203846
11494,11711,45.042308,44.207692
11495,11712,45.046154,44.211538
11496,11713,45.050000,44.215385
11497,11714,45.053846,44.219231
11498,11715,45.057692,44.223077
11499,11716,45.061538,44.226923
11500,11717,45.065385,44.230769
11501,11718,45.069231,44.234615
11502,11719,45.073077,44.238462
11503,11720,45.076923,44.242308
11504,11721,45.080769,44.246154
11505,11722,45.084615,44.250000
11506,11723,45.088462,44.253846
11507,11724,45.092308,44.257692
11508,11725,45.096154,44.261538
11509,11726,45.100000,44.265385
11510,11727,45.103846,44.269231
11511,11728,45.107692,44.273077
11512,11729,45.111538,44.276923
11513,11730,45.115385,44.280769
11514,11731,45.119231,44.284615
11515,11732,45.123077,44.288462
11516,11733,45.126923,44.292308
11517,11734,45.130769,44.296154
11518,11735,45.134615,44.300000
11519,11736,45.138462,44.303846
11520,11737,45.142308,44.307692
11521,11738,45.146154,44.311538
11522,11739,45.150000,44.315385
11523,11740,45.153846,44.319231
11524,11741,45.157692,44.323077
11525,11742,45.161538,44.326923
11526,11743,45.165385,44.330769
11527,11744,45.169231,44.334615
11528,11745,45.173077,44.338462
11529,11746,45.176923,44.342308
11530,11747,45.180769,44.346154
11531,11748,45.184615,44.350000
11532,11749,45.188462,44.353846
11533,11750,45.192308,44.357692
11534,11751,45.196154,44.361538
11535,11752,45.200000,44.365385
11536,11753,45.203846,44.369231
11537,11754,45.207692,44.373077
11538,11755,45.211538,44.376923
11539,11756,45.215385,44.380769
11540,11757,45.219231,44.384615
11541,11758,45.223077,44.388462
11542,11759,45.226923,44.392308
11543,11760,45.230769,44.396154
11544,11761,45.234615,44.400000
11545,11762,45.238462,44.403846
11546,11763,45.242308,44.407692
11547,11764,45.246154,44.411538
11548,11765,45.250000,44.415385
11549,11766,45.253846,44.419231
11550,11767,45.257692,44.423077
11551,11768,45.261538,44.426923
11552,11769,45.265385,44.430769
11553,11770,45.269231,44.434615
11554,11771,45.273077,44.438462
11555,11772,45.276923,44.442308
11556,11773,45.280769,44.446154
11557,11774,45.284615,44.450000
11558,11775,45.288462,44.453846
11559,11776,45.292308,44.457692
11560,11777,45.296154,44.461538
11561,11778,45.300000,44.465385
11562,11779,45.303846,44.469231
11563,11780,45.307692,44.473077
11564,11781,45.311538,44.476923
11565,11782,45.315385,44.480769
11566,11783,45.319231,44.484615
11567,11784,45.323077,44.488462
11568,11785,45.326923,44.492308
11569,11786,45.330769,44.496154
11570,11787,45.334615,44.500000
11571,11788,45.338462,44.503846
11572,11789,45.342308,44.507692
11573,11790,45.346154,44.511538
11574,11791,45.350000,44.515385
11575,11792,45.353846,44.519231
11576,11793,45.357692,44.523077
11577,11794,45.361538,44.526923
11578,11795,45.365385,44.530769
11579,11796,45.369231,44.534615
11580,11797,45.373077,44.538462
11581,11798,45.376923,44.542308
11582,11799,45.380769,44.546154
11583,11800,45.384615,44.550000
11584,11801,45.388462,44.553846
11585,11802,45.392308,44.557692
11586,11803,45.396154,44.561538
11587,11804,45.400000,44.565385
11588,11805,45.403846,44.569231
11589,11806,45.407692,44.573077
11590,11807,45.411538,44.576923
11591,11808,45.415385,44.580769
11592,11809,45.419231,44.584615
11593,11810,45.423077,44.588462
11594,11811,45.426923,44.592308
11595,11812,45.430769,44.596154
11596,11813,45.434615,44.600000
11597,11814,45.438462,44.603846
11598,11815,45.442308,44.607692
11599,11816,45.446154,44.611538
11600,11817,45.450000,44.615385
11601,11818,45.453846,44.619231
11602,11819,45.457692,44.623077
11603,11820,45.461538,44.626923
11604,11821,45.465385,44.630769
11605,11822,45.469231,44.634615
11606,11823,45.473077,44.638462
11607,11824,45.476923,44.642308
11608,11825,45.480769,44.646154
11609,11826,45.484615,44.650000
11610,11827,45.488462,44.653846
11611,11828,45.492308,44.657692
11612,11829,45.496154,44.661538
11613,11830,45.500000,44.665385
11614,11831,45.503846,44.669231
11615,11832,45.507692,44.673077
11616,11833,45.511538,44.676923
11617,11834,45.515385,44.680769
11618,11835,45.519231,44.684615
11619,11836,45.523077,44.688462
11620,11837,45.526923,44.692308
11621,11838,45.530769,44.696154
11622,11839,45.534615,44.700000
11623,11840,45.538462,44.703846
11624,11841,45.542308,44.707692
11625,11842,45.546154,44.711538
11626,11843,45.550000,44.715385
11627,11844,45.553846,44.719231
11628,11845,45.557692,44.723077
11629,11846,45.561538,44.726923
11630,11847,45.565385,44.730769
11631,11848,45.569231,44.734615
11632,11849,45.573077,44.738462
11633,11850,45.576923,44.742308
11634,11851,45.580769,44.746154
11635,11852,45.584615,44.750000
11636,11853,45.588462,44.753846
11637,11854,45.592308,44.757692
11638,11855,45.596154,44.761538
11639,11856,45.600000,44.765385
11640,11857,45.603846,44.769231
11641,11858,45.607692,44.773077
11642,11859,45.611538,44.776923
11643,11860,45.615385,44.780769
11644,11861,45.619231,44.784615
11645,11862,45.623077,44.788462
11646,11863,45.626923,44.792308
11647,11864,45.630769,44.796154
11648,11865,45.634615,44.800000
11649,11866,45.638462,44.803846
11650,11867,45.642308,44.807692
11651,11868,45.646154,44.811538
11652,11869,45.650000,44.815385
11653,11870,45.653846,44.819231
11654,11871,45.657692,44.823077
11655,11872,45.661538,44.826923
11656,11873,45.665385,44.830769
11657,11874,45.669231,44.834615
11658,11875,45.673077,44.838462
11659,11876,45.676923,44.842308
11660,11877,45.680769,44.846154
11661,11878,45.684615,44.850000
11662,11879,45.688462,44.853846
11663,11880,45.692308,44.857692
11664,11881,45.696154,44.861538
11665,11882,45.700000,44.865385
11666,11883,45.703846,44.869231
11667,11884,45.707692,44.873077
11668,11885,45.711538,44.876923
11669,11886,45.715385,44.880769
11670,11887,45.719231,44.884615
11671,11888,45.723077,44.888462
11672,11889,45.726923,44.892308
11673,11890,45.730769,44.896154
11674,11891,45.734615,44.900000
11675,11892,45.738462,44.903846
11676,11893,45.742308,44.907692
11677,11894,45.746154,44.911538
11678,11895,45.750000,44.915385
11679,11896,45.753846,44.919231
11680,11897,45.757692,44.923077
11681,11898,45.761538,44.926923
11682,11899,45.765385,44.930769
11683,11900,45.769231,44.934615
11684,11901,45.773077,44.938462
11685,11902,45.776923,44.942308
11686,11903,45.780769,44.946154
11687,11904,45.784615,44.950000
11688,11905,45.788462,44.953846
11689,11906,45.792308,44.957692
11690,11907,45.796154,44.961538
11691,11908,45.800000,44.965385
11692,11909,45.803846,44.969231
11693,11910,45.807692,44.973077
11694,11911,45.811538,44.976923
11695,11912,45.815385,44.980769
11696,11913,45.819231,44.984615
11697,11914,45.823077,44.988462
11698,11915,45.826923,44.992308
11699,11916,45.830769,44.996154
11700,11917,45.834615,45.000000
11701,11918,45.838462,45.003846
11702,11919,45.842308,45.007692
11703,11920,45.846154,45.011538
11704,11921,45.850000,45.015385
11705,11922,45.853846,45.019231
11706,11923,45.857692,45.023077
11707,11924,45.861538,45.026923
11708,11925,45.865385,45.030769
11709,11926,45.869231,45.034615
11710,11927,45.873077,45.038462
11711,11928,45.876923,45.042308
11712,11929,45.880769,45.046154
11713,11930,45.884615,45.050000
11714,11931,45.888462,45.053846
11715,11932,45.892308,45.057692
11716,11933,45.896154,45.061538
11717,11934,45.900000,45.065385
11718,11935,45.903846,45.069231
11719,11936,45.907692,45.073077
11720,11937,45.911538,45.076923
11721,11938,45.915385,45.080769
11722,11939,45.919231,45.084615
11723,11940,45.923077,45.088462
11724,11941,45.926923,45.092308
11725,11942,45.930769,45.096154
11726,11943,45.934615,45.100000
11727,11944,45.938462,45.103846
11728,11945,45.942308,45.107692
11729,11946,45.946154,45.111538
11730,11947,45.950000,45.115385
11731,11948,45.953846,45.119231
11732,11949,45.957692,45.123077
11733,11950,45.961538,45.126923
11734,11951,45.965385,45.130769
11735,11952,45.969231,45.134615
11736,11953,45.973077,45.138462
11737,11954,45.976923,45.142308
11738,11955,45.980769,45.146154
11739,11956,45.984615,45.150000
11740,11957,45.988462,45.153846
11741,11958,45.992308,45.157692
11742,11959,45.996154,45.161538
11743,11960,46.000000,45.165385
11744,11961,46.003846,45.169231
11745,11962,46.007692,45.173077
11746,11963,46.011538,45.176923
11747,11964,46.015385,45.180769
11748,11965,46.019231,45.184615
11749,11966,46.023077,45.188462
11750,11967,46.026923,45.192308
11751,11968,46.030769,45.196154
11752,11969,46.034615,45.200000
11753,11970,46.038462,45.203846
11754,11971,46.042308,45.207692
11755,11972,46.046154,45.211538
11756,11973,46.050000,45.215385
11757,11974,46.053846,45.219231
11758,11975,46.057692,45.223077
11759,11976,46.061538,45.226923
11760,11977,46.065385,45.230769
11761,11978,46.069231,45.234615
11762,11979,46.073077,45.238462
11763,11980,46.076923,45.242308
11764,11981,46.080769,45.246154
11765,11982,46.084615,45.250000
11766,11983,46.088462,45.253846
11767,11984,46.092308,45.257692
11768,11985,46.096154,45.261538
11769,11986,46.100000,45.265385
11770,11987,46.103846,45.269231
11771,11988,46.107692,45.273077
11772,11989,46.111538,45.276923
11773,11990,46.115385,45.280769
11774,11991,46.119231,45.284615
11775,11992,46.123077,45.288462
11776,11993,46.126923,45.292308
11777,11994,46.130769,45.296154
11778,11995,46.134615,45.300000
11779,11996,46.138462,45.303846
11780,11997,46.142308,45.307692
11781,11998,46.146154,45.311538
11782,11999,46.150000,45.315385
11783,12000,46.153846,45.319231
11784,12001,46.157692,45.323077
11785,12002,46.161538,45.326923
11786,12003,46.165385,45.330769
11787,12004,46.169231,45.334615
11788,12005,46.173077,45.338462
11789,12006,46.176923,45.342308
11790,12007,46.180769,45.346154
11791,12008,46.184615,45.350000
11792,12009,46.188462,45.353846
11793,12010,46.192308,45.357692
11794,12011,46.196154,45.361538
11795,12012,46.200000,45.365385
11796,12013,46.203846,45.369231
11797,12014,46.207692,45.373077
11798,12015,46.211538,45.376923
11799,12016,46.215385,45.380769
11800,12017,46.219231,45.384615
11801,12018,46.223077,45.388462
11802,12019,46.226923,45.392308
11803,12020,46.230769,45.396154
11804,12021,46.234615,45.400000
11805,12022,46.238462,45.403846
11806,12023,46.242308,45.407692
11807,12024,46.246154,45.411538
11808,12025,46.250000,45.415385
11809,12026,46.253846,45.419231
11810,12027,46.257692,45.423077
11811,12028,46.261538,45.426923
11812,12029,46.265385,45.430769
11813,12030,46.269231,45.434615
11814,12031,46.273077,45.438462
11815,12032,46.276923,45.442308
11816,12033,46.280769,45.446154
11817,12034,46.284615,45.450000
11818,12035,46.288462,45.453846
11819,12036,46.292308,45.457692
11820,12037,46.296154,45.461538
11821,12038,46.300000,45.465385
11822,12039,46.303846,45.469231
11823,12040,46.307692,45.473077
11824,12041,46.311538,45.476923
11825,12042,46.315385,45.480769
11826,12043,46.319231,45.484615
11827,12044,46.323077,45.488462
11828,12045,46.326923,45.492308
11829,12046,46.330769,45.496154
11830,12047,46.334615,45.500000
11831,12048,46.338462,45.503846
11832,12049,46.342308,45.507692
11833,12050,46.346154,45.511538
11834,12051,46.350000,45.515385
11835,12052,46.353846,45.519231
11836,12053,46.357692,45.523077
11837,12054,46.361538,45.526923
11838,12055,46.365385,45.530769
11839,12056,46.369231,45.534615
11840,12057,46.373077,45.538462
11841,12058,46.376923,45.542308
11842,12059,46.380769,45.546154
11843,12060,46.384615,45.550000
11844,12061,46.388462,45.553846
11845,12062,46.392308,45.557692
11846,12063,46.396154,45.561538
11847,12064,46.400000,45.565385
11848,12065,46.403846,45.569231
11849,12066,46.407692,45.573077
11850,12067,46.411538,45.576923
11851,12068,46.415385,45.580769
11852,12069,46.419231,45.584615
11853,12070,46.423077,45.588462
11854,12071,46.426923,45.592308
11855,12072,46.430769,45.596154
11856,12073,46.434615,45.600000
11857,12074,46.438462,45.603846
11858,12075,46.442308,45.607692
11859,12076,46.446154,45.611538
11860,12077,46.450000,45.615385
11861,12078,46.453846,45.619231
11862,12079,46.457692,45.623077
11863,12080,46.461538,45.626923
11864,12081,46.465385,45.630769
11865,12082,46.469231,45.634615
11866,12083,46.473077,45.638462
11867,12084,46.476923,45.642308
11868,12085,46.480769,45.646154
11869,12086,46.484615,45.650000
11870,12087,46.488462,45.653846
11871,12088,46.492308,45.657692
11872,12089,46.496154,45.661538
11873,12090,46.500000,45.665385
11874,12091,46.503846,45.669231
11875,12092,46.507692,45.673077
11876,12093,46.511538,45.676923
11877,12094,46.515385,45.680769
11878,12095,46.519231,45.684615
11879,12096,46.523077,45.688462
11880,12097,46.526923,45.692308
11881,12098,46.530769,45.696154
11882,12099,46.534615,45.700000
11883,12100,46.538462,45.703846
11884,12101,46.542308,45.707692
11885,12102,46.546154,45.711538
11886,12103,46.550000,45.715385
11887,12104,46.553846,45.719231
11888,12105,46.557692,45.723077
11889,12106,46.561538,45.726923
11890,12107,46.565385,45.730769
11891,12108,46.569231,45.734615
11892,12109,46.573077,45.738462
11893,12110,46.576923,45.742308
11894,12111,46.580769,45.746154
11895,12112,46.584615,45.750000
11896,12113,46.588462,45.753846
11897,12114,46.592308,45.757692
11898,12115,46.596154,45.761538
11899,12116,46.600000,45.765385
11900,12117,46.603846,45.769231
11901,12118,46.607692,45.773077
11902,12119,46.611538,45.776923
11903,12120,46.615385,45.780769
11904,12121,46.619231,45.784615
11905,12122,46.623077,45.788462
11906,12123,46.626923,45.792308
11907,12124,46.630769,45.796154
11908,12125,46.634615,45.800000
11909,12126,46.638462,45.803846
11910,12127,46.642308,45.807692
11911,12128,46.646154,45.811538
11912,12129,46.650000,45.815385
11913,12130,46.653846,45.819231
11914,12131,46.657692,45.823077
11915,12132,46.661538,45.826923
11916,12133,46.665385,45.830769
11917,12134,46.669231,45.834615
11918,12135,46.673077,45.838462
11919,12136,46.676923,45.842308
11920,12137,46.680769,45.846154
11921,12138,46.684615,45.850000
11922,12139,46.688462,45.853846
11923,12140,46.692308,45.857692
11924,12141,46.696154,45.861538
11925,12142,46.700000,45.865385
11926,12143,46.703846,45.869231
11927,12144,46.707692,45.873077
11928,12145,46.711538,45.876923
11929,12146,46.715385,45.880769
11930,12147,46.719231,45.884615
11931,12148,46.723077,45.888462
11932,12149,46.726923,45.892308
11933,12150,46.730769,45.896154
11934,12151,46.734615,45.900000
11935,12152,46.738462,45.903846
11936,12153,46.742308,45.907692
11937,12154,46.746154,45.911538
11938,12155,46.750000,45.915385
11939,12156,46.753846,45.919231
11940,12157,46.757692,45.923077
11941,12158,46.761538,45.926923
11942,12159,46.765385,45.930769
11943,12160,46.769231,45.934615
11944,12161,46.773077,45.938462
11945,12162,46.776923,45.942308
11946,12163,46.780769,45.946154
11947,12164,46.784615,45.950000
11948,12165,46.788462,45.953846
11949,12166,46.792308,45.957692
11950,12167,46.796154,45.961538
11951,12168,46.800000,45.965385
11952,12169,46.803846,45.969231
11953,12170,46.807692,45.973077
11954,12171,46.811538,45.976923
11955,12172,46.815385,45.980769
11956,12173,46.819231,45.984615
11957,12174,46.823077,45.988462
11958,12175,46.826923,45.992308
11959,12176,46.830769,45.996154
11960,12177,46.834615,46.000000
11961,12178,46.838462,46.003846
11962,12179,46.842308,46.007692
11963,12180,46.846154,46.011538
11964,12181,46.850000,46.015385
11965,12182,46.853846,46.019231
11966,12183,46.857692,46.023077
11967,12184,46.861538,46.026923
11968,12185,46.865385,46.030769
11969,12186,46.869231,46.034615
11970,12187,46.873077,46.038462
11971,12188,46.876923,46.042308
11972,12189,46.880769,46.046154
11973,12190,46.884615,46.050000
11974,12191,46.888462,46.053846
11975,12192,46.892308,46.057692
11976,12193,46.896154,46.061538
11977,12194,46.900000,46.065385
11978,12195,46.903846,46.069231
11979,12196,46.907692,46.073077
11980,12197,46.911538,46.076923
11981,12198,46.915385,46.080769
11982,12199,46.919231,46.084615
11983,12200,46.923077,46.088462
11984,12201,46.926923,46.092308
11985,12202,46.930769,46.096154
11986,12203,46.934615,46.100000
11987,12204,46.938462,46.103846
11988,12205,46.942308,46.107692
11989,12206,46.946154,46.111538
11990,12207,46.950000,46.115385
11991,12208,46.953846,46.119231
11992,12209,46.957692,46.123077
11993,12210,46.961538,46.126923
11994,12211,46.965385,46.130769
11995,12212,46.969231,46.134615
11996,12213,46.973077,46.138462
11997,12214,46.976923,46.142308
11998,12215,46.980769,46.146154
11999,12216,46.984615,46.150000
12000,12217,46.988462,46.153846
12001,12218,46.992308,46.157692
12002,12219,46.996154,46.161538
12003,12220,47.000000,46.165385
12004,12221,47.003846,46.169231
12005,12222,47.007692,46.173077
12006,12223,47.011538,46.176923
12007,12224,47.015385,46.180769
12008,12225,47.019231,46.184615
12009,12226,47.023077,46.188462
12010,12227,47.026923,46.192308
12011,12228,47.030769,46.196154
12012,12229,47.034615,46.200000
12013,12230,47.038462,46.203846
12014,12231,47.042308,46.207692
12015,12232,47.046154,46.211538
12016,12233,47.050000,46.215385
12017,12234,47.053846,46.219231
12018,12235,47.057692,46.223077
12019,12236,47.061538,46.226923
12020,12237,47.065385,46.230769
12021,12238,47.069231,46.234615
12022,12239,47.073077,46.238462
12023,12240,47.076923,46.242308
12024,12241,47.080769,46.246154
12025,12242,47.084615,46.250000
12026,12243,47.088462,46.253846
12027,12244,47.092308,46.257692
12028,12245,47.096154,46.261538
12029,12246,47.100000,46.265385
12030,12247,47.103846,46.269231
12031,12248,47.107692,46.273077
12032,12249,47.111538,46.276923
12033,12250,47.115385,46.280769
12034,12251,47.119231,46.284615
12035,12252,47.123077,46.288462
12036,12253,47.126923,46.292308
12037,12254,47.130769,46.296154
12038,12255,47.134615,46.300000
12039,12256,47.138462,46.303846
12040,12257,47.142308,46.307692
12041,12258,47.146154,46.311538
12042,12259,47.150000,46.315385
12043,12260,47.153846,46.319231
12044,12261,47.157692,46.323077
12045,12262,47.161538,46.326923
12046,12263,47.165385,46.330769
12047,12264,47.169231,46.334615
12048,12265,47.173077,46.338462
12049,12266,47.176923,46.342308
12050,12267,47.180769,46.346154
12051,12268,47.184615,46.350000
12052,12269,47.188462,46.353846
12053,12270,47.192308,46.357692
12054,12271,47.196154,46.361538
12055,12272,47.200000,46.365385
12056,12273,47.203846,46.369231
12057,12274,47.207692,46.373077
12058,12275,47.211538,46.376923
12059,12276,47.215385,46.380769
12060,12277,47.219231,46.384615
12061,12278,47.223077,46.388462
12062,12279,47.226923,46.392308
12063,12280,47.230769,46.396154
12064,12281,47.234615,46.400000
12065,12282,47.238462,46.403846
12066,12283,47.242308,46.407692
12067,12284,47.246154,46.411538
12068,12285,47.250000,46.415385
12069,12286,47.253846,46.419231
12070,12287,47.257692,46.423077
12071,12288,47.261538,46.426923
12072,12289,47.265385,46.430769
12073,12290,47.269231,46.434615
12074,12291,47.273077,46.438462
12075,12292,47.276923,46.442308
12076,12293,47.280769,46.446154
12077,12294,47.284615,46.450000
12078,12295,47.288462,46.453846
12079,12296,47.292308,46.457692
12080,12297,47.296154,46.461538
12081,12298,47.300000,46.465385
12082,12299,47.303846,46.469231
12083,12300,47.307692,46.473077
12084,12301,47.311538,46.476923
12085,12302,47.315385,46.480769
12086,12303,47.319231,46.484615
12087,12304,47.323077,46.488462
12088,12305,47.326923,46.492308
12089,12306,47.330769,46.496154
12090,12307,47.334615,46.500000
12091,12308,47.338462,46.503846
12092,12309,47.342308,46.507692
12093,12310,47.346154,46.511538
12094,12311,47.350000,46.515385
12095,12312,47.353846,46.519231
12096,12313,47.357692,46.523077
12097,12314,47.361538,46.526923
12098,12315,47.365385,46.530769
12099,12316,47.369231,46.534615
12100,12317,47.373077,46.538462
12101,12318,47.376923,46.542308
12102,12319,47.380769,46.546154
12103,12320,47.384615,46.550000
12104,12321,47.388462,46.553846
12105,12322,47.392308,46.557692
12106,12323,47.396154,46.561538
12107,12324,47.400000,46.565385
12108,12325,47.403846,46.569231
12109,12326,47.407692,46.573077
12110,12327,47.411538,46.576923
12111,12328,47.415385,46.580769
12112,12329,47.419231,46.584615
12113,12330,47.423077,46.588462
12114,12331,47.426923,46.592308
12115,12332,47.430769,46.596154
12116,12333,47.434615,46.600000
12117,12334,47.438462,46.603846
12118,12335,47.442308,46.607692
12119,12336,47.446154,46.611538
12120,12337,47.450000,46.615385
12121,12338,47.453846,46.619231
12122,12339,47.457692,46.623077
12123,12340,47.461538,46.626923
12124,12341,47.465385,46.630769
12125,12342,47.469231,46.634615
12126,12343,47.473077,46.638462
12127,12344,47.476923,46.642308
12128,12345,47.480769,46.646154
12129,12346,47.484615,46.650000
12130,12347,47.488462,46.653846
12131,12348,47.492308,46.657692
12132,12349,47.496154,46.661538
12133,12350,47.500000,46.665385
12134,12351,47.503846,46.669231
12135,12352,47.507692,46.673077
12136,12353,47.511538,46.676923
12137,12354,47.515385,46.680769
12138,12355,47.519231,46.684615
12139,12356,47.523077,46.688462
12140,12357,47.526923,46.692308
12141,12358,47.530769,46.696154
12142,12359,47.534615,46.700000
12143,12360,47.538462,46.703846
12144,12361,47.542308,46.707692
12145,12362,47.546154,46.711538
12146,12363,47.550000,46.715385
12147,12364,47.553846,46.719231
12148,12365,47.557692,46.723077
12149,12366,47.561538,46.726923
12150,12367,47.565385,46.730769
12151,12368,47.569231,46.734615
12152,12369,47.573077,46.738462
12153,12370,47.576923,46.742308
12154,12371,47.580769,46.746154
12155,12372,47.584615,46.750000
12156,12373,47.588462,46.753846
12157,12374,47.592308,46.757692
12158,12375,47.596154,46.761538
12159,12376,47.600000,46.765385
12160,12377,47.603846,46.769231
12161,12378,47.607692,46.773077
12162,12379,47.611538,46.776923
12163,12380,47.615385,46.780769
12164,12381,47.619231,46.784615
12165,12382,47.623077,46.788462
12166,12383,47.626923,46.792308
12167,12384,47.630769,46.796154
12168,12385,47.634615,46.800000
12169,12386,47.638462,46.803846
12170,12387,47.642308,46.807692
12171,12388,47.646154,46.811538
12172,12389,47.650000,46.815385
12173,12390,47.653846,46.819231
12174,12391,47.657692,46.823077
12175,12392,47.661538,46.826923
12176,12393,47.665385,46.830769
12177,12394,47.669231,46.834615
12178,12395,47.673077,46.838462
12179,12396,47.676923,46.842308
12180,12397,47.680769,46.846154
12181,12398,47.684615,46.850000
12182,12399,47.688462,46.853846
12183,12400,47.692308,46.857692
12184,12401,47.696154,46.861538
12185,12402,47.700000,46.865385
12186,12403,47.703846,46.869231
12187,12404,47.707692,46.873077
12188,12405,47.711538,46.876923
12189,12406,47.715385,46.880769
12190,12407,47.719231,46.884615
12191,12408,47.723077,46.888462
12192,12409,47.726923,46.892308
12193,12410,47.730769,46.896154
12194,12411,47.734615,46.900000
12195,12412,47.738462,46.903846
12196,12413,47.742308,46.907692
12197,12414,47.746154,46.911538
12198,12415,47.750000,46.915385
12199,12416,47.753846,46.919231
12200,12417,47.757692,46.923077
12201,12418,47.761538,46.926923
12202,12419,47.765385,46.930769
12203,12420,47.769231,46.934615
12204,12421,47.773077,46.938462
12205,12422,47.776923,46.942308
12206,12423,47.780769,46.946154
12207,12424,47.784615,46.950000
12208,12425,47.788462,46.953846
12209,12426,47.792308,46.957692
12210,12427,47.796154,46.961538
12211,12428,47.800000,46.965385
12212,12429,47.803846,46.969231
12213,12430,47.807692,46.973077
12214,12431,47.811538,46.976923
12215,12432,47.815385,46.980769
12216,12433,47.819231,46.984615
12217,12434,47.823077,46.988462
12218,12435,47.826923,46.992308
12219,12436,47.830769,46.996154
12220,12437,47.834615,47.000000
12221,12438,47.838462,47.003846
12222,12439,47.842308,47.007692
12223,12440,47.846154,47.011538
12224,12441,47.850000,47.015385
12225,12442,47.853846,47.019231
12226,12443,47.857692,47.023077
12227,12444,47.861538,47.026923
12228,12445,47.865385,47.030769
12229,12446,47.869231,47.034615
12230,12447,47.873077,47.038462
12231,12448,47.876923,47.042308
12232,12449,47.880769,47.046154
12233,12450,47.884615,47.050000
12234,12451,47.888462,47.053846
12235,12452,47.892308,47.057692
12236,12453,47.896154,47.061538
12237,12454,47.900000,47.065385
12238,12455,47.903846,47.069231
12239,12456,47.907692,47.073077
12240,12457,47.911538,47.076923
12241,12458,47.915385,47.080769
12242,12459,47.919231,47.084615
12243,12460,47.923077,47.088462
12244,12461,47.926923,47.092308
12245,12462,47.930769,47.096154
12246,12463,47.934615,47.100000
12247,12464,47.938462,47.103846
12248,12465,47.942308,47.107692
12249,12466,47.946154,47.111538
12250,12467,47.950000,47.115385
12251,12468,47.953846,47.119231
12252,12469,47.957692,47.123077
12253,12470,47.961538,47.126923
12254,12471,47.965385,47.130769
12255,12472,47.969231,47.134615
12256,12473,47.973077,47.138462
12257,12474,47.976923,47.142308
12258,12475,47.980769,47.146154
12259,12476,47.984615,47.150000
12260,12477,47.988462,47.153846
12261,12478,47.992308,47.157692
12262,12479,47.996154,47.161538
12263,12480,48.000000,47.165385
12264,12481,48.003846,47.169231
12265,12482,48.007692,47.173077
12266,12483,48.011538,47.176923
12267,12484,48.015385,47.180769
12268,12485,48.019231,47.184615
12269,12486,48.023077,47.188462
12270,12487,48.026923,47.192308
12271,12488,48.030769,47.196154
12272,12489,48.034615,47.200000
12273,12490,48.038462,47.203846
12274,12491,48.042308,47.207692
12275,12492,48.046154,47.211538
12276,12493,48.050000,47.215385
12277,12494,48.053846,47.219231
12278,12495,48.057692,47.223077
12279,12496,48.061538,47.226923
12280,12497,48.065385,47.230769
12281,12498,48.069231,47.234615
12282,12499,48.073077,47.238462
12283,12500,48.076923,47.242308
12284,12501,48.080769,47.246154
12285,12502,48.084615,47.250000
12286,12503,48.088462,47.253846
12287,12504,48.092308,47.257692
12288,12505,48.096154,47.261538
12289,12506,48.100000,47.265385
12290,12507,48.103846,47.269231
12291,12508,48.107692,47.273077
12292,12509,48.111538,47.276923
12293,12510,48.115385,47.280769
12294,12511,48.119231,47.284615
12295,12512,48.123077,47.288462
12296,12513,48.126923,47.292308
12297,12514,48.130769,47.296154
12298,12515,48.134615,47.300000
12299,12516,48.138462,47.303846
12300,12517,48.142308,47.307692
12301,12518,48.146154,47.311538
12302,12519,48.150000,47.315385
12303,12520,48.153846,47.319231
12304,12521,48.157692,47.323077
12305,12522,48.161538,47.326923
12306,12523,48.165385,47.330769
12307,12524,48.169231,47.334615
12308,12525,48.173077,47.338462
12309,12526,48.176923,47.342308
12310,12527,48.180769,47.346154
12311,12528,48.184615,47.350000
12312,12529,48.188462,47.353846
12313,12530,48.192308,47.357692
12314,12531,48.196154,47.361538
12315,12532,48.200000,47.365385
12316,12533,48.203846,47.369231
12317,12534,48.207692,47.373077
12318,12535,48.211538,47.376923
12319,12536,48.215385,47.380769
12320,12537,48.219231,47.384615
12321,12538,48.223077,47.388462
12322,12539,48.226923,47.392308
12323,12540,48.230769,47.396154
12324,12541,48.234615,47.400000
12325,12542,48.238462,47.403846
12326,12543,48.242308,47.407692
12327,12544,48.246154,47.411538
12328,12545,48.250000,47.415385
12329,12546,48.253846,47.419231
12330,12547,48.257692,47.423077
12331,12548,48.261538,47.426923
12332,12549,48.265385,47.430769
12333,12550,48.269231,47.434615
12334,12551,48.273077,47.438462
12335,12552,48.276923,47.442308
12336,12553,48.280769,47.446154
12337,12554,48.284615,47.450000
12338,12555,48.288462,47.453846
12339,12556,48.292308,47.457692
12340,12557,48.296154,47.461538
12341,12558,48.300000,47.465385
12342,12559,48.303846,47.469231
12343,12560,48.307692,47.473077
12344,12561,48.311538,47.476923
12345,12562,48.315385,47.480769
12346,12563,48.319231,47.484615
12347,12564,48.323077,47.488462
12348,12565,48.326923,47.492308
12349,12566,48.330769,47.496154
12350,12567,48.334615,47.500000
12351,12568,48.338462,47.503846
12352,12569,48.342308,47.507692
12353,12570,48.346154,47.511538
12354,12571,48.350000,47.515385
12355,12572,48.353846,47.519231
12356,12573,48.357692,47.523077
12357,12574,48.361538,47.526923
12358,12575,48.365385,47.530769
12359,12576,48.369231,47.534615
12360,12577,48.373077,47.538462
12361,12578,48.376923,47.542308
12362,12579,48.380769,47.546154
12363,12580,48.384615,47.550000
12364,12581,48.388462,47.553846
12365,12582,48.392308,47.557692
12366,12583,48.396154,47.561538
12367,12584,48.400000,47.565385
12368,12585,48.403846,47.569231
12369,12586,48.407692,47.573077
12370,12587,48.411538,47.576923
12371,12588,48.415385,47.580769
12372,12589,48.419231,47.584615
12373,12590,48.423077,47.588462
12374,12591,48.426923,47.592308
12375,12592,48.430769,47.596154
12376,12593,48.434615,47.600000
12377,12594,48.438462,47.603846
12378,12595,48.442308,47.607692
12379,12596,48.446154,47.611538
12380,12597,48.450000,47.615385
12381,12598,48.453846,47.619231
12382,12599,48.457692,47.623077
12383,12600,48.461538,47.626923
12384,12601,48.465385,47.630769
12385,12602,48.469231,47.634615
12386,12603,48.473077,47.638462
12387,12604,48.476923,47.642308
12388,12605,48.480769,47.646154
12389,12606,48.484615,47.650000
12390,12607,48.488462,47.653846
12391,12608,48.492308,47.657692
12392,12609,48.496154,47.661538
12393,12610,48.500000,47.665385
12394,12611,48.503846,47.669231
12395,12612,48.507692,47.673077
12396,12613,48.511538,47.676923
12397,12614,48.515385,47.680769
12398,12615,48.519231,47.684615
12399,12616,48.523077,47.688462
12400,12617,48.526923,47.692308
12401,12618,48.530769,47.696154
12402,12619,48.534615,47.700000
12403,12620,48.538462,47.703846
12404,12621,48.542308,47.707692
12405,12622,48.546154,47.711538
12406,12623,48.550000,47.715385
12407,12624,48.553846,47.719231
12408,12625,48.557692,47.723077
12409,12626,48.561538,47.726923
12410,12627,48.565385,47.730769
12411,12628,48.569231,47.734615
12412,12629,48.573077,47.738462
12413,12630,48.576923,47.742308
12414,12631,48.580769,47.746154
12415,12632,48.584615,47.750000
12416,12633,48.588462,47.753846
12417,12634,48.592308,47.757692
12418,12635,48.596154,47.761538
12419,12636,48.600000,47.765385
12420,12637,48.603846,47.769231
12421,12638,48.607692,47.773077
12422,12639,48.611538,47.776923
12423,12640,48.615385,47.780769
12424,12641,48.619231,47.784615
12425,12642,48.623077,47.788462
12426,12643,48.626923,47.792308
12427,12644,48.630769,47.796154
12428,12645,48.634615,47.800000
12429,12646,48.638462,47.803846
12430,12647,48.642308,47.807692
12431,12648,48.646154,47.811538
12432,12649,48.650000,47.815385
12433,12650,48.653846,47.819231
12434,12651,48.657692,47.823077
12435,12652,48.661538,47.826923
12436,12653,48.665385,47.830769
12437,12654,48.669231,47.834615
12438,12655,48.673077,47.838462
12439,12656,48.676923,47.842308
12440,12657,48.680769,47.846154
12441,12658,48.684615,47.850000
12442,12659,48.688462,47.853846
12443,12660,48.692308,47.857692
12444,12661,48.696154,47.861538
12445,12662,48.700000,47.865385
12446,12663,48.703846,47.869231
12447,12664,48.707692,47.873077
12448,12665,48.711538,47.876923
12449,12666,48.715385,47.880769
12450,12667,48.719231,47.884615
12451,12668,48.723077,47.888462
12452,12669,48.726923,47.892308
12453,12670,48.730769,47.896154
12454,12671,48.734615,47.900000
12455,12672,48.738462,47.903846
12456,12673,48.742308,47.907692
12457,12674,48.746154,47.911538
12458,12675,48.750000,47.915385
12459,12676,48.753846,47.919231
12460,12677,48.757692,47.923077
12461,12678,48.761538,47.926923
12462,12679,48.765385,47.930769
12463,12680,48.769231,47.934615
12464,12681,48.773077,47.938462
12465,12682,48.776923,47.942308
12466,12683,48.780769,47.946154
12467,12684,48.784615,47.950000
12468,12685,48.788462,47.953846
12469,12686,48.792308,47.957692
12470,12687,48.796154,47.961538
12471,12688,48.800000,47.965385
12472,12689,48.803846,47.969231
12473,12690,48.807692,47.973077
12474,12691,48.811538,47.976923
12475,12692,48.815385,47.980769
12476,12693,48.819231,47.984615
12477,12694,48.823077,47.988462
12478,12695,48.826923,47.992308
12479,12696,48.830769,47.996154
12480,12697,48.834615,48.000000
12481,12698,48.838462,48.003846
12482,12699,48.842308,48.007692
12483,12700,48.846154,48.011538
12484,12701,48.850000,48.015385
12485,12702,48.853846,48.019231
12486,12703,48.857692,48.023077
12487,12704,48.861538,48.026923
12488,12705,48.865385,48.030769
12489,12706,48.869231,48.034615
12490,12707,48.873077,48.038462
12491,12708,48.876923,48.042308
12492,12709,48.880769,48.046154
12493,12710,48.884615,48.050000
12494,12711,48.888462,48.053846
12495,12712,48.892308,48.057692
12496,12713,48.896154,48.061538
12497,12714,48.900000,48.065385
12498,12715,48.903846,48.069231
12499,12716,48.907692,48.073077
12500,12717,48.911538,48.076923
12501,12718,48.915385,48.080769
12502,12719,48.919231,48.084615
12503,12720,48.923077,48.088462
12504,12721,48.926923,48.092308
12505,12722,48.930769,48.096154
12506,12723,48.934615,48.100000
12507,12724,48.938462,48.103846
12508,12725,48.942308,48.107692
12509,12726,48.946154,48.111538
12510,12727,48.950000,48.115385
12511,12728,48.953846,48.119231
12512,12729,48.957692,48.123077
12513,12730,48.961538,48.126923
12514,12731,48.965385,48.130769
12515,12732,48.969231,48.134615
12516,12733,48.973077,48.138462
12517,12734,48.976923,48.142308
12518,12735,48.980769,48.146154
12519,12736,48.984615,48.150000
12520,12737,48.988462,48.153846
12521,12738,48.992308,48.157692
12522,12739,48.996154,48.161538
12523,12740,49.000000,48.165385
12524,12741,49.003846,48.169231
12525,12742,49.007692,48.173077
12526,12743,49.011538,48.176923
12527,12744,49.015385,48.180769
12528,12745,49.019231,48.184615
12529,12746,49.023077,48.188462
12530,12747,49.026923,48.192308
12531,12748,49.030769,48.196154
12532,12749,49.034615,48.200000
12533,12750,49.038462,48.203846
12534,12751,49.042308,48.207692
12535,12752,49.046154,48.211538
12536,12753,49.050000,48.215385
12537,12754,49.053846,48.219231
12538,12755,49.057692,48.223077
12539,12756,49.061538,48.226923
12540,12757,49.065385,48.230769
12541,12758,49.069231,48.234615
12542,12759,49.073077,48.238462
12543,12760,49.076923,48.242308
12544,12761,49.080769,48.246154
12545,12762,49.084615,48.250000
12546,12763,49.088462,48.253846
12547,12764,49.092308,48.257692
12548,12765,49.096154,48.261538
12549,12766,49.100000,48.265385
12550,12767,49.103846,48.269231
12551,12768,49.107692,48.273077
12552,12769,49.111538,48.276923
12553,12770,49.115385,48.280769
12554,12771,49.119231,48.284615
12555,12772,49.123077,48.288462
12556,12773,49.126923,48.292308
12557,12774,49.130769,48.296154
12558,12775,49.134615,48.300000
12559,12776,49.138462,48.303846
12560,12777,49.142308,48.307692
12561,12778,49.146154,48.311538
12562,12779,49.150000,48.315385
12563,12780,49.153846,48.319231
12564,12781,49.157692,48.323077
12565,12782,49.161538,48.326923
12566,12783,49.165385,48.330769
12567,12784,49.169231,48.334615
12568,12785,49.173077,48.338462
12569,12786,49.176923,48.342308
12570,12787,49.180769,48.346154
12571,12788,49.184615,48.350000
12572,12789,49.188462,48.353846
12573,12790,49.192308,48.357692
12574,12791,49.196154,48.361538
12575,12792,49.200000,48.365385
12576,12793,49.203846,48.369231
12577,12794,49.207692,48.373077
12578,12795,49.211538,48.376923
12579,12796,49.215385,48.380769
12580,12797,49.219231,48.384615
12581,12798,49.223077,48.388462
12582,12799,49.226923,48.392308
12583,12800,49.230769,48.396154
12584,12801,49.234615,48.400000
12585,12802,49.238462,48.403846
12586,12803,49.242308,48.407692
12587,12804,49.246154,48.411538
12588,12805,49.250000,48.415385
12589,12806,49.253846,48.419231
12590,12807,49.257692,48.423077
12591,12808,49.261538,48.426923
12592,12809,49.265385,48.430769
12593,12810,49.269231,48.434615
12594,12811,49.273077,48.438462
12595,12812,49.276923,48.442308
12596,12813,49.280769,48.446154
12597,12814,49.284615,48.450000
12598,12815,49.288462,48.453846
12599,12816,49.292308,48.457692
12600,12817,49.296154,48.461538
12601,12818,49.300000,48.465385
12602,12819,49.303846,48.469231
12603,12820,49.307692,48.473077
12604,12821,49.311538,48.476923
12605,12822,49.315385,48.480769
12606,12823,49.319231,48.484615
12607,12824,49.323077,48.488462
12608,12825,49.326923,48.492308
12609,12826,49.330769,48.496154
12610,12827,49.334615,48.500000
12611,12828,49.338462,48.503846
12612,12829,49.342308,48.507692
12613,12830,49.346154,48.511538
12614,12831,49.350000,48.515385
12615,12832,49.353846,48.519231
12616,12833,49.357692,48.523077
12617,12834,49.361538,48.526923
12618,12835,49.365385,48.530769
12619,12836,49.369231,48.534615
12620,12837,49.373077,48.538462
12621,12838,49.376923,48.542308
12622,12839,49.380769,48.546154
12623,12840,49.384615,48.550000
12624,12841,49.388462,48.553846
12625,12842,49.392308,48.557692
12626,12843,49.396154,48.561538
12627,12844,49.400000,48.565385
12628,12845,49.403846,48.569231
12629,12846,49.407692,48.573077
12630,12847,49.411538,48.576923
12631,12848,49.415385,48.580769
12632,12849,49.419231,48.584615
12633,12850,49.423077,48.588462
12634,12851,49.426923,48.592308
12635,12852,49.430769,48.596154
12636,12853,49.434615,48.600000
12637,12854,49.438462,48.603846
12638,12855,49.442308,48.607692
12639,12856,49.446154,48.611538
12640,12857,49.450000,48.615385
12641,12858,49.453846,48.619231
12642,12859,49.457692,48.623077
12643,12860,49.461538,48.626923
12644,12861,49.465385,48.630769
12645,12862,49.469231,48.634615
12646,12863,49.473077,48.638462
12647,12864,49.476923,48.642308
12648,12865,49.480769,48.646154
12649,12866,49.484615,48.650000
12650,12867,49.488462,48.653846
12651,12868,49.492308,48.657692
12652,12869,49.496154,48.661538
12653,12870,49.500000,48.665385
12654,12871,49.503846,48.669231
12655,12872,49.507692,48.673077
12656,12873,49.511538,48.676923
12657,12874,49.515385,48.680769
12658,12875,49.519231,48.684615
12659,12876,49.523077,48.688462
12660,12877,49.526923,48.692308
12661,12878,49.530769,48.696154
12662,12879,49.534615,48.700000
12663,12880,49.538462,48.703846
12664,12881,49.542308,48.707692
12665,12882,49.546154,48.711538
12666,12883,49.550000,48.715385
12667,12884,49.553846,48.719231
12668,12885,49.557692,48.723077
12669,12886,49.561538,48.726923
12670,12887,49.565385,48.730769
12671,12888,49.569231,48.734615
12672,12889,49.573077,48.738462
12673,12890,49.576923,48.742308
12674,12891,49.580769,48.746154
12675,12892,49.584615,48.750000
12676,12893,49.588462,48.753846
12677,12894,49.592308,48.757692
12678,12895,49.596154,48.761538
12679,12896,49.600000,48.765385
12680,12897,49.603846,48.769231
12681,12898,49.607692,48.773077
12682,12899,49.611538,48.776923
12683,12900,49.615385,48.780769
12684,12901,49.619231,48.784615
12685,12902,49.623077,48.788462
12686,12903,49.626923,48.792308
12687,12904,49.630769,48.796154
12688,12905,49.634615,48.800000
12689,12906,49.638462,48.803846
12690,12907,49.642308,48.807692
12691,12908,49.646154,48.811538
12692,12909,49.650000,48.815385
12693,12910,49.653846,48.819231
12694,12911,49.657692,48.823077
12695,12912,49.661538,48.826923
12696,12913,49.665385,48.830769
12697,12914,49.669231,48.834615
12698,12915,49.673077,48.838462
12699,12916,49.676923,48.842308
12700,12917,49.680769,48.846154
12701,12918,49.684615,48.850000
12702,12919,49.688462,48.853846
12703,12920,49.692308,48.857692
12704,12921,49.696154,48.861538
12705,12922,49.700000,48.865385
12706,12923,49.703846,48.869231
12707,12924,49.707692,48.873077
12708,12925,49.711538,48.876923
12709,12926,49.715385,48.880769
12710,12927,49.719231,48.884615
12711,12928,49.723077,48.888462
12712,12929,49.726923,48.892308
12713,12930,49.730769,48.896154
12714,12931,49.734615,48.900000
12715,12932,49.738462,48.903846
12716,12933,49.742308,48.907692
12717,12934,49.746154,48.911538
12718,12935,49.750000,48.915385
12719,12936,49.753846,48.919231
12720,12937,49.757692,48.923077
12721,12938,49.761538,48.926923
12722,12939,49.765385,48.930769
12723,12940,49.769231,48.934615
12724,12941,49.773077,48.938462
12725,12942,49.776923,48.942308
12726,12943,49.780769,48.946154
12727,12944,49.784615,48.950000
12728,12945,49.788462,48.953846
12729,12946,49.792308,48.957692
12730,12947,49.796154,48.961538
12731,12948,49.800000,48.965385
12732,12949,49.803846,48.969231
12733,12950,49.807692,48.973077
12734,12951,49.811538,48.976923
12735,12952,49.815385,48.980769
12736,12953,49.819231,48.984615
12737,12954,49.823077,48.988462
12738,12955,49.826923,48.992308
12739,12956,49.830769,48.996154
12740,12957,49.834615,49.000000
12741,12958,49.838462,49.003846
12742,12959,49.842308,49.007692
12743,12960,49.846154,49.011538
12744,12961,49.850000,49.015385
12745,12962,49.853846,49.019231
12746,12963,49.857692,49.023077
12747,12964,49.861538,49.026923
12748,12965,49.865385,49.030769
12749,12966,49.869231,49.034615
12750,12967,49.873077,49.038462
12751,12968,49.876923,49.042308
12752,12969,49.880769,49.046154
12753,12970,49.884615,49.050000
12754,12971,49.888462,49.053846
12755,12972,49.892308,49.057692
12756,12973,49.896154,49.061538
12757,12974,49.900000,49.065385
12758,12975,49.903846,49.069231
12759,12976,49.907692,49.073077
12760,12977,49.911538,49.076923
12761,12978,49.915385,49.080769
12762,12979,49.919231,49.084615
12763,12980,49.923077,49.088462
12764,12981,49.926923,49.092308
12765,12982,49.930769,49.096154
12766,12983,49.934615,49.100000
12767,12984,49.938462,49.103846
12768,12985,49.942308,49.107692
12769,12986,49.946154,49.111538
12770,12987,49.950000,49.115385
12771,12988,49.953846,49.119231
12772,12989,49.957692,49.123077
12773,12990,49.961538,49.126923
12774,12991,49.965385,49.130769
12775,12992,49.969231,49.134615
12776,12993,49.973077,49.138462
12777,12994,49.976923,49.142308
12778,12995,49.980769,49.146154
12779,12996,49.984615,49.150000
12780,12997,49.988462,49.153846
12781,12998,49.992308,49.157692
12782,12999,49.996154,49.161538
12783,13000,50.000000,49.165385
12784,13001,50.003846,49.169231
12785,13002,50.007692,49.173077
12786,13003,50.011538,49.176923
12787,13004,50.015385,49.180769
12788,13005,50.019231,49.184615
12789,13006,50.023077,49.188462
12790,13007,50.026923,49.192308
12791,13008,50.030769,49.196154
12792,13009,50.034615,49.200000
12793,13010,50.038462,49.203846
12794,13011,50.042308,49.207692
12795,13012,50.046154,49.211538
12796,13013,50.050000,49.215385
12797,13014,50.053846,49.219231
12798,13015,50.057692,49.223077
12799,13016,50.061538,49.226923
12800,13017,50.065385,49.230769
12801,13018,50.069231,49.234615
12802,13019,50.073077,49.238462
12803,13020,50.076923,49.242308
12804,13021,50.080769,49.246154
12805,13022,50.084615,49.250000
12806,13023,50.088462,49.253846
12807,13024,50.092308,49.257692
12808,13025,50.096154,49.261538
12809,13026,50.100000,49.265385
12810,13027,50.103846,49.269231
12811,13028,50.107692,49.273077
12812,13029,50.111538,49.276923
12813,13030,50.115385,49.280769
12814,13031,50.119231,49.284615
12815,13032,50.123077,49.288462
12816,13033,50.126923,49.292308
12817,13034,50.130769,49.296154
12818,13035,50.134615,49.300000
12819,13036,50.138462,49.303846
12820,13037,50.142308,49.307692
12821,13038,50.146154,49.311538
12822,13039,50.150000,49.315385
12823,13040,50.153846,49.319231
12824,13041,50.157692,49.323077
12825,13042,50.161538,49.326923
12826,13043,50.165385,49.330769
12827,13044,50.169231,49.334615
12828,13045,50.173077,49.338462
12829,13046,50.176923,49.342308
12830,13047,50.180769,49.346154
12831,13048,50.184615,49.350000
12832,13049,50.188462,49.353846
12833,13050,50.192308,49.357692
12834,13051,50.196154,49.361538
12835,13052,50.200000,49.365385
12836,13053,50.203846,49.369231
12837,13054,50.207692,49.373077
12838,13055,50.211538,49.376923
12839,13056,50.215385,49.380769
12840,13057,50.219231,49.384615
12841,13058,50.223077,49.388462
12842,13059,50.226923,49.392308
12843,13060,50.230769,49.396154
12844,13061,50.234615,49.400000
12845,13062,50.238462,49.403846
12846,13063,50.242308,49.407692
12847,13064,50.246154,49.411538
12848,13065,50.250000,49.415385
12849,13066,50.253846,49.419231
12850,13067,50.257692,49.423077
12851,13068,50.261538,49.426923
12852,13069,50.265385,49.430769
12853,13070,50.269231,49.434615
12854,13071,50.273077,49.438462
12855,13072,50.276923,49.442308
12856,13073,50.280769,49.446154
12857,13074,50.284615,49.450000
12858,13075,50.288462,49.453846
12859,13076,50.292308,49.457692
12860,13077,50.296154,49.461538
12861,13078,50.300000,49.465385
12862,13079,50.303846,49.469231
12863,13080,50.307692,49.473077
12864,13081,50.311538,49.476923
12865,13082,50.315385,49.480769
12866,13083,50.319231,49.484615
12867,13084,50.323077,49.488462
12868,13085,50.326923,49.492308
12869,13086,50.330769,49.496154
12870,13087,50.334615,49.500000
12871,13088,50.338462,49.503846
12872,13089,50.342308,49.507692
12873,13090,50.346154,49.511538
12874,13091,50.350000,49.515385
12875,13092,50.353846,49.519231
12876,13093,50.357692,49.523077
12877,13094,50.361538,49.526923
12878,13095,50.365385,49.530769
12879,13096,50.369231,49.534615
12880,13097,50.373077,49.538462
12881,13098,50.376923,49.542308
12882,13099,50.380769,49.546154
12883,13100,50.384615,49.550000
12884,13101,50.388462,49.553846
12885,13102,50.392308,49.557692
12886,13103,50.396154,49.561538
12887,13104,50.400000,49.565385
12888,13105,50.403846,49.569231
12889,13106,50.407692,49.573077
12890,13107,50.411538,49.576923
12891,13108,50.415385,49.580769
12892,13109,50.419231,49.584615
12893,13110,50.423077,49.588462
12894,13111,50.426923,49.592308
12895,13112,50.430769,49.596154
12896,13113,50.434615,49.600000
12897,13114,50.438462,49.603846
12898,13115,50.442308,49.607692
12899,13116,50.446154,49.611538
12900,13117,50.450000,49.615385
12901,13118,50.453846,49.619231
12902,13119,50.457692,49.623077
12903,13120,50.461538,49.626923
12904,13121,50.465385,49.630769
12905,13122,50.469231,49.634615
12906,13123,50.473077,49.638462
12907,13124,50.476923,49.642308
12908,13125,50.480769,49.646154
12909,13126,50.484615,49.650000
12910,13127,50.488462,49.653846
12911,13128,50.492308,49.657692
12912,13129,50.496154,49.661538
12913,13130,50.500000,49.665385
12914,13131,50.503846,49.669231
12915,13132,50.507692,49.673077
12916,13133,50.511538,49.676923
12917,13134,50.515385,49.680769
12918,13135,50.519231,49.684615
12919,13136,50.523077,49.688462
12920,13137,50.526923,49.692308
12921,13138,50.530769,49.696154
12922,13139,50.534615,49.700000
12923,13140,50.538462,49.703846
12924,13141,50.542308,49.707692
12925,13142,50.546154,49.711538
12926,13143,50.550000,49.715385
12927,13144,50.553846,49.719231
12928,13145,50.557692,49.723077
12929,13146,50.561538,49.726923
12930,13147,50.565385,49.730769
12931,13148,50.569231,49.734615
12932,13149,50.573077,49.738462
12933,13150,50.576923,49.742308
12934,13151,50.580769,49.746154
12935,13152,50.584615,49.750000
12936,13153,50.588462,49.753846
12937,13154,50.592308,49.757692
12938,13155,50.596154,49.761538
12939,13156,50.600000,49.765385
12940,13157,50.603846,49.769231
12941,13158,50.607692,49.773077
12942,13159,50.611538,49.776923
12943,13160,50.615385,49.780769
12944,13161,50.619231,49.784615
12945,13162,50.623077,49.788462
12946,13163,50.626923,49.792308
12947,13164,50.630769,49.796154
12948,13165,50.634615,49.800000
12949,13166,50.638462,49.803846
12950,13167,50.642308,49.807692
12951,13168,50.646154,49.811538
12952,13169,50.650000,49.815385
12953,13170,50.653846,49.819231
12954,13171,50.657692,49.823077
12955,13172,50.661538,49.826923
12956,13173,50.665385,49.830769
12957,13174,50.669231,49.834615
12958,13175,50.673077,49.838462
12959,13176,50.676923,49.842308
12960,13177,50.680769,49.846154
12961,13178,50.684615,49.850000
12962,13179,50.688462,49.853846
12963,13180,50.692308,49.857692
12964,13181,50.696154,49.861538
12965,13182,50.700000,49.865385
12966,13183,50.703846,49.869231
12967,13184,50.707692,49.873077
12968,13185,50.711538,49.876923
12969,13186,50.715385,49.880769
12970,13187,50.719231,49.884615
12971,13188,50.723077,49.888462
12972,13189,50.726923,49.892308
12973,13190,50.730769,49.896154
12974,13191,50.734615,49.900000
12975,13192,50.738462,49.903846
12976,13193,50.742308,49.907692
12977,13194,50.746154,49.911538
12978,13195,50.750000,49.915385
12979,13196,50.753846,49.919231
12980,13197,50.757692,49.923077
12981,13198,50.761538,49.926923
12982,13199,50.765385,49.930769
12983,13200,50.769231,49.934615
12984,13201,50.773077,49.938462
12985,13202,50.776923,49.942308
12986,13203,50.780769,49.946154
12987,13204,50.784615,49.950000
12988,13205,50.788462,49.953846
12989,13206,50.792308,49.957692
12990,13207,50.796154,49.961538
12991,13208,50.800000,49.965385
12992,13209,50.803846,49.969231
12993,13210,50.807692,49.973077
12994,13211,50.811538,49.976923
12995,13212,50.815385,49.980769
12996,13213,50.819231,49.984615
12997,13214,50.823077,49.988462
12998,13215,50.826923,49.992308
12999,13216,50.830769,49.996154
13000,13217,50.834615,50.000000
13001,13218,50.838462,50.003846
13002,13219,50.842308,50.007692
13003,13220,50.846154,50.011538
13004,13221,50.850000,50.015385
13005,13222,50.853846,50.019231
13006,13223,50.857692,50.023077
13007,13224,50.861538,50.026923
13008,13225,50.865385,50.030769
13009,13226,50.869231,50.034615
13010,13227,50.873077,50.038462
13011,13228,50.876923,50.042308
13012,13229,50.880769,50.046154
13013,13230,50.884615,50.050000
13014,13231,50.888462,50.053846
13015,13232,50.892308,50.057692
13016,13233,50.896154,50.061538
13017,13234,50.900000,50.065385
13018,13235,50.903846,50.069231
13019,13236,50.907692,50.073077
13020,13237,50.911538,50.076923
13021,13238,50.915385,50.080769
13022,13239,50.919231,50.084615
13023,13240,50.923077,50.088462
13024,13241,50.926923,50.092308
13025,13242,50.930769,50.096154
13026,13243,50.934615,50.100000
13027,13244,50.938462,50.103846
13028,13245,50.942308,50.107692
13029,13246,50.946154,50.111538
13030,13247,50.950000,50.115385
13031,13248,50.953846,50.119231
13032,13249,50.957692,50.123077
13033,13250,50.961538,50.126923
13034,13251,50.965385,50.130769
13035,13252,50.969231,50.134615
13036,13253,50.973077,50.138462
13037,13254,50.976923,50.142308
13038,13255,50.980769,50.146154
13039,13256,50.984615,50.150000
13040,13257,50.988462,50.153846
13041,13258,50.992308,50.157692
13042,13259,50.996154,50.161538
13043,13260,51.000000,50.165385
13044,13261,51.003846,50.169231
13045,13262,51.007692,50.173077
13046,13263,51.011538,50.176923
13047,13264,51.015385,50.180769
13048,13265,51.019231,50.184615
13049,13266,51.023077,50.188462
13050,13267,51.026923,50.192308
13051,13268,51.030769,50.196154
13052,13269,51.034615,50.200000
13053,13270,51.038462,50.203846
13054,13271,51.042308,50.207692
13055,13272,51.046154,50.211538
13056,13273,51.050000,50.215385
13057,13274,51.053846,50.219231
13058,13275,51.057692,50.223077
13059,13276,51.061538,50.226923
13060,13277,51.065385,50.230769
13061,13278,51.069231,50.234615
13062,13279,51.073077,50.238462
13063,13280,51.076923,50.242308
13064,13281,51.080769,50.246154
13065,13282,51.084615,50.250000
13066,13283,51.088462,50.253846
13067,13284,51.092308,50.257692
13068,13285,51.096154,50.261538
13069,13286,51.100000,50.265385
13070,13287,51.103846,50.269231
13071,13288,51.107692,50.273077
13072,13289,51.111538,50.276923
13073,13290,51.115385,50.280769
13074,13291,51.119231,50.284615
13075,13292,51.123077,50.288462
13076,13293,51.126923,50.292308
13077,13294,51.130769,50.296154
13078,13295,51.134615,50.300000
13079,13296,51.138462,50.303846
13080,13297,51.142308,50.307692
13081,13298,51.146154,50.311538
13082,13299,51.150000,50.315385
13083,13300,51.153846,50.319231
13084,13301,51.157692,50.323077
13085,13302,51.161538,50.326923
13086,13303,51.165385,50.330769
13087,13304,51.169231,50.334615
13088,13305,51.173077,50.338462
13089,13306,51.176923,50.342308
13090,13307,51.180769,50.346154
13091,13308,51.184615,50.350000
13092,13309,51.188462,50.353846
13093,13310,51.192308,50.357692
13094,13311,51.196154,50.361538
13095,13312,51.200000,50.365385
13096,13313,51.203846,50.369231
13097,13314,51.207692,50.373077
13098,13315,51.211538,50.376923
13099,13316,51.215385,50.380769
13100,13317,51.219231,50.384615
13101,13318,51.223077,50.388462
13102,13319,51.226923,50.392308
13103,13320,51.230769,50.396154
13104,13321,51.234615,50.400000
13105,13322,51.238462,50.403846
13106,13323,51.242308,50.407692
13107,13324,51.246154,50.411538
13108,13325,51.250000,50.415385
13109,13326,51.253846,50.419231
13110,13327,51.257692,50.423077
13111,13328,51.261538,50.426923
13112,13329,51.265385,50.430769
13113,13330,51.269231,50.434615
13114,13331,51.273077,50.438462
13115,13332,51.276923,50.442308
13116,13333,51.280769,50.446154
13117,13334,51.284615,50.450000
13118,13335,51.288462,50.453846
13119,13336,51.292308,50.457692
13120,13337,51.296154,50.461538
13121,13338,51.300000,50.465385
13122,13339,51.303846,50.469231
13123,13340,51.307692,50.473077
13124,13341,51.311538,50.476923
13125,13342,51.315385,50.480769
13126,13343,51.319231,50.484615
13127,13344,51.323077,50.488462
13128,13345,51.326923,50.492308
13129,13346,51.330769,50.496154
13130,13347,51.334615,50.500000
13131,13348,51.338462,50.503846
13132,13349,51.342308,50.507692
13133,13350,51.346154,50.511538
13134,13351,51.350000,50.515385
13135,13352,51.353846,50.519231
13136,13353,51.357692,50.523077
13137,13354,51.361538,50.526923
13138,13355,51.365385,50.530769
13139,13356,51.369231,50.534615
13140,13357,51.373077,50.538462
13141,13358,51.376923,50.542308
13142,13359,51.380769,50.546154
13143,13360,51.384615,50.550000
13144,13361,51.388462,50.553846
13145,13362,51.392308,50.557692
13146,13363,51.396154,50.561538
13147,13364,51.400000,50.565385
13148,13365,51.403846,50.569231
13149,13366,51.407692,50.573077
13150,13367,51.411538,50.576923
13151,13368,51.415385,50.580769
13152,13369,51.419231,50.584615
13153,13370,51.423077,50.588462
13154,13371,51.426923,50.592308
13155,13372,51.430769,50.596154
13156,13373,51.434615,50.600000
13157,13374,51.438462,50.603846
13158,13375,51.442308,50.607692
13159,13376,51.446154,50.611538
13160,13377,51.450000,50.615385
13161,13378,51.453846,50.619231
13162,13379,51.457692,50.623077
13163,13380,51.461538,50.626923
13164,13381,51.465385,50.630769
13165,13382,51.469231,50.634615
13166,13383,51.473077,50.638462
13167,13384,51.476923,50.642308
13168,13385,51.480769,50.646154
13169,13386,51.484615,50.650000
13170,13387,51.488462,50.653846
13171,13388,51.492308,50.657692
13172,13389,51.496154,50.661538
13173,13390,51.500000,50.665385
13174,13391,51.503846,50.669231
13175,13392,51.507692,50.673077
13176,13393,51.511538,50.676923
13177,13394,51.515385,50.680769
13178,13395,51.519231,50.684615
13179,13396,51.523077,50.688462
13180,13397,51.526923,50.692308
13181,13398,51.530769,50.696154
13182,13399,51.534615,50.700000
13183,13400,51.538462,50.703846
13184,13401,51.542308,50.707692
13185,13402,51.546154,50.711538
13186,13403,51.550000,50.715385
13187,13404,51.553846,50.719231
13188,13405,51.557692,50.723077
13189,13406,51.561538,50.726923
13190,13407,51.565385,50.730769
13191,13408,51.569231,50.734615
13192,13409,51.573077,50.738462
13193,13410,51.576923,50.742308
13194,13411,51.580769,50.746154
13195,13412,51.584615,50.750000
13196,13413,51.588462,50.753846
13197,13414,51.592308,50.757692
13198,13415,51.596154,50.761538
13199,13416,51.600000,50.765385
13200,13417,51.603846,50.769231
13201,13418,51.607692,50.773077
13202,13419,51.611538,50.776923
13203,13420,51.615385,50.780769
13204,13421,51.619231,50.784615
13205,13422,51.623077,50.788462
13206,13423,51.626923,50.792308
13207,13424,51.630769,50.796154
13208,13425,51.634615,50.800000
13209,13426,51.638462,50.803846
13210,13427,51.642308,50.807692
13211,13428,51.646154,50.811538
13212,13429,51.650000,50.815385
13213,13430,51.653846,50.819231
13214,13431,51.657692,50.823077
13215,13432,51.661538,50.826923
13216,13433,51.665385,50.830769
13217,13434,51.669231,50.834615
13218,13435,51.673077,50.838462
13219,13436,51.676923,50.842308
13220,13437,51.680769,50.846154
13221,13438,51.684615,50.850000
13222,13439,51.688462,50.853846
13223,13440,51.692308,50.857692
13224,13441,51.696154,50.861538
13225,13442,51.700000,50.865385
13226,13443,51.703846,50.869231
13227,13444,51.707692,50.873077
13228,13445,51.711538,50.876923
13229,13446,51.715385,50.880769
13230,13447,51.719231,50.884615
13231,13448,51.723077,50.888462
13232,13449,51.726923,50.892308
13233,13450,51.730769,50.896154
13234,13451,51.734615,50.900000
13235,13452,51.738462,50.903846
13236,13453,51.742308,50.907692
13237,13454,51.746154,50.911538
13238,13455,51.750000,50.915385
13239,13456,51.753846,50.919231
13240,13457,51.757692,50.923077
13241,13458,51.761538,50.926923
13242,13459,51.765385,50.930769
13243,13460,51.769231,50.934615
13244,13461,51.773077,50.938462
13245,13462,51.776923,50.942308
13246,13463,51.780769,50.946154
13247,13464,51.784615,50.950000
13248,13465,51.788462,50.953846
13249,13466,51.792308,50.957692
13250,13467,51.796154,50.961538
13251,13468,51.800000,50.965385
13252,13469,51.803846,50.969231
13253,13470,51.807692,50.973077
13254,13471,51.811538,50.976923
13255,13472,51.815385,50.980769
13256,13473,51.819231,50.984615
13257,13474,51.823077,50.988462
13258,13475,51.826923,50.992308
13259,13476,51.830769,50.996154
13260,13477,51.834615,51.000000
13261,13478,51.838462,51.003846
13262,13479,51.842308,51.007692
13263,13480,51.846154,51.011538
13264,13481,51.850000,51.015385
13265,13482,51.853846,51.019231
13266,13483,51.857692,51.023077
13267,13484,51.861538,51.026923
13268,13485,51.865385,51.030769
13269,13486,51.869231,51.034615
13270,13487,51.873077,51.038462
13271,13488,51.876923,51.042308
13272,13489,51.880769,51.046154
13273,13490,51.884615,51.050000
13274,13491,51.888462,51.053846
13275,13492,51.892308,51.057692
13276,13493,51.896154,51.061538
13277,13494,51.900000,51.065385
13278,13495,51.903846,51.069231
13279,13496,51.907692,51.073077
13280,13497,51.911538,51.076923
13281,13498,51.915385,51.080769
13282,13499,51.919231,51.084615
13283,13500,51.923077,51.088462
13284,13501,51.926923,51.092308
13285,13502,51.930769,51.096154
13286,13503,51.934615,51.100000
13287,13504,51.938462,51.103846
13288,13505,51.942308,51.107692
13289,13506,51.946154,51.111538
13290,13507,51.950000,51.115385
13291,13508,51.953846,51.119231
13292,13509,51.957692,51.123077
13293,13510,51.961538,51.126923
13294,13511,51.965385,51.130769
13295,13512,51.969231,51.134615
13296,13513,51.973077,51.138462
13297,13514,51.976923,51.142308
13298,13515,51.980769,51.146154
13299,13516,51.984615,51.150000
13300,13517,51.988462,51.153846
13301,13518,51.992308,51.157692
13302,13519,51.996154,51.161538
13303,13520,52.000000,51.165385
13304,13521,52.003846,51.169231
13305,13522,52.007692,51.173077
13306,13523,52.011538,51.176923
13307,13524,52.015385,51.180769
13308,13525,52.019231,51.184615
13309,13526,52.023077,51.188462
13310,13527,52.026923,51.192308
13311,13528,52.030769,51.196154
13312,13529,52.034615,51.200000
13313,13530,52.038462,51.203846
13314,13531,52.042308,51.207692
13315,13532,52.046154,51.211538
13316,13533,52.050000,51.215385
13317,13534,52.053846,51.219231
13318,13535,52.057692,51.223077
13319,13536,52.061538,51.226923
13320,13537,52.065385,51.230769
13321,13538,52.069231,51.234615
13322,13539,52.073077,51.238462
13323,13540,52.076923,51.242308
13324,13541,52.080769,51.246154
13325,13542,52.084615,51.250000
13326,13543,52.088462,51.253846
13327,13544,52.092308,51.257692
13328,13545,52.096154,51.261538
13329,13546,52.100000,51.265385
13330,13547,52.103846,51.269231
13331,13548,52.107692,51.273077
13332,13549,52.111538,51.276923
13333,13550,52.115385,51.280769
13334,13551,52.119231,51.284615
13335,13552,52.123077,51.288462
13336,13553,52.126923,51.292308
13337,13554,52.130769,51.296154
13338,13555,52.134615,51.300000
13339,13556,52.138462,51.303846
13340,13557,52.142308,51.307692
13341,13558,52.146154,51.311538
13342,13559,52.150000,51.315385
13343,13560,52.153846,51.319231
13344,13561,52.157692,51.323077
13345,13562,52.161538,51.326923
13346,13563,52.165385,51.330769
13347,13564,52.169231,51.334615
13348,13565,52.173077,51.338462
13349,13566,52.176923,51.342308
13350,13567,52.180769,51.346154
13351,13568,52.184615,51.350000
13352,13569,52.188462,51.353846
13353,13570,52.192308,51.357692
13354,13571,52.196154,51.361538
13355,13572,52.200000,51.365385
13356,13573,52.203846,51.369231
13357,13574,52.207692,51.373077
13358,13575,52.211538,51.376923
13359,13576,52.215385,51.380769
13360,13577,52.219231,51.384615
13361,13578,52.223077,51.388462
13362,13579,52.226923,51.392308
13363,13580,52.230769,51.396154
13364,13581,52.234615,51.400000
13365,13582,52.238462,51.403846
13366,13583,52.242308,51.407692
13367,13584,52.246154,51.411538
13368,13585,52.250000,51.415385
13369,13586,52.253846,51.419231
13370,13587,52.257692,51.423077
13371,13588,52.261538,51.426923
13372,13589,52.265385,51.430769
13373,13590,52.269231,51.434615
13374,13591,52.273077,51.438462
13375,13592,52.276923,51.442308
13376,13593,52.280769,51.446154
13377,13594,52.284615,51.450000
13378,13595,52.288462,51.453846
13379,13596,52.292308,51.457692
13380,13597,52.296154,51.461538
13381,13598,52.300000,51.465385
13382,13599,52.303846,51.469231
13383,13600,52.307692,51.473077
13384,13601,52.311538,51.476923
13385,13602,52.315385,51.480769
13386,13603,52.319231,51.484615
13387,13604,52.323077,51.488462
13388,13605,52.326923,51.492308
13389,13606,52.330769,51.496154
13390,13607,52.334615,51.500000
13391,13608,52.338462,51.503846
13392,13609,52.342308,51.507692
13393,13610,52.346154,51.511538
13394,13611,52.350000,51.515385
13395,13612,52.353846,51.519231
13396,13613,52.357692,51.523077
13397,13614,52.361538,51.526923
13398,13615,52.365385,51.530769
13399,13616,52.369231,51.534615
13400,13617,52.373077,51.538462
13401,13618,52.376923,51.542308
13402,13619,52.380769,51.546154
13403,13620,52.384615,51.550000
13404,13621,52.388462,51.553846
13405,13622,52.392308,51.557692
13406,13623,52.396154,51.561538
13407,13624,52.400000,51.565385
13408,13625,52.403846,51.569231
13409,13626,52.407692,51.573077
13410,13627,52.411538,51.576923
13411,13628,52.415385,51.580769
13412,13629,52.419231,51.584615
13413,13630,52.423077,51.588462
13414,13631,52.426923,51.592308
13415,13632,52.430769,51.596154
13416,13633,52.434615,51.600000
13417,13634,52.438462,51.603846
13418,13635,52.442308,51.607692
13419,13636,52.446154,51.611538
13420,13637,52.450000,51.615385
13421,13638,52.453846,51.619231
13422,13639,52.457692,51.623077
13423,13640,52.461538,51.626923
13424,13641,52.465385,51.630769
13425,13642,52.469231,51.634615
13426,13643,52.473077,51.638462
13427,13644,52.476923,51.642308
13428,13645,52.480769,51.646154
13429,13646,52.484615,51.650000
13430,13647,52.488462,51.653846
13431,13648,52.492308,51.657692
13432,13649,52.496154,51.661538
13433,13650,52.500000,51.665385
13434,13651,52.503846,51.669231
13435,13652,52.507692,51.673077
13436,13653,52.511538,51.676923
13437,13654,52.515385,51.680769
13438,13655,52.519231,51.684615
13439,13656,52.523077,51.688462
13440,13657,52.526923,51.692308
13441,13658,52.530769,51.696154
13442,13659,52.534615,51.700000
13443,13660,52.538462,51.703846
13444,13661,52.542308,51.707692
13445,13662,52.546154,51.711538
13446,13663,52.550000,51.715385
13447,13664,52.553846,51.719231
13448,13665,52.557692,51.723077
13449,13666,52.561538,51.726923
13450,13667,52.565385,51.730769
13451,13668,52.569231,51.734615
13452,13669,52.573077,51.738462
13453,13670,52.576923,51.742308
13454,13671,52.580769,51.746154
13455,13672,52.584615,51.750000
13456,13673,52.588462,51.753846
13457,13674,52.592308,51.757692
13458,13675,52.596154,51.761538
13459,13676,52.600000,51.765385
13460,13677,52.603846,51.769231
13461,13678,52.607692,51.773077
13462,13679,52.611538,51.776923
13463,13680,52.615385,51.780769
13464,13681,52.619231,51.784615
13465,13682,52.623077,51.788462
13466,13683,52.626923,51.792308
13467,13684,52.630769,51.796154
13468,13685,52.634615,51.800000
13469,13686,52.638462,51.803846
13470,13687,52.642308,51.807692
13471,13688,52.646154,51.811538
13472,13689,52.650000,51.815385
13473,13690,52.653846,51.819231
13474,13691,52.657692,51.823077
13475,13692,52.661538,51.826923
13476,13693,52.665385,51.830769
13477,13694,52.669231,51.834615
13478,13695,52.673077,51.838462
13479,13696,52.676923,51.842308
13480,13697,52.680769,51.846154
13481,13698,52.684615,51.850000
13482,13699,52.688462,51.853846
13483,13700,52.692308,51.857692
13484,13701,52.696154,51.861538
13485,13702,52.700000,51.865385
13486,13703,52.703846,51.869231
13487,13704,52.707692,51.873077
13488,13705,52.711538,51.876923
13489,13706,52.715385,51.880769
13490,13707,52.719231,51.884615
13491,13708,52.723077,51.888462
13492,13709,52.726923,51.892308
13493,13710,52.730769,51.896154
13494,13711,52.734615,51.900000
13495,13712,52.738462,51.903846
13496,13713,52.742308,51.907692
13497,13714,52.746154,51.911538
13498,13715,52.750000,51.915385
13499,13716,52.753846,51.919231
13500,13717,52.757692,51.923077
13501,13718,52.761538,51.926923
13502,13719,52.765385,51.930769
13503,13720,52.769231,51.934615
13504,13721,52.773077,51.938462
13505,13722,52.776923,51.942308
13506,13723,52.780769,51.946154
13507,13724,52.784615,51.950000
13508,13725,52.788462,51.953846
13509,13726,52.792308,51.957692
13510,13727,52.796154,51.961538
13511,13728,52.800000,51.965385
13512,13729,52.803846,51.969231
13513,13730,52.807692,51.973077
13514,13731,52.811538,51.976923
13515,13732,52.815385,51.980769
13516,13733,52.819231,51.984615
13517,13734,52.823077,51.988462
13518,13735,52.826923,51.992308
13519,13736,52.830769,51.996154
13520,13737,52.834615,52.000000
13521,13738,52.838462,52.003846
13522,13739,52.842308,52.007692
13523,13740,52.846154,52.011538
13524,13741,52.850000,52.015385
13525,13742,52.853846,52.019231
13526,13743,52.857692,52.023077
13527,13744,52.861538,52.026923
13528,13745,52.865385,52.030769
13529,13746,52.869231,52.034615
13530,13747,52.873077,52.038462
13531,13748,52.876923,52.042308
13532,13749,52.880769,52.046154
13533,13750,52.884615,52.050000
13534,13751,52.888462,52.053846
13535,13752,52.892308,52.057692
13536,13753,52.896154,52.061538
13537,13754,52.900000,52.065385
13538,13755,52.903846,52.069231
13539,13756,52.907692,52.073077
13540,13757,52.911538,52.076923
13541,13758,52.915385,52.080769
13542,13759,52.919231,52.084615
13543,13760,52.923077,52.088462
13544,13761,52.926923,52.092308
13545,13762,52.930769,52.096154
13546,13763,52.934615,52.100000
13547,13764,52.938462,52.103846
13548,13765,52.942308,52.107692
13549,13766,52.946154,52.111538
13550,13767,52.950000,52.115385
13551,13768,52.953846,52.119231
13552,13769,52.957692,52.123077
13553,13770,52.961538,52.126923
13554,13771,52.965385,52.130769
13555,13772,52.969231,52.134615
13556,13773,52.973077,52.138462
13557,13774,52.976923,52.142308
13558,13775,52.980769,52.146154
13559,13776,52.984615,52.150000
13560,13777,52.988462,52.153846
13561,13778,52.992308,52.157692
13562,13779,52.996154,52.161538
13563,13780,53.000000,52.165385
13564,13781,53.003846,52.169231
13565,13782,53.007692,52.173077
13566,13783,53.011538,52.176923
13567,13784,53.015385,52.180769
13568,13785,53.019231,52.184615
13569,13786,53.023077,52.188462
13570,13787,53.026923,52.192308
13571,13788,53.030769,52.196154
13572,13789,53.034615,52.200000
13573,13790,53.038462,52.203846
13574,13791,53.042308,52.207692
13575,13792,53.046154,52.211538
13576,13793,53.050000,52.215385
13577,13794,53.053846,52.219231
13578,13795,53.057692,52.223077
13579,13796,53.061538,52.226923
13580,13797,53.065385,52.230769
13581,13798,53.069231,52.234615
13582,13799,53.073077,52.238462
13583,13800,53.076923,52.242308
13584,13801,53.080769,52.246154
13585,13802,53.084615,52.250000
13586,13803,53.088462,52.253846
13587,13804,53.092308,52.257692
13588,13805,53.096154,52.261538
13589,13806,53.100000,52.265385
13590,13807,53.103846,52.269231
13591,13808,53.107692,52.273077
13592,13809,53.111538,52.276923
13593,13810,53.115385,52.280769
13594,13811,53.119231,52.284615
13595,13812,53.123077,52.288462
13596,13813,53.126923,52.292308
13597,13814,53.130769,52.296154
13598,13815,53.134615,52.300000
13599,13816,53.138462,52.303846
13600,13817,53.142308,52.307692
13601,13818,53.146154,52.311538
13602,13819,53.150000,52.315385
13603,13820,53.153846,52.319231
13604,13821,53.157692,52.323077
13605,13822,53.161538,52.326923
13606,13823,53.165385,52.330769
13607,13824,53.169231,52.334615
13608,13825,53.173077,52.338462
13609,13826,53.176923,52.342308
13610,13827,53.180769,52.346154
13611,13828,53.184615,52.350000
13612,13829,53.188462,52.353846
13613,13830,53.192308,52.357692
13614,13831,53.196154,52.361538
13615,13832,53.200000,52.365385
13616,13833,53.203846,52.369231
13617,13834,53.207692,52.373077
13618,13835,53.211538,52.376923
13619,13836,53.215385,52.380769
13620,13837,53.219231,52.384615
13621,13838,53.223077,52.388462
13622,13839,53.226923,52.392308
13623,13840,53.230769,52.396154
13624,13841,53.234615,52.400000
13625,13842,53.238462,52.403846
13626,13843,53.242308,52.407692
13627,13844,53.246154,52.411538
13628,13845,53.250000,52.415385
13629,13846,53.253846,52.419231
13630,13847,53.257692,52.423077
13631,13848,53.261538,52.426923
13632,13849,53.265385,52.430769
13633,13850,53.269231,52.434615
13634,13851,53.273077,52.438462
13635,13852,53.276923,52.442308
13636,13853,53.280769,52.446154
13637,13854,53.284615,52.450000
13638,13855,53.288462,52.453846
13639,13856,53.292308,52.457692
13640,13857,53.296154,52.461538
13641,13858,53.300000,52.465385
13642,13859,53.303846,52.469231
13643,13860,53.307692,52.473077
13644,13861,53.311538,52.476923
13645,13862,53.315385,52.480769
13646,13863,53.319231,52.484615
13647,13864,53.323077,52.488462
13648,13865,53.326923,52.492308
13649,13866,53.330769,52.496154
13650,13867,53.334615,52.500000
13651,13868,53.338462,52.503846
13652,13869,53.342308,52.507692
13653,13870,53.346154,52.511538
13654,13871,53.350000,52.515385
13655,13872,53.353846,52.519231
13656,13873,53.357692,52.523077
13657,13874,53.361538,52.526923
13658,13875,53.365385,52.530769
13659,13876,53.369231,52.534615
13660,13877,53.373077,52.538462
13661,13878,53.376923,52.542308
13662,13879,53.380769,52.546154
13663,13880,53.384615,52.550000
13664,13881,53.388462,52.553846
13665,13882,53.392308,52.557692
13666,13883,53.396154,52.561538
13667,13884,53.400000,52.565385
13668,13885,53.403846,52.569231
13669,13886,53.407692,52.573077
13670,13887,53.411538,52.576923
13671,13888,53.415385,52.580769
13672,13889,53.419231,52.584615
13673,13890,53.423077,52.588462
13674,13891,53.426923,52.592308
13675,13892,53.430769,52.596154
13676,13893,53.434615,52.600000
13677,13894,53.438462,52.603846
13678,13895,53.442308,52.607692
13679,13896,53.446154,52.611538
13680,13897,53.450000,52.615385
13681,13898,53.453846,52.619231
13682,13899,53.457692,52.623077
13683,13900,53.461538,52.626923
13684,13901,53.465385,52.630769
13685,13902,53.469231,52.634615
13686,13903,53.473077,52.638462
13687,13904,53.476923,52.642308
13688,13905,53.480769,52.646154
13689,13906,53.484615,52.650000
13690,13907,53.488462,52.653846
13691,13908,53.492308,52.657692
13692,13909,53.496154,52.661538
13693,13910,53.500000,52.665385
13694,13911,53.503846,52.669231
13695,13912,53.507692,52.673077
13696,13913,53.511538,52.676923
13697,13914,53.515385,52.680769
13698,13915,53.519231,52.684615
13699,13916,53.523077,52.688462
13700,13917,53.526923,52.692308
13701,13918,53.530769,52.696154
13702,13919,53.534615,52.700000
13703,13920,53.538462,52.703846
13704,13921,53.542308,52.707692
13705,13922,53.546154,52.711538
13706,13923,53.550000,52.715385
13707,13924,53.553846,52.719231
13708,13925,53.557692,52.723077
13709,13926,53.561538,52.726923
13710,13927,53.565385,52.730769
13711,13928,53.569231,52.734615
13712,13929,53.573077,52.738462
13713,13930,53.576923,52.742308
13714,13931,53.580769,52.746154
13715,13932,53.584615,52.750000
13716,13933,53.588462,52.753846
13717,13934,53.592308,52.757692
13718,13935,53.596154,52.761538
13719,13936,53.600000,52.765385
13720,13937,53.603846,52.769231
13721,13938,53.607692,52.773077
13722,13939,53.611538,52.776923
13723,13940,53.615385,52.780769
13724,13941,53.619231,52.784615
13725,13942,53.623077,52.788462
13726,13943,53.626923,52.792308
13727,13944,53.630769,52.796154
13728,13945,53.634615,52.800000
13729,13946,53.638462,52.803846
13730,13947,53.642308,52.807692
13731,13948,53.646154,52.811538
13732,13949,53.650000,52.815385
13733,13950,53.653846,52.819231
13734,13951,53.657692,52.823077
13735,13952,53.661538,52.826923
13736,13953,53.665385,52.830769
13737,13954,53.669231,52.834615
13738,13955,53.673077,52.838462
13739,13956,53.676923,52.842308
13740,13957,53.680769,52.846154
13741,13958,53.684615,52.850000
13742,13959,53.688462,52.853846
13743,13960,53.692308,52.857692
13744,13961,53.696154,52.861538
13745,13962,53.700000,52.865385
13746,13963,53.703846,52.869231
13747,13964,53.707692,52.873077
13748,13965,53.711538,52.876923
13749,13966,53.715385,52.880769
13750,13967,53.719231,52.884615
13751,13968,53.723077,52.888462
13752,13969,53.726923,52.892308
13753,13970,53.730769,52.896154
13754,13971,53.734615,52.900000
13755,13972,53.738462,52.903846
13756,13973,53.742308,52.907692
13757,13974,53.746154,52.911538
13758,13975,53.750000,52.915385
13759,13976,53.753846,52.919231
13760,13977,53.757692,52.923077
13761,13978,53.761538,52.926923
13762,13979,53.765385,52.930769
13763,13980,53.769231,52.934615
13764,13981,53.773077,52.938462
13765,13982,53.776923,52.942308
13766,13983,53.780769,52.946154
13767,13984,53.784615,52.950000
13768,13985,53.788462,52.953846
13769,13986,53.792308,52.957692
13770,13987,53.796154,52.961538
13771,13988,53.800000,52.965385
13772,13989,53.803846,52.969231
13773,13990,53.807692,52.973077
13774,13991,53.811538,52.976923
13775,13992,53.815385,52.980769
13776,13993,53.819231,52.984615
13777,13994,53.823077,52.988462
13778,13995,53.826923,52.992308
13779,13996,53.830769,52.996154
13780,13997,53.834615,53.000000
13781,13998,53.838462,53.003846
13782,13999,53.842308,53.007692
13783,14000,53.846154,53.011538
13784,14001,53.850000,53.015385
13785,14002,53.853846,53.019231
13786,14003,53.857692,53.023077
13787,14004,53.861538,53.026923
13788,14005,53.865385,53.030769
13789,14006,53.869231,53.034615
13790,14007,53.873077,53.038462
13791,14008,53.876923,53.042308
13792,14009,53.880769,53.046154
13793,14010,53.884615,53.050000
13794,14011,53.888462,53.053846
13795,14012,53.892308,53.057692
13796,14013,53.896154,53.061538
13797,14014,53.900000,53.065385
13798,14015,53.903846,53.069231
13799,14016,53.907692,53.073077
13800,14017,53.911538,53.076923
13801,14018,53.915385,53.080769
13802,14019,53.919231,53.084615
13803,14020,53.923077,53.088462
13804,14021,53.926923,53.092308
13805,14022,53.930769,53.096154
13806,14023,53.934615,53.100000
13807,14024,53.938462,53.103846
13808,14025,53.942308,53.107692
13809,14026,53.946154,53.111538
13810,14027,53.950000,53.115385
13811,14028,53.953846,53.119231
13812,14029,53.957692,53.123077
13813,14030,53.961538,53.126923
13814,14031,53.965385,53.130769
13815,14032,53.969231,53.134615
13816,14033,53.973077,53.138462
13817,14034,53.976923,53.142308
13818,14035,53.980769,53.146154
13819,14036,53.984615,53.150000
13820,14037,53.988462,53.153846
13821,14038,53.992308,53.157692
13822,14039,53.996154,53.161538
13823,14040,54.000000,53.165385
13824,14041,54.003846,53.169231
13825,14042,54.007692,53.173077
13826,14043,54.011538,53.176923
13827,14044,54.015385,53.180769
13828,14045,54.019231,53.184615
13829,14046,54.023077,53.188462
13830,14047,54.026923,53.192308
13831,14048,54.030769,53.196154
13832,14049,54.034615,53.200000
13833,14050,54.038462,53.203846
13834,14051,54.042308,53.207692
13835,14052,54.046154,53.211538
13836,14053,54.050000,53.215385
13837,14054,54.053846,53.219231
13838,14055,54.057692,53.223077
13839,14056,54.061538,53.226923
13840,14057,54.065385,53.230769
13841,14058,54.069231,53.234615
13842,14059,54.073077,53.238462
13843,14060,54.076923,53.242308
13844,14061,54.080769,53.246154
13845,14062,54.084615,53.250000
13846,14063,54.088462,53.253846
13847,14064,54.092308,53.257692
13848,14065,54.096154,53.261538
13849,14066,54.100000,53.265385
13850,14067,54.103846,53.269231
13851,14068,54.107692,53.273077
13852,14069,54.111538,53.276923
13853,14070,54.115385,53.280769
13854,14071,54.119231,53.284615
13855,14072,54.123077,53.288462
13856,14073,54.126923,53.292308
13857,14074,54.130769,53.296154
13858,14075,54.134615,53.300000
13859,14076,54.138462,53.303846
13860,14077,54.142308,53.307692
13861,14078,54.146154,53.311538
13862,14079,54.150000,53.315385
13863,14080,54.153846,53.319231
13864,14081,54.157692,53.323077
13865,14082,54.161538,53.326923
13866,14083,54.165385,53.330769
13867,14084,54.169231,53.334615
13868,14085,54.173077,53.338462
13869,14086,54.176923,53.342308
13870,14087,54.180769,53.346154
13871,14088,54.184615,53.350000
13872,14089,54.188462,53.353846
13873,14090,54.192308,53.357692
13874,14091,54.196154,53.361538
13875,14092,54.200000,53.365385
13876,14093,54.203846,53.369231
13877,14094,54.207692,53.373077
13878,14095,54.211538,53.376923
13879,14096,54.215385,53.380769
13880,14097,54.219231,53.384615
13881,14098,54.223077,53.388462
13882,14099,54.226923,53.392308
13883,14100,54.230769,53.396154
13884,14101,54.234615,53.400000
13885,14102,54.238462,53.403846
13886,14103,54.242308,53.407692
13887,14104,54.246154,53.411538
13888,14105,54.250000,53.415385
13889,14106,54.253846,53.419231
13890,14107,54.257692,53.423077
13891,14108,54.261538,53.426923
13892,14109,54.265385,53.430769
13893,14110,54.269231,53.434615
13894,14111,54.273077,53.438462
13895,14112,54.276923,53.442308
13896,14113,54.280769,53.446154
13897,14114,54.284615,53.450000
13898,14115,54.288462,53.453846
13899,14116,54.292308,53.457692
13900,14117,54.296154,53.461538
13901,14118,54.300000,53.465385
13902,14119,54.303846,53.469231
13903,14120,54.307692,53.473077
13904,14121,54.311538,53.476923
13905,14122,54.315385,53.480769
13906,14123,54.319231,53.484615
13907,14124,54.323077,53.488462
13908,14125,54.326923,53.492308
13909,14126,54.330769,53.496154
13910,14127,54.334615,53.500000
13911,14128,54.338462,53.503846
13912,14129,54.342308,53.507692
13913,14130,54.346154,53.511538
13914,14131,54.350000,53.515385
13915,14132,54.353846,53.519231
13916,14133,54.357692,53.523077
13917,14134,54.361538,53.526923
13918,14135,54.365385,53.530769
13919,14136,54.369231,53.534615
13920,14137,54.373077,53.538462
13921,14138,54.376923,53.542308
13922,14139,54.380769,53.546154
13923,14140,54.384615,53.550000
13924,14141,54.388462,53.553846
13925,14142,54.392308,53.557692
13926,14143,54.396154,53.561538
13927,14144,54.400000,53.565385
13928,14145,54.403846,53.569231
13929,14146,54.407692,53.573077
13930,14147,54.411538,53.576923
13931,14148,54.415385,53.580769
13932,14149,54.419231,53.584615
13933,14150,54.423077,53.588462
13934,14151,54.426923,53.592308
13935,14152,54.430769,53.596154
13936,14153,54.434615,53.600000
13937,14154,54.438462,53.603846
13938,14155,54.442308,53.607692
13939,14156,54.446154,53.611538
13940,14157,54.450000,53.615385
13941,14158,54.453846,53.619231
13942,14159,54.457692,53.623077
13943,14160,54.461538,53.626923
13944,14161,54.465385,53.630769
13945,14162,54.469231,53.634615
13946,14163,54.473077,53.638462
13947,14164,54.476923,53.642308
13948,14165,54.480769,53.646154
13949,14166,54.484615,53.650000
13950,14167,54.488462,53.653846
13951,14168,54.492308,53.657692
13952,14169,54.496154,53.661538
13953,14170,54.500000,53.665385
13954,14171,54.503846,53.669231
13955,14172,54.507692,53.673077
13956,14173,54.511538,53.676923
13957,14174,54.515385,53.680769
13958,14175,54.519231,53.684615
13959,14176,54.523077,53.688462
13960,14177,54.526923,53.692308
13961,14178,54.530769,53.696154
13962,14179,54.534615,53.700000
13963,14180,54.538462,53.703846
13964,14181,54.542308,53.707692
13965,14182,54.546154,53.711538
13966,14183,54.550000,53.715385
13967,14184,54.553846,53.719231
13968,14185,54.557692,53.723077
13969,14186,54.561538,53.726923
13970,14187,54.565385,53.730769
13971,14188,54.569231,53.734615
13972,14189,54.573077,53.738462
13973,14190,54.576923,53.742308
13974,14191,54.580769,53.746154
13975,14192,54.584615,53.750000
13976,14193,54.588462,53.753846
13977,14194,54.592308,53.757692
13978,14195,54.596154,53.761538
13979,14196,54.600000,53.765385
13980,14197,54.603846,53.769231
13981,14198,54.607692,53.773077
13982,14199,54.611538,53.776923
13983,14200,54.615385,53.780769
13984,14201,54.619231,53.784615
13985,14202,54.623077,53.788462
13986,14203,54.626923,53.792308
13987,14204,54.630769,53.796154
13988,14205,54.634615,53.800000
13989,14206,54.638462,53.803846
13990,14207,54.642308,53.807692
13991,14208,54.646154,53.811538
13992,14209,54.650000,53.815385
13993,14210,54.653846,53.819231
13994,14211,54.657692,53.823077
13995,14212,54.661538,53.826923
13996,14213,54.665385,53.830769
13997,14214,54.669231,53.834615
13998,14215,54.673077,53.838462
13999,14216,54.676923,53.842308
14000,14217,54.680769,53.846154
14001,14218,54.684615,53.850000
14002,14219,54.688462,53.853846
14003,14220,54.692308,53.857692
14004,14221,54.696154,53.861538
14005,14222,54.700000,53.865385
14006,14223,54.703846,53.869231
14007,14224,54.707692,53.873077
14008,14225,54.711538,53.876923
14009,14226,54.715385,53.880769
14010,14227,54.719231,53.884615
14011,14228,54.723077,53.888462
14012,14229,54.726923,53.892308
14013,14230,54.730769,53.896154
14014,14231,54.734615,53.900000
14015,14232,54.738462,53.903846
14016,14233,54.742308,53.907692
14017,14234,54.746154,53.911538
14018,14235,54.750000,53.915385
14019,14236,54.753846,53.919231
14020,14237,54.757692,53.923077
14021,14238,54.761538,53.926923
14022,14239,54.765385,53.930769
14023,14240,54.769231,53.934615
14024,14241,54.773077,53.938462
14025,14242,54.776923,53.942308
14026,14243,54.780769,53.946154
14027,14244,54.784615,53.950000
14028,14245,54.788462,53.953846
14029,14246,54.792308,53.957692
14030,14247,54.796154,53.961538
14031,14248,54.800000,53.965385
14032,14249,54.803846,53.969231
14033,14250,54.807692,53.973077
14034,14251,54.811538,53.976923
14035,14252,54.815385,53.980769
14036,14253,54.819231,53.984615
14037,14254,54.823077,53.988462
14038,14255,54.826923,53.992308
14039,14256,54.830769,53.996154
14040,14257,54.834615,54.000000
14041,14258,54.838462,54.003846
14042,14259,54.842308,54.007692
14043,14260,54.846154,54.011538
14044,14261,54.850000,54.015385
14045,14262,54.853846,54.019231
14046,14263,54.857692,54.023077
14047,14264,54.861538,54.026923
14048,14265,54.865385,54.030769
14049,14266,54.869231,54.034615
14050,14267,54.873077,54.038462
14051,14268,54.876923,54.042308
14052,14269,54.880769,54.046154
14053,14270,54.884615,54.050000
14054,14271,54.888462,54.053846
14055,14272,54.892308,54.057692
14056,14273,54.896154,54.061538
14057,14274,54.900000,54.065385
14058,14275,54.903846,54.069231
14059,14276,54.907692,54.073077
14060,14277,54.911538,54.076923
14061,14278,54.915385,54.080769
14062,14279,54.919231,54.084615
14063,14280,54.923077,54.088462
14064,14281,54.926923,54.092308
14065,14282,54.930769,54.096154
14066,14283,54.934615,54.100000
14067,14284,54.938462,54.103846
14068,14285,54.942308,54.107692
14069,14286,54.946154,54.111538
14070,14287,54.950000,54.115385
14071,14288,54.953846,54.119231
14072,14289,54.957692,54.123077
14073,14290,54.961538,54.126923
14074,14291,54.965385,54.130769
14075,14292,54.969231,54.134615
14076,14293,54.973077,54.138462
14077,14294,54.976923,54.142308
14078,14295,54.980769,54.146154
14079,14296,54.984615,54.150000
14080,14297,54.988462,54.153846
14081,14298,54.992308,54.157692
14082,14299,54.996154,54.161538
14083,14300,55.000000,54.165385
14084,14301,55.003846,54.169231
14085,14302,55.007692,54.173077
14086,14303,55.011538,54.176923
14087,14304,55.015385,54.180769
14088,14305,55.019231,54.184615
14089,14306,55.023077,54.188462
14090,14307,55.026923,54.192308
14091,14308,55.030769,54.196154
14092,14309,55.034615,54.200000
14093,14310,55.038462,54.203846
14094,14311,55.042308,54.207692
14095,14312,55.046154,54.211538
14096,14313,55.050000,54.215385
14097,14314,55.053846,54.219231
14098,14315,55.057692,54.223077
14099,14316,55.061538,54.226923
14100,14317,55.065385,54.230769
14101,14318,55.069231,54.234615
14102,14319,55.073077,54.238462
14103,14320,55.076923,54.242308
14104,14321,55.080769,54.246154
14105,14322,55.084615,54.250000
14106,14323,55.088462,54.253846
14107,14324,55.092308,54.257692
14108,14325,55.096154,54.261538
14109,14326,55.100000,54.265385
14110,14327,55.103846,54.269231
14111,14328,55.107692,54.273077
14112,14329,55.111538,54.276923
14113,14330,55.115385,54.280769
14114,14331,55.119231,54.284615
14115,14332,55.123077,54.288462
14116,14333,55.126923,54.292308
14117,14334,55.130769,54.296154
14118,14335,55.134615,54.300000
14119,14336,55.138462,54.303846
14120,14337,55.142308,54.307692
14121,14338,55.146154,54.311538
14122,14339,55.150000,54.315385
14123,14340,55.153846,54.319231
14124,14341,55.157692,54.323077
14125,14342,55.161538,54.326923
14126,14343,55.165385,54.330769
14127,14344,55.169231,54.334615
14128,14345,55.173077,54.338462
14129,14346,55.176923,54.342308
14130,14347,55.180769,54.346154
14131,14348,55.184615,54.350000
14132,14349,55.188462,54.353846
14133,14350,55.192308,54.357692
14134,14351,55.196154,54.361538
14135,14352,55.200000,54.365385
14136,14353,55.203846,54.369231
14137,14354,55.207692,54.373077
14138,14355,55.211538,54.376923
14139,14356,55.215385,54.380769
14140,14357,55.219231,54.384615
14141,14358,55.223077,54.388462
14142,14359,55.226923,54.392308
14143,14360,55.230769,54.396154
14144,14361,55.234615,54.400000
14145,14362,55.238462,54.403846
14146,14363,55.242308,54.407692
14147,14364,55.246154,54.411538
14148,14365,55.250000,54.415385
14149,14366,55.253846,54.419231
14150,14367,55.257692,54.423077
14151,14368,55.261538,54.426923
14152,14369,55.265385,54.430769
14153,14370,55.269231,54.434615
14154,14371,55.273077,54.438462
14155,14372,55.276923,54.442308
14156,14373,55.280769,54.446154
14157,14374,55.284615,54.450000
14158,14375,55.288462,54.453846
14159,14376,55.292308,54.457692
14160,14377,55.296154,54.461538
14161,14378,55.300000,54.465385
14162,14379,55.303846,54.469231
14163,14380,55.307692,54.473077
14164,14381,55.311538,54.476923
14165,14382,55.315385,54.480769
14166,14383,55.319231,54.484615
14167,14384,55.323077,54.488462
14168,14385,55.326923,54.492308
14169,14386,55.330769,54.496154
14170,14387,55.334615,54.500000
14171,14388,55.338462,54.503846
14172,14389,55.342308,54.507692
14173,14390,55.346154,54.511538
14174,14391,55.350000,54.515385
14175,14392,55.353846,54.519231
14176,14393,55.357692,54.523077
14177,14394,55.361538,54.526923
14178,14395,55.365385,54.530769
14179,14396,55.369231,54.534615
14180,14397,55.373077,54.538462
14181,14398,55.376923,54.542308
14182,14399,55.380769,54.546154
14183,14400,55.384615,54.550000
14184,14401,55.388462,54.553846
14185,14402,55.392308,54.557692
14186,14403,55.396154,54.561538
14187,14404,55.400000,54.565385
14188,14405,55.403846,54.569231
14189,14406,55.407692,54.573077
14190,14407,55.411538,54.576923
14191,14408,55.415385,54.580769
14192,14409,55.419231,54.584615
14193,14410,55.423077,54.588462
14194,14411,55.426923,54.592308
14195,14412,55.430769,54.596154
14196,14413,55.434615,54.600000
14197,14414,55.438462,54.603846
14198,14415,55.442308,54.607692
14199,14416,55.446154,54.611538
14200,14417,55.450000,54.615385
14201,14418,55.453846,54.619231
14202,14419,55.457692,54.623077
14203,14420,55.461538,54.626923
14204,14421,55.465385,54.630769
14205,14422,55.469231,54.634615
14206,14423,55.473077,54.638462
14207,14424,55.476923,54.642308
14208,14425,55.480769,54.646154
14209,14426,55.484615,54.650000
14210,14427,55.488462,54.653846
14211,14428,55.492308,54.657692
14212,14429,55.496154,54.661538
14213,14430,55.500000,54.665385
14214,14431,55.503846,54.669231
14215,14432,55.507692,54.673077
14216,14433,55.511538,54.676923
14217,14434,55.515385,54.680769
14218,14435,55.519231,54.684615
14219,14436,55.523077,54.688462
14220,14437,55.526923,54.692308
14221,14438,55.530769,54.696154
14222,14439,55.534615,54.700000
14223,14440,55.538462,54.703846
14224,14441,55.542308,54.707692
14225,14442,55.546154,54.711538
14226,14443,55.550000,54.715385
14227,14444,55.553846,54.719231
14228,14445,55.557692,54.723077
14229,14446,55.561538,54.726923
14230,14447,55.565385,54.730769
14231,14448,55.569231,54.734615
14232,14449,55.573077,54.738462
14233,14450,55.576923,54.742308
14234,14451,55.580769,54.746154
14235,14452,55.584615,54.750000
14236,14453,55.588462,54.753846
14237,14454,55.592308,54.757692
14238,14455,55.596154,54.761538
14239,14456,55.600000,54.765385
14240,14457,55.603846,54.769231
14241,14458,55.607692,54.773077
14242,14459,55.611538,54.776923
14243,14460,55.615385,54.780769
14244,14461,55.619231,54.784615
14245,14462,55.623077,54.788462
14246,14463,55.626923,54.792308
14247,14464,55.630769,54.796154
14248,14465,55.634615,54.800000
14249,14466,55.638462,54.803846
14250,14467,55.642308,54.807692
14251,14468,55.646154,54.811538
14252,14469,55.650000,54.815385
14253,14470,55.653846,54.819231
14254,14471,55.657692,54.823077
14255,14472,55.661538,54.826923
14256,14473,55.665385,54.830769
14257,14474,55.669231,54.834615
14258,14475,55.673077,54.838462
14259,14476,55.676923,54.842308
14260,14477,55.680769,54.846154
14261,14478,55.684615,54.850000
14262,14479,55.688462,54.853846
14263,14480,55.692308,54.857692
14264,14481,55.696154,54.861538
14265,14482,55.700000,54.865385
14266,14483,55.703846,54.869231
14267,14484,55.707692,54.873077
14268,14485,55.711538,54.876923
14269,14486,55.715385,54.880769
14270,14487,55.719231,54.884615
14271,14488,55.723077,54.888462
14272,14489,55.726923,54.892308
14273,14490,55.730769,54.896154
14274,14491,55.734615,54.900000
14275,14492,55.738462,54.903846
14276,14493,55.742308,54.907692
14277,14494,55.746154,54.911538
14278,14495,55.750000,54.915385
14279,14496,55.753846,54.919231
14280,14497,55.757692,54.923077
14281,14498,55.761538,54.926923
14282,14499,55.765385,54.930769
14283,14500,55.769231,54.934615
14284,14501,55.773077,54.938462
14285,14502,55.776923,54.942308
14286,14503,55.780769,54.946154
14287,14504,55.784615,54.950000
14288,14505,55.788462,54.953846
14289,14506,55.792308,54.957692
14290,14507,55.796154,54.961538
14291,14508,55.800000,54.965385
14292,14509,55.803846,54.969231
14293,14510,55.807692,54.973077
14294,14511,55.811538,54.976923
14295,14512,55.815385,54.980769
14296,14513,55.819231,54.984615
14297,14514,55.823077,54.988462
14298,14515,55.826923,54.992308
14299,14516,55.830769,54.996154
14300,14517,55.834615,55.000000
14301,14518,55.838462,55.003846
14302,14519,55.842308,55.007692
14303,14520,55.846154,55.011538
14304,14521,55.850000,55.015385
14305,14522,55.853846,55.019231
14306,14523,55.857692,55.023077
14307,14524,55.861538,55.026923
14308,14525,55.865385,55.030769
14309,14526,55.869231,55.034615
14310,14527,55.873077,55.038462
14311,14528,55.876923,55.042308
14312,14529,55.880769,55.046154
14313,14530,55.884615,55.050000
14314,14531,55.888462,55.053846
14315,14532,55.892308,55.057692
14316,14533,55.896154,55.061538
14317,14534,55.900000,55.065385
14318,14535,55.903846,55.069231
14319,14536,55.907692,55.073077
14320,14537,55.911538,55.076923
14321,14538,55.915385,55.080769
14322,14539,55.919231,55.084615
14323,14540,55.923077,55.088462
14324,14541,55.926923,55.092308
14325,14542,55.930769,55.096154
14326,14543,55.934615,55.100000
14327,14544,55.938462,55.103846
14328,14545,55.942308,55.107692
14329,14546,55.946154,55.111538
14330,14547,55.950000,55.115385
14331,14548,55.953846,55.119231
14332,14549,55.957692,55.123077
14333,14550,55.961538,55.126923
14334,14551,55.965385,55.130769
14335,14552,55.969231,55.134615
14336,14553,55.973077,55.138462
14337,14554,55.976923,55.142308
14338,14555,55.980769,55.146154
14339,14556,55.984615,55.150000
14340,14557,55.988462,55.153846
14341,14558,55.992308,55.157692
14342,14559,55.996154,55.161538
14343,14560,56.000000,55.165385
14344,14561,56.003846,55.169231
14345,14562,56.007692,55.173077
14346,14563,56.011538,55.176923
14347,14564,56.015385,55.180769
14348,14565,56.019231,55.184615
14349,14566,56.023077,55.188462
14350,14567,56.026923,55.192308
14351,14568,56.030769,55.196154
14352,14569,56.034615,55.200000
14353,14570,56.038462,55.203846
14354,14571,56.042308,55.207692
14355,14572,56.046154,55.211538
14356,14573,56.050000,55.215385
14357,14574,56.053846,55.219231
14358,14575,56.057692,55.223077
14359,14576,56.061538,55.226923
14360,14577,56.065385,55.230769
14361,14578,56.069231,55.234615
14362,14579,56.073077,55.238462
14363,14580,56.076923,55.242308
14364,14581,56.080769,55.246154
14365,14582,56.084615,55.250000
14366,14583,56.088462,55.253846
14367,14584,56.092308,55.257692
14368,14585,56.096154,55.261538
14369,14586,56.100000,55.265385
14370,14587,56.103846,55.269231
14371,14588,56.107692,55.273077
14372,14589,56.111538,55.276923
14373,14590,56.115385,55.280769
14374,14591,56.119231,55.284615
14375,14592,56.123077,55.288462
14376,14593,56.126923,55.292308
14377,14594,56.130769,55.296154
14378,14595,56.134615,55.300000
14379,14596,56.138462,55.303846
14380,14597,56.142308,55.307692
14381,14598,56.146154,55.311538
14382,14599,56.150000,55.315385
14383,14600,56.153846,55.319231
14384,14601,56.157692,55.323077
14385,14602,56.161538,55.326923
14386,14603,56.165385,55.330769
14387,14604,56.169231,55.334615
14388,14605,56.173077,55.338462
14389,14606,56.176923,55.342308
14390,14607,56.180769,55.346154
14391,14608,56.184615,55.350000
14392,14609,56.188462,55.353846
14393,14610,56.192308,55.357692
14394,14611,56.196154,55.361538
14395,14612,56.200000,55.365385
14396,14613,56.203846,55.369231
14397,14614,56.207692,55.373077
14398,14615,56.211538,55.376923
14399,14616,56.215385,55.380769
14400,14617,56.219231,55.384615
14401,14618,56.223077,55.388462
14402,14619,56.226923,55.392308
14403,14620,56.230769,55.396154
14404,14621,56.234615,55.400000
14405,14622,56.238462,55.403846
14406,14623,56.242308,55.407692
14407,14624,56.246154,55.411538
14408,14625,56.250000,55.415385
14409,14626,56.253846,55.419231
14410,14627,56.257692,55.423077
14411,14628,56.261538,55.426923
14412,14629,56.265385,55.430769
14413,14630,56.269231,55.434615
14414,14631,56.273077,55.438462
14415,14632,56.276923,55.442308
14416,14633,56.280769,55.446154
14417,14634,56.284615,55.450000
14418,14635,56.288462,55.453846
14419,14636,56.292308,55.457692
14420,14637,56.296154,55.461538
14421,14638,56.300000,55.465385
14422,14639,56.303846,55.469231
14423,14640,56.307692,55.473077
14424,14641,56.311538,55.476923
14425,14642,56.315385,55.480769
14426,14643,56.319231,55.484615
14427,14644,56.323077,55.488462
14428,14645,56.326923,55.492308
14429,14646,56.330769,55.496154
14430,14647,56.334615,55.500000
14431,14648,56.338462,55.503846
14432,14649,56.342308,55.507692
14433,14650,56.346154,55.511538
14434,14651,56.350000,55.515385
14435,14652,56.353846,55.519231
14436,14653,56.357692,55.523077
14437,14654,56.361538,55.526923
14438,14655,56.365385,55.530769
14439,14656,56.369231,55.534615
14440,14657,56.373077,55.538462
14441,14658,56.376923,55.542308
14442,14659,56.380769,55.546154
14443,14660,56.384615,55.550000
14444,14661,56.388462,55.553846
14445,14662,56.392308,55.557692
14446,14663,56.396154,55.561538
14447,14664,56.400000,55.565385
14448,14665,56.403846,55.569231
14449,14666,56.407692,55.573077
14450,14667,56.411538,55.576923
14451,14668,56.415385,55.580769
14452,14669,56.419231,55.584615
14453,14670,56.423077,55.588462
14454,14671,56.426923,55.592308
14455,14672,56.430769,55.596154
14456,14673,56.434615,55.600000
14457,14674,56.438462,55.603846
14458,14675,56.442308,55.607692
14459,14676,56.446154,55.611538
14460,14677,56.450000,55.615385
14461,14678,56.453846,55.619231
14462,14679,56.457692,55.623077
14463,14680,56.461538,55.626923
14464,14681,56.465385,55.630769
14465,14682,56.469231,55.634615
14466,14683,56.473077,55.638462
14467,14684,56.476923,55.642308
14468,14685,56.480769,55.646154
14469,14686,56.484615,55.650000
14470,14687,56.488462,55.653846
14471,14688,56.492308,55.657692
14472,14689,56.496154,55.661538
14473,14690,56.500000,55.665385
14474,14691,56.503846,55.669231
14475,14692,56.507692,55.673077
14476,14693,56.511538,55.676923
14477,14694,56.515385,55.680769
14478,14695,56.519231,55.684615
14479,14696,56.523077,55.688462
14480,14697,56.526923,55.692308
14481,14698,56.530769,55.696154
14482,14699,56.534615,55.700000
14483,14700,56.538462,55.703846
14484,14701,56.542308,55.707692
14485,14702,56.546154,55.711538
14486,14703,56.550000,55.715385
14487,14704,56.553846,55.719231
14488,14705,56.557692,55.723077
14489,14706,56.561538,55.726923
14490,14707,56.565385,55.730769
14491,14708,56.569231,55.734615
14492,14709,56.573077,55.738462
14493,14710,56.576923,55.742308
14494,14711,56.580769,55.746154
14495,14712,56.584615,55.750000
14496,14713,56.588462,55.753846
14497,14714,56.592308,55.757692
14498,14715,56.596154,55.761538
14499,14716,56.600000,55.765385
14500,14717,56.603846,55.769231
14501,14718,56.607692,55.773077
14502,14719,56.611538,55.776923
14503,14720,56.615385,55.780769
14504,14721,56.619231,55.784615
14505,14722,56.623077,55.788462
14506,14723,56.626923,55.792308
14507,14724,56.630769,55.796154
14508,14725,56.634615,55.800000
14509,14726,56.638462,55.803846
14510,14727,56.642308,55.807692
14511,14728,56.646154,55.811538
14512,14729,56.650000,55.815385
14513,14730,56.653846,55.819231
14514,14731,56.657692,55.823077
14515,14732,56.661538,55.826923
14516,14733,56.665385,55.830769
14517,14734,56.669231,55.834615
14518,14735,56.673077,55.838462
14519,14736,56.676923,55.842308
14520,14737,56.680769,55.846154
14521,14738,56.684615,55.850000
14522,14739,56.688462,55.853846
14523,14740,56.692308,55.857692
14524,14741,56.696154,55.861538
14525,14742,56.700000,55.865385
14526,14743,56.703846,55.869231
14527,14744,56.707692,55.873077
14528,14745,56.711538,55.876923
14529,14746,56.715385,55.880769
14530,14747,56.719231,55.884615
14531,14748,56.723077,55.888462
14532,14749,56.726923,55.892308
14533,14750,56.730769,55.896154
14534,14751,56.734615,55.900000
14535,14752,56.738462,55.903846
14536,14753,56.742308,55.907692
14537,14754,56.746154,55.911538
14538,14755,56.750000,55.915385
14539,14756,56.753846,55.919231
14540,14757,56.757692,55.923077
14541,14758,56.761538,55.926923
14542,14759,56.765385,55.930769
14543,14760,56.769231,55.934615
14544,14761,56.773077,55.938462
14545,14762,56.776923,55.942308
14546,14763,56.780769,55.946154
14547,14764,56.784615,55.950000
14548,14765,56.788462,55.953846
14549,14766,56.792308,55.957692
14550,14767,56.796154,55.961538
14551,14768,56.800000,55.965385
14552,14769,56.803846,55.969231
14553,14770,56.807692,55.973077
14554,14771,56.811538,55.976923
14555,14772,56.815385,55.980769
14556,14773,56.819231,55.984615
14557,14774,56.823077,55.988462
14558,14775,56.826923,55.992308
14559,14776,56.830769,55.996154
14560,14777,56.834615,56.000000
14561,14778,56.838462,56.003846
14562,14779,56.842308,56.007692
14563,14780,56.846154,56.011538
14564,14781,56.850000,56.015385
14565,14782,56.853846,56.019231
14566,14783,56.857692,56.023077
14567,14784,56.861538,56.026923
14568,14785,56.865385,56.030769
14569,14786,56.869231,56.034615
14570,14787,56.873077,56.038462
14571,14788,56.876923,56.042308
14572,14789,56.880769,56.046154
14573,14790,56.884615,56.050000
14574,14791,56.888462,56.053846
14575,14792,56.892308,56.057692
14576,14793,56.896154,56.061538
14577,14794,56.900000,56.065385
14578,14795,56.903846,56.069231
14579,14796,56.907692,56.073077
14580,14797,56.911538,56.076923
14581,14798,56.915385,56.080769
14582,14799,56.919231,56.084615
14583,14800,56.923077,56.088462
14584,14801,56.926923,56.092308
14585,14802,56.930769,56.096154
14586,14803,56.934615,56.100000
14587,14804,56.938462,56.103846
14588,14805,56.942308,56.107692
14589,14806,56.946154,56.111538
14590,14807,56.950000,56.115385
14591,14808,56.953846,56.119231
14592,14809,56.957692,56.123077
14593,14810,56.961538,56.126923
14594,14811,56.965385,56.130769
14595,14812,56.969231,56.134615
14596,14813,56.973077,56.138462
14597,14814,56.976923,56.142308
14598,14815,56.980769,56.146154
14599,14816,56.984615,56.150000
14600,14817,56.988462,56.153846
14601,14818,56.992308,56.157692
14602,14819,56.996154,56.161538
14603,14820,57.000000,56.165385
14604,14821,57.003846,56.169231
14605,14822,57.007692,56.173077
14606,14823,57.011538,56.176923
14607,14824,57.015385,56.180769
14608,14825,57.019231,56.184615
14609,14826,57.023077,56.188462
14610,14827,57.026923,56.192308
14611,14828,57.030769,56.196154
14612,14829,57.034615,56.200000
14613,14830,57.038462,56.203846
14614,14831,57.042308,56.207692
14615,14832,57.046154,56.211538
14616,14833,57.050000,56.215385
14617,14834,57.053846,56.219231
14618,14835,57.057692,56.223077
14619,14836,57.061538,56.226923
14620,14837,57.065385,56.230769
14621,14838,57.069231,56.234615
14622,14839,57.073077,56.238462
14623,14840,57.076923,56.242308
14624,14841,57.080769,56.246154
14625,14842,57.084615,56.250000
14626,14843,57.088462,56.253846
14627,14844,57.092308,56.257692
14628,14845,57.096154,56.261538
14629,14846,57.100000,56.265385
14630,14847,57.103846,56.269231
14631,14848,57.107692,56.273077
14632,14849,57.111538,56.276923
14633,14850,57.115385,56.280769
14634,14851,57.119231,56.284615
14635,14852,57.123077,56.288462
14636,14853,57.126923,56.292308
14637,14854,57.130769,56.296154
14638,14855,57.134615,56.300000
14639,14856,57.138462,56.303846
14640,14857,57.142308,56.307692
14641,14858,57.146154,56.311538
14642,14859,57.150000,56.315385
14643,14860,57.153846,56.319231
14644,14861,57.157692,56.323077
14645,14862,57.161538,56.326923
14646,14863,57.165385,56.330769
14647,14864,57.169231,56.334615
14648,14865,57.173077,56.338462
14649,14866,57.176923,56.342308
14650,14867,57.180769,56.346154
14651,14868,57.184615,56.350000
14652,14869,57.188462,56.353846
14653,14870,57.192308,56.357692
14654,14871,57.196154,56.361538
14655,14872,57.200000,56.365385
14656,14873,57.203846,56.369231
14657,14874,57.207692,56.373077
14658,14875,57.211538,56.376923
14659,14876,57.215385,56.380769
14660,14877,57.219231,56.384615
14661,14878,57.223077,56.388462
14662,14879,57.226923,56.392308
14663,14880,57.230769,56.396154
14664,14881,57.234615,56.400000
14665,14882,57.238462,56.403846
14666,14883,57.242308,56.407692
14667,14884,57.246154,56.411538
14668,14885,57.250000,56.415385
14669,14886,57.253846,56.419231
14670,14887,57.257692,56.423077
14671,14888,57.261538,56.426923
14672,14889,57.265385,56.430769
14673,14890,57.269231,56.434615
14674,14891,57.273077,56.438462
14675,14892,57.276923,56.442308
14676,14893,57.280769,56.446154
14677,14894,57.284615,56.450000
14678,14895,57.288462,56.453846
14679,14896,57.292308,56.457692
14680,14897,57.296154,56.461538
14681,14898,57.300000,56.465385
14682,14899,57.303846,56.469231
14683,14900,57.307692,56.473077
14684,14901,57.311538,56.476923
14685,14902,57.315385,56.480769
14686,14903,57.319231,56.484615
14687,14904,57.323077,56.488462
14688,14905,57.326923,56.492308
14689,14906,57.330769,56.496154
14690,14907,57.334615,56.500000
14691,14908,57.338462,56.503846
14692,14909,57.342308,56.507692
14693,14910,57.346154,56.511538
14694,14911,57.350000,56.515385
14695,14912,57.353846,56.519231
14696,14913,57.357692,56.523077
14697,14914,57.361538,56.526923
14698,14915,57.365385,56.530769
14699,14916,57.369231,56.534615
14700,14917,57.373077,56.538462
14701,14918,57.376923,56.542308
14702,14919,57.380769,56.546154
14703,14920,57.384615,56.550000
14704,14921,57.388462,56.553846
14705,14922,57.392308,56.557692
14706,14923,57.396154,56.561538
14707,14924,57.400000,56.565385
14708,14925,57.403846,56.569231
14709,14926,57.407692,56.573077
14710,14927,57.411538,56.576923
14711,14928,57.415385,56.580769
14712,14929,57.419231,56.584615
14713,14930,57.423077,56.588462
14714,14931,57.426923,56.592308
14715,14932,57.430769,56.596154
14716,14933,57.434615,56.600000
14717,14934,57.438462,56.603846
14718,14935,57.442308,56.607692
14719,14936,57.446154,56.611538
14720,14937,57.450000,56.615385
14721,14938,57.453846,56.619231
14722,14939,57.457692,56.623077
14723,14940,57.461538,56.626923
14724,14941,57.465385,56.630769
14725,14942,57.469231,56.634615
14726,14943,57.473077,56.638462
14727,14944,57.476923,56.642308
14728,14945,57.480769,56.646154
14729,14946,57.484615,56.650000
14730,14947,57.488462,56.653846
14731,14948,57.492308,56.657692
14732,14949,57.496154,56.661538
14733,14950,57.500000,56.665385
14734,14951,57.503846,56.669231
14735,14952,57.507692,56.673077
14736,14953,57.511538,56.676923
14737,14954,57.515385,56.680769
14738,14955,57.519231,56.684615
14739,14956,57.523077,56.688462
14740,14957,57.526923,56.692308
14741,14958,57.530769,56.696154
14742,14959,57.534615,56.700000
14743,14960,57.538462,56.703846
14744,14961,57.542308,56.707692
14745,14962,57.546154,56.711538
14746,14963,57.550000,56.715385
14747,14964,57.553846,56.719231
14748,14965,57.557692,56.723077
14749,14966,57.561538,56.726923
14750,14967,57.565385,56.730769
14751,14968,57.569231,56.734615
14752,14969,57.573077,56.738462
14753,14970,57.576923,56.742308
14754,14971,57.580769,56.746154
14755,14972,57.584615,56.750000
14756,14973,57.588462,56.753846
14757,14974,57.592308,56.757692
14758,14975,57.596154,56.761538
14759,14976,57.600000,56.765385
14760,14977,57.603846,56.769231
14761,14978,57.607692,56.773077
14762,14979,57.611538,56.776923
14763,14980,57.615385,56.780769
14764,14981,57.619231,56.784615
14765,14982,57.623077,56.788462
14766,14983,57.626923,56.792308
14767,14984,57.630769,56.796154
14768,14985,57.634615,56.800000
14769,14986,57.638462,56.803846
14770,14987,57.642308,56.807692
14771,14988,57.646154,56.811538
14772,14989,57.650000,56.815385
14773,14990,57.653846,56.819231
14774,14991,57.657692,56.823077
14775,14992,57.661538,56.826923
14776,14993,57.665385,56.830769
14777,14994,57.669231,56.834615
14778,14995,57.673077,56.838462
14779,14996,57.676923,56.842308
14780,14997,57.680769,56.846154
14781,14998,57.684615,56.850000
14782,14999,57.688462,56.853846
14783,15000,57.692308,56.857692
14784,15001,57.696154,56.861538
14785,15002,57.700000,56.865385
14786,15003,57.703846,56.869231
14787,15004,57.707692,56.873077
14788,15005,57.711538,56.876923
14789,15006,57.715385,56.880769
14790,15007,57.719231,56.884615
14791,15008,57.723077,56.888462
14792,15009,57.726923,56.892308
14793,15010,57.730769,56.896154
14794,15011,57.734615,56.900000
14795,15012,57.738462,56.903846
14796,15013,57.742308,56.907692
14797,15014,57.746154,56.911538
14798,15015,57.750000,56.915385
14799,15016,57.753846,56.919231
14800,15017,57.757692,56.923077
14801,15018,57.761538,56.926923
14802,15019,57.765385,56.930769
14803,15020,57.769231,56.934615
14804,15021,57.773077,56.938462
14805,15022,57.776923,56.942308
14806,15023,57.780769,56.946154
14807,15024,57.784615,56.950000
14808,15025,57.788462,56.953846
14809,15026,57.792308,56.957692
14810,15027,57.796154,56.961538
14811,15028,57.800000,56.965385
14812,15029,57.803846,56.969231
14813,15030,57.807692,56.973077
14814,15031,57.811538,56.976923
14815,15032,57.815385,56.980769
14816,15033,57.819231,56.984615
14817,15034,57.823077,56.988462
14818,15035,57.826923,56.992308
14819,15036,57.830769,56.996154
14820,15037,57.834615,57.000000
14821,15038,57.838462,57.003846
14822,15039,57.842308,57.007692
14823,15040,57.846154,57.011538
14824,15041,57.850000,57.015385
14825,15042,57.853846,57.019231
14826,15043,57.857692,57.023077
14827,15044,57.861538,57.026923
14828,15045,57.865385,57.030769
14829,15046,57.869231,57.034615
14830,15047,57.873077,57.038462
14831,15048,57.876923,57.042308
14832,15049,57.880769,57.046154
14833,15050,57.884615,57.050000
14834,15051,57.888462,57.053846
14835,15052,57.892308,57.057692
14836,15053,57.896154,57.061538
14837,15054,57.900000,57.065385
14838,15055,57.903846,57.069231
14839,15056,57.907692,57.073077
14840,15057,57.911538,57.076923
14841,15058,57.915385,57.080769
14842,15059,57.919231,57.084615
14843,15060,57.923077,57.088462
14844,15061,57.926923,57.092308
14845,15062,57.930769,57.096154
14846,15063,57.934615,57.100000
14847,15064,57.938462,57.103846
14848,15065,57.942308,57.107692
14849,15066,57.946154,57.111538
14850,15067,57.950000,57.115385
14851,15068,57.953846,57.119231
14852,15069,57.957692,57.123077
14853,15070,57.961538,57.126923
14854,15071,57.965385,57.130769
14855,15072,57.969231,57.134615
14856,15073,57.973077,57.138462
14857,15074,57.976923,57.142308
14858,15075,57.980769,57.146154
14859,15076,57.984615,57.150000
14860,15077,57.988462,57.153846
14861,15078,57.992308,57.157692
14862,15079,57.996154,57.161538
14863,15080,58.000000,57.165385
14864,15081,58.003846,57.169231
14865,15082,58.007692,57.173077
14866,15083,58.011538,57.176923
14867,15084,58.015385,57.180769
14868,15085,58.019231,57.184615
14869,15086,58.023077,57.188462
14870,15087,58.026923,57.192308
14871,15088,58.030769,57.196154
14872,15089,58.034615,57.200000
14873,15090,58.038462,57.203846
14874,15091,58.042308,57.207692
14875,15092,58.046154,57.211538
14876,15093,58.050000,57.215385
14877,15094,58.053846,57.219231
14878,15095,58.057692,57.223077
14879,15096,58.061538,57.226923
14880,15097,58.065385,57.230769
14881,15098,58.069231,57.234615
14882,15099,58.073077,57.238462
14883,15100,58.076923,57.242308
14884,15101,58.080769,57.246154
14885,15102,58.084615,57.250000
14886,15103,58.088462,57.253846
14887,15104,58.092308,57.257692
14888,15105,58.096154,57.261538
14889,15106,58.100000,57.265385
14890,15107,58.103846,57.269231
14891,15108,58.107692,57.273077
14892,15109,58.111538,57.276923
14893,15110,58.115385,57.280769
14894,15111,58.119231,57.284615
14895,15112,58.123077,57.288462
14896,15113,58.126923,57.292308
14897,15114,58.130769,57.296154
14898,15115,58.134615,57.300000
14899,15116,58.138462,57.303846
14900,15117,58.142308,57.307692
14901,15118,58.146154,57.311538
14902,15119,58.150000,57.315385
14903,15120,58.153846,57.319231
14904,15121,58.157692,57.323077
14905,15122,58.161538,57.326923
14906,15123,58.165385,57.330769
14907,15124,58.169231,57.334615
14908,15125,58.173077,57.338462
14909,15126,58.176923,57.342308
14910,15127,58.180769,57.346154
14911,15128,58.184615,57.350000
14912,15129,58.188462,57.353846
14913,15130,58.192308,57.357692
14914,15131,58.196154,57.361538
14915,15132,58.200000,57.365385
14916,15133,58.203846,57.369231
14917,15134,58.207692,57.373077
14918,15135,58.211538,57.376923
14919,15136,58.215385,57.380769
14920,15137,58.219231,57.384615
14921,15138,58.223077,57.388462
14922,15139,58.226923,57.392308
14923,15140,58.230769,57.396154
14924,15141,58.234615,57.400000
14925,15142,58.238462,57.403846
14926,15143,58.242308,57.407692
14927,15144,58.246154,57.411538
14928,15145,58.250000,57.415385
14929,15146,58.253846,57.419231
14930,15147,58.257692,57.423077
14931,15148,58.261538,57.426923
14932,15149,58.265385,57.430769
14933,15150,58.269231,57.434615
14934,15151,58.273077,57.438462
14935,15152,58.276923,57.442308
14936,15153,58.280769,57.446154
14937,15154,58.284615,57.450000
14938,15155,58.288462,57.453846
14939,15156,58.292308,57.457692
14940,15157,58.296154,57.461538
14941,15158,58.300000,57.465385
14942,15159,58.303846,57.469231
14943,15160,58.307692,57.473077
14944,15161,58.311538,57.476923
14945,15162,58.315385,57.480769
14946,15163,58.319231,57.484615
14947,15164,58.323077,57.488462
14948,15165,58.326923,57.492308
14949,15166,58.330769,57.496154
14950,15167,58.334615,57.500000
14951,15168,58.338462,57.503846
14952,15169,58.342308,57.507692
14953,15170,58.346154,57.511538
14954,15171,58.350000,57.515385
14955,15172,58.353846,57.519231
14956,15173,58.357692,57.523077
14957,15174,58.361538,57.526923
14958,15175,58.365385,57.530769
14959,15176,58.369231,57.534615
14960,15177,58.373077,57.538462
14961,15178,58.376923,57.542308
14962,15179,58.380769,57.546154
14963,15180,58.384615,57.550000
14964,15181,58.388462,57.553846
14965,15182,58.392308,57.557692
14966,15183,58.396154,57.561538
14967,15184,58.400000,57.565385
14968,15185,58.403846,57.569231
14969,15186,58.407692,57.573077
14970,15187,58.411538,57.576923
14971,15188,58.415385,57.580769
14972,15189,58.419231,57.584615
14973,15190,58.423077,57.588462
14974,15191,58.426923,57.592308
14975,15192,58.430769,57.596154
14976,15193,58.434615,57.600000
14977,15194,58.438462,57.603846
14978,15195,58.442308,57.607692
14979,15196,58.446154,57.611538
14980,15197,58.450000,57.615385
14981,15198,58.453846,57.619231
14982,15199,58.457692,57.623077
14983,15200,58.461538,57.626923
14984,15201,58.465385,57.630769
14985,15202,58.469231,57.634615
14986,15203,58.473077,57.638462
14987,15204,58.476923,57.642308
14988,15205,58.480769,57.646154
14989,15206,58.484615,57.650000
14990,15207,58.488462,57.653846
14991,15208,58.492308,57.657692
14992,15209,58.496154,57.661538
14993,15210,58.500000,57.665385
14994,15211,58.503846,57.669231
14995,15212,58.507692,57.673077
14996,15213,58.511538,57.676923
14997,15214,58.515385,57.680769
14998,15215,58.519231,57.684615
14999,15216,58.523077,57.688462
15000,15217,58.526923,57.692308
15001,15218,58.530769,57.696154
15002,15219,58.534615,57.700000
15003,15220,58.538462,57.703846
15004,15221,58.542308,57.707692
15005,15222,58.546154,57.711538
15006,15223,58.550000,57.715385
15007,15224,58.553846,57.719231
15008,15225,58.557692,57.723077
15009,15226,58.561538,57.726923
15010,15227,58.565385,57.730769
15011,15228,58.569231,57.734615
15012,15229,58.573077,57.738462
15013,15230,58.576923,57.742308
15014,15231,58.580769,57.746154
15015,15232,58.584615,57.750000
15016,15233,58.588462,57.753846
15017,15234,58.592308,57.757692
15018,15235,58.596154,57.761538
15019,15236,58.600000,57.765385
15020,15237,58.603846,57.769231
15021,15238,58.607692,57.773077
15022,15239,58.611538,57.776923
15023,15240,58.615385,57.780769
15024,15241,58.619231,57.784615
15025,15242,58.623077,57.788462
15026,15243,58.626923,57.792308
15027,15244,58.630769,57.796154
15028,15245,58.634615,57.800000
15029,15246,58.638462,57.803846
15030,15247,58.642308,57.807692
15031,15248,58.646154,57.811538
15032,15249,58.650000,57.815385
15033,15250,58.653846,57.819231
15034,15251,58.657692,57.823077
15035,15252,58.661538,57.826923
15036,15253,58.665385,57.830769
15037,15254,58.669231,57.834615
15038,15255,58.673077,57.838462
15039,15256,58.676923,57.842308
15040,15257,58.680769,57.846154
15041,15258,58.684615,57.850000
15042,15259,58.688462,57.853846
15043,15260,58.692308,57.857692
15044,15261,58.696154,57.861538
15045,15262,58.700000,57.865385
15046,15263,58.703846,57.869231
15047,15264,58.707692,57.873077
15048,15265,58.711538,57.876923
15049,15266,58.715385,57.880769
15050,15267,58.719231,57.884615
15051,15268,58.723077,57.888462
15052,15269,58.726923,57.892308
15053,15270,58.730769,57.896154
15054,15271,58.734615,57.900000
15055,15272,58.738462,57.903846
15056,15273,58.742308,57.907692
15057,15274,58.746154,57.911538
15058,15275,58.750000,57.915385
15059,15276,58.753846,57.919231
15060,15277,58.757692,57.923077
15061,15278,58.761538,57.926923
15062,15279,58.765385,57.930769
15063,15280,58.769231,57.934615
15064,15281,58.773077,57.938462
15065,15282,58.776923,57.942308
15066,15283,58.780769,57.946154
15067,15284,58.784615,57.950000
15068,15285,58.788462,57.953846
15069,15286,58.792308,57.957692
15070,15287,58.796154,57.961538
15071,15288,58.800000,57.965385
15072,15289,58.803846,57.969231
15073,15290,58.807692,57.973077
15074,15291,58.811538,57.976923
15075,15292,58.815385,57.980769
15076,15293,58.819231,57.984615
15077,15294,58.823077,57.988462
15078,15295,58.826923,57.992308
15079,15296,58.830769,57.996154
15080,15297,58.834615,58.000000
15081,15298,58.838462,58.003846
15082,15299,58.842308,58.007692
15083,15300,58.846154,58.011538
15084,15301,58.850000,58.015385
15085,15302,58.853846,58.019231
15086,15303,58.857692,58.023077
15087,15304,58.861538,58.026923
15088,15305,58.865385,58.030769
15089,15306,58.869231,58.034615
15090,15307,58.873077,58.038462
15091,15308,58.876923,58.042308
15092,15309,58.880769,58.046154
15093,15310,58.884615,58.050000
15094,15311,58.888462,58.053846
15095,15312,58.892308,58.057692
15096,15313,58.896154,58.061538
15097,15314,58.900000,58.065385
15098,15315,58.903846,58.069231
15099,15316,58.907692,58.073077
15100,15317,58.911538,58.076923
15101,15318,58.915385,58.080769
15102,15319,58.919231,58.084615
15103,15320,58.923077,58.088462
15104,15321,58.926923,58.092308
15105,15322,58.930769,58.096154
15106,15323,58.934615,58.100000
15107,15324,58.938462,58.103846
15108,15325,58.942308,58.107692
15109,15326,58.946154,58.111538
15110,15327,58.950000,58.115385
15111,15328,58.953846,58.119231
15112,15329,58.957692,58.123077
15113,15330,58.961538,58.126923
15114,15331,58.965385,58.130769
15115,15332,58.969231,58.134615
15116,15333,58.973077,58.138462
15117,15334,58.976923,58.142308
15118,15335,58.980769,58.146154
15119,15336,58.984615,58.150000
15120,15337,58.988462,58.153846
15121,15338,58.992308,58.157692
15122,15339,58.996154,58.161538
15123,15340,59.000000,58.165385
15124,15341,59.003846,58.169231
15125,15342,59.007692,58.173077
15126,15343,59.011538,58.176923
15127,15344,59.015385,58.180769
15128,15345,59.019231,58.184615
15129,15346,59.023077,58.188462
15130,15347,59.026923,58.192308
15131,15348,59.030769,58.196154
15132,15349,59.034615,58.200000
15133,15350,59.038462,58.203846
15134,15351,59.042308,58.207692
15135,15352,59.046154,58.211538
15136,15353,59.050000,58.215385
15137,15354,59.053846,58.219231
15138,15355,59.057692,58.223077
15139,15356,59.061538,58.226923
15140,15357,59.065385,58.230769
15141,15358,59.069231,58.234615
15142,15359,59.073077,58.238462
15143,15360,59.076923,58.242308
15144,15361,59.080769,58.246154
15145,15362,59.084615,58.250000
15146,15363,59.088462,58.253846
15147,15364,59.092308,58.257692
15148,15365,59.096154,58.261538
15149,15366,59.100000,58.265385
15150,15367,59.103846,58.269231
15151,15368,59.107692,58.273077
15152,15369,59.111538,58.276923
15153,15370,59.115385,58.280769
15154,15371,59.119231,58.284615
15155,15372,59.123077,58.288462
15156,15373,59.126923,58.292308
15157,15374,59.130769,58.296154
15158,15375,59.134615,58.300000
15159,15376,59.138462,58.303846
15160,15377,59.142308,58.307692
15161,15378,59.146154,58.311538
15162,15379,59.150000,58.315385
15163,15380,59.153846,58.319231
15164,15381,59.157692,58.323077
15165,15382,59.161538,58.326923
15166,15383,59.165385,58.330769
15167,15384,59.169231,58.334615
15168,15385,59.173077,58.338462
15169,15386,59.176923,58.342308
15170,15387,59.180769,58.346154
15171,15388,59.184615,58.350000
15172,15389,59.188462,58.353846
15173,15390,59.192308,58.357692
15174,15391,59.196154,58.361538
15175,15392,59.200000,58.365385
15176,15393,59.203846,58.369231
15177,15394,59.207692,58.373077
15178,15395,59.211538,58.376923
15179,15396,59.215385,58.380769
15180,15397,59.219231,58.384615
15181,15398,59.223077,58.388462
15182,15399,59.226923,58.392308
15183,15400,59.230769,58.396154
15184,15401,59.234615,58.400000
15185,15402,59.238462,58.403846
15186,15403,59.242308,58.407692
15187,15404,59.246154,58.411538
15188,15405,59.250000,58.415385
15189,15406,59.253846,58.419231
15190,15407,59.257692,58.423077
15191,15408,59.261538,58.426923
15192,15409,59.265385,58.430769
15193,15410,59.269231,58.434615
15194,15411,59.273077,58.438462
15195,15412,59.276923,58.442308
15196,15413,59.280769,58.446154
15197,15414,59.284615,58.450000
15198,15415,59.288462,58.453846
15199,15416,59.292308,58.457692
15200,15417,59.296154,58.461538
15201,15418,59.300000,58.465385
15202,15419,59.303846,58.469231
15203,15420,59.307692,58.473077
15204,15421,59.311538,58.476923
15205,15422,59.315385,58.480769
15206,15423,59.319231,58.484615
15207,15424,59.323077,58.488462
15208,15425,59.326923,58.492308
15209,15426,59.330769,58.496154
15210,15427,59.334615,58.500000
15211,15428,59.338462,58.503846
15212,15429,59.342308,58.507692
15213,15430,59.346154,58.511538
15214,15431,59.350000,58.515385
15215,15432,59.353846,58.519231
15216,15433,59.357692,58.523077
15217,15434,59.361538,58.526923
15218,15435,59.365385,58.530769
15219,15436,59.369231,58.534615
15220,15437,59.373077,58.538462
15221,15438,59.376923,58.542308
15222,15439,59.380769,58.546154
15223,15440,59.384615,58.550000
15224,15441,59.388462,58.553846
15225,15442,59.392308,58.557692
15226,15443,59.396154,58.561538
15227,15444,59.400000,58.565385
15228,15445,59.403846,58.569231
15229,15446,59.407692,58.573077
15230,15447,59.411538,58.576923
15231,15448,59.415385,58.580769
15232,15449,59.419231,58.584615
15233,15450,59.423077,58.588462
15234,15451,59.426923,58.592308
15235,15452,59.430769,58.596154
15236,15453,59.434615,58.600000
15237,15454,59.438462,58.603846
15238,15455,59.442308,58.607692
15239,15456,59.446154,58.611538
15240,15457,59.450000,58.615385
15241,15458,59.453846,58.619231
15242,15459,59.457692,58.623077
15243,15460,59.461538,58.626923
15244,15461,59.465385,58.630769
15245,15462,59.469231,58.634615
15246,15463,59.473077,58.638462
15247,15464,59.476923,58.642308
15248,15465,59.480769,58.646154
15249,15466,59.484615,58.650000
15250,15467,59.488462,58.653846
15251,15468,59.492308,58.657692
15252,15469,59.496154,58.661538
15253,15470,59.500000,58.665385
15254,15471,59.503846,58.669231
15255,15472,59.507692,58.673077
15256,15473,59.511538,58.676923
15257,15474,59.515385,58.680769
15258,15475,59.519231,58.684615
15259,15476,59.523077,58.688462
15260,15477,59.526923,58.692308
15261,15478,59.530769,58.696154
15262,15479,59.534615,58.700000
15263,15480,59.538462,58.703846
15264,15481,59.542308,58.707692
15265,15482,59.546154,58.711538
15266,15483,59.550000,58.715385
15267,15484,59.553846,58.719231
15268,15485,59.557692,58.723077
15269,15486,59.561538,58.726923
15270,15487,59.565385,58.730769
15271,15488,59.569231,58.734615
15272,15489,59.573077,58.738462
15273,15490,59.576923,58.742308
15274,15491,59.580769,58.746154
15275,15492,59.584615,58.750000
15276,15493,59.588462,58.753846
15277,15494,59.592308,58.757692
15278,15495,59.596154,58.761538
15279,15496,59.600000,58.765385
15280,15497,59.603846,58.769231
15281,15498,59.607692,58.773077
15282,15499,59.611538,58.776923
15283,15500,59.615385,58.780769
15284,15501,59.619231,58.784615
15285,15502,59.623077,58.788462
15286,15503,59.626923,58.792308
15287,15504,59.630769,58.796154
15288,15505,59.634615,58.800000
15289,15506,59.638462,58.803846
15290,15507,59.642308,58.807692
15291,15508,59.646154,58.811538
15292,15509,59.650000,58.815385
15293,15510,59.653846,58.819231
15294,15511,59.657692,58.823077
15295,15512,59.661538,58.826923
15296,15513,59.665385,58.830769
15297,15514,59.669231,58.834615
15298,15515,59.673077,58.838462
15299,15516,59.676923,58.842308
15300,15517,59.680769,58.846154
15301,15518,59.684615,58.850000
15302,15519,59.688462,58.853846
15303,15520,59.692308,58.857692
15304,15521,59.696154,58.861538
15305,15522,59.700000,58.865385
15306,15523,59.703846,58.869231
15307,15524,59.707692,58.873077
15308,15525,59.711538,58.876923
15309,15526,59.715385,58.880769
15310,15527,59.719231,58.884615
15311,15528,59.723077,58.888462
15312,15529,59.726923,58.892308
15313,15530,59.730769,58.896154
15314,15531,59.734615,58.900000
15315,15532,59.738462,58.903846
15316,15533,59.742308,58.907692
15317,15534,59.746154,58.911538
15318,15535,59.750000,58.915385
15319,15536,59.753846,58.919231
15320,15537,59.757692,58.923077
15321,15538,59.761538,58.926923
15322,15539,59.765385,58.930769
15323,15540,59.769231,58.934615
15324,15541,59.773077,58.938462
15325,15542,59.776923,58.942308
15326,15543,59.780769,58.946154
15327,15544,59.784615,58.950000
15328,15545,59.788462,58.953846
15329,15546,59.792308,58.957692
15330,15547,59.796154,58.961538
15331,15548,59.800000,58.965385
15332,15549,59.803846,58.969231
15333,15550,59.807692,58.973077
15334,15551,59.811538,58.976923
15335,15552,59.815385,58.980769
15336,15553,59.819231,58.984615
15337,15554,59.823077,58.988462
15338,15555,59.826923,58.992308
15339,15556,59.830769,58.996154
15340,15557,59.834615,59.000000
15341,15558,59.838462,59.003846
15342,15559,59.842308,59.007692
15343,15560,59.846154,59.011538
15344,15561,59.850000,59.015385
15345,15562,59.853846,59.019231
15346,15563,59.857692,59.023077
15347,15564,59.861538,59.026923
15348,15565,59.865385,59.030769
15349,15566,59.869231,59.034615
15350,15567,59.873077,59.038462
15351,15568,59.876923,59.042308
15352,15569,59.880769,59.046154
15353,15570,59.884615,59.050000
15354,15571,59.888462,59.053846
15355,15572,59.892308,59.057692
15356,15573,59.896154,59.061538
15357,15574,59.900000,59.065385
15358,15575,59.903846,59.069231
15359,15576,59.907692,59.073077
15360,15577,59.911538,59.076923
15361,15578,59.915385,59.080769
15362,15579,59.919231,59.084615
15363,15580,59.923077,59.088462
15364,15581,59.926923,59.092308
15365,15582,59.930769,59.096154
15366,15583,59.934615,59.100000
15367,15584,59.938462,59.103846
15368,15585,59.942308,59.107692
15369,15586,59.946154,59.111538
15370,15587,59.950000,59.115385
15371,15588,59.953846,59.119231
15372,15589,59.957692,59.123077
15373,15590,59.961538,59.126923
15374,15591,59.965385,59.130769
15375,15592,59.969231,59.134615
15376,15593,59.973077,59.138462
15377,15594,59.976923,59.142308
15378,15595,59.980769,59.146154
15379,15596,59.984615,59.150000
15380,15597,59.988462,59.153846
15381,15598,59.992308,59.157692
15382,15599,59.996154,59.161538
15383,15600,60.000000,59.165385
15384,15601,60.003846,59.169231
15385,15602,60.007692,59.173077
15386,15603,60.011538,59.176923
15387,15604,60.015385,59.180769
15388,15605,60.019231,59.184615
15389,15606,60.023077,59.188462
15390,15607,60.026923,59.192308
15391,15608,60.030769,59.196154
15392,15609,60.034615,59.200000
15393,15610,60.038462,59.203846
15394,15611,60.042308,59.207692
15395,15612,60.046154,59.211538
15396,15613,60.050000,59.215385
15397,15614,60.053846,59.219231
15398,15615,60.057692,59.223077
15399,15616,60.061538,59.226923
15400,15617,60.065385,59.230769
15401,15618,60.069231,59.234615
15402,15619,60.073077,59.238462
15403,15620,60.076923,59.242308
15404,15621,60.080769,59.246154
15405,15622,60.084615,59.250000
15406,15623,60.088462,59.253846
15407,15624,60.092308,59.257692
15408,15625,60.096154,59.261538
15409,15626,60.100000,59.265385
15410,15627,60.103846,59.269231
15411,15628,60.107692,59.273077
15412,15629,60.111538,59.276923
15413,15630,60.115385,59.280769
15414,15631,60.119231,59.284615
15415,15632,60.123077,59.288462
15416,15633,60.126923,59.292308
15417,15634,60.130769,59.296154
15418,15635,60.134615,59.300000
15419,15636,60.138462,59.303846
15420,15637,60.142308,59.307692
15421,15638,60.146154,59.311538
15422,15639,60.150000,59.315385
15423,15640,60.153846,59.319231
15424,15641,60.157692,59.323077
15425,15642,60.161538,59.326923
15426,15643,60.165385,59.330769
15427,15644,60.169231,59.334615
15428,15645,60.173077,59.338462
15429,15646,60.176923,59.342308
15430,15647,60.180769,59.346154
15431,15648,60.184615,59.350000
15432,15649,60.188462,59.353846
15433,15650,60.192308,59.357692
15434,15651,60.196154,59.361538
15435,15652,60.200000,59.365385
15436,15653,60.203846,59.369231
15437,15654,60.207692,59.373077
15438,15655,60.211538,59.376923
15439,15656,60.215385,59.380769
15440,15657,60.219231,59.384615
15441,15658,60.223077,59.388462
15442,15659,60.226923,59.392308
15443,15660,60.230769,59.396154
15444,15661,60.234615,59.400000
15445,15662,60.238462,59.403846
15446,15663,60.242308,59.407692
15447,15664,60.246154,59.411538
15448,15665,60.250000,59.415385
15449,15666,60.253846,59.419231
15450,15667,60.257692,59.423077
15451,15668,60.261538,59.426923
15452,15669,60.265385,59.430769
15453,15670,60.269231,59.434615
15454,15671,60.273077,59.438462
15455,15672,60.276923,59.442308
15456,15673,60.280769,59.446154
15457,15674,60.284615,59.450000
15458,15675,60.288462,59.453846
15459,15676,60.292308,59.457692
15460,15677,60.296154,59.461538
15461,15678,60.300000,59.465385
15462,15679,60.303846,59.469231
15463,15680,60.307692,59.473077
15464,15681,60.311538,59.476923
15465,15682,60.315385,59.480769
15466,15683,60.319231,59.484615
15467,15684,60.323077,59.488462
15468,15685,60.326923,59.492308
15469,15686,60.330769,59.496154
15470,15687,60.334615,59.500000
15471,15688,60.338462,59.503846
15472,15689,60.342308,59.507692
15473,15690,60.346154,59.511538
15474,15691,60.350000,59.515385
15475,15692,60.353846,59.519231
15476,15693,60.357692,59.523077
15477,15694,60.361538,59.526923
15478,15695,60.365385,59.530769
15479,15696,60.369231,59.534615
15480,15697,60.373077,59.538462
15481,15698,60.376923,59.542308
15482,15699,60.380769,59.546154
15483,15700,60.384615,59.550000
15484,15701,60.388462,59.553846
15485,15702,60.392308,59.557692
15486,15703,60.396154,59.561538
15487,15704,60.400000,59.565385
15488,15705,60.403846,59.569231
15489,15706,60.407692,59.573077
15490,15707,60.411538,59.576923
15491,15708,60.415385,59.580769
15492,15709,60.419231,59.584615
15493,15710,60.423077,59.588462
15494,15711,60.426923,59.592308
15495,15712,60.430769,59.596154
15496,15713,60.434615,59.600000
15497,15714,60.438462,59.603846
15498,15715,60.442308,59.607692
15499,15716,60.446154,59.611538
15500,15717,60.450000,59.615385
15501,15718,60.453846,59.619231
15502,15719,60.457692,59.623077
15503,15720,60.461538,59.626923
15504,15721,60.465385,59.630769
15505,15722,60.469231,59.634615
15506,15723,60.473077,59.638462
15507,15724,60.476923,59.642308
15508,15725,60.480769,59.646154
15509,15726,60.484615,59.650000
15510,15727,60.488462,59.653846
15511,15728,60.492308,59.657692
15512,15729,60.496154,59.661538
15513,15730,60.500000,59.665385
15514,15731,60.503846,59.669231
15515,15732,60.507692,59.673077
15516,15733,60.511538,59.676923
15517,15734,60.515385,59.680769
15518,15735,60.519231,59.684615
15519,15736,60.523077,59.688462
15520,15737,60.526923,59.692308
15521,15738,60.530769,59.696154
15522,15739,60.534615,59.700000
15523,15740,60.538462,59.703846
15524,15741,60.542308,59.707692
15525,15742,60.546154,59.711538
15526,15743,60.550000,59.715385
15527,15744,60.553846,59.719231
15528,15745,60.557692,59.723077
15529,15746,60.561538,59.726923
15530,15747,60.565385,59.730769
15531,15748,60.569231,59.734615
15532,15749,60.573077,59.738462
15533,15750,60.576923,59.742308
15534,15751,60.580769,59.746154
15535,15752,60.584615,59.750000
15536,15753,60.588462,59.753846
15537,15754,60.592308,59.757692
15538,15755,60.596154,59.761538
15539,15756,60.600000,59.765385
15540,15757,60.603846,59.769231
15541,15758,60.607692,59.773077
15542,15759,60.611538,59.776923
15543,15760,60.615385,59.780769
15544,15761,60.619231,59.784615
15545,15762,60.623077,59.788462
15546,15763,60.626923,59.792308
15547,15764,60.630769,59.796154
15548,15765,60.634615,59.800000
15549,15766,60.638462,59.803846
15550,15767,60.642308,59.807692
15551,15768,60.646154,59.811538
15552,15769,60.650000,59.815385
15553,15770,60.653846,59.819231
15554,15771,60.657692,59.823077
15555,15772,60.661538,59.826923
15556,15773,60.665385,59.830769
15557,15774,60.669231,59.834615
15558,15775,60.673077,59.838462
15559,15776,60.676923,59.842308
15560,15777,60.680769,59.846154
15561,15778,60.684615,59.850000
15562,15779,60.688462,59.853846
15563,15780,60.692308,59.857692
15564,15781,60.696154,59.861538
15565,15782,60.700000,59.865385
15566,15783,60.703846,59.869231
15567,15784,60.707692,59.873077
15568,15785,60.711538,59.876923
15569,15786,60.715385,59.880769
15570,15787,60.719231,59.884615
15571,15788,60.723077,59.888462
15572,15789,60.726923,59.892308
15573,15790,60.730769,59.896154
15574,15791,60.734615,59.900000
15575,15792,60.738462,59.903846
15576,15793,60.742308,59.907692
15577,15794,60.746154,59.911538
15578,15795,60.750000,59.915385
15579,15796,60.753846,59.919231
15580,15797,60.757692,59.923077
15581,15798,60.761538,59.926923
15582,15799,60.765385,59.930769
15583,15800,60.769231,59.934615
15584,15801,60.773077,59.938462
15585,15802,60.776923,59.942308
15586,15803,60.780769,59.946154
15587,15804,60.784615,59.950000
15588,15805,60.788462,59.953846
15589,15806,60.792308,59.957692
15590,15807,60.796154,59.961538
15591,15808,60.800000,59.965385
15592,15809,60.803846,59.969231
15593,15810,60.807692,59.973077
15594,15811,60.811538,59.976923
15595,15812,60.815385,59.980769
15596,15813,60.819231,59.984615
15597,15814,60.823077,59.988462
15598,15815,60.826923,59.992308
15599,15816,60.830769,59.996154
15600,15817,60.834615,60.000000
15601,15818,60.838462,60.003846
15602,15819,60.842308,60.007692
15603,15820,60.846154,60.011538
15604,15821,60.850000,60.015385
15605,15822,60.853846,60.019231
15606,15823,60.857692,60.023077
15607,15824,60.861538,60.026923
15608,15825,60.865385,60.030769
15609,15826,60.869231,60.034615
15610,15827,60.873077,60.038462
15611,15828,60.876923,60.042308
15612,15829,60.880769,60.046154
15613,15830,60.884615,60.050000
15614,15831,60.888462,60.053846
15615,15832,60.892308,60.057692
15616,15833,60.896154,60.061538
15617,15834,60.900000,60.065385
15618,15835,60.903846,60.069231
15619,15836,60.907692,60.073077
15620,15837,60.911538,60.076923
15621,15838,60.915385,60.080769
15622,15839,60.919231,60.084615
15623,15840,60.923077,60.088462
15624,15841,60.926923,60.092308
15625,15842,60.930769,60.096154
15626,15843,60.934615,60.100000
15627,15844,60.938462,60.103846
15628,15845,60.942308,60.107692
15629,15846,60.946154,60.111538
15630,15847,60.950000,60.115385
15631,15848,60.953846,60.119231
15632,15849,60.957692,60.123077
15633,15850,60.961538,60.126923
15634,15851,60.965385,60.130769
15635,15852,60.969231,60.134615
15636,15853,60.973077,60.138462
15637,15854,60.976923,60.142308
15638,15855,60.980769,60.146154
15639,15856,60.984615,60.150000
15640,15857,60.988462,60.153846
15641,15858,60.992308,60.157692
15642,15859,60.996154,60.161538
15643,15860,61.000000,60.165385
15644,15861,61.003846,60.169231
15645,15862,61.007692,60.173077
15646,15863,61.011538,60.176923
15647,15864,61.015385,60.180769
15648,15865,61.019231,60.184615
15649,15866,61.023077,60.188462
15650,15867,61.026923,60.192308
15651,15868,61.030769,60.196154
15652,15869,61.034615,60.200000
15653,15870,61.038462,60.203846
15654,15871,61.042308,60.207692
15655,15872,61.046154,60.211538
15656,15873,61.050000,60.215385
15657,15874,61.053846,60.219231
15658,15875,61.057692,60.223077
15659,15876,61.061538,60.226923
15660,15877,61.065385,60.230769
15661,15878,61.069231,60.234615
15662,15879,61.073077,60.238462
15663,15880,61.076923,60.242308
15664,15881,61.080769,60.246154
15665,15882,61.084615,60.250000
15666,15883,61.088462,60.253846
15667,15884,61.092308,60.257692
15668,15885,61.096154,60.261538
15669,15886,61.100000,60.265385
15670,15887,61.103846,60.269231
15671,15888,61.107692,60.273077
15672,15889,61.111538,60.276923
15673,15890,61.115385,60.280769
15674,15891,61.119231,60.284615
15675,15892,61.123077,60.288462
15676,15893,61.126923,60.292308
15677,15894,61.130769,60.296154
15678,15895,61.134615,60.300000
15679,15896,61.138462,60.303846
15680,15897,61.142308,60.307692
15681,15898,61.146154,60.311538
15682,15899,61.150000,60.315385
15683,15900,61.153846,60.319231
15684,15901,61.157692,60.323077
15685,15902,61.161538,60.326923
15686,15903,61.165385,60.330769
15687,15904,61.169231,60.334615
15688,15905,61.173077,60.338462
15689,15906,61.176923,60.342308
15690,15907,61.180769,60.346154
15691,15908,61.184615,60.350000
15692,15909,61.188462,60.353846
15693,15910,61.192308,60.357692
15694,15911,61.196154,60.361538
15695,15912,61.200000,60.365385
15696,15913,61.203846,60.369231
15697,15914,61.207692,60.373077
15698,15915,61.211538,60.376923
15699,15916,61.215385,60.380769
15700,15917,61.219231,60.384615
15701,15918,61.223077,60.388462
15702,15919,61.226923,60.392308
15703,15920,61.230769,60.396154
15704,15921,61.234615,60.400000
15705,15922,61.238462,60.403846
15706,15923,61.242308,60.407692
15707,15924,61.246154,60.411538
15708,15925,61.250000,60.415385
15709,15926,61.253846,60.419231
15710,15927,61.257692,60.423077
15711,15928,61.261538,60.426923
15712,15929,61.265385,60.430769
15713,15930,61.269231,60.434615
15714,15931,61.273077,60.438462
15715,15932,61.276923,60.442308
15716,15933,61.280769,60.446154
15717,15934,61.284615,60.450000
15718,15935,61.288462,60.453846
15719,15936,61.292308,60.457692
15720,15937,61.296154,60.461538
15721,15938,61.300000,60.465385
15722,15939,61.303846,60.469231
15723,15940,61.307692,60.473077
15724,15941,61.311538,60.476923
15725,15942,61.315385,60.480769
15726,15943,61.319231,60.484615
15727,15944,61.323077,60.488462
15728,15945,61.326923,60.492308
15729,15946,61.330769,60.496154
15730,15947,61.334615,60.500000
15731,15948,61.338462,60.503846
15732,15949,61.342308,60.507692
15733,15950,61.346154,60.511538
15734,15951,61.350000,60.515385
15735,15952,61.353846,60.519231
15736,15953,61.357692,60.523077
15737,15954,61.361538,60.526923
15738,15955,61.365385,60.530769
15739,15956,61.369231,60.534615
15740,15957,61.373077,60.538462
15741,15958,61.376923,60.542308
15742,15959,61.380769,60.546154
15743,15960,61.384615,60.550000
15744,15961,61.388462,60.553846
15745,15962,61.392308,60.557692
15746,15963,61.396154,60.561538
15747,15964,61.400000,60.565385
15748,15965,61.403846,60.569231
15749,15966,61.407692,60.573077
15750,15967,61.411538,60.576923
15751,15968,61.415385,60.580769
15752,15969,61.419231,60.584615
15753,15970,61.423077,60.588462
15754,15971,61.426923,60.592308
15755,15972,61.430769,60.596154
15756,15973,61.434615,60.600000
15757,15974,61.438462,60.603846
15758,15975,61.442308,60.607692
15759,15976,61.446154,60.611538
15760,15977,61.450000,60.615385
15761,15978,61.453846,60.619231
15762,15979,61.457692,60.623077
15763,15980,61.461538,60.626923
15764,15981,61.465385,60.630769
15765,15982,61.469231,60.634615
15766,15983,61.473077,60.638462
15767,15984,61.476923,60.642308
15768,15985,61.480769,60.646154
15769,15986,61.484615,60.650000
15770,15987,61.488462,60.653846
15771,15988,61.492308,60.657692
15772,15989,61.496154,60.661538
15773,15990,61.500000,60.665385
15774,15991,61.503846,60.669231
15775,15992,61.507692,60.673077
15776,15993,61.511538,60.676923
15777,15994,61.515385,60.680769
15778,15995,61.519231,60.684615
15779,15996,61.523077,60.688462
15780,15997,61.526923,60.692308
15781,15998,61.530769,60.696154
15782,15999,61.534615,60.700000
15783,16000,61.538462,60.703846
15784,16001,61.542308,60.707692
15785,16002,61.546154,60.711538
15786,16003,61.550000,60.715385
15787,16004,61.553846,60.719231
15788,16005,61.557692,60.723077
15789,16006,61.561538,60.726923
15790,16007,61.565385,60.730769
15791,16008,61.569231,60.734615
15792,16009,61.573077,60.738462
15793,16010,61.576923,60.742308
15794,16011,61.580769,60.746154
15795,16012,61.584615,60.750000
15796,16013,61.588462,60.753846
15797,16014,61.592308,60.757692
15798,16015,61.596154,60.761538
15799,16016,61.600000,60.765385
15800,16017,61.603846,60.769231
15801,16018,61.607692,60.773077
15802,16019,61.611538,60.776923
15803,16020,61.615385,60.780769
15804,16021,61.619231,60.784615
15805,16022,61.623077,60.788462
15806,16023,61.626923,60.792308
15807,16024,61.630769,60.796154
15808,16025,61.634615,60.800000
15809,16026,61.638462,60.803846
15810,16027,61.642308,60.807692
15811,16028,61.646154,60.811538
15812,16029,61.650000,60.815385
15813,16030,61.653846,60.819231
15814,16031,61.657692,60.823077
15815,16032,61.661538,60.826923
15816,16033,61.665385,60.830769
15817,16034,61.669231,60.834615
15818,16035,61.673077,60.838462
15819,16036,61.676923,60.842308
15820,16037,61.680769,60.846154
15821,16038,61.684615,60.850000
15822,16039,61.688462,60.853846
15823,16040,61.692308,60.857692
15824,16041,61.696154,60.861538
15825,16042,61.700000,60.865385
15826,16043,61.703846,60.869231
15827,16044,61.707692,60.873077
15828,16045,61.711538,60.876923
15829,16046,61.715385,60.880769
15830,16047,61.719231,60.884615
15831,16048,61.723077,60.888462
15832,16049,61.726923,60.892308
15833,16050,61.730769,60.896154
15834,16051,61.734615,60.900000
15835,16052,61.738462,60.903846
15836,16053,61.742308,60.907692
15837,16054,61.746154,60.911538
15838,16055,61.750000,60.915385
15839,16056,61.753846,60.919231
15840,16057,61.757692,60.923077
15841,16058,61.761538,60.926923
15842,16059,61.765385,60.930769
15843,16060,61.769231,60.934615
15844,16061,61.773077,60.938462
15845,16062,61.776923,60.942308
15846,16063,61.780769,60.946154
15847,16064,61.784615,60.950000
15848,16065,61.788462,60.953846
15849,16066,61.792308,60.957692
15850,16067,61.796154,60.961538
15851,16068,61.800000,60.965385
15852,16069,61.803846,60.969231
15853,16070,61.807692,60.973077
15854,16071,61.811538,60.976923
15855,16072,61.815385,60.980769
15856,16073,61.819231,60.984615
15857,16074,61.823077,60.988462
15858,16075,61.826923,60.992308
15859,16076,61.830769,60.996154
15860,16077,61.834615,61.000000
15861,16078,61.838462,61.003846
15862,16079,61.842308,61.007692
15863,16080,61.846154,61.011538
15864,16081,61.850000,61.015385
15865,16082,61.853846,61.019231
15866,16083,61.857692,61.023077
15867,16084,61.861538,61.026923
15868,16085,61.865385,61.030769
15869,16086,61.869231,61.034615
15870,16087,61.873077,61.038462
15871,16088,61.876923,61.042308
15872,16089,61.880769,61.046154
15873,16090,61.884615,61.050000
15874,16091,61.888462,61.053846
15875,16092,61.892308,61.057692
15876,16093,61.896154,61.061538
15877,16094,61.900000,61.065385
15878,16095,61.903846,61.069231
15879,16096,61.907692,61.073077
15880,16097,61.911538,61.076923
15881,16098,61.915385,61.080769
15882,16099,61.919231,61.084615
15883,16100,61.923077,61.088462
15884,16101,61.926923,61.092308
15885,16102,61.930769,61.096154
15886,16103,61.934615,61.100000
15887,16104,61.938462,61.103846
15888,16105,61.942308,61.107692
15889,16106,61.946154,61.111538
15890,16107,61.950000,61.115385
15891,16108,61.953846,61.119231
15892,16109,61.957692,61.123077
15893,16110,61.961538,61.126923
15894,16111,61.965385,61.130769
15895,16112,61.969231,61.134615
15896,16113,61.973077,61.138462
15897,16114,61.976923,61.142308
15898,16115,61.980769,61.146154
15899,16116,61.984615,61.150000
15900,16117,61.988462,61.153846
15901,16118,61.992308,61.157692
15902,16119,61.996154,61.161538
15903,16120,62.000000,61.165385
15904,16121,62.003846,61.169231
15905,16122,62.007692,61.173077
15906,16123,62.011538,61.176923
15907,16124,62.015385,61.180769
15908,16125,62.019231,61.184615
15909,16126,62.023077,61.188462
15910,16127,62.026923,61.192308
15911,16128,62.030769,61.196154
15912,16129,62.034615,61.200000
15913,16130,62.038462,61.203846
15914,16131,62.042308,61.207692
15915,16132,62.046154,61.211538
15916,16133,62.050000,61.215385
15917,16134,62.053846,61.219231
15918,16135,62.057692,61.223077
15919,16136,62.061538,61.226923
15920,16137,62.065385,61.230769
15921,16138,62.069231,61.234615
15922,16139,62.073077,61.238462
15923,16140,62.076923,61.242308
15924,16141,62.080769,61.246154
15925,16142,62.084615,61.250000
15926,16143,62.088462,61.253846
15927,16144,62.092308,61.257692
15928,16145,62.096154,61.261538
15929,16146,62.100000,61.265385
15930,16147,62.103846,61.269231
15931,16148,62.107692,61.273077
15932,16149,62.111538,61.276923
15933,16150,62.115385,61.280769
15934,16151,62.119231,61.284615
15935,16152,62.123077,61.288462
15936,16153,62.126923,61.292308
15937,16154,62.130769,61.296154
15938,16155,62.134615,61.300000
15939,16156,62.138462,61.303846
15940,16157,62.142308,61.307692
15941,16158,62.146154,61.311538
15942,16159,62.150000,61.315385
15943,16160,62.153846,61.319231
15944,16161,62.157692,61.323077
15945,16162,62.161538,61.326923
15946,16163,62.165385,61.330769
15947,16164,62.169231,61.334615
15948,16165,62.173077,61.338462
15949,16166,62.176923,61.342308
15950,16167,62.180769,61.346154
15951,16168,62.184615,61.350000
15952,16169,62.188462,61.353846
15953,16170,62.192308,61.357692
15954,16171,62.196154,61.361538
15955,16172,62.200000,61.365385
15956,16173,62.203846,61.369231
15957,16174,62.207692,61.373077
15958,16175,62.211538,61.376923
15959,16176,62.215385,61.380769
15960,16177,62.219231,61.384615
15961,16178,62.223077,61.388462
15962,16179,62.226923,61.392308
15963,16180,62.230769,61.396154
15964,16181,62.234615,61.400000
15965,16182,62.238462,61.403846
15966,16183,62.242308,61.407692
15967,16184,62.246154,61.411538
15968,16185,62.250000,61.415385
15969,16186,62.253846,61.419231
15970,16187,62.257692,61.423077
15971,16188,62.261538,61.426923
15972,16189,62.265385,61.430769
15973,16190,62.269231,61.434615
15974,16191,62.273077,61.438462
15975,16192,62.276923,61.442308
15976,16193,62.280769,61.446154
15977,16194,62.284615,61.450000
15978,16195,62.288462,61.453846
15979,16196,62.292308,61.457692
15980,16197,62.296154,61.461538
15981,16198,62.300000,61.465385
15982,16199,62.303846,61.469231
15983,16200,62.307692,61.473077
15984,16201,62.311538,61.476923
15985,16202,62.315385,61.480769
15986,16203,62.319231,61.484615
15987,16204,62.323077,61.488462
15988,16205,62.326923,61.492308
15989,16206,62.330769,61.496154
15990,16207,62.334615,61.500000
15991,16208,62.338462,61.503846
15992,16209,62.342308,61.507692
15993,16210,62.346154,61.511538
15994,16211,62.350000,61.515385
15995,16212,62.353846,61.519231
15996,16213,62.357692,61.523077
15997,16214,62.361538,61.526923
15998,16215,62.365385,61.530769
15999,16216,62.369231,61.534615
16000,16217,62.373077,61.538462
16001,16218,62.376923,61.542308
16002,16219,62.380769,61.546154
16003,16220,62.384615,61.550000
16004,16221,62.388462,61.553846
16005,16222,62.392308,61.557692
16006,16223,62.396154,61.561538
16007,16224,62.400000,61.565385
16008,16225,62.403846,61.569231
16009,16226,62.407692,61.573077
16010,16227,62.411538,61.576923
16011,16228,62.415385,61.580769
16012,16229,62.419231,61.584615
16013,16230,62.423077,61.588462
16014,16231,62.426923,61.592308
16015,16232,62.430769,61.596154
16016,16233,62.434615,61.600000
16017,16234,62.438462,61.603846
16018,16235,62.442308,61.607692
16019,16236,62.446154,61.611538
16020,16237,62.450000,61.615385
16021,16238,62.453846,61.619231
16022,16239,62.457692,61.623077
16023,16240,62.461538,61.626923
16024,16241,62.465385,61.630769
16025,16242,62.469231,61.634615
16026,16243,62.473077,61.638462
16027,16244,62.476923,61.642308
16028,16245,62.480769,61.646154
16029,16246,62.484615,61.650000
16030,16247,62.488462,61.653846
16031,16248,62.492308,61.657692
16032,16249,62.496154,61.661538
16033,16250,62.500000,61.665385
16034,16251,62.503846,61.669231
16035,16252,62.507692,61.673077
16036,16253,62.511538,61.676923
16037,16254,62.515385,61.680769
16038,16255,62.519231,61.684615
16039,16256,62.523077,61.688462
16040,16257,62.526923,61.692308
16041,16258,62.530769,61.696154
16042,16259,62.534615,61.700000
16043,16260,62.538462,61.703846
16044,16261,62.542308,61.707692
16045,16262,62.546154,61.711538
16046,16263,62.550000,61.715385
16047,16264,62.553846,61.719231
16048,16265,62.557692,61.723077
16049,16266,62.561538,61.726923
16050,16267,62.565385,61.730769
16051,16268,62.569231,61.734615
16052,16269,62.573077,61.738462
16053,16270,62.576923,61.742308
16054,16271,62.580769,61.746154
16055,16272,62.584615,61.750000
16056,16273,62.588462,61.753846
16057,16274,62.592308,61.757692
16058,16275,62.596154,61.761538
16059,16276,62.600000,61.765385
16060,16277,62.603846,61.769231
16061,16278,62.607692,61.773077
16062,16279,62.611538,61.776923
16063,16280,62.615385,61.780769
16064,16281,62.619231,61.784615
16065,16282,62.623077,61.788462
16066,16283,62.626923,61.792308
16067,16284,62.630769,61.796154
16068,16285,62.634615,61.800000
16069,16286,62.638462,61.803846
16070,16287,62.642308,61.807692
16071,16288,62.646154,61.811538
16072,16289,62.650000,61.815385
16073,16290,62.653846,61.819231
16074,16291,62.657692,61.823077
16075,16292,62.661538,61.826923
16076,16293,62.665385,61.830769
16077,16294,62.669231,61.834615
16078,16295,62.673077,61.838462
16079,16296,62.676923,61.842308
16080,16297,62.680769,61.846154
16081,16298,62.684615,61.850000
16082,16299,62.688462,61.853846
16083,16300,62.692308,61.857692
16084,16301,62.696154,61.861538
16085,16302,62.700000,61.865385
16086,16303,62.703846,61.869231
16087,16304,62.707692,61.873077
16088,16305,62.711538,61.876923
16089,16306,62.715385,61.880769
16090,16307,62.719231,61.884615
16091,16308,62.723077,61.888462
16092,16309,62.726923,61.892308
16093,16310,62.730769,61.896154
16094,16311,62.734615,61.900000
16095,16312,62.738462,61.903846
16096,16313,62.742308,61.907692
16097,16314,62.746154,61.911538
16098,16315,62.750000,61.915385
16099,16316,62.753846,61.919231
16100,16317,62.757692,61.923077
16101,16318,62.761538,61.926923
16102,16319,62.765385,61.930769
16103,16320,62.769231,61.934615
16104,16321,62.773077,61.938462
16105,16322,62.776923,61.942308
16106,16323,62.780769,61.946154
16107,16324,62.784615,61.950000
16108,16325,62.788462,61.953846
16109,16326,62.792308,61.957692
16110,16327,62.796154,61.961538
16111,16328,62.800000,61.965385
16112,16329,62.803846,61.969231
16113,16330,62.807692,61.973077
16114,16331,62.811538,61.976923
16115,16332,62.815385,61.980769
16116,16333,62.819231,61.984615
16117,16334,62.823077,61.988462
16118,16335,62.826923,61.992308
16119,16336,62.830769,61.996154
16120,16337,62.834615,62.000000
16121,16338,62.838462,62.003846
16122,16339,62.842308,62.007692
16123,16340,62.846154,62.011538
16124,16341,62.850000,62.015385
16125,16342,62.853846,62.019231
16126,16343,62.857692,62.023077
16127,16344,62.861538,62.026923
16128,16345,62.865385,62.030769
16129,16346,62.869231,62.034615
16130,16347,62.873077,62.038462
16131,16348,62.876923,62.042308
16132,16349,62.880769,62.046154
16133,16350,62.884615,62.050000
16134,16351,62.888462,62.053846
16135,16352,62.892308,62.057692
16136,16353,62.896154,62.061538
16137,16354,62.900000,62.065385
16138,16355,62.903846,62.069231
16139,16356,62.907692,62.073077
16140,16357,62.911538,62.076923
16141,16358,62.915385,62.080769
16142,16359,62.919231,62.084615
16143,16360,62.923077,62.088462
16144,16361,62.926923,62.092308
16145,16362,62.930769,62.096154
16146,16363,62.934615,62.100000
16147,16364,62.938462,62.103846
16148,16365,62.942308,62.107692
16149,16366,62.946154,62.111538
16150,16367,62.950000,62.115385
16151,16368,62.953846,62.119231
16152,16369,62.957692,62.123077
16153,16370,62.961538,62.126923
16154,16371,62.965385,62.130769
16155,16372,62.969231,62.134615
16156,16373,62.973077,62.138462
16157,16374,62.976923,62.142308
16158,16375,62.980769,62.146154
16159,16376,62.984615,62.150000
16160,16377,62.988462,62.153846
16161,16378,62.992308,62.157692
16162,16379,62.996154,62.161538
16163,16380,63.000000,62.165385
16164,16381,63.003846,62.169231
16165,16382,63.007692,62.173077
16166,16383,63.011538,62.176923
16167,16384,63.015385,62.180769
16168,16385,63.019231,62.184615
16169,16386,63.023077,62.188462
16170,16387,63.026923,62.192308
16171,16388,63.030769,62.196154
16172,16389,63.034615,62.200000
16173,16390,63.038462,62.203846
16174,16391,63.042308,62.207692
16175,16392,63.046154,62.211538
16176,16393,63.050000,62.215385
16177,16394,63.053846,62.219231
16178,16395,63.057692,62.223077
16179,16396,63.061538,62.226923
16180,16397,63.065385,62.230769
16181,16398,63.069231,62.234615
16182,16399,63.073077,62.238462
16183,16400,63.076923,62.242308
16184,16401,63.080769,62.246154
16185,16402,63.084615,62.250000
16186,16403,63.088462,62.253846
16187,16404,63.092308,62.257692
16188,16405,63.096154,62.261538
16189,16406,63.100000,62.265385
16190,16407,63.103846,62.269231
16191,16408,63.107692,62.273077
16192,16409,63.111538,62.276923
16193,16410,63.115385,62.280769
16194,16411,63.119231,62.284615
16195,16412,63.123077,62.288462
16196,16413,63.126923,62.292308
16197,16414,63.130769,62.296154
16198,16415,63.134615,62.300000
16199,16416,63.138462,62.303846
16200,16417,63.142308,62.307692
16201,16418,63.146154,62.311538
16202,16419,63.150000,62.315385
16203,16420,63.153846,62.319231
16204,16421,63.157692,62.323077
16205,16422,63.161538,62.326923
16206,16423,63.165385,62.330769
16207,16424,63.169231,62.334615
16208,16425,63.173077,62.338462
16209,16426,63.176923,62.342308
16210,16427,63.180769,62.346154
16211,16428,63.184615,62.350000
16212,16429,63.188462,62.353846
16213,16430,63.192308,62.357692
16214,16431,63.196154,62.361538
16215,16432,63.200000,62.365385
16216,16433,63.203846,62.369231
16217,16434,63.207692,62.373077
16218,16435,63.211538,62.376923
16219,16436,63.215385,62.380769
16220,16437,63.219231,62.384615
16221,16438,63.223077,62.388462
16222,16439,63.226923,62.392308
16223,16440,63.230769,62.396154
16224,16441,63.234615,62.400000
16225,16442,63.238462,62.403846
16226,16443,63.242308,62.407692
16227,16444,63.246154,62.411538
16228,16445,63.250000,62.415385
16229,16446,63.253846,62.419231
16230,16447,63.257692,62.423077
16231,16448,63.261538,62.426923
16232,16449,63.265385,62.430769
16233,16450,63.269231,62.434615
16234,16451,63.273077,62.438462
16235,16452,63.276923,62.442308
16236,16453,63.280769,62.446154
16237,16454,63.284615,62.450000
16238,16455,63.288462,62.453846
16239,16456,63.292308,62.457692
16240,16457,63.296154,62.461538
16241,16458,63.300000,62.465385
16242,16459,63.303846,62.469231
16243,16460,63.307692,62.473077
16244,16461,63.311538,62.476923
16245,16462,63.315385,62.480769
16246,16463,63.319231,62.484615
16247,16464,63.323077,62.488462
16248,16465,63.326923,62.492308
16249,16466,63.330769,62.496154
16250,16467,63.334615,62.500000
16251,16468,63.338462,62.503846
16252,16469,63.342308,62.507692
16253,16470,63.346154,62.511538
16254,16471,63.350000,62.515385
16255,16472,63.353846,62.519231
16256,16473,63.357692,62.523077
16257,16474,63.361538,62.526923
16258,16475,63.365385,62.530769
16259,16476,63.369231,62.534615
16260,16477,63.373077,62.538462
16261,16478,63.376923,62.542308
16262,16479,63.380769,62.546154
16263,16480,63.384615,62.550000
16264,16481,63.388462,62.553846
16265,16482,63.392308,62.557692
16266,16483,63.396154,62.561538
16267,16484,63.400000,62.565385
16268,16485,63.403846,62.569231
16269,16486,63.407692,62.573077
16270,16487,63.411538,62.576923
16271,16488,63.415385,62.580769
16272,16489,63.419231,62.584615
16273,16490,63.423077,62.588462
16274,16491,63.426923,62.592308
16275,16492,63.430769,62.596154
16276,16493,63.434615,62.600000
16277,16494,63.438462,62.603846
16278,16495,63.442308,62.607692
16279,16496,63.446154,62.611538
16280,16497,63.450000,62.615385
16281,16498,63.453846,62.619231
16282,16499,63.457692,62.623077
16283,16500,63.461538,62.626923
16284,16501,63.465385,62.630769
16285,16502,63.469231,62.634615
16286,16503,63.473077,62.638462
16287,16504,63.476923,62.642308
16288,16505,63.480769,62.646154
16289,16506,63.484615,62.650000
16290,16507,63.488462,62.653846
16291,16508,63.492308,62.657692
16292,16509,63.496154,62.661538
16293,16510,63.500000,62.665385
16294,16511,63.503846,62.669231
16295,16512,63.507692,62.673077
16296,16513,63.511538,62.676923
16297,16514,63.515385,62.680769
16298,16515,63.519231,62.684615
16299,16516,63.523077,62.688462
16300,16517,63.526923,62.692308
16301,16518,63.530769,62.696154
16302,16519,63.534615,62.700000
16303,16520,63.538462,62.703846
16304,16521,63.542308,62.707692
16305,16522,63.546154,62.711538
16306,16523,63.550000,62.715385
16307,16524,63.553846,62.719231
16308,16525,63.557692,62.723077
16309,16526,63.561538,62.726923
16310,16527,63.565385,62.730769
16311,16528,63.569231,62.734615
16312,16529,63.573077,62.738462
16313,16530,63.576923,62.742308
16314,16531,63.580769,62.746154
16315,16532,63.584615,62.750000
16316,16533,63.588462,62.753846
16317,16534,63.592308,62.757692
16318,16535,63.596154,62.761538
16319,16536,63.600000,62.765385
16320,16537,63.603846,62.769231
16321,16538,63.607692,62.773077
16322,16539,63.611538,62.776923
16323,16540,63.615385,62.780769
16324,16541,63.619231,62.784615
16325,16542,63.623077,62.788462
16326,16543,63.626923,62.792308
16327,16544,63.630769,62.796154
16328,16545,63.634615,62.800000
16329,16546,63.638462,62.803846
16330,16547,63.642308,62.807692
16331,16548,63.646154,62.811538
16332,16549,63.650000,62.815385
16333,16550,63.653846,62.819231
16334,16551,63.657692,62.823077
16335,16552,63.661538,62.826923
16336,16553,63.665385,62.830769
16337,16554,63.669231,62.834615
16338,16555,63.673077,62.838462
16339,16556,63.676923,62.842308
16340,16557,63.680769,62.846154
16341,16558,63.684615,62.850000
16342,16559,63.688462,62.853846
16343,16560,63.692308,62.857692
16344,16561,63.696154,62.861538
16345,16562,63.700000,62.865385
16346,16563,63.703846,62.869231
16347,16564,63.707692,62.873077
16348,16565,63.711538,62.876923
16349,16566,63.715385,62.880769
16350,16567,63.719231,62.884615
16351,16568,63.723077,62.888462
16352,16569,63.726923,62.892308
16353,16570,63.730769,62.896154
16354,16571,63.734615,62.900000
16355,16572,63.738462,62.903846
16356,16573,63.742308,62.907692
16357,16574,63.746154,62.911538
16358,16575,63.750000,62.915385
16359,16576,63.753846,62.919231
16360,16577,63.757692,62.923077
16361,16578,63.761538,62.926923
16362,16579,63.765385,62.930769
16363,16580,63.769231,62.934615
16364,16581,63.773077,62.938462
16365,16582,63.776923,62.942308
16366,16583,63.780769,62.946154
16367,16584,63.784615,62.950000
16368,16585,63.788462,62.953846
16369,16586,63.792308,62.957692
16370,16587,63.796154,62.961538
16371,16588,63.800000,62.965385
16372,16589,63.803846,62.969231
16373,16590,63.807692,62.973077
16374,16591,63.811538,62.976923
16375,16592,63.815385,62.980769
16376,16593,63.819231,62.984615
16377,16594,63.823077,62.988462
16378,16595,63.826923,62.992308
16379,16596,63.830769,62.996154
16380,16597,63.834615,63.000000
16381,16598,63.838462,63.003846
16382,16599,63.842308,63.007692
16383,16600,63.846154,63.011538
16384,16601,63.850000,63.015385
16385,16602,63.853846,63.019231
16386,16603,63.857692,63.023077
16387,16604,63.861538,63.026923
16388,16605,63.865385,63.030769
16389,16606,63.869231,63.034615
16390,16607,63.873077,63.038462
16391,16608,63.876923,63.042308
16392,16609,63.880769,63.046154
16393,16610,63.884615,63.050000
16394,16611,63.888462,63.053846
16395,16612,63.892308,63.057692
16396,16613,63.896154,63.061538
16397,16614,63.900000,63.065385
16398,16615,63.903846,63.069231
16399,16616,63.907692,63.073077
16400,16617,63.911538,63.076923
16401,16618,63.915385,63.080769
16402,16619,63.919231,63.084615
16403,16620,63.923077,63.088462
16404,16621,63.926923,63.092308
16405,16622,63.930769,63.096154
16406,16623,63.934615,63.100000
16407,16624,63.938462,63.103846
16408,16625,63.942308,63.107692
16409,16626,63.946154,63.111538
16410,16627,63.950000,63.115385
16411,16628,63.953846,63.119231
16412,16629,63.957692,63.123077
16413,16630,63.961538,63.126923
16414,16631,63.965385,63.130769
16415,16632,63.969231,63.134615
16416,16633,63.973077,63.138462
16417,16634,63.976923,63.142308
16418,16635,63.980769,63.146154
16419,16636,63.984615,63.150000
16420,16637,63.988462,63.153846
16421,16638,63.992308,63.157692
16422,16639,63.996154,63.161538
16423,16640,64.000000,63.165385
16424,16641,64.003846,63.169231
16425,16642,64.007692,63.173077
16426,16643,64.011538,63.176923
16427,16644,64.015385,63.180769
16428,16645,64.019231,63.184615
16429,16646,64.023077,63.188462
16430,16647,64.026923,63.192308
16431,16648,64.030769,63.196154
16432,16649,64.034615,63.200000
16433,16650,64.038462,63.203846
16434,16651,64.042308,63.207692
16435,16652,64.046154,63.211538
16436,16653,64.050000,63.215385
16437,16654,64.053846,63.219231
16438,16655,64.057692,63.223077
16439,16656,64.061538,63.226923
16440,16657,64.065385,63.230769
16441,16658,64.069231,63.234615
16442,16659,64.073077,63.238462
16443,16660,64.076923,63.242308
16444,16661,64.080769,63.246154
16445,16662,64.084615,63.250000
16446,16663,64.088462,63.253846
16447,16664,64.092308,63.257692
16448,16665,64.096154,63.261538
16449,16666,64.100000,63.265385
16450,16667,64.103846,63.269231
16451,16668,64.107692,63.273077
16452,16669,64.111538,63.276923
16453,16670,64.115385,63.280769
16454,16671,64.119231,63.284615
16455,16672,64.123077,63.288462
16456,16673,64.126923,63.292308
16457,16674,64.130769,63.296154
16458,16675,64.134615,63.300000
16459,16676,64.138462,63.303846
16460,16677,64.142308,63.307692
16461,16678,64.146154,63.311538
16462,16679,64.150000,63.315385
16463,16680,64.153846,63.319231
16464,16681,64.157692,63.323077
16465,16682,64.161538,63.326923
16466,16683,64.165385,63.330769
16467,16684,64.169231,63.334615
16468,16685,64.173077,63.338462
16469,16686,64.176923,63.342308
16470,16687,64.180769,63.346154
16471,16688,64.184615,63.350000
16472,16689,64.188462,63.353846
16473,16690,64.192308,63.357692
16474,16691,64.196154,63.361538
16475,16692,64.200000,63.365385
16476,16693,64.203846,63.369231
16477,16694,64.207692,63.373077
16478,16695,64.211538,63.376923
16479,16696,64.215385,63.380769
16480,16697,64.219231,63.384615
16481,16698,64.223077,63.388462
16482,16699,64.226923,63.392308
16483,16700,64.230769,63.396154
16484,16701,64.234615,63.400000
16485,16702,64.238462,63.403846
16486,16703,64.242308,63.407692
16487,16704,64.246154,63.411538
16488,16705,64.250000,63.415385
16489,16706,64.253846,63.419231
16490,16707,64.257692,63.423077
16491,16708,64.261538,63.426923
16492,16709,64.265385,63.430769
16493,16710,64.269231,63.434615
16494,16711,64.273077,63.438462
16495,16712,64.276923,63.442308
16496,16713,64.280769,63.446154
16497,16714,64.284615,63.450000
16498,16715,64.288462,63.453846
16499,16716,64.292308,63.457692
16500,16717,64.296154,63.461538
16501,16718,64.300000,63.465385
16502,16719,64.303846,63.469231
16503,16720,64.307692,63.473077
16504,16721,64.311538,63.476923
16505,16722,64.315385,63.480769
16506,16723,64.319231,63.484615
16507,16724,64.323077,63.488462
16508,16725,64.326923,63.492308
16509,16726,64.330769,63.496154
16510,16727,64.334615,63.500000
16511,16728,64.338462,63.503846
16512,16729,64.342308,63.507692
16513,16730,64.346154,63.511538
16514,16731,64.350000,63.515385
16515,16732,64.353846,63.519231
16516,16733,64.357692,63.523077
16517,16734,64.361538,63.526923
16518,16735,64.365385,63.530769
16519,16736,64.369231,63.534615
16520,16737,64.373077,63.538462
16521,16738,64.376923,63.542308
16522,16739,64.380769,63.546154
16523,16740,64.384615,63.550000
16524,16741,64.388462,63.553846
16525,16742,64.392308,63.557692
16526,16743,64.396154,63.561538
16527,16744,64.400000,63.565385
16528,16745,64.403846,63.569231
16529,16746,64.407692,63.573077
16530,16747,64.411538,63.576923
16531,16748,64.415385,63.580769
16532,16749,64.419231,63.584615
16533,16750,64.423077,63.588462
16534,16751,64.426923,63.592308
16535,16752,64.430769,63.596154
16536,16753,64.434615,63.600000
16537,16754,64.438462,63.603846
16538,16755,64.442308,63.607692
16539,16756,64.446154,63.611538
16540,16757,64.450000,63.615385
16541,16758,64.453846,63.619231
16542,16759,64.457692,63.623077
16543,16760,64.461538,63.626923
16544,16761,64.465385,63.630769
16545,16762,64.469231,63.634615
16546,16763,64.473077,63.638462
16547,16764,64.476923,63.642308
16548,16765,64.480769,63.646154
16549,16766,64.484615,63.650000
16550,16767,64.488462,63.653846
16551,16768,64.492308,63.657692
16552,16769,64.496154,63.661538
16553,16770,64.500000,63.665385
16554,16771,64.503846,63.669231
16555,16772,64.507692,63.673077
16556,16773,64.511538,63.676923
16557,16774,64.515385,63.680769
16558,16775,64.519231,63.684615
16559,16776,64.523077,63.688462
16560,16777,64.526923,63.692308
16561,16778,64.530769,63.696154
16562,16779,64.534615,63.700000
16563,16780,64.538462,63.703846
16564,16781,64.542308,63.707692
16565,16782,64.546154,63.711538
16566,16783,64.550000,63.715385
16567,16784,64.553846,63.719231
16568,16785,64.557692,63.723077
16569,16786,64.561538,63.726923
16570,16787,64.565385,63.730769
16571,16788,64.569231,63.734615
16572,16789,64.573077,63.738462
16573,16790,64.576923,63.742308
16574,16791,64.580769,63.746154
16575,16792,64.584615,63.750000
16576,16793,64.588462,63.753846
16577,16794,64.592308,63.757692
16578,16795,64.596154,63.761538
16579,16796,64.600000,63.765385
16580,16797,64.603846,63.769231
16581,16798,64.607692,63.773077
16582,16799,64.611538,63.776923
16583,16800,64.615385,63.780769
16584,16801,64.619231,63.784615
16585,16802,64.623077,63.788462
16586,16803,64.626923,63.792308
16587,16804,64.630769,63.796154
16588,16805,64.634615,63.800000
16589,16806,64.638462,63.803846
16590,16807,64.642308,63.807692
16591,16808,64.646154,63.811538
16592,16809,64.650000,63.815385
16593,16810,64.653846,63.819231
16594,16811,64.657692,63.823077
16595,16812,64.661538,63.826923
16596,16813,64.665385,63.830769
16597,16814,64.669231,63.834615
16598,16815,64.673077,63.838462
16599,16816,64.676923,63.842308
16600,16817,64.680769,63.846154
16601,16818,64.684615,63.850000
16602,16819,64.688462,63.853846
16603,16820,64.692308,63.857692
16604,16821,64.696154,63.861538
16605,16822,64.700000,63.865385
16606,16823,64.703846,63.869231
16607,16824,64.707692,63.873077
16608,16825,64.711538,63.876923
16609,16826,64.715385,63.880769
16610,16827,64.719231,63.884615
16611,16828,64.723077,63.888462
16612,16829,64.726923,63.892308
16613,16830,64.730769,63.896154
16614,16831,64.734615,63.900000
16615,16832,64.738462,63.903846
16616,16833,64.742308,63.907692
16617,16834,64.746154,63.911538
16618,16835,64.750000,63.915385
16619,16836,64.753846,63.919231
16620,16837,64.757692,63.923077
16621,16838,64.761538,63.926923
16622,16839,64.765385,63.930769
16623,16840,64.769231,63.934615
16624,16841,64.773077,63.938462
16625,16842,64.776923,63.942308
16626,16843,64.780769,63.946154
16627,16844,64.784615,63.950000
16628,16845,64.788462,63.953846
16629,16846,64.792308,63.957692
16630,16847,64.796154,63.961538
16631,16848,64.800000,63.965385
16632,16849,64.803846,63.969231
16633,16850,64.807692,63.973077
16634,16851,64.811538,63.976923
16635,16852,64.815385,63.980769
16636,16853,64.819231,63.984615
16637,16854,64.823077,63.988462
16638,16855,64.826923,63.992308
16639,16856,64.830769,63.996154
16640,16857,64.834615,64.000000
16641,16858,64.838462,64.003846
16642,16859,64.842308,64.007692
16643,16860,64.846154,64.011538
16644,16861,64.850000,64.015385
16645,16862,64.853846,64.019231
16646,16863,64.857692,64.023077
16647,16864,64.861538,64.026923
16648,16865,64.865385,64.030769
16649,16866,64.869231,64.034615
16650,16867,64.873077,64.038462
16651,16868,64.876923,64.042308
16652,16869,64.880769,64.046154
16653,16870,64.884615,64.050000
16654,16871,64.888462,64.053846
16655,16872,64.892308,64.057692
16656,16873,64.896154,64.061538
16657,16874,64.900000,64.065385
16658,16875,64.903846,64.069231
16659,16876,64.907692,64.073077
16660,16877,64.911538,64.076923
16661,16878,64.915385,64.080769
16662,16879,64.919231,64.084615
16663,16880,64.923077,64.088462
16664,16881,64.926923,64.092308
16665,16882,64.930769,64.096154
16666,16883,64.934615,64.100000
16667,16884,64.938462,64.103846
16668,16885,64.942308,64.107692
16669,16886,64.946154,64.111538
16670,16887,64.950000,64.115385
16671,16888,64.953846,64.119231
16672,16889,64.957692,64.123077
16673,16890,64.961538,64.126923
16674,16891,64.965385,64.130769
16675,16892,64.969231,64.134615
16676,16893,64.973077,64.138462
16677,16894,64.976923,64.142308
16678,16895,64.980769,64.146154
16679,16896,64.984615,64.150000
16680,16897,64.988462,64.153846
16681,16898,64.992308,64.157692
16682,16899,64.996154,64.161538
16683,16900,65.000000,64.165385
16684,16901,65.003846,64.169231
16685,16902,65.007692,64.173077
16686,16903,65.011538,64.176923
16687,16904,65.015385,64.180769
16688,16905,65.019231,64.184615
16689,16906,65.023077,64.188462
16690,16907,65.026923,64.192308
16691,16908,65.030769,64.196154
16692,16909,65.034615,64.200000
16693,16910,65.038462,64.203846
16694,16911,65.042308,64.207692
16695,16912,65.046154,64.211538
16696,16913,65.050000,64.215385
16697,16914,65.053846,64.219231
16698,16915,65.057692,64.223077
16699,16916,65.061538,64.226923
16700,16917,65.065385,64.230769
16701,16918,65.069231,64.234615
16702,16919,65.073077,64.238462
16703,16920,65.076923,64.242308
16704,16921,65.080769,64.246154
16705,16922,65.084615,64.250000
16706,16923,65.088462,64.253846
16707,16924,65.092308,64.257692
16708,16925,65.096154,64.261538
16709,16926,65.100000,64.265385
16710,16927,65.103846,64.269231
16711,16928,65.107692,64.273077
16712,16929,65.111538,64.276923
16713,16930,65.115385,64.280769
16714,16931,65.119231,64.284615
16715,16932,65.123077,64.288462
16716,16933,65.126923,64.292308
16717,16934,65.130769,64.296154
16718,16935,65.134615,64.300000
16719,16936,65.138462,64.303846
16720,16937,65.142308,64.307692
16721,16938,65.146154,64.311538
16722,16939,65.150000,64.315385
16723,16940,65.153846,64.319231
16724,16941,65.157692,64.323077
16725,16942,65.161538,64.326923
16726,16943,65.165385,64.330769
16727,16944,65.169231,64.334615
16728,16945,65.173077,64.338462
16729,16946,65.176923,64.342308
16730,16947,65.180769,64.346154
16731,16948,65.184615,64.350000
16732,16949,65.188462,64.353846
16733,16950,65.192308,64.357692
16734,16951,65.196154,64.361538
16735,16952,65.200000,64.365385
16736,16953,65.203846,64.369231
16737,16954,65.207692,64.373077
16738,16955,65.211538,64.376923
16739,16956,65.215385,64.380769
16740,16957,65.219231,64.384615
16741,16958,65.223077,64.388462
16742,16959,65.226923,64.392308
16743,16960,65.230769,64.396154
16744,16961,65.234615,64.400000
16745,16962,65.238462,64.403846
16746,16963,65.242308,64.407692
16747,16964,65.246154,64.411538
16748,16965,65.250000,64.415385
16749,16966,65.253846,64.419231
16750,16967,65.257692,64.423077
16751,16968,65.261538,64.426923
16752,16969,65.265385,64.430769
16753,16970,65.269231,64.434615
16754,16971,65.273077,64.438462
16755,16972,65.276923,64.442308
16756,16973,65.280769,64.446154
16757,16974,65.284615,64.450000
16758,16975,65.288462,64.453846
16759,16976,65.292308,64.457692
16760,16977,65.296154,64.461538
16761,16978,65.300000,64.465385
16762,16979,65.303846,64.469231
16763,16980,65.307692,64.473077
16764,16981,65.311538,64.476923
16765,16982,65.315385,64.480769
16766,16983,65.319231,64.484615
16767,16984,65.323077,64.488462
16768,16985,65.326923,64.492308
16769,16986,65.330769,64.496154
16770,16987,65.334615,64.500000
16771,16988,65.338462,64.503846
16772,16989,65.342308,64.507692
16773,16990,65.346154,64.511538
16774,16991,65.350000,64.515385
16775,16992,65.353846,64.519231
16776,16993,65.357692,64.523077
16777,16994,65.361538,64.526923
16778,16995,65.365385,64.530769
16779,16996,65.369231,64.534615
16780,16997,65.373077,64.538462
16781,16998,65.376923,64.542308
16782,16999,65.380769,64.546154
16783,17000,65.384615,64.550000
16784,17001,65.388462,64.553846
16785,17002,65.392308,64.557692
16786,17003,65.396154,64.561538
16787,17004,65.400000,64.565385
16788,17005,65.403846,64.569231
16789,17006,65.407692,64.573077
16790,17007,65.411538,64.576923
16791,17008,65.415385,64.580769
16792,17009,65.419231,64.584615
16793,17010,65.423077,64.588462
16794,17011,65.426923,64.592308
16795,17012,65.430769,64.596154
16796,17013,65.434615,64.600000
16797,17014,65.438462,64.603846
16798,17015,65.442308,64.607692
16799,17016,65.446154,64.611538
16800,17017,65.450000,64.615385
16801,17018,65.453846,64.619231
16802,17019,65.457692,64.623077
16803,17020,65.461538,64.626923
16804,17021,65.465385,64.630769
16805,17022,65.469231,64.634615
16806,17023,65.473077,64.638462
16807,17024,65.476923,64.642308
16808,17025,65.480769,64.646154
16809,17026,65.484615,64.650000
16810,17027,65.488462,64.653846
16811,17028,65.492308,64.657692
16812,17029,65.496154,64.661538
16813,17030,65.500000,64.665385
16814,17031,65.503846,64.669231
16815,17032,65.507692,64.673077
16816,17033,65.511538,64.676923
16817,17034,65.515385,64.680769
16818,17035,65.519231,64.684615
16819,17036,65.523077,64.688462
16820,17037,65.526923,64.692308
16821,17038,65.530769,64.696154
16822,17039,65.534615,64.700000
16823,17040,65.538462,64.703846
16824,17041,65.542308,64.707692
16825,17042,65.546154,64.711538
16826,17043,65.550000,64.715385
16827,17044,65.553846,64.719231
16828,17045,65.557692,64.723077
16829,17046,65.561538,64.726923
16830,17047,65.565385,64.730769
16831,17048,65.569231,64.734615
16832,17049,65.573077,64.738462
16833,17050,65.576923,64.742308
16834,17051,65.580769,64.746154
16835,17052,65.584615,64.750000
16836,17053,65.588462,64.753846
16837,17054,65.592308,64.757692
16838,17055,65.596154,64.761538
16839,17056,65.600000,64.765385
16840,17057,65.603846,64.769231
16841,17058,65.607692,64.773077
16842,17059,65.611538,64.776923
16843,17060,65.615385,64.780769
16844,17061,65.619231,64.784615
16845,17062,65.623077,64.788462
16846,17063,65.626923,64.792308
16847,17064,65.630769,64.796154
16848,17065,65.634615,64.800000
16849,17066,65.638462,64.803846
16850,17067,65.642308,64.807692
16851,17068,65.646154,64.811538
16852,17069,65.650000,64.815385
16853,17070,65.653846,64.819231
16854,17071,65.657692,64.823077
16855,17072,65.661538,64.826923
16856,17073,65.665385,64.830769
16857,17074,65.669231,64.834615
16858,17075,65.673077,64.838462
16859,17076,65.676923,64.842308
16860,17077,65.680769,64.846154
16861,17078,65.684615,64.850000
16862,17079,65.688462,64.853846
16863,17080,65.692308,64.857692
16864,17081,65.696154,64.861538
16865,17082,65.700000,64.865385
16866,17083,65.703846,64.869231
16867,17084,65.707692,64.873077
16868,17085,65.711538,64.876923
16869,17086,65.715385,64.880769
16870,17087,65.719231,64.884615
16871,17088,65.723077,64.888462
16872,17089,65.726923,64.892308
16873,17090,65.730769,64.896154
16874,17091,65.734615,64.900000
16875,17092,65.738462,64.903846
16876,17093,65.742308,64.907692
16877,17094,65.746154,64.911538
16878,17095,65.750000,64.915385
16879,17096,65.753846,64.919231
16880,17097,65.757692,64.923077
16881,17098,65.761538,64.926923
16882,17099,65.765385,64.930769
16883,17100,65.769231,64.934615
16884,17101,65.773077,64.938462
16885,17102,65.776923,64.942308
16886,17103,65.780769,64.946154
16887,17104,65.784615,64.950000
16888,17105,65.788462,64.953846
16889,17106,65.792308,64.957692
16890,17107,65.796154,64.961538
16891,17108,65.800000,64.965385
16892,17109,65.803846,64.969231
16893,17110,65.807692,64.973077
16894,17111,65.811538,64.976923
16895,17112,65.815385,64.980769
16896,17113,65.819231,64.984615
16897,17114,65.823077,64.988462
16898,17115,65.826923,64.992308
16899,17116,65.830769,64.996154
16900,17117,65.834615,65.000000
16901,17118,65.838462,65.003846
16902,17119,65.842308,65.007692
16903,17120,65.846154,65.011538
16904,17121,65.850000,65.015385
16905,17122,65.853846,65.019231
16906,17123,65.857692,65.023077
16907,17124,65.861538,65.026923
16908,17125,65.865385,65.030769
16909,17126,65.869231,65.034615
16910,17127,65.873077,65.038462
16911,17128,65.876923,65.042308
16912,17129,65.880769,65.046154
16913,17130,65.884615,65.050000
16914,17131,65.888462,65.053846
16915,17132,65.892308,65.057692
16916,17133,65.896154,65.061538
16917,17134,65.900000,65.065385
16918,17135,65.903846,65.069231
16919,17136,65.907692,65.073077
16920,17137,65.911538,65.076923
16921,17138,65.915385,65.080769
16922,17139,65.919231,65.084615
16923,17140,65.923077,65.088462
16924,17141,65.926923,65.092308
16925,17142,65.930769,65.096154
16926,17143,65.934615,65.100000
16927,17144,65.938462,65.103846
16928,17145,65.942308,65.107692
16929,17146,65.946154,65.111538
16930,17147,65.950000,65.115385
16931,17148,65.953846,65.119231
16932,17149,65.957692,65.123077
16933,17150,65.961538,65.126923
16934,17151,65.965385,65.130769
16935,17152,65.969231,65.134615
16936,17153,65.973077,65.138462
16937,17154,65.976923,65.142308
16938,17155,65.980769,65.146154
16939,17156,65.984615,65.150000
16940,17157,65.988462,65.153846
16941,17158,65.992308,65.157692
16942,17159,65.996154,65.161538
16943,17160,66.000000,65.165385
16944,17161,66.003846,65.169231
16945,17162,66.007692,65.173077
16946,17163,66.011538,65.176923
16947,17164,66.015385,65.180769
16948,17165,66.019231,65.184615
16949,17166,66.023077,65.188462
16950,17167,66.026923,65.192308
16951,17168,66.030769,65.196154
16952,17169,66.034615,65.200000
16953,17170,66.038462,65.203846
16954,17171,66.042308,65.207692
16955,17172,66.046154,65.211538
16956,17173,66.050000,65.215385
16957,17174,66.053846,65.219231
16958,17175,66.057692,65.223077
16959,17176,66.061538,65.226923
16960,17177,66.065385,65.230769
16961,17178,66.069231,65.234615
16962,17179,66.073077,65.238462
16963,17180,66.076923,65.242308
16964,17181,66.080769,65.246154
16965,17182,66.084615,65.250000
16966,17183,66.088462,65.253846
16967,17184,66.092308,65.257692
16968,17185,66.096154,65.261538
16969,17186,66.100000,65.265385
16970,17187,66.103846,65.269231
16971,17188,66.107692,65.273077
16972,17189,66.111538,65.276923
16973,17190,66.115385,65.280769
16974,17191,66.119231,65.284615
16975,17192,66.123077,65.288462
16976,17193,66.126923,65.292308
16977,17194,66.130769,65.296154
16978,17195,66.134615,65.300000
16979,17196,66.138462,65.303846
16980,17197,66.142308,65.307692
16981,17198,66.146154,65.311538
16982,17199,66.150000,65.315385
16983,17200,66.153846,65.319231
16984,17201,66.157692,65.323077
16985,17202,66.161538,65.326923
16986,17203,66.165385,65.330769
16987,17204,66.169231,65.334615
16988,17205,66.173077,65.338462
16989,17206,66.176923,65.342308
16990,17207,66.180769,65.346154
16991,17208,66.184615,65.350000
16992,17209,66.188462,65.353846
16993,17210,66.192308,65.357692
16994,17211,66.196154,65.361538
16995,17212,66.200000,65.365385
16996,17213,66.203846,65.369231
16997,17214,66.207692,65.373077
16998,17215,66.211538,65.376923
16999,17216,66.215385,65.380769
17000,17217,66.219231,65.384615
17001,17218,66.223077,65.388462
17002,17219,66.226923,65.392308
17003,17220,66.230769,65.396154
17004,17221,66.234615,65.400000
17005,17222,66.238462,65.403846
17006,17223,66.242308,65.407692
17007,17224,66.246154,65.411538
17008,17225,66.250000,65.415385
17009,17226,66.253846,65.419231
17010,17227,66.257692,65.423077
17011,17228,66.261538,65.426923
17012,17229,66.265385,65.430769
17013,17230,66.269231,65.434615
17014,17231,66.273077,65.438462
17015,17232,66.276923,65.442308
17016,17233,66.280769,65.446154
17017,17234,66.284615,65.450000
17018,17235,66.288462,65.453846
17019,17236,66.292308,65.457692
17020,17237,66.296154,65.461538
17021,17238,66.300000,65.465385
17022,17239,66.303846,65.469231
17023,17240,66.307692,65.473077
17024,17241,66.311538,65.476923
17025,17242,66.315385,65.480769
17026,17243,66.319231,65.484615
17027,17244,66.323077,65.488462
17028,17245,66.326923,65.492308
17029,17246,66.330769,65.496154
17030,17247,66.334615,65.500000
17031,17248,66.338462,65.503846
17032,17249,66.342308,65.507692
17033,17250,66.346154,65.511538
17034,17251,66.350000,65.515385
17035,17252,66.353846,65.519231
17036,17253,66.357692,65.523077
17037,17254,66.361538,65.526923
17038,17255,66.365385,65.530769
17039,17256,66.369231,65.534615
17040,17257,66.373077,65.538462
17041,17258,66.376923,65.542308
17042,17259,66.380769,65.546154
17043,17260,66.384615,65.550000
17044,17261,66.388462,65.553846
17045,17262,66.392308,65.557692
17046,17263,66.396154,65.561538
17047,17264,66.400000,65.565385
17048,17265,66.403846,65.569231
17049,17266,66.407692,65.573077
17050,17267,66.411538,65.576923
17051,17268,66.415385,65.580769
17052,17269,66.419231,65.584615
17053,17270,66.423077,65.588462
17054,17271,66.426923,65.592308
17055,17272,66.430769,65.596154
17056,17273,66.434615,65.600000
17057,17274,66.438462,65.603846
17058,17275,66.442308,65.607692
17059,17276,66.446154,65.611538
17060,17277,66.450000,65.615385
17061,17278,66.453846,65.619231
17062,17279,66.457692,65.623077
17063,17280,66.461538,65.626923
17064,17281,66.465385,65.630769
17065,17282,66.469231,65.634615
17066,17283,66.473077,65.638462
17067,17284,66.476923,65.642308
17068,17285,66.480769,65.646154
17069,17286,66.484615,65.650000
17070,17287,66.488462,65.653846
17071,17288,66.492308,65.657692
17072,17289,66.496154,65.661538
17073,17290,66.500000,65.665385
17074,17291,66.503846,65.669231
17075,17292,66.507692,65.673077
17076,17293,66.511538,65.676923
17077,17294,66.515385,65.680769
17078,17295,66.519231,65.684615
17079,17296,66.523077,65.688462
17080,17297,66.526923,65.692308
17081,17298,66.530769,65.696154
17082,17299,66.534615,65.700000
17083,17300,66.538462,65.703846
17084,17301,66.542308,65.707692
17085,17302,66.546154,65.711538
17086,17303,66.550000,65.715385
17087,17304,66.553846,65.719231
17088,17305,66.557692,65.723077
17089,17306,66.561538,65.726923
17090,17307,66.565385,65.730769
17091,17308,66.569231,65.734615
17092,17309,66.573077,65.738462
17093,17310,66.576923,65.742308
17094,17311,66.580769,65.746154
17095,17312,66.584615,65.750000
17096,17313,66.588462,65.753846
17097,17314,66.592308,65.757692
17098,17315,66.596154,65.761538
17099,17316,66.600000,65.765385
17100,17317,66.603846,65.769231
17101,17318,66.607692,65.773077
17102,17319,66.611538,65.776923
17103,17320,66.615385,65.780769
17104,17321,66.619231,65.784615
17105,17322,66.623077,65.788462
17106,17323,66.626923,65.792308
17107,17324,66.630769,65.796154
17108,17325,66.634615,65.800000
17109,17326,66.638462,65.803846
17110,17327,66.642308,65.807692
17111,17328,66.646154,65.811538
17112,17329,66.650000,65.815385
17113,17330,66.653846,65.819231
17114,17331,66.657692,65.823077
17115,17332,66.661538,65.826923
17116,17333,66.665385,65.830769
17117,17334,66.669231,65.834615
17118,17335,66.673077,65.838462
17119,17336,66.676923,65.842308
17120,17337,66.680769,65.846154
17121,17338,66.684615,65.850000
17122,17339,66.688462,65.853846
17123,17340,66.692308,65.857692
17124,17341,66.696154,65.861538
17125,17342,66.700000,65.865385
17126,17343,66.703846,65.869231
17127,17344,66.707692,65.873077
17128,17345,66.711538,65.876923
17129,17346,66.715385,65.880769
17130,17347,66.719231,65.884615
17131,17348,66.723077,65.888462
17132,17349,66.726923,65.892308
17133,17350,66.730769,65.896154
17134,17351,66.734615,65.900000
17135,17352,66.738462,65.903846
17136,17353,66.742308,65.907692
17137,17354,66.746154,65.911538
17138,17355,66.750000,65.915385
17139,17356,66.753846,65.919231
17140,17357,66.757692,65.923077
17141,17358,66.761538,65.926923
17142,17359,66.765385,65.930769
17143,17360,66.769231,65.934615
17144,17361,66.773077,65.938462
17145,17362,66.776923,65.942308
17146,17363,66.780769,65.946154
17147,17364,66.784615,65.950000
17148,17365,66.788462,65.953846
17149,17366,66.792308,65.957692
17150,17367,66.796154,65.961538
17151,17368,66.800000,65.965385
17152,17369,66.803846,65.969231
17153,17370,66.807692,65.973077
17154,17371,66.811538,65.976923
17155,17372,66.815385,65.980769
17156,17373,66.819231,65.984615
17157,17374,66.823077,65.988462
17158,17375,66.826923,65.992308
17159,17376,66.830769,65.996154
17160,17377,66.834615,66.000000
17161,17378,66.838462,66.003846
17162,17379,66.842308,66.007692
17163,17380,66.846154,66.011538
17164,17381,66.850000,66.015385
17165,17382,66.853846,66.019231
17166,17383,66.857692,66.023077
17167,17384,66.861538,66.026923
17168,17385,66.865385,66.030769
17169,17386,66.869231,66.034615
17170,17387,66.873077,66.038462
17171,17388,66.876923,66.042308
17172,17389,66.880769,66.046154
17173,17390,66.884615,66.050000
17174,17391,66.888462,66.053846
17175,17392,66.892308,66.057692
17176,17393,66.896154,66.061538
17177,17394,66.900000,66.065385
17178,17395,66.903846,66.069231
17179,17396,66.907692,66.073077
17180,17397,66.911538,66.076923
17181,17398,66.915385,66.080769
17182,17399,66.919231,66.084615
17183,17400,66.923077,66.088462
17184,17401,66.926923,66.092308
17185,17402,66.930769,66.096154
17186,17403,66.934615,66.100000
17187,17404,66.938462,66.103846
17188,17405,66.942308,66.107692
17189,17406,66.946154,66.111538
17190,17407,66.950000,66.115385
17191,17408,66.953846,66.119231
17192,17409,66.957692,66.123077
17193,17410,66.961538,66.126923
17194,17411,66.965385,66.130769
17195,17412,66.969231,66.134615
17196,17413,66.973077,66.138462
17197,17414,66.976923,66.142308
17198,17415,66.980769,66.146154
17199,17416,66.984615,66.150000
17200,17417,66.988462,66.153846
17201,17418,66.992308,66.157692
17202,17419,66.996154,66.161538
17203,17420,67.000000,66.165385
17204,17421,67.003846,66.169231
17205,17422,67.007692,66.173077
17206,17423,67.011538,66.176923
17207,17424,67.015385,66.180769
17208,17425,67.019231,66.184615
17209,17426,67.023077,66.188462
17210,17427,67.026923,66.192308
17211,17428,67.030769,66.196154
17212,17429,67.034615,66.200000
17213,17430,67.038462,66.203846
17214,17431,67.042308,66.207692
17215,17432,67.046154,66.211538
17216,17433,67.050000,66.215385
17217,17434,67.053846,66.219231
17218,17435,67.057692,66.223077
17219,17436,67.061538,66.226923
17220,17437,67.065385,66.230769
17221,17438,67.069231,66.234615
17222,17439,67.073077,66.238462
17223,17440,67.076923,66.242308
17224,17441,67.080769,66.246154
17225,17442,67.084615,66.250000
17226,17443,67.088462,66.253846
17227,17444,67.092308,66.257692
17228,17445,67.096154,66.261538
17229,17446,67.100000,66.265385
17230,17447,67.103846,66.269231
17231,17448,67.107692,66.273077
17232,17449,67.111538,66.276923
17233,17450,67.115385,66.280769
17234,17451,67.119231,66.284615
17235,17452,67.123077,66.288462
17236,17453,67.126923,66.292308
17237,17454,67.130769,66.296154
17238,17455,67.134615,66.300000
17239,17456,67.138462,66.303846
17240,17457,67.142308,66.307692
17241,17458,67.146154,66.311538
17242,17459,67.150000,66.315385
17243,17460,67.153846,66.319231
17244,17461,67.157692,66.323077
17245,17462,67.161538,66.326923
17246,17463,67.165385,66.330769
17247,17464,67.169231,66.334615
17248,17465,67.173077,66.338462
17249,17466,67.176923,66.342308
17250,17467,67.180769,66.346154
17251,17468,67.184615,66.350000
17252,17469,67.188462,66.353846
17253,17470,67.192308,66.357692
17254,17471,67.196154,66.361538
17255,17472,67.200000,66.365385
17256,17473,67.203846,66.369231
17257,17474,67.207692,66.373077
17258,17475,67.211538,66.376923
17259,17476,67.215385,66.380769
17260,17477,67.219231,66.384615
17261,17478,67.223077,66.388462
17262,17479,67.226923,66.392308
17263,17480,67.230769,66.396154
17264,17481,67.234615,66.400000
17265,17482,67.238462,66.403846
17266,17483,67.242308,66.407692
17267,17484,67.246154,66.411538
17268,17485,67.250000,66.415385
17269,17486,67.253846,66.419231
17270,17487,67.257692,66.423077
17271,17488,67.261538,66.426923
17272,17489,67.265385,66.430769
17273,17490,67.269231,66.434615
17274,17491,67.273077,66.438462
17275,17492,67.276923,66.442308
17276,17493,67.280769,66.446154
17277,17494,67.284615,66.450000
17278,17495,67.288462,66.453846
17279,17496,67.292308,66.457692
17280,17497,67.296154,66.461538
17281,17498,67.300000,66.465385
17282,17499,67.303846,66.469231
17283,17500,67.307692,66.473077
17284,17501,67.311538,66.476923
17285,17502,67.315385,66.480769
17286,17503,67.319231,66.484615
17287,17504,67.323077,66.488462
17288,17505,67.326923,66.492308
17289,17506,67.330769,66.496154
17290,17507,67.334615,66.500000
17291,17508,67.338462,66.503846
17292,17509,67.342308,66.507692
17293,17510,67.346154,66.511538
17294,17511,67.350000,66.515385
17295,17512,67.353846,66.519231
17296,17513,67.357692,66.523077
17297,17514,67.361538,66.526923
17298,17515,67.365385,66.530769
17299,17516,67.369231,66.534615
17300,17517,67.373077,66.538462
17301,17518,67.376923,66.542308
17302,17519,67.380769,66.546154
17303,17520,67.384615,66.550000
17304,17521,67.388462,66.553846
17305,17522,67.392308,66.557692
17306,17523,67.396154,66.561538
17307,17524,67.400000,66.565385
17308,17525,67.403846,66.569231
17309,17526,67.407692,66.573077
17310,17527,67.411538,66.576923
17311,17528,67.415385,66.580769
17312,17529,67.419231,66.584615
17313,17530,67.423077,66.588462
17314,17531,67.426923,66.592308
17315,17532,67.430769,66.596154
17316,17533,67.434615,66.600000
17317,17534,67.438462,66.603846
17318,17535,67.442308,66.607692
17319,17536,67.446154,66.611538
17320,17537,67.450000,66.615385
17321,17538,67.453846,66.619231
17322,17539,67.457692,66.623077
17323,17540,67.461538,66.626923
17324,17541,67.465385,66.630769
17325,17542,67.469231,66.634615
17326,17543,67.473077,66.638462
17327,17544,67.476923,66.642308
17328,17545,67.480769,66.646154
17329,17546,67.484615,66.650000
17330,17547,67.488462,66.653846
17331,17548,67.492308,66.657692
17332,17549,67.496154,66.661538
17333,17550,67.500000,66.665385
17334,17551,67.503846,66.669231
17335,17552,67.507692,66.673077
17336,17553,67.511538,66.676923
17337,17554,67.515385,66.680769
17338,17555,67.519231,66.684615
17339,17556,67.523077,66.688462
17340,17557,67.526923,66.692308
17341,17558,67.530769,66.696154
17342,17559,67.534615,66.700000
17343,17560,67.538462,66.703846
17344,17561,67.542308,66.707692
17345,17562,67.546154,66.711538
17346,17563,67.550000,66.715385
17347,17564,67.553846,66.719231
17348,17565,67.557692,66.723077
17349,17566,67.561538,66.726923
17350,17567,67.565385,66.730769
17351,17568,67.569231,66.734615
17352,17569,67.573077,66.738462
17353,17570,67.576923,66.742308
17354,17571,67.580769,66.746154
17355,17572,67.584615,66.750000
17356,17573,67.588462,66.753846
17357,17574,67.592308,66.757692
17358,17575,67.596154,66.761538
17359,17576,67.600000,66.765385
17360,17577,67.603846,66.769231
17361,17578,67.607692,66.773077
17362,17579,67.611538,66.776923
17363,17580,67.615385,66.780769
17364,17581,67.619231,66.784615
17365,17582,67.623077,66.788462
17366,17583,67.626923,66.792308
17367,17584,67.630769,66.796154
17368,17585,67.634615,66.800000
17369,17586,67.638462,66.803846
17370,17587,67.642308,66.807692
17371,17588,67.646154,66.811538
17372,17589,67.650000,66.815385
17373,17590,67.653846,66.819231
17374,17591,67.657692,66.823077
17375,17592,67.661538,66.826923
17376,17593,67.665385,66.830769
17377,17594,67.669231,66.834615
17378,17595,67.673077,66.838462
17379,17596,67.676923,66.842308
17380,17597,67.680769,66.846154
17381,17598,67.684615,66.850000
17382,17599,67.688462,66.853846
17383,17600,67.692308,66.857692
17384,17601,67.696154,66.861538
17385,17602,67.700000,66.865385
17386,17603,67.703846,66.869231
17387,17604,67.707692,66.873077
17388,17605,67.711538,66.876923
17389,17606,67.715385,66.880769
17390,17607,67.719231,66.884615
17391,17608,67.723077,66.888462
17392,17609,67.726923,66.892308
17393,17610,67.730769,66.896154
17394,17611,67.734615,66.900000
17395,17612,67.738462,66.903846
17396,17613,67.742308,66.907692
17397,17614,67.746154,66.911538
17398,17615,67.750000,66.915385
17399,17616,67.753846,66.919231
17400,17617,67.757692,66.923077
17401,17618,67.761538,66.926923
17402,17619,67.765385,66.930769
17403,17620,67.769231,66.934615
17404,17621,67.773077,66.938462
17405,17622,67.776923,66.942308
17406,17623,67.780769,66.946154
17407,17624,67.784615,66.950000
17408,17625,67.788462,66.953846
17409,17626,67.792308,66.957692
17410,17627,67.796154,66.961538
17411,17628,67.800000,66.965385
17412,17629,67.803846,66.969231
17413,17630,67.807692,66.973077
17414,17631,67.811538,66.976923
17415,17632,67.815385,66.980769
17416,17633,67.819231,66.984615
17417,17634,67.823077,66.988462
17418,17635,67.826923,66.992308
17419,17636,67.830769,66.996154
17420,17637,67.834615,67.000000
17421,17638,67.838462,67.003846
17422,17639,67.842308,67.007692
17423,17640,67.846154,67.011538
17424,17641,67.850000,67.015385
17425,17642,67.853846,67.019231
17426,17643,67.857692,67.023077
17427,17644,67.861538,67.026923
17428,17645,67.865385,67.030769
17429,17646,67.869231,67.034615
17430,17647,67.873077,67.038462
17431,17648,67.876923,67.042308
17432,17649,67.880769,67.046154
17433,17650,67.884615,67.050000
17434,17651,67.888462,67.053846
17435,17652,67.892308,67.057692
17436,17653,67.896154,67.061538
17437,17654,67.900000,67.065385
17438,17655,67.903846,67.069231
17439,17656,67.907692,67.073077
17440,17657,67.911538,67.076923
17441,17658,67.915385,67.080769
17442,17659,67.919231,67.084615
17443,17660,67.923077,67.088462
17444,17661,67.926923,67.092308
17445,17662,67.930769,67.096154
17446,17663,67.934615,67.100000
17447,17664,67.938462,67.103846
17448,17665,67.942308,67.107692
17449,17666,67.946154,67.111538
17450,17667,67.950000,67.115385
17451,17668,67.953846,67.119231
17452,17669,67.957692,67.123077
17453,17670,67.961538,67.126923
17454,17671,67.965385,67.130769
17455,17672,67.969231,67.134615
17456,17673,67.973077,67.138462
17457,17674,67.976923,67.142308
17458,17675,67.980769,67.146154
17459,17676,67.984615,67.150000
17460,17677,67.988462,67.153846
17461,17678,67.992308,67.157692
17462,17679,67.996154,67.161538
17463,17680,68.000000,67.165385
17464,17681,68.003846,67.169231
17465,17682,68.007692,67.173077
17466,17683,68.011538,67.176923
17467,17684,68.015385,67.180769
17468,17685,68.019231,67.184615
17469,17686,68.023077,67.188462
17470,17687,68.026923,67.192308
17471,17688,68.030769,67.196154
17472,17689,68.034615,67.200000
17473,17690,68.038462,67.203846
17474,17691,68.042308,67.207692
17475,17692,68.046154,67.211538
17476,17693,68.050000,67.215385
17477,17694,68.053846,67.219231
17478,17695,68.057692,67.223077
17479,17696,68.061538,67.226923
17480,17697,68.065385,67.230769
17481,17698,68.069231,67.234615
17482,17699,68.073077,67.238462
17483,17700,68.076923,67.242308
17484,17701,68.080769,67.246154
17485,17702,68.084615,67.250000
17486,17703,68.088462,67.253846
17487,17704,68.092308,67.257692
17488,17705,68.096154,67.261538
17489,17706,68.100000,67.265385
17490,17707,68.103846,67.269231
17491,17708,68.107692,67.273077
17492,17709,68.111538,67.276923
17493,17710,68.115385,67.280769
17494,17711,68.119231,67.284615
17495,17712,68.123077,67.288462
17496,17713,68.126923,67.292308
17497,17714,68.130769,67.296154
17498,17715,68.134615,67.300000
17499,17716,68.138462,67.303846
17500,17717,68.142308,67.307692
17501,17718,68.146154,67.311538
17502,17719,68.150000,67.315385
17503,17720,68.153846,67.319231
17504,17721,68.157692,67.323077
17505,17722,68.161538,67.326923
17506,17723,68.165385,67.330769
17507,17724,68.169231,67.334615
17508,17725,68.173077,67.338462
17509,17726,68.176923,67.342308
17510,17727,68.180769,67.346154
17511,17728,68.184615,67.350000
17512,17729,68.188462,67.353846
17513,17730,68.192308,67.357692
17514,17731,68.196154,67.361538
17515,17732,68.200000,67.365385
17516,17733,68.203846,67.369231
17517,17734,68.207692,67.373077
17518,17735,68.211538,67.376923
17519,17736,68.215385,67.380769
17520,17737,68.219231,67.384615
17521,17738,68.223077,67.388462
17522,17739,68.226923,67.392308
17523,17740,68.230769,67.396154
17524,17741,68.234615,67.400000
17525,17742,68.238462,67.403846
17526,17743,68.242308,67.407692
17527,17744,68.246154,67.411538
17528,17745,68.250000,67.415385
17529,17746,68.253846,67.419231
17530,17747,68.257692,67.423077
17531,17748,68.261538,67.426923
17532,17749,68.265385,67.430769
17533,17750,68.269231,67.434615
17534,17751,68.273077,67.438462
17535,17752,68.276923,67.442308
17536,17753,68.280769,67.446154
17537,17754,68.284615,67.450000
17538,17755,68.288462,67.453846
17539,17756,68.292308,67.457692
17540,17757,68.296154,67.461538
17541,17758,68.300000,67.465385
17542,17759,68.303846,67.469231
17543,17760,68.307692,67.473077
17544,17761,68.311538,67.476923
17545,17762,68.315385,67.480769
17546,17763,68.319231,67.484615
17547,17764,68.323077,67.488462
17548,17765,68.326923,67.492308
17549,17766,68.330769,67.496154
17550,17767,68.334615,67.500000
17551,17768,68.338462,67.503846
17552,17769,68.342308,67.507692
17553,17770,68.346154,67.511538
17554,17771,68.350000,67.515385
17555,17772,68.353846,67.519231
17556,17773,68.357692,67.523077
17557,17774,68.361538,67.526923
17558,17775,68.365385,67.530769
17559,17776,68.369231,67.534615
17560,17777,68.373077,67.538462
17561,17778,68.376923,67.542308
17562,17779,68.380769,67.546154
17563,17780,68.384615,67.550000
17564,17781,68.388462,67.553846
17565,17782,68.392308,67.557692
17566,17783,68.396154,67.561538
17567,17784,68.400000,67.565385
17568,17785,68.403846,67.569231
17569,17786,68.407692,67.573077
17570,17787,68.411538,67.576923
17571,17788,68.415385,67.580769
17572,17789,68.419231,67.584615
17573,17790,68.423077,67.588462
17574,17791,68.426923,67.592308
17575,17792,68.430769,67.596154
17576,17793,68.434615,67.600000
17577,17794,68.438462,67.603846
17578,17795,68.442308,67.607692
17579,17796,68.446154,67.611538
17580,17797,68.450000,67.615385
17581,17798,68.453846,67.619231
17582,17799,68.457692,67.623077
17583,17800,68.461538,67.626923
17584,17801,68.465385,67.630769
17585,17802,68.469231,67.634615
17586,17803,68.473077,67.638462
17587,17804,68.476923,67.642308
17588,17805,68.480769,67.646154
17589,17806,68.484615,67.650000
17590,17807,68.488462,67.653846
17591,17808,68.492308,67.657692
17592,17809,68.496154,67.661538
17593,17810,68.500000,67.665385
17594,17811,68.503846,67.669231
17595,17812,68.507692,67.673077
17596,17813,68.511538,67.676923
17597,17814,68.515385,67.680769
17598,17815,68.519231,67.684615
17599,17816,68.523077,67.688462
17600,17817,68.526923,67.692308
17601,17818,68.530769,67.696154
17602,17819,68.534615,67.700000
17603,17820,68.538462,67.703846
17604,17821,68.542308,67.707692
17605,17822,68.546154,67.711538
17606,17823,68.550000,67.715385
17607,17824,68.553846,67.719231
17608,17825,68.557692,67.723077
17609,17826,68.561538,67.726923
17610,17827,68.565385,67.730769
17611,17828,68.569231,67.734615
17612,17829,68.573077,67.738462
17613,17830,68.576923,67.742308
17614,17831,68.580769,67.746154
17615,17832,68.584615,67.750000
17616,17833,68.588462,67.753846
17617,17834,68.592308,67.757692
17618,17835,68.596154,67.761538
17619,17836,68.600000,67.765385
17620,17837,68.603846,67.769231
17621,17838,68.607692,67.773077
17622,17839,68.611538,67.776923
17623,17840,68.615385,67.780769
17624,17841,68.619231,67.784615
17625,17842,68.623077,67.788462
17626,17843,68.626923,67.792308
17627,17844,68.630769,67.796154
17628,17845,68.634615,67.800000
17629,17846,68.638462,67.803846
17630,17847,68.642308,67.807692
17631,17848,68.646154,67.811538
17632,17849,68.650000,67.815385
17633,17850,68.653846,67.819231
17634,17851,68.657692,67.823077
17635,17852,68.661538,67.826923
17636,17853,68.665385,67.830769
17637,17854,68.669231,67.834615
17638,17855,68.673077,67.838462
17639,17856,68.676923,67.842308
17640,17857,68.680769,67.846154
17641,17858,68.684615,67.850000
17642,17859,68.688462,67.853846
17643,17860,68.692308,67.857692
17644,17861,68.696154,67.861538
17645,17862,68.700000,67.865385
17646,17863,68.703846,67.869231
17647,17864,68.707692,67.873077
17648,17865,68.711538,67.876923
17649,17866,68.715385,67.880769
17650,17867,68.719231,67.884615
17651,17868,68.723077,67.888462
17652,17869,68.726923,67.892308
17653,17870,68.730769,67.896154
17654,17871,68.734615,67.900000
17655,17872,68.738462,67.903846
17656,17873,68.742308,67.907692
17657,17874,68.746154,67.911538
17658,17875,68.750000,67.915385
17659,17876,68.753846,67.919231
17660,17877,68.757692,67.923077
17661,17878,68.761538,67.926923
17662,17879,68.765385,67.930769
17663,17880,68.769231,67.934615
17664,17881,68.773077,67.938462
17665,17882,68.776923,67.942308
17666,17883,68.780769,67.946154
17667,17884,68.784615,67.950000
17668,17885,68.788462,67.953846
17669,17886,68.792308,67.957692
17670,17887,68.796154,67.961538
17671,17888,68.800000,67.965385
17672,17889,68.803846,67.969231
17673,17890,68.807692,67.973077
17674,17891,68.811538,67.976923
17675,17892,68.815385,67.980769
17676,17893,68.819231,67.984615
17677,17894,68.823077,67.988462
17678,17895,68.826923,67.992308
17679,17896,68.830769,67.996154
17680,17897,68.834615,68.000000
17681,17898,68.838462,68.003846
17682,17899,68.842308,68.007692
17683,17900,68.846154,68.011538
17684,17901,68.850000,68.015385
17685,17902,68.853846,68.019231
17686,17903,68.857692,68.023077
17687,17904,68.861538,68.026923
17688,17905,68.865385,68.030769
17689,17906,68.869231,68.034615
17690,17907,68.873077,68.038462
17691,17908,68.876923,68.042308
17692,17909,68.880769,68.046154
17693,17910,68.884615,68.050000
17694,17911,68.888462,68.053846
17695,17912,68.892308,68.057692
17696,17913,68.896154,68.061538
17697,17914,68.900000,68.065385
17698,17915,68.903846,68.069231
17699,17916,68.907692,68.073077
17700,17917,68.911538,68.076923
17701,17918,68.915385,68.080769
17702,17919,68.919231,68.084615
17703,17920,68.923077,68.088462
17704,17921,68.926923,68.092308
17705,17922,68.930769,68.096154
17706,17923,68.934615,68.100000
17707,17924,68.938462,68.103846
17708,17925,68.942308,68.107692
17709,17926,68.946154,68.111538
17710,17927,68.950000,68.115385
17711,17928,68.953846,68.119231
17712,17929,68.957692,68.123077
17713,17930,68.961538,68.126923
17714,17931,68.965385,68.130769
17715,17932,68.969231,68.134615
17716,17933,68.973077,68.138462
17717,17934,68.976923,68.142308
17718,17935,68.980769,68.146154
17719,17936,68.984615,68.150000
17720,17937,68.988462,68.153846
17721,17938,68.992308,68.157692
17722,17939,68.996154,68.161538
17723,17940,69.000000,68.165385
17724,17941,69.003846,68.169231
17725,17942,69.007692,68.173077
17726,17943,69.011538,68.176923
17727,17944,69.015385,68.180769
17728,17945,69.019231,68.184615
17729,17946,69.023077,68.188462
17730,17947,69.026923,68.192308
17731,17948,69.030769,68.196154
17732,17949,69.034615,68.200000
17733,17950,69.038462,68.203846
17734,17951,69.042308,68.207692
17735,17952,69.046154,68.211538
17736,17953,69.050000,68.215385
17737,17954,69.053846,68.219231
17738,17955,69.057692,68.223077
17739,17956,69.061538,68.226923
17740,17957,69.065385,68.230769
17741,17958,69.069231,68.234615
17742,17959,69.073077,68.238462
17743,17960,69.076923,68.242308
17744,17961,69.080769,68.246154
17745,17962,69.084615,68.250000
17746,17963,69.088462,68.253846
17747,17964,69.092308,68.257692
17748,17965,69.096154,68.261538
17749,17966,69.100000,68.265385
17750,17967,69.103846,68.269231
17751,17968,69.107692,68.273077
17752,17969,69.111538,68.276923
17753,17970,69.115385,68.280769
17754,17971,69.119231,68.284615
17755,17972,69.123077,68.288462
17756,17973,69.126923,68.292308
17757,17974,69.130769,68.296154
17758,17975,69.134615,68.300000
17759,17976,69.138462,68.303846
17760,17977,69.142308,68.307692
17761,17978,69.146154,68.311538
17762,17979,69.150000,68.315385
17763,17980,69.153846,68.319231
17764,17981,69.157692,68.323077
17765,17982,69.161538,68.326923
17766,17983,69.165385,68.330769
17767,17984,69.169231,68.334615
17768,17985,69.173077,68.338462
17769,17986,69.176923,68.342308
17770,17987,69.180769,68.346154
17771,17988,69.184615,68.350000
17772,17989,69.188462,68.353846
17773,17990,69.192308,68.357692
17774,17991,69.196154,68.361538
17775,17992,69.200000,68.365385
17776,17993,69.203846,68.369231
17777,17994,69.207692,68.373077
17778,17995,69.211538,68.376923
17779,17996,69.215385,68.380769
17780,17997,69.219231,68.384615
17781,17998,69.223077,68.388462
17782,17999,69.226923,68.392308
17783,18000,69.230769,68.396154
17784,18001,69.234615,68.400000
17785,18002,69.238462,68.403846
17786,18003,69.242308,68.407692
17787,18004,69.246154,68.411538
17788,18005,69.250000,68.415385
17789,18006,69.253846,68.419231
17790,18007,69.257692,68.423077
17791,18008,69.261538,68.426923
17792,18009,69.265385,68.430769
17793,18010,69.269231,68.434615
17794,18011,69.273077,68.438462
17795,18012,69.276923,68.442308
17796,18013,69.280769,68.446154
17797,18014,69.284615,68.450000
17798,18015,69.288462,68.453846
17799,18016,69.292308,68.457692
17800,18017,69.296154,68.461538
17801,18018,69.300000,68.465385
17802,18019,69.303846,68.469231
17803,18020,69.307692,68.473077
17804,18021,69.311538,68.476923
17805,18022,69.315385,68.480769
17806,18023,69.319231,68.484615
17807,18024,69.323077,68.488462
17808,18025,69.326923,68.492308
17809,18026,69.330769,68.496154
17810,18027,69.334615,68.500000
17811,18028,69.338462,68.503846
17812,18029,69.342308,68.507692
17813,18030,69.346154,68.511538
17814,18031,69.350000,68.515385
17815,18032,69.353846,68.519231
17816,18033,69.357692,68.523077
17817,18034,69.361538,68.526923
17818,18035,69.365385,68.530769
17819,18036,69.369231,68.534615
17820,18037,69.373077,68.538462
17821,18038,69.376923,68.542308
17822,18039,69.380769,68.546154
17823,18040,69.384615,68.550000
17824,18041,69.388462,68.553846
17825,18042,69.392308,68.557692
17826,18043,69.396154,68.561538
17827,18044,69.400000,68.565385
17828,18045,69.403846,68.569231
17829,18046,69.407692,68.573077
17830,18047,69.411538,68.576923
17831,18048,69.415385,68.580769
17832,18049,69.419231,68.584615
17833,18050,69.423077,68.588462
17834,18051,69.426923,68.592308
17835,18052,69.430769,68.596154
17836,18053,69.434615,68.600000
17837,18054,69.438462,68.603846
17838,18055,69.442308,68.607692
17839,18056,69.446154,68.611538
17840,18057,69.450000,68.615385
17841,18058,69.453846,68.619231
17842,18059,69.457692,68.623077
17843,18060,69.461538,68.626923
17844,18061,69.465385,68.630769
17845,18062,69.469231,68.634615
17846,18063,69.473077,68.638462
17847,18064,69.476923,68.642308
17848,18065,69.480769,68.646154
17849,18066,69.484615,68.650000
17850,18067,69.488462,68.653846
17851,18068,69.492308,68.657692
17852,18069,69.496154,68.661538
17853,18070,69.500000,68.665385
17854,18071,69.503846,68.669231
17855,18072,69.507692,68.673077
17856,18073,69.511538,68.676923
17857,18074,69.515385,68.680769
17858,18075,69.519231,68.684615
17859,18076,69.523077,68.688462
17860,18077,69.526923,68.692308
17861,18078,69.530769,68.696154
17862,18079,69.534615,68.700000
17863,18080,69.538462,68.703846
17864,18081,69.542308,68.707692
17865,18082,69.546154,68.711538
17866,18083,69.550000,68.715385
17867,18084,69.553846,68.719231
17868,18085,69.557692,68.723077
17869,18086,69.561538,68.726923
17870,18087,69.565385,68.730769
17871,18088,69.569231,68.734615
17872,18089,69.573077,68.738462
17873,18090,69.576923,68.742308
17874,18091,69.580769,68.746154
17875,18092,69.584615,68.750000
17876,18093,69.588462,68.753846
17877,18094,69.592308,68.757692
17878,18095,69.596154,68.761538
17879,18096,69.600000,68.765385
17880,18097,69.603846,68.769231
17881,18098,69.607692,68.773077
17882,18099,69.611538,68.776923
17883,18100,69.615385,68.780769
17884,18101,69.619231,68.784615
17885,18102,69.623077,68.788462
17886,18103,69.626923,68.792308
17887,18104,69.630769,68.796154
17888,18105,69.634615,68.800000
17889,18106,69.638462,68.803846
17890,18107,69.642308,68.807692
17891,18108,69.646154,68.811538
17892,18109,69.650000,68.815385
17893,18110,69.653846,68.819231
17894,18111,69.657692,68.823077
17895,18112,69.661538,68.826923
17896,18113,69.665385,68.830769
17897,18114,69.669231,68.834615
17898,18115,69.673077,68.838462
17899,18116,69.676923,68.842308
17900,18117,69.680769,68.846154
17901,18118,69.684615,68.850000
17902,18119,69.688462,68.853846
17903,18120,69.692308,68.857692
17904,18121,69.696154,68.861538
17905,18122,69.700000,68.865385
17906,18123,69.703846,68.869231
17907,18124,69.707692,68.873077
17908,18125,69.711538,68.876923
17909,18126,69.715385,68.880769
17910,18127,69.719231,68.884615
17911,18128,69.723077,68.888462
17912,18129,69.726923,68.892308
17913,18130,69.730769,68.896154
17914,18131,69.734615,68.900000
17915,18132,69.738462,68.903846
17916,18133,69.742308,68.907692
17917,18134,69.746154,68.911538
17918,18135,69.750000,68.915385
17919,18136,69.753846,68.919231
17920,18137,69.757692,68.923077
17921,18138,69.761538,68.926923
17922,18139,69.765385,68.930769
17923,18140,69.769231,68.934615
17924,18141,69.773077,68.938462
17925,18142,69.776923,68.942308
17926,18143,69.780769,68.946154
17927,18144,69.784615,68.950000
17928,18145,69.788462,68.953846
17929,18146,69.792308,68.957692
17930,18147,69.796154,68.961538
17931,18148,69.800000,68.965385
17932,18149,69.803846,68.969231
17933,18150,69.807692,68.973077
17934,18151,69.811538,68.976923
17935,18152,69.815385,68.980769
17936,18153,69.819231,68.984615
17937,18154,69.823077,68.988462
17938,18155,69.826923,68.992308
17939,18156,69.830769,68.996154
17940,18157,69.834615,69.000000
17941,18158,69.838462,69.003846
17942,18159,69.842308,69.007692
17943,18160,69.846154,69.011538
17944,18161,69.850000,69.015385
17945,18162,69.853846,69.019231
17946,18163,69.857692,69.023077
17947,18164,69.861538,69.026923
17948,18165,69.865385,69.030769
17949,18166,69.869231,69.034615
17950,18167,69.873077,69.038462
17951,18168,69.876923,69.042308
17952,18169,69.880769,69.046154
17953,18170,69.884615,69.050000
17954,18171,69.888462,69.053846
17955,18172,69.892308,69.057692
17956,18173,69.896154,69.061538
17957,18174,69.900000,69.065385
17958,18175,69.903846,69.069231
17959,18176,69.907692,69.073077
17960,18177,69.911538,69.076923
17961,18178,69.915385,69.080769
17962,18179,69.919231,69.084615
17963,18180,69.923077,69.088462
17964,18181,69.926923,69.092308
17965,18182,69.930769,69.096154
17966,18183,69.934615,69.100000
17967,18184,69.938462,69.103846
17968,18185,69.942308,69.107692
17969,18186,69.946154,69.111538
17970,18187,69.950000,69.115385
17971,18188,69.953846,69.119231
17972,18189,69.957692,69.123077
17973,18190,69.961538,69.126923
17974,18191,69.965385,69.130769
17975,18192,69.969231,69.134615
17976,18193,69.973077,69.138462
17977,18194,69.976923,69.142308
17978,18195,69.980769,69.146154
17979,18196,69.984615,69.150000
17980,18197,69.988462,69.153846
17981,18198,69.992308,69.157692
17982,18199,69.996154,69.161538
17983,18200,70.000000,69.165385
17984,18201,70.003846,69.169231
17985,18202,70.007692,69.173077
17986,18203,70.011538,69.176923
17987,18204,70.015385,69.180769
17988,18205,70.019231,69.184615
17989,18206,70.023077,69.188462
17990,18207,70.026923,69.192308
17991,18208,70.030769,69.196154
17992,18209,70.034615,69.200000
17993,18210,70.038462,69.203846
17994,18211,70.042308,69.207692
17995,18212,70.046154,69.211538
17996,18213,70.050000,69.215385
17997,18214,70.053846,69.219231
17998,18215,70.057692,69.223077
17999,18216,70.061538,69.226923
18000,18217,70.065385,69.230769
18001,18218,70.069231,69.234615
18002,18219,70.073077,69.238462
18003,18220,70.076923,69.242308
18004,18221,70.080769,69.246154
18005,18222,70.084615,69.250000
18006,18223,70.088462,69.253846
18007,18224,70.092308,69.257692
18008,18225,70.096154,69.261538
18009,18226,70.100000,69.265385
18010,18227,70.103846,69.269231
18011,18228,70.107692,69.273077
18012,18229,70.111538,69.276923
18013,18230,70.115385,69.280769
18014,18231,70.119231,69.284615
18015,18232,70.123077,69.288462
18016,18233,70.126923,69.292308
18017,18234,70.130769,69.296154
18018,18235,70.134615,69.300000
18019,18236,70.138462,69.303846
18020,18237,70.142308,69.307692
18021,18238,70.146154,69.311538
18022,18239,70.150000,69.315385
18023,18240,70.153846,69.319231
18024,18241,70.157692,69.323077
18025,18242,70.161538,69.326923
18026,18243,70.165385,69.330769
18027,18244,70.169231,69.334615
18028,18245,70.173077,69.338462
18029,18246,70.176923,69.342308
18030,18247,70.180769,69.346154
18031,18248,70.184615,69.350000
18032,18249,70.188462,69.353846
18033,18250,70.192308,69.357692
18034,18251,70.196154,69.361538
18035,18252,70.200000,69.365385
18036,18253,70.203846,69.369231
18037,18254,70.207692,69.373077
18038,18255,70.211538,69.376923
18039,18256,70.215385,69.380769
18040,18257,70.219231,69.384615
18041,18258,70.223077,69.388462
18042,18259,70.226923,69.392308
18043,18260,70.230769,69.396154
18044,18261,70.234615,69.400000
18045,18262,70.238462,69.403846
18046,18263,70.242308,69.407692
18047,18264,70.246154,69.411538
18048,18265,70.250000,69.415385
18049,18266,70.253846,69.419231
18050,18267,70.257692,69.423077
18051,18268,70.261538,69.426923
18052,18269,70.265385,69.430769
18053,18270,70.269231,69.434615
18054,18271,70.273077,69.438462
18055,18272,70.276923,69.442308
18056,18273,70.280769,69.446154
18057,18274,70.284615,69.450000
18058,18275,70.288462,69.453846
18059,18276,70.292308,69.457692
18060,18277,70.296154,69.461538
18061,18278,70.300000,69.465385
18062,18279,70.303846,69.469231
18063,18280,70.307692,69.473077
18064,18281,70.311538,69.476923
18065,18282,70.315385,69.480769
18066,18283,70.319231,69.484615
18067,18284,70.323077,69.488462
18068,18285,70.326923,69.492308
18069,18286,70.330769,69.496154
18070,18287,70.334615,69.500000
18071,18288,70.338462,69.503846
18072,18289,70.342308,69.507692
18073,18290,70.346154,69.511538
18074,18291,70.350000,69.515385
18075,18292,70.353846,69.519231
18076,18293,70.357692,69.523077
18077,18294,70.361538,69.526923
18078,18295,70.365385,69.530769
18079,18296,70.369231,69.534615
18080,18297,70.373077,69.538462
18081,18298,70.376923,69.542308
18082,18299,70.380769,69.546154
18083,18300,70.384615,69.550000
18084,18301,70.388462,69.553846
18085,18302,70.392308,69.557692
18086,18303,70.396154,69.561538
18087,18304,70.400000,69.565385
18088,18305,70.403846,69.569231
18089,18306,70.407692,69.573077
18090,18307,70.411538,69.576923
18091,18308,70.415385,69.580769
18092,18309,70.419231,69.584615
18093,18310,70.423077,69.588462
18094,18311,70.426923,69.592308
18095,18312,70.430769,69.596154
18096,18313,70.434615,69.600000
18097,18314,70.438462,69.603846
18098,18315,70.442308,69.607692
18099,18316,70.446154,69.611538
18100,18317,70.450000,69.615385
18101,18318,70.453846,69.619231
18102,18319,70.457692,69.623077
18103,18320,70.461538,69.626923
18104,18321,70.465385,69.630769
18105,18322,70.469231,69.634615
18106,18323,70.473077,69.638462
18107,18324,70.476923,69.642308
18108,18325,70.480769,69.646154
18109,18326,70.484615,69.650000
18110,18327,70.488462,69.653846
18111,18328,70.492308,69.657692
18112,18329,70.496154,69.661538
18113,18330,70.500000,69.665385
18114,18331,70.503846,69.669231
18115,18332,70.507692,69.673077
18116,18333,70.511538,69.676923
18117,18334,70.515385,69.680769
18118,18335,70.519231,69.684615
18119,18336,70.523077,69.688462
18120,18337,70.526923,69.692308
18121,18338,70.530769,69.696154
18122,18339,70.534615,69.700000
18123,18340,70.538462,69.703846
18124,18341,70.542308,69.707692
18125,18342,70.546154,69.711538
18126,18343,70.550000,69.715385
18127,18344,70.553846,69.719231
18128,18345,70.557692,69.723077
18129,18346,70.561538,69.726923
18130,18347,70.565385,69.730769
18131,18348,70.569231,69.734615
18132,18349,70.573077,69.738462
18133,18350,70.576923,69.742308
18134,18351,70.580769,69.746154
18135,18352,70.584615,69.750000
18136,18353,70.588462,69.753846
18137,18354,70.592308,69.757692
18138,18355,70.596154,69.761538
18139,18356,70.600000,69.765385
18140,18357,70.603846,69.769231
18141,18358,70.607692,69.773077
18142,18359,70.611538,69.776923
18143,18360,70.615385,69.780769
18144,18361,70.619231,69.784615
18145,18362,70.623077,69.788462
18146,18363,70.626923,69.792308
18147,18364,70.630769,69.796154
18148,18365,70.634615,69.800000
18149,18366,70.638462,69.803846
18150,18367,70.642308,69.807692
18151,18368,70.646154,69.811538
18152,18369,70.650000,69.815385
18153,18370,70.653846,69.819231
18154,18371,70.657692,69.823077
18155,18372,70.661538,69.826923
18156,18373,70.665385,69.830769
18157,18374,70.669231,69.834615
18158,18375,70.673077,69.838462
18159,18376,70.676923,69.842308
18160,18377,70.680769,69.846154
18161,18378,70.684615,69.850000
18162,18379,70.688462,69.853846
18163,18380,70.692308,69.857692
18164,18381,70.696154,69.861538
18165,18382,70.700000,69.865385
18166,18383,70.703846,69.869231
18167,18384,70.707692,69.873077
18168,18385,70.711538,69.876923
18169,18386,70.715385,69.880769
18170,18387,70.719231,69.884615
18171,18388,70.723077,69.888462
18172,18389,70.726923,69.892308
18173,18390,70.730769,69.896154
18174,18391,70.734615,69.900000
18175,18392,70.738462,69.903846
18176,18393,70.742308,69.907692
18177,18394,70.746154,69.911538
18178,18395,70.750000,69.915385
18179,18396,70.753846,69.919231
18180,18397,70.757692,69.923077
18181,18398,70.761538,69.926923
18182,18399,70.765385,69.930769
18183,18400,70.769231,69.934615
18184,18401,70.773077,69.938462
18185,18402,70.776923,69.942308
18186,18403,70.780769,69.946154
18187,18404,70.784615,69.950000
18188,18405,70.788462,69.953846
18189,18406,70.792308,69.957692
18190,18407,70.796154,69.961538
18191,18408,70.800000,69.965385
18192,18409,70.803846,69.969231
18193,18410,70.807692,69.973077
18194,18411,70.811538,69.976923
18195,18412,70.815385,69.980769
18196,18413,70.819231,69.984615
18197,18414,70.823077,69.988462
18198,18415,70.826923,69.992308
18199,18416,70.830769,69.996154
18200,18417,70.834615,70.000000
18201,18418,70.838462,70.003846
18202,18419,70.842308,70.007692
18203,18420,70.846154,70.011538
18204,18421,70.850000,70.015385
18205,18422,70.853846,70.019231
18206,18423,70.857692,70.023077
18207,18424,70.861538,70.026923
18208,18425,70.865385,70.030769
18209,18426,70.869231,70.034615
18210,18427,70.873077,70.038462
18211,18428,70.876923,70.042308
18212,18429,70.880769,70.046154
18213,18430,70.884615,70.050000
18214,18431,70.888462,70.053846
18215,18432,70.892308,70.057692
18216,18433,70.896154,70.061538
18217,18434,70.900000,70.065385
18218,18435,70.903846,70.069231
18219,18436,70.907692,70.073077
18220,18437,70.911538,70.076923
18221,18438,70.915385,70.080769
18222,18439,70.919231,70.084615
18223,18440,70.923077,70.088462
18224,18441,70.926923,70.092308
18225,18442,70.930769,70.096154
18226,18443,70.934615,70.100000
18227,18444,70.938462,70.103846
18228,18445,70.942308,70.107692
18229,18446,70.946154,70.111538
18230,18447,70.950000,70.115385
18231,18448,70.953846,70.119231
18232,18449,70.957692,70.123077
18233,18450,70.961538,70.126923
18234,18451,70.965385,70.130769
18235,18452,70.969231,70.134615
18236,18453,70.973077,70.138462
18237,18454,70.976923,70.142308
18238,18455,70.980769,70.146154
18239,18456,70.984615,70.150000
18240,18457,70.988462,70.153846
18241,18458,70.992308,70.157692
18242,18459,70.996154,70.161538
18243,18460,71.000000,70.165385
18244,18461,71.003846,70.169231
18245,18462,71.007692,70.173077
18246,18463,71.011538,70.176923
18247,18464,71.015385,70.180769
18248,18465,71.019231,70.184615
18249,18466,71.023077,70.188462
18250,18467,71.026923,70.192308
18251,18468,71.030769,70.196154
18252,18469,71.034615,70.200000
18253,18470,71.038462,70.203846
18254,18471,71.042308,70.207692
18255,18472,71.046154,70.211538
18256,18473,71.050000,70.215385
18257,18474,71.053846,70.219231
18258,18475,71.057692,70.223077
18259,18476,71.061538,70.226923
18260,18477,71.065385,70.230769
18261,18478,71.069231,70.234615
18262,18479,71.073077,70.238462
18263,18480,71.076923,70.242308
18264,18481,71.080769,70.246154
18265,18482,71.084615,70.250000
18266,18483,71.088462,70.253846
18267,18484,71.092308,70.257692
18268,18485,71.096154,70.261538
18269,18486,71.100000,70.265385
18270,18487,71.103846,70.269231
18271,18488,71.107692,70.273077
18272,18489,71.111538,70.276923
18273,18490,71.115385,70.280769
18274,18491,71.119231,70.284615
18275,18492,71.123077,70.288462
18276,18493,71.126923,70.292308
18277,18494,71.130769,70.296154
18278,18495,71.134615,70.300000
18279,18496,71.138462,70.303846
18280,18497,71.142308,70.307692
18281,18498,71.146154,70.311538
18282,18499,71.150000,70.315385
18283,18500,71.153846,70.319231
18284,18501,71.157692,70.323077
18285,18502,71.161538,70.326923
18286,18503,71.165385,70.330769
18287,18504,71.169231,70.334615
18288,18505,71.173077,70.338462
18289,18506,71.176923,70.342308
18290,18507,71.180769,70.346154
18291,18508,71.184615,70.350000
18292,18509,71.188462,70.353846
18293,18510,71.192308,70.357692
18294,18511,71.196154,70.361538
18295,18512,71.200000,70.365385
18296,18513,71.203846,70.369231
18297,18514,71.207692,70.373077
18298,18515,71.211538,70.376923
18299,18516,71.215385,70.380769
18300,18517,71.219231,70.384615
18301,18518,71.223077,70.388462
18302,18519,71.226923,70.392308
18303,18520,71.230769,70.396154
18304,18521,71.234615,70.400000
18305,18522,71.238462,70.403846
18306,18523,71.242308,70.407692
18307,18524,71.246154,70.411538
18308,18525,71.250000,70.415385
18309,18526,71.253846,70.419231
18310,18527,71.257692,70.423077
18311,18528,71.261538,70.426923
18312,18529,71.265385,70.430769
18313,18530,71.269231,70.434615
18314,18531,71.273077,70.438462
18315,18532,71.276923,70.442308
18316,18533,71.280769,70.446154
18317,18534,71.284615,70.450000
18318,18535,71.288462,70.453846
18319,18536,71.292308,70.457692
18320,18537,71.296154,70.461538
18321,18538,71.300000,70.465385
18322,18539,71.303846,70.469231
18323,18540,71.307692,70.473077
18324,18541,71.311538,70.476923
18325,18542,71.315385,70.480769
18326,18543,71.319231,70.484615
18327,18544,71.323077,70.488462
18328,18545,71.326923,70.492308
18329,18546,71.330769,70.496154
18330,18547,71.334615,70.500000
18331,18548,71.338462,70.503846
18332,18549,71.342308,70.507692
18333,18550,71.346154,70.511538
18334,18551,71.350000,70.515385
18335,18552,71.353846,70.519231
18336,18553,71.357692,70.523077
18337,18554,71.361538,70.526923
18338,18555,71.365385,70.530769
18339,18556,71.369231,70.534615
18340,18557,71.373077,70.538462
18341,18558,71.376923,70.542308
18342,18559,71.380769,70.546154
18343,18560,71.384615,70.550000
18344,18561,71.388462,70.553846
18345,18562,71.392308,70.557692
18346,18563,71.396154,70.561538
18347,18564,71.400000,70.565385
18348,18565,71.403846,70.569231
18349,18566,71.407692,70.573077
18350,18567,71.411538,70.576923
18351,18568,71.415385,70.580769
18352,18569,71.419231,70.584615
18353,18570,71.423077,70.588462
18354,18571,71.426923,70.592308
18355,18572,71.430769,70.596154
18356,18573,71.434615,70.600000
18357,18574,71.438462,70.603846
18358,18575,71.442308,70.607692
18359,18576,71.446154,70.611538
18360,18577,71.450000,70.615385
18361,18578,71.453846,70.619231
18362,18579,71.457692,70.623077
18363,18580,71.461538,70.626923
18364,18581,71.465385,70.630769
18365,18582,71.469231,70.634615
18366,18583,71.473077,70.638462
18367,18584,71.476923,70.642308
18368,18585,71.480769,70.646154
18369,18586,71.484615,70.650000
18370,18587,71.488462,70.653846
18371,18588,71.492308,70.657692
18372,18589,71.496154,70.661538
18373,18590,71.500000,70.665385
18374,18591,71.503846,70.669231
18375,18592,71.507692,70.673077
18376,18593,71.511538,70.676923
18377,18594,71.515385,70.680769
18378,18595,71.519231,70.684615
18379,18596,71.523077,70.688462
18380,18597,71.526923,70.692308
18381,18598,71.530769,70.696154
18382,18599,71.534615,70.700000
18383,18600,71.538462,70.703846
18384,18601,71.542308,70.707692
18385,18602,71.546154,70.711538
18386,18603,71.550000,70.715385
18387,18604,71.553846,70.719231
18388,18605,71.557692,70.723077
18389,18606,71.561538,70.726923
18390,18607,71.565385,70.730769
18391,18608,71.569231,70.734615
18392,18609,71.573077,70.738462
18393,18610,71.576923,70.742308
18394,18611,71.580769,70.746154
18395,18612,71.584615,70.750000
18396,18613,71.588462,70.753846
18397,18614,71.592308,70.757692
18398,18615,71.596154,70.761538
18399,18616,71.600000,70.765385
18400,18617,71.603846,70.769231
18401,18618,71.607692,70.773077
18402,18619,71.611538,70.776923
18403,18620,71.615385,70.780769
18404,18621,71.619231,70.784615
18405,18622,71.623077,70.788462
18406,18623,71.626923,70.792308
18407,18624,71.630769,70.796154
18408,18625,71.634615,70.800000
18409,18626,71.638462,70.803846
18410,18627,71.642308,70.807692
18411,18628,71.646154,70.811538
18412,18629,71.650000,70.815385
18413,18630,71.653846,70.819231
18414,18631,71.657692,70.823077
18415,18632,71.661538,70.826923
18416,18633,71.665385,70.830769
18417,18634,71.669231,70.834615
18418,18635,71.673077,70.838462
18419,18636,71.676923,70.842308
18420,18637,71.680769,70.846154
18421,18638,71.684615,70.850000
18422,18639,71.688462,70.853846
18423,18640,71.692308,70.857692
18424,18641,71.696154,70.861538
18425,18642,71.700000,70.865385
18426,18643,71.703846,70.869231
18427,18644,71.707692,70.873077
18428,18645,71.711538,70.876923
18429,18646,71.715385,70.880769
18430,18647,71.719231,70.884615
18431,18648,71.723077,70.888462
18432,18649,71.726923,70.892308
18433,18650,71.730769,70.896154
18434,18651,71.734615,70.900000
18435,18652,71.738462,70.903846
18436,18653,71.742308,70.907692
18437,18654,71.746154,70.911538
18438,18655,71.750000,70.915385
18439,18656,71.753846,70.919231
18440,18657,71.757692,70.923077
18441,18658,71.761538,70.926923
18442,18659,71.765385,70.930769
18443,18660,71.769231,70.934615
18444,18661,71.773077,70.938462
18445,18662,71.776923,70.942308
18446,18663,71.780769,70.946154
18447,18664,71.784615,70.950000
18448,18665,71.788462,70.953846
18449,18666,71.792308,70.957692
18450,18667,71.796154,70.961538
18451,18668,71.800000,70.965385
18452,18669,71.803846,70.969231
18453,18670,71.807692,70.973077
18454,18671,71.811538,70.976923
18455,18672,71.815385,70.980769
18456,18673,71.819231,70.984615
18457,18674,71.823077,70.988462
18458,18675,71.826923,70.992308
18459,18676,71.830769,70.996154
18460,18677,71.834615,71.000000
18461,18678,71.838462,71.003846
18462,18679,71.842308,71.007692
18463,18680,71.846154,71.011538
18464,18681,71.850000,71.015385
18465,18682,71.853846,71.019231
18466,18683,71.857692,71.023077
18467,18684,71.861538,71.026923
18468,18685,71.865385,71.030769
18469,18686,71.869231,71.034615
18470,18687,71.873077,71.038462
18471,18688,71.876923,71.042308
18472,18689,71.880769,71.046154
18473,18690,71.884615,71.050000
18474,18691,71.888462,71.053846
18475,18692,71.892308,71.057692
18476,18693,71.896154,71.061538
18477,18694,71.900000,71.065385
18478,18695,71.903846,71.069231
18479,18696,71.907692,71.073077
18480,18697,71.911538,71.076923
18481,18698,71.915385,71.080769
18482,18699,71.919231,71.084615
18483,18700,71.923077,71.088462
18484,18701,71.926923,71.092308
18485,18702,71.930769,71.096154
18486,18703,71.934615,71.100000
18487,18704,71.938462,71.103846
18488,18705,71.942308,71.107692
18489,18706,71.946154,71.111538
18490,18707,71.950000,71.115385
18491,18708,71.953846,71.119231
18492,18709,71.957692,71.123077
18493,18710,71.961538,71.126923
18494,18711,71.965385,71.130769
18495,18712,71.969231,71.134615
18496,18713,71.973077,71.138462
18497,18714,71.976923,71.142308
18498,18715,71.980769,71.146154
18499,18716,71.984615,71.150000
18500,18717,71.988462,71.153846
18501,18718,71.992308,71.157692
18502,18719,71.996154,71.161538
18503,18720,72.000000,71.165385
18504,18721,72.003846,71.169231
18505,18722,72.007692,71.173077
18506,18723,72.011538,71.176923
18507,18724,72.015385,71.180769
18508,18725,72.019231,71.184615
18509,18726,72.023077,71.188462
18510,18727,72.026923,71.192308
18511,18728,72.030769,71.196154
18512,18729,72.034615,71.200000
18513,18730,72.038462,71.203846
18514,18731,72.042308,71.207692
18515,18732,72.046154,71.211538
18516,18733,72.050000,71.215385
18517,18734,72.053846,71.219231
18518,18735,72.057692,71.223077
18519,18736,72.061538,71.226923
18520,18737,72.065385,71.230769
18521,18738,72.069231,71.234615
18522,18739,72.073077,71.238462
18523,18740,72.076923,71.242308
18524,18741,72.080769,71.246154
18525,18742,72.084615,71.250000
18526,18743,72.088462,71.253846
18527,18744,72.092308,71.257692
18528,18745,72.096154,71.261538
18529,18746,72.100000,71.265385
18530,18747,72.103846,71.269231
18531,18748,72.107692,71.273077
18532,18749,72.111538,71.276923
18533,18750,72.115385,71.280769
18534,18751,72.119231,71.284615
18535,18752,72.123077,71.288462
18536,18753,72.126923,71.292308
18537,18754,72.130769,71.296154
18538,18755,72.134615,71.300000
18539,18756,72.138462,71.303846
18540,18757,72.142308,71.307692
18541,18758,72.146154,71.311538
18542,18759,72.150000,71.315385
18543,18760,72.153846,71.319231
18544,18761,72.157692,71.323077
18545,18762,72.161538,71.326923
18546,18763,72.165385,71.330769
18547,18764,72.169231,71.334615
18548,18765,72.173077,71.338462
18549,18766,72.176923,71.342308
18550,18767,72.180769,71.346154
18551,18768,72.184615,71.350000
18552,18769,72.188462,71.353846
18553,18770,72.192308,71.357692
18554,18771,72.196154,71.361538
18555,18772,72.200000,71.365385
18556,18773,72.203846,71.369231
18557,18774,72.207692,71.373077
18558,18775,72.211538,71.376923
18559,18776,72.215385,71.380769
18560,18777,72.219231,71.384615
18561,18778,72.223077,71.388462
18562,18779,72.226923,71.392308
18563,18780,72.230769,71.396154
18564,18781,72.234615,71.400000
18565,18782,72.238462,71.403846
18566,18783,72.242308,71.407692
18567,18784,72.246154,71.411538
18568,18785,72.250000,71.415385
18569,18786,72.253846,71.419231
18570,18787,72.257692,71.423077
18571,18788,72.261538,71.426923
18572,18789,72.265385,71.430769
18573,18790,72.269231,71.434615
18574,18791,72.273077,71.438462
18575,18792,72.276923,71.442308
18576,18793,72.280769,71.446154
18577,18794,72.284615,71.450000
18578,18795,72.288462,71.453846
18579,18796,72.292308,71.457692
18580,18797,72.296154,71.461538
18581,18798,72.300000,71.465385
18582,18799,72.303846,71.469231
18583,18800,72.307692,71.473077
18584,18801,72.311538,71.476923
18585,18802,72.315385,71.480769
18586,18803,72.319231,71.484615
18587,18804,72.323077,71.488462
18588,18805,72.326923,71.492308
18589,18806,72.330769,71.496154
18590,18807,72.334615,71.500000
18591,18808,72.338462,71.503846
18592,18809,72.342308,71.507692
18593,18810,72.346154,71.511538
18594,18811,72.350000,71.515385
18595,18812,72.353846,71.519231
18596,18813,72.357692,71.523077
18597,18814,72.361538,71.526923
18598,18815,72.365385,71.530769
18599,18816,72.369231,71.534615
18600,18817,72.373077,71.538462
18601,18818,72.376923,71.542308
18602,18819,72.380769,71.546154
18603,18820,72.384615,71.550000
18604,18821,72.388462,71.553846
18605,18822,72.392308,71.557692
18606,18823,72.396154,71.561538
18607,18824,72.400000,71.565385
18608,18825,72.403846,71.569231
18609,18826,72.407692,71.573077
18610,18827,72.411538,71.576923
18611,18828,72.415385,71.580769
18612,18829,72.419231,71.584615
18613,18830,72.423077,71.588462
18614,18831,72.426923,71.592308
18615,18832,72.430769,71.596154
18616,18833,72.434615,71.600000
18617,18834,72.438462,71.603846
18618,18835,72.442308,71.607692
18619,18836,72.446154,71.611538
18620,18837,72.450000,71.615385
18621,18838,72.453846,71.619231
18622,18839,72.457692,71.623077
18623,18840,72.461538,71.626923
18624,18841,72.465385,71.630769
18625,18842,72.469231,71.634615
18626,18843,72.473077,71.638462
18627,18844,72.476923,71.642308
18628,18845,72.480769,71.646154
18629,18846,72.484615,71.650000
18630,18847,72.488462,71.653846
18631,18848,72.492308,71.657692
18632,18849,72.496154,71.661538
18633,18850,72.500000,71.665385
18634,18851,72.503846,71.669231
18635,18852,72.507692,71.673077
18636,18853,72.511538,71.676923
18637,18854,72.515385,71.680769
18638,18855,72.519231,71.684615
18639,18856,72.523077,71.688462
18640,18857,72.526923,71.692308
18641,18858,72.530769,71.696154
18642,18859,72.534615,71.700000
18643,18860,72.538462,71.703846
18644,18861,72.542308,71.707692
18645,18862,72.546154,71.711538
18646,18863,72.550000,71.715385
18647,18864,72.553846,71.719231
18648,18865,72.557692,71.723077
18649,18866,72.561538,71.726923
18650,18867,72.565385,71.730769
18651,18868,72.569231,71.734615
18652,18869,72.573077,71.738462
18653,18870,72.576923,71.742308
18654,18871,72.580769,71.746154
18655,18872,72.584615,71.750000
18656,18873,72.588462,71.753846
18657,18874,72.592308,71.757692
18658,18875,72.596154,71.761538
18659,18876,72.600000,71.765385
18660,18877,72.603846,71.769231
18661,18878,72.607692,71.773077
18662,18879,72.611538,71.776923
18663,18880,72.615385,71.780769
18664,18881,72.619231,71.784615
18665,18882,72.623077,71.788462
18666,18883,72.626923,71.792308
18667,18884,72.630769,71.796154
18668,18885,72.634615,71.800000
18669,18886,72.638462,71.803846
18670,18887,72.642308,71.807692
18671,18888,72.646154,71.811538
18672,18889,72.650000,71.815385
18673,18890,72.653846,71.819231
18674,18891,72.657692,71.823077
18675,18892,72.661538,71.826923
18676,18893,72.665385,71.830769
18677,18894,72.669231,71.834615
18678,18895,72.673077,71.838462
18679,18896,72.676923,71.842308
18680,18897,72.680769,71.846154
18681,18898,72.684615,71.850000
18682,18899,72.688462,71.853846
18683,18900,72.692308,71.857692
18684,18901,72.696154,71.861538
18685,18902,72.700000,71.865385
18686,18903,72.703846,71.869231
18687,18904,72.707692,71.873077
18688,18905,72.711538,71.876923
18689,18906,72.715385,71.880769
18690,18907,72.719231,71.884615
18691,18908,72.723077,71.888462
18692,18909,72.726923,71.892308
18693,18910,72.730769,71.896154
18694,18911,72.734615,71.900000
18695,18912,72.738462,71.903846
18696,18913,72.742308,71.907692
18697,18914,72.746154,71.911538
18698,18915,72.750000,71.915385
18699,18916,72.753846,71.919231
18700,18917,72.757692,71.923077
18701,18918,72.761538,71.926923
18702,18919,72.765385,71.930769
18703,18920,72.769231,71.934615
18704,18921,72.773077,71.938462
18705,18922,72.776923,71.942308
18706,18923,72.780769,71.946154
18707,18924,72.784615,71.950000
18708,18925,72.788462,71.953846
18709,18926,72.792308,71.957692
18710,18927,72.796154,71.961538
18711,18928,72.800000,71.965385
18712,18929,72.803846,71.969231
18713,18930,72.807692,71.973077
18714,18931,72.811538,71.976923
18715,18932,72.815385,71.980769
18716,18933,72.819231,71.984615
18717,18934,72.823077,71.988462
18718,18935,72.826923,71.992308
18719,18936,72.830769,71.996154
18720,18937,72.834615,72.000000
18721,18938,72.838462,72.003846
18722,18939,72.842308,72.007692
18723,18940,72.846154,72.011538
18724,18941,72.850000,72.015385
18725,18942,72.853846,72.019231
18726,18943,72.857692,72.023077
18727,18944,72.861538,72.026923
18728,18945,72.865385,72.030769
18729,18946,72.869231,72.034615
18730,18947,72.873077,72.038462
18731,18948,72.876923,72.042308
18732,18949,72.880769,72.046154
18733,18950,72.884615,72.050000
18734,18951,72.888462,72.053846
18735,18952,72.892308,72.057692
18736,18953,72.896154,72.061538
18737,18954,72.900000,72.065385
18738,18955,72.903846,72.069231
18739,18956,72.907692,72.073077
18740,18957,72.911538,72.076923
18741,18958,72.915385,72.080769
18742,18959,72.919231,72.084615
18743,18960,72.923077,72.088462
18744,18961,72.926923,72.092308
18745,18962,72.930769,72.096154
18746,18963,72.934615,72.100000
18747,18964,72.938462,72.103846
18748,18965,72.942308,72.107692
18749,18966,72.946154,72.111538
18750,18967,72.950000,72.115385
18751,18968,72.953846,72.119231
18752,18969,72.957692,72.123077
18753,18970,72.961538,72.126923
18754,18971,72.965385,72.130769
18755,18972,72.969231,72.134615
18756,18973,72.973077,72.138462
18757,18974,72.976923,72.142308
18758,18975,72.980769,72.146154
18759,18976,72.984615,72.150000
18760,18977,72.988462,72.153846
18761,18978,72.992308,72.157692
18762,18979,72.996154,72.161538
18763,18980,73.000000,72.165385
18764,18981,73.003846,72.169231
18765,18982,73.007692,72.173077
18766,18983,73.011538,72.176923
18767,18984,73.015385,72.180769
18768,18985,73.019231,72.184615
18769,18986,73.023077,72.188462
18770,18987,73.026923,72.192308
18771,18988,73.030769,72.196154
18772,18989,73.034615,72.200000
18773,18990,73.038462,72.203846
18774,18991,73.042308,72.207692
18775,18992,73.046154,72.211538
18776,18993,73.050000,72.215385
18777,18994,73.053846,72.219231
18778,18995,73.057692,72.223077
18779,18996,73.061538,72.226923
18780,18997,73.065385,72.230769
18781,18998,73.069231,72.234615
18782,18999,73.073077,72.238462
18783,19000,73.076923,72.242308
18784,19001,73.080769,72.246154
18785,19002,73.084615,72.250000
18786,19003,73.088462,72.253846
18787,19004,73.092308,72.257692
18788,19005,73.096154,72.261538
18789,19006,73.100000,72.265385
18790,19007,73.103846,72.269231
18791,19008,73.107692,72.273077
18792,19009,73.111538,72.276923
18793,19010,73.115385,72.280769
18794,19011,73.119231,72.284615
18795,19012,73.123077,72.288462
18796,19013,73.126923,72.292308
18797,19014,73.130769,72.296154
18798,19015,73.134615,72.300000
18799,19016,73.138462,72.303846
18800,19017,73.142308,72.307692
18801,19018,73.146154,72.311538
18802,19019,73.150000,72.315385
18803,19020,73.153846,72.319231
18804,19021,73.157692,72.323077
18805,19022,73.161538,72.326923
18806,19023,73.165385,72.330769
18807,19024,73.169231,72.334615
18808,19025,73.173077,72.338462
18809,19026,73.176923,72.342308
18810,19027,73.180769,72.346154
18811,19028,73.184615,72.350000
18812,19029,73.188462,72.353846
18813,19030,73.192308,72.357692
18814,19031,73.196154,72.361538
18815,19032,73.200000,72.365385
18816,19033,73.203846,72.369231
18817,19034,73.207692,72.373077
18818,19035,73.211538,72.376923
18819,19036,73.215385,72.380769
18820,19037,73.219231,72.384615
18821,19038,73.223077,72.388462
18822,19039,73.226923,72.392308
18823,19040,73.230769,72.396154
18824,19041,73.234615,72.400000
18825,19042,73.238462,72.403846
18826,19043,73.242308,72.407692
18827,19044,73.246154,72.411538
18828,19045,73.250000,72.415385
18829,19046,73.253846,72.419231
18830,19047,73.257692,72.423077
18831,19048,73.261538,72.426923
18832,19049,73.265385,72.430769
18833,19050,73.269231,72.434615
18834,19051,73.273077,72.438462
18835,19052,73.276923,72.442308
18836,19053,73.280769,72.446154
18837,19054,73.284615,72.450000
18838,19055,73.288462,72.453846
18839,19056,73.292308,72.457692
18840,19057,73.296154,72.461538
18841,19058,73.300000,72.465385
18842,19059,73.303846,72.469231
18843,19060,73.307692,72.473077
18844,19061,73.311538,72.476923
18845,19062,73.315385,72.480769
18846,19063,73.319231,72.484615
18847,19064,73.323077,72.488462
18848,19065,73.326923,72.492308
18849,19066,73.330769,72.496154
18850,19067,73.334615,72.500000
18851,19068,73.338462,72.503846
18852,19069,73.342308,72.507692
18853,19070,73.346154,72.511538
18854,19071,73.350000,72.515385
18855,19072,73.353846,72.519231
18856,19073,73.357692,72.523077
18857,19074,73.361538,72.526923
18858,19075,73.365385,72.530769
18859,19076,73.369231,72.534615
18860,19077,73.373077,72.538462
18861,19078,73.376923,72.542308
18862,19079,73.380769,72.546154
18863,19080,73.384615,72.550000
18864,19081,73.388462,72.553846
18865,19082,73.392308,72.557692
18866,19083,73.396154,72.561538
18867,19084,73.400000,72.565385
18868,19085,73.403846,72.569231
18869,19086,73.407692,72.573077
18870,19087,73.411538,72.576923
18871,19088,73.415385,72.580769
18872,19089,73.419231,72.584615
18873,19090,73.423077,72.588462
18874,19091,73.426923,72.592308
18875,19092,73.430769,72.596154
18876,19093,73.434615,72.600000
18877,19094,73.438462,72.603846
18878,19095,73.442308,72.607692
18879,19096,73.446154,72.611538
18880,19097,73.450000,72.615385
18881,19098,73.453846,72.619231
18882,19099,73.457692,72.623077
18883,19100,73.461538,72.626923
18884,19101,73.465385,72.630769
18885,19102,73.469231,72.634615
18886,19103,73.473077,72.638462
18887,19104,73.476923,72.642308
18888,19105,73.480769,72.646154
18889,19106,73.484615,72.650000
18890,19107,73.488462,72.653846
18891,19108,73.492308,72.657692
18892,19109,73.496154,72.661538
18893,19110,73.500000,72.665385
18894,19111,73.503846,72.669231
18895,19112,73.507692,72.673077
18896,19113,73.511538,72.676923
18897,19114,73.515385,72.680769
18898,19115,73.519231,72.684615
18899,19116,73.523077,72.688462
18900,19117,73.526923,72.692308
18901,19118,73.530769,72.696154
18902,19119,73.534615,72.700000
18903,19120,73.538462,72.703846
18904,19121,73.542308,72.707692
18905,19122,73.546154,72.711538
18906,19123,73.550000,72.715385
18907,19124,73.553846,72.719231
18908,19125,73.557692,72.723077
18909,19126,73.561538,72.726923
18910,19127,73.565385,72.730769
18911,19128,73.569231,72.734615
18912,19129,73.573077,72.738462
18913,19130,73.576923,72.742308
18914,19131,73.580769,72.746154
18915,19132,73.584615,72.750000
18916,19133,73.588462,72.753846
18917,19134,73.592308,72.757692
18918,19135,73.596154,72.761538
18919,19136,73.600000,72.765385
18920,19137,73.603846,72.769231
18921,19138,73.607692,72.773077
18922,19139,73.611538,72.776923
18923,19140,73.615385,72.780769
18924,19141,73.619231,72.784615
18925,19142,73.623077,72.788462
18926,19143,73.626923,72.792308
18927,19144,73.630769,72.796154
18928,19145,73.634615,72.800000
18929,19146,73.638462,72.803846
18930,19147,73.642308,72.807692
18931,19148,73.646154,72.811538
18932,19149,73.650000,72.815385
18933,19150,73.653846,72.819231
18934,19151,73.657692,72.823077
18935,19152,73.661538,72.826923
18936,19153,73.665385,72.830769
18937,19154,73.669231,72.834615
18938,19155,73.673077,72.838462
18939,19156,73.676923,72.842308
18940,19157,73.680769,72.846154
18941,19158,73.684615,72.850000
18942,19159,73.688462,72.853846
18943,19160,73.692308,72.857692
18944,19161,73.696154,72.861538
18945,19162,73.700000,72.865385
18946,19163,73.703846,72.869231
18947,19164,73.707692,72.873077
18948,19165,73.711538,72.876923
18949,19166,73.715385,72.880769
18950,19167,73.719231,72.884615
18951,19168,73.723077,72.888462
18952,19169,73.726923,72.892308
18953,19170,73.730769,72.896154
18954,19171,73.734615,72.900000
18955,19172,73.738462,72.903846
18956,19173,73.742308,72.907692
18957,19174,73.746154,72.911538
18958,19175,73.750000,72.915385
18959,19176,73.753846,72.919231
18960,19177,73.757692,72.923077
18961,19178,73.761538,72.926923
18962,19179,73.765385,72.930769
18963,19180,73.769231,72.934615
18964,19181,73.773077,72.938462
18965,19182,73.776923,72.942308
18966,19183,73.780769,72.946154
18967,19184,73.784615,72.950000
18968,19185,73.788462,72.953846
18969,19186,73.792308,72.957692
18970,19187,73.796154,72.961538
18971,19188,73.800000,72.965385
18972,19189,73.803846,72.969231
18973,19190,73.807692,72.973077
18974,19191,73.811538,72.976923
18975,19192,73.815385,72.980769
18976,19193,73.819231,72.984615
18977,19194,73.823077,72.988462
18978,19195,73.826923,72.992308
18979,19196,73.830769,72.996154
18980,19197,73.834615,73.000000
18981,19198,73.838462,73.003846
18982,19199,73.842308,73.007692
18983,19200,73.846154,73.011538
18984,19201,73.850000,73.015385
18985,19202,73.853846,73.019231
18986,19203,73.857692,73.023077
18987,19204,73.861538,73.026923
18988,19205,73.865385,73.030769
18989,19206,73.869231,73.034615
18990,19207,73.873077,73.038462
18991,19208,73.876923,73.042308
18992,19209,73.880769,73.046154
18993,19210,73.884615,73.050000
18994,19211,73.888462,73.053846
18995,19212,73.892308,73.057692
18996,19213,73.896154,73.061538
18997,19214,73.900000,73.065385
18998,19215,73.903846,73.069231
18999,19216,73.907692,73.073077
19000,19217,73.911538,73.076923
19001,19218,73.915385,73.080769
19002,19219,73.919231,73.084615
19003,19220,73.923077,73.088462
19004,19221,73.926923,73.092308
19005,19222,73.930769,73.096154
19006,19223,73.934615,73.100000
19007,19224,73.938462,73.103846
19008,19225,73.942308,73.107692
19009,19226,73.946154,73.111538
19010,19227,73.950000,73.115385
19011,19228,73.953846,73.119231
19012,19229,73.957692,73.123077
19013,19230,73.961538,73.126923
19014,19231,73.965385,73.130769
19015,19232,73.969231,73.134615
19016,19233,73.973077,73.138462
19017,19234,73.976923,73.142308
19018,19235,73.980769,73.146154
19019,19236,73.984615,73.150000
19020,19237,73.988462,73.153846
19021,19238,73.992308,73.157692
19022,19239,73.996154,73.161538
19023,19240,74.000000,73.165385
19024,19241,74.003846,73.169231
19025,19242,74.007692,73.173077
19026,19243,74.011538,73.176923
19027,19244,74.015385,73.180769
19028,19245,74.019231,73.184615
19029,19246,74.023077,73.188462
19030,19247,74.026923,73.192308
19031,19248,74.030769,73.196154
19032,19249,74.034615,73.200000
19033,19250,74.038462,73.203846
19034,19251,74.042308,73.207692
19035,19252,74.046154,73.211538
19036,19253,74.050000,73.215385
19037,19254,74.053846,73.219231
19038,19255,74.057692,73.223077
19039,19256,74.061538,73.226923
19040,19257,74.065385,73.230769
19041,19258,74.069231,73.234615
19042,19259,74.073077,73.238462
19043,19260,74.076923,73.242308
19044,19261,74.080769,73.246154
19045,19262,74.084615,73.250000
19046,19263,74.088462,73.253846
19047,19264,74.092308,73.257692
19048,19265,74.096154,73.261538
19049,19266,74.100000,73.265385
19050,19267,74.103846,73.269231
19051,19268,74.107692,73.273077
19052,19269,74.111538,73.276923
19053,19270,74.115385,73.280769
19054,19271,74.119231,73.284615
19055,19272,74.123077,73.288462
19056,19273,74.126923,73.292308
19057,19274,74.130769,73.296154
19058,19275,74.134615,73.300000
19059,19276,74.138462,73.303846
19060,19277,74.142308,73.307692
19061,19278,74.146154,73.311538
19062,19279,74.150000,73.315385
19063,19280,74.153846,73.319231
19064,19281,74.157692,73.323077
19065,19282,74.161538,73.326923
19066,19283,74.165385,73.330769
19067,19284,74.169231,73.334615
19068,19285,74.173077,73.338462
19069,19286,74.176923,73.342308
19070,19287,74.180769,73.346154
19071,19288,74.184615,73.350000
19072,19289,74.188462,73.353846
19073,19290,74.192308,73.357692
19074,19291,74.196154,73.361538
19075,19292,74.200000,73.365385
19076,19293,74.203846,73.369231
19077,19294,74.207692,73.373077
19078,19295,74.211538,73.376923
19079,19296,74.215385,73.380769
19080,19297,74.219231,73.384615
19081,19298,74.223077,73.388462
19082,19299,74.226923,73.392308
19083,19300,74.230769,73.396154
19084,19301,74.234615,73.400000
19085,19302,74.238462,73.403846
19086,19303,74.242308,73.407692
19087,19304,74.246154,73.411538
19088,19305,74.250000,73.415385
19089,19306,74.253846,73.419231
19090,19307,74.257692,73.423077
19091,19308,74.261538,73.426923
19092,19309,74.265385,73.430769
19093,19310,74.269231,73.434615
19094,19311,74.273077,73.438462
19095,19312,74.276923,73.442308
19096,19313,74.280769,73.446154
19097,19314,74.284615,73.450000
19098,19315,74.288462,73.453846
19099,19316,74.292308,73.457692
19100,19317,74.296154,73.461538
19101,19318,74.300000,73.465385
19102,19319,74.303846,73.469231
19103,19320,74.307692,73.473077
19104,19321,74.311538,73.476923
19105,19322,74.315385,73.480769
19106,19323,74.319231,73.484615
19107,19324,74.323077,73.488462
19108,19325,74.326923,73.492308
19109,19326,74.330769,73.496154
19110,19327,74.334615,73.500000
19111,19328,74.338462,73.503846
19112,19329,74.342308,73.507692
19113,19330,74.346154,73.511538
19114,19331,74.350000,73.515385
19115,19332,74.353846,73.519231
19116,19333,74.357692,73.523077
19117,19334,74.361538,73.526923
19118,19335,74.365385,73.530769
19119,19336,74.369231,73.534615
19120,19337,74.373077,73.538462
19121,19338,74.376923,73.542308
19122,19339,74.380769,73.546154
19123,19340,74.384615,73.550000
19124,19341,74.388462,73.553846
19125,19342,74.392308,73.557692
19126,19343,74.396154,73.561538
19127,19344,74.400000,73.565385
19128,19345,74.403846,73.569231
19129,19346,74.407692,73.573077
19130,19347,74.411538,73.576923
19131,19348,74.415385,73.580769
19132,19349,74.419231,73.584615
19133,19350,74.423077,73.588462
19134,19351,74.426923,73.592308
19135,19352,74.430769,73.596154
19136,19353,74.434615,73.600000
19137,19354,74.438462,73.603846
19138,19355,74.442308,73.607692
19139,19356,74.446154,73.611538
19140,19357,74.450000,73.615385
19141,19358,74.453846,73.619231
19142,19359,74.457692,73.623077
19143,19360,74.461538,73.626923
19144,19361,74.465385,73.630769
19145,19362,74.469231,73.634615
19146,19363,74.473077,73.638462
19147,19364,74.476923,73.642308
19148,19365,74.480769,73.646154
19149,19366,74.484615,73.650000
19150,19367,74.488462,73.653846
19151,19368,74.492308,73.657692
19152,19369,74.496154,73.661538
19153,19370,74.500000,73.665385
19154,19371,74.503846,73.669231
19155,19372,74.507692,73.673077
19156,19373,74.511538,73.676923
19157,19374,74.515385,73.680769
19158,19375,74.519231,73.684615
19159,19376,74.523077,73.688462
19160,19377,74.526923,73.692308
19161,19378,74.530769,73.696154
19162,19379,74.534615,73.700000
19163,19380,74.538462,73.703846
19164,19381,74.542308,73.707692
19165,19382,74.546154,73.711538
19166,19383,74.550000,73.715385
19167,19384,74.553846,73.719231
19168,19385,74.557692,73.723077
19169,19386,74.561538,73.726923
19170,19387,74.565385,73.730769
19171,19388,74.569231,73.734615
19172,19389,74.573077,73.738462
19173,19390,74.576923,73.742308
19174,19391,74.580769,73.746154
19175,19392,74.584615,73.750000
19176,19393,74.588462,73.753846
19177,19394,74.592308,73.757692
19178,19395,74.596154,73.761538
19179,19396,74.600000,73.765385
19180,19397,74.603846,73.769231
19181,19398,74.607692,73.773077
19182,19399,74.611538,73.776923
19183,19400,74.615385,73.780769
19184,19401,74.619231,73.784615
19185,19402,74.623077,73.788462
19186,19403,74.626923,73.792308
19187,19404,74.630769,73.796154
19188,19405,74.634615,73.800000
19189,19406,74.638462,73.803846
19190,19407,74.642308,73.807692
19191,19408,74.646154,73.811538
19192,19409,74.650000,73.815385
19193,19410,74.653846,73.819231
19194,19411,74.657692,73.823077
19195,19412,74.661538,73.826923
19196,19413,74.665385,73.830769
19197,19414,74.669231,73.834615
19198,19415,74.673077,73.838462
19199,19416,74.676923,73.842308
19200,19417,74.680769,73.846154
19201,19418,74.684615,73.850000
19202,19419,74.688462,73.853846
19203,19420,74.692308,73.857692
19204,19421,74.696154,73.861538
19205,19422,74.700000,73.865385
19206,19423,74.703846,73.869231
19207,19424,74.707692,73.873077
19208,19425,74.711538,73.876923
19209,19426,74.715385,73.880769
19210,19427,74.719231,73.884615
19211,19428,74.723077,73.888462
19212,19429,74.726923,73.892308
19213,19430,74.730769,73.896154
19214,19431,74.734615,73.900000
19215,19432,74.738462,73.903846
19216,19433,74.742308,73.907692
19217,19434,74.746154,73.911538
19218,19435,74.750000,73.915385
19219,19436,74.753846,73.919231
19220,19437,74.757692,73.923077
19221,19438,74.761538,73.926923
19222,19439,74.765385,73.930769
19223,19440,74.769231,73.934615
19224,19441,74.773077,73.938462
19225,19442,74.776923,73.942308
19226,19443,74.780769,73.946154
19227,19444,74.784615,73.950000
19228,19445,74.788462,73.953846
19229,19446,74.792308,73.957692
19230,19447,74.796154,73.961538
19231,19448,74.800000,73.965385
19232,19449,74.803846,73.969231
19233,19450,74.807692,73.973077
19234,19451,74.811538,73.976923
19235,19452,74.815385,73.980769
19236,19453,74.819231,73.984615
19237,19454,74.823077,73.988462
19238,19455,74.826923,73.992308
19239,19456,74.830769,73.996154
19240,19457,74.834615,74.000000
19241,19458,74.838462,74.003846
19242,19459,74.842308,74.007692
19243,19460,74.846154,74.011538
19244,19461,74.850000,74.015385
19245,19462,74.853846,74.019231
19246,19463,74.857692,74.023077
19247,19464,74.861538,74.026923
19248,19465,74.865385,74.030769
19249,19466,74.869231,74.034615
19250,19467,74.873077,74.038462
19251,19468,74.876923,74.042308
19252,19469,74.880769,74.046154
19253,19470,74.884615,74.050000
19254,19471,74.888462,74.053846
19255,19472,74.892308,74.057692
19256,19473,74.896154,74.061538
19257,19474,74.900000,74.065385
19258,19475,74.903846,74.069231
19259,19476,74.907692,74.073077
19260,19477,74.911538,74.076923
19261,19478,74.915385,74.080769
19262,19479,74.919231,74.084615
19263,19480,74.923077,74.088462
19264,19481,74.926923,74.092308
19265,19482,74.930769,74.096154
19266,19483,74.934615,74.100000
19267,19484,74.938462,74.103846
19268,19485,74.942308,74.107692
19269,19486,74.946154,74.111538
19270,19487,74.950000,74.115385
19271,19488,74.953846,74.119231
19272,19489,74.957692,74.123077
19273,19490,74.961538,74.126923
19274,19491,74.965385,74.130769
19275,19492,74.969231,74.134615
19276,19493,74.973077,74.138462
19277,19494,74.976923,74.142308
19278,19495,74.980769,74.146154
19279,19496,74.984615,74.150000
19280,19497,74.988462,74.153846
19281,19498,74.992308,74.157692
19282,19499,74.996154,74.161538
19283,19500,75.000000,74.165385
19284,19501,75.003846,74.169231
19285,19502,75.007692,74.173077
19286,19503,75.011538,74.176923
19287,19504,75.015385,74.180769
19288,19505,75.019231,74.184615
19289,19506,75.023077,74.188462
19290,19507,75.026923,74.192308
19291,19508,75.030769,74.196154
19292,19509,75.034615,74.200000
19293,19510,75.038462,74.203846
19294,19511,75.042308,74.207692
19295,19512,75.046154,74.211538
19296,19513,75.050000,74.215385
19297,19514,75.053846,74.219231
19298,19515,75.057692,74.223077
19299,19516,75.061538,74.226923
19300,19517,75.065385,74.230769
19301,19518,75.069231,74.234615
19302,19519,75.073077,74.238462
19303,19520,75.076923,74.242308
19304,19521,75.080769,74.246154
19305,19522,75.084615,74.250000
19306,19523,75.088462,74.253846
19307,19524,75.092308,74.257692
19308,19525,75.096154,74.261538
19309,19526,75.100000,74.265385
19310,19527,75.103846,74.269231
19311,19528,75.107692,74.273077
19312,19529,75.111538,74.276923
19313,19530,75.115385,74.280769
19314,19531,75.119231,74.284615
19315,19532,75.123077,74.288462
19316,19533,75.126923,74.292308
19317,19534,75.130769,74.296154
19318,19535,75.134615,74.300000
19319,19536,75.138462,74.303846
19320,19537,75.142308,74.307692
19321,19538,75.146154,74.311538
19322,19539,75.150000,74.315385
19323,19540,75.153846,74.319231
19324,19541,75.157692,74.323077
19325,19542,75.161538,74.326923
19326,19543,75.165385,74.330769
19327,19544,75.169231,74.334615
19328,19545,75.173077,74.338462
19329,19546,75.176923,74.342308
19330,19547,75.180769,74.346154
19331,19548,75.184615,74.350000
19332,19549,75.188462,74.353846
19333,19550,75.192308,74.357692
19334,19551,75.196154,74.361538
19335,19552,75.200000,74.365385
19336,19553,75.203846,74.369231
19337,19554,75.207692,74.373077
19338,19555,75.211538,74.376923
19339,19556,75.215385,74.380769
19340,19557,75.219231,74.384615
19341,19558,75.223077,74.388462
19342,19559,75.226923,74.392308
19343,19560,75.230769,74.396154
19344,19561,75.234615,74.400000
19345,19562,75.238462,74.403846
19346,19563,75.242308,74.407692
19347,19564,75.246154,74.411538
19348,19565,75.250000,74.415385
19349,19566,75.253846,74.419231
19350,19567,75.257692,74.423077
19351,19568,75.261538,74.426923
19352,19569,75.265385,74.430769
19353,19570,75.269231,74.434615
19354,19571,75.273077,74.438462
19355,19572,75.276923,74.442308
19356,19573,75.280769,74.446154
19357,19574,75.284615,74.450000
19358,19575,75.288462,74.453846
19359,19576,75.292308,74.457692
19360,19577,75.296154,74.461538
19361,19578,75.300000,74.465385
19362,19579,75.303846,74.469231
19363,19580,75.307692,74.473077
19364,19581,75.311538,74.476923
19365,19582,75.315385,74.480769
19366,19583,75.319231,74.484615
19367,19584,75.323077,74.488462
19368,19585,75.326923,74.492308
19369,19586,75.330769,74.496154
19370,19587,75.334615,74.500000
19371,19588,75.338462,74.503846
19372,19589,75.342308,74.507692
19373,19590,75.346154,74.511538
19374,19591,75.350000,74.515385
19375,19592,75.353846,74.519231
19376,19593,75.357692,74.523077
19377,19594,75.361538,74.526923
19378,19595,75.365385,74.530769
19379,19596,75.369231,74.534615
19380,19597,75.373077,74.538462
19381,19598,75.376923,74.542308
19382,19599,75.380769,74.546154
19383,19600,75.384615,74.550000
19384,19601,75.388462,74.553846
19385,19602,75.392308,74.557692
19386,19603,75.396154,74.561538
19387,19604,75.400000,74.565385
19388,19605,75.403846,74.569231
19389,19606,75.407692,74.573077
19390,19607,75.411538,74.576923
19391,19608,75.415385,74.580769
19392,19609,75.419231,74.584615
19393,19610,75.423077,74.588462
19394,19611,75.426923,74.592308
19395,19612,75.430769,74.596154
19396,19613,75.434615,74.600000
19397,19614,75.438462,74.603846
19398,19615,75.442308,74.607692
19399,19616,75.446154,74.611538
19400,19617,75.450000,74.615385
19401,19618,75.453846,74.619231
19402,19619,75.457692,74.623077
19403,19620,75.461538,74.626923
19404,19621,75.465385,74.630769
19405,19622,75.469231,74.634615
19406,19623,75.473077,74.638462
19407,19624,75.476923,74.642308
19408,19625,75.480769,74.646154
19409,19626,75.484615,74.650000
19410,19627,75.488462,74.653846
19411,19628,75.492308,74.657692
19412,19629,75.496154,74.661538
19413,19630,75.500000,74.665385
19414,19631,75.503846,74.669231
19415,19632,75.507692,74.673077
19416,19633,75.511538,74.676923
19417,19634,75.515385,74.680769
19418,19635,75.519231,74.684615
19419,19636,75.523077,74.688462
19420,19637,75.526923,74.692308
19421,19638,75.530769,74.696154
19422,19639,75.534615,74.700000
19423,19640,75.538462,74.703846
19424,19641,75.542308,74.707692
19425,19642,75.546154,74.711538
19426,19643,75.550000,74.715385
19427,19644,75.553846,74.719231
19428,19645,75.557692,74.723077
19429,19646,75.561538,74.726923
19430,19647,75.565385,74.730769
19431,19648,75.569231,74.734615
19432,19649,75.573077,74.738462
19433,19650,75.576923,74.742308
19434,19651,75.580769,74.746154
19435,19652,75.584615,74.750000
19436,19653,75.588462,74.753846
19437,19654,75.592308,74.757692
19438,19655,75.596154,74.761538
19439,19656,75.600000,74.765385
19440,19657,75.603846,74.769231
19441,19658,75.607692,74.773077
19442,19659,75.611538,74.776923
19443,19660,75.615385,74.780769
19444,19661,75.619231,74.784615
19445,19662,75.623077,74.788462
19446,19663,75.626923,74.792308
19447,19664,75.630769,74.796154
19448,19665,75.634615,74.800000
19449,19666,75.638462,74.803846
19450,19667,75.642308,74.807692
19451,19668,75.646154,74.811538
19452,19669,75.650000,74.815385
19453,19670,75.653846,74.819231
19454,19671,75.657692,74.823077
19455,19672,75.661538,74.826923
19456,19673,75.665385,74.830769
19457,19674,75.669231,74.834615
19458,19675,75.673077,74.838462
19459,19676,75.676923,74.842308
19460,19677,75.680769,74.846154
19461,19678,75.684615,74.850000
19462,19679,75.688462,74.853846
19463,19680,75.692308,74.857692
19464,19681,75.696154,74.861538
19465,19682,75.700000,74.865385
19466,19683,75.703846,74.869231
19467,19684,75.707692,74.873077
19468,19685,75.711538,74.876923
19469,19686,75.715385,74.880769
19470,19687,75.719231,74.884615
19471,19688,75.723077,74.888462
19472,19689,75.726923,74.892308
19473,19690,75.730769,74.896154
19474,19691,75.734615,74.900000
19475,19692,75.738462,74.903846
19476,19693,75.742308,74.907692
19477,19694,75.746154,74.911538
19478,19695,75.750000,74.915385
19479,19696,75.753846,74.919231
19480,19697,75.757692,74.923077
19481,19698,75.761538,74.926923
19482,19699,75.765385,74.930769
19483,19700,75.769231,74.934615
19484,19701,75.773077,74.938462
19485,19702,75.776923,74.942308
19486,19703,75.780769,74.946154
19487,19704,75.784615,74.950000
19488,19705,75.788462,74.953846
19489,19706,75.792308,74.957692
19490,19707,75.796154,74.961538
19491,19708,75.800000,74.965385
19492,19709,75.803846,74.969231
19493,19710,75.807692,74.973077
19494,19711,75.811538,74.976923
19495,19712,75.815385,74.980769
19496,19713,75.819231,74.984615
19497,19714,75.823077,74.988462
19498,19715,75.826923,74.992308
19499,19716,75.830769,74.996154
19500,19717,75.834615,75.000000
19501,19718,75.838462,75.003846
19502,19719,75.842308,75.007692
19503,19720,75.846154,75.011538
19504,19721,75.850000,75.015385
19505,19722,75.853846,75.019231
19506,19723,75.857692,75.023077
19507,19724,75.861538,75.026923
19508,19725,75.865385,75.030769
19509,19726,75.869231,75.034615
19510,19727,75.873077,75.038462
19511,19728,75.876923,75.042308
19512,19729,75.880769,75.046154
19513,19730,75.884615,75.050000
19514,19731,75.888462,75.053846
19515,19732,75.892308,75.057692
19516,19733,75.896154,75.061538
19517,19734,75.900000,75.065385
19518,19735,75.903846,75.069231
19519,19736,75.907692,75.073077
19520,19737,75.911538,75.076923
19521,19738,75.915385,75.080769
19522,19739,75.919231,75.084615
19523,19740,75.923077,75.088462
19524,19741,75.926923,75.092308
19525,19742,75.930769,75.096154
19526,19743,75.934615,75.100000
19527,19744,75.938462,75.103846
19528,19745,75.942308,75.107692
19529,19746,75.946154,75.111538
19530,19747,75.950000,75.115385
19531,19748,75.953846,75.119231
19532,19749,75.957692,75.123077
19533,19750,75.961538,75.126923
19534,19751,75.965385,75.130769
19535,19752,75.969231,75.134615
19536,19753,75.973077,75.138462
19537,19754,75.976923,75.142308
19538,19755,75.980769,75.146154
19539,19756,75.984615,75.150000
19540,19757,75.988462,75.153846
19541,19758,75.992308,75.157692
19542,19759,75.996154,75.161538
19543,19760,76.000000,75.165385
19544,19761,76.003846,75.169231
19545,19762,76.007692,75.173077
19546,19763,76.011538,75.176923
19547,19764,76.015385,75.180769
19548,19765,76.019231,75.184615
19549,19766,76.023077,75.188462
19550,19767,76.026923,75.192308
19551,19768,76.030769,75.196154
19552,19769,76.034615,75.200000
19553,19770,76.038462,75.203846
19554,19771,76.042308,75.207692
19555,19772,76.046154,75.211538
19556,19773,76.050000,75.215385
19557,19774,76.053846,75.219231
19558,19775,76.057692,75.223077
19559,19776,76.061538,75.226923
19560,19777,76.065385,75.230769
19561,19778,76.069231,75.234615
19562,19779,76.073077,75.238462
19563,19780,76.076923,75.242308
19564,19781,76.080769,75.246154
19565,19782,76.084615,75.250000
19566,19783,76.088462,75.253846
19567,19784,76.092308,75.257692
19568,19785,76.096154,75.261538
19569,19786,76.100000,75.265385
19570,19787,76.103846,75.269231
19571,19788,76.107692,75.273077
19572,19789,76.111538,75.276923
19573,19790,76.115385,75.280769
19574,19791,76.119231,75.284615
19575,19792,76.123077,75.288462
19576,19793,76.126923,75.292308
19577,19794,76.130769,75.296154
19578,19795,76.134615,75.300000
19579,19796,76.138462,75.303846
19580,19797,76.142308,75.307692
19581,19798,76.146154,75.311538
19582,19799,76.150000,75.315385
19583,19800,76.153846,75.319231
19584,19801,76.157692,75.323077
19585,19802,76.161538,75.326923
19586,19803,76.165385,75.330769
19587,19804,76.169231,75.334615
19588,19805,76.173077,75.338462
19589,19806,76.176923,75.342308
19590,19807,76.180769,75.346154
19591,19808,76.184615,75.350000
19592,19809,76.188462,75.353846
19593,19810,76.192308,75.357692
19594,19811,76.196154,75.361538
19595,19812,76.200000,75.365385
19596,19813,76.203846,75.369231
19597,19814,76.207692,75.373077
19598,19815,76.211538,75.376923
19599,19816,76.215385,75.380769
19600,19817,76.219231,75.384615
19601,19818,76.223077,75.388462
19602,19819,76.226923,75.392308
19603,19820,76.230769,75.396154
19604,19821,76.234615,75.400000
19605,19822,76.238462,75.403846
19606,19823,76.242308,75.407692
19607,19824,76.246154,75.411538
19608,19825,76.250000,75.415385
19609,19826,76.253846,75.419231
19610,19827,76.257692,75.423077
19611,19828,76.261538,75.426923
19612,19829,76.265385,75.430769
19613,19830,76.269231,75.434615
19614,19831,76.273077,75.438462
19615,19832,76.276923,75.442308
19616,19833,76.280769,75.446154
19617,19834,76.284615,75.450000
19618,19835,76.288462,75.453846
19619,19836,76.292308,75.457692
19620,19837,76.296154,75.461538
19621,19838,76.300000,75.465385
19622,19839,76.303846,75.469231
19623,19840,76.307692,75.473077
19624,19841,76.311538,75.476923
19625,19842,76.315385,75.480769
19626,19843,76.319231,75.484615
19627,19844,76.323077,75.488462
19628,19845,76.326923,75.492308
19629,19846,76.330769,75.496154
19630,19847,76.334615,75.500000
19631,19848,76.338462,75.503846
19632,19849,76.342308,75.507692
19633,19850,76.346154,75.511538
19634,19851,76.350000,75.515385
19635,19852,76.353846,75.519231
19636,19853,76.357692,75.523077
19637,19854,76.361538,75.526923
19638,19855,76.365385,75.530769
19639,19856,76.369231,75.534615
19640,19857,76.373077,75.538462
19641,19858,76.376923,75.542308
19642,19859,76.380769,75.546154
19643,19860,76.384615,75.550000
19644,19861,76.388462,75.553846
19645,19862,76.392308,75.557692
19646,19863,76.396154,75.561538
19647,19864,76.400000,75.565385
19648,19865,76.403846,75.569231
19649,19866,76.407692,75.573077
19650,19867,76.411538,75.576923
19651,19868,76.415385,75.580769
19652,19869,76.419231,75.584615
19653,19870,76.423077,75.588462
19654,19871,76.426923,75.592308
19655,19872,76.430769,75.596154
19656,19873,76.434615,75.600000
19657,19874,76.438462,75.603846
19658,19875,76.442308,75.607692
19659,19876,76.446154,75.611538
19660,19877,76.450000,75.615385
19661,19878,76.453846,75.619231
19662,19879,76.457692,75.623077
19663,19880,76.461538,75.626923
19664,19881,76.465385,75.630769
19665,19882,76.469231,75.634615
19666,19883,76.473077,75.638462
19667,19884,76.476923,75.642308
19668,19885,76.480769,75.646154
19669,19886,76.484615,75.650000
19670,19887,76.488462,75.653846
19671,19888,76.492308,75.657692
19672,19889,76.496154,75.661538
19673,19890,76.500000,75.665385
19674,19891,76.503846,75.669231
19675,19892,76.507692,75.673077
19676,19893,76.511538,75.676923
19677,19894,76.515385,75.680769
19678,19895,76.519231,75.684615
19679,19896,76.523077,75.688462
19680,19897,76.526923,75.692308
19681,19898,76.530769,75.696154
19682,19899,76.534615,75.700000
19683,19900,76.538462,75.703846
19684,19901,76.542308,75.707692
19685,19902,76.546154,75.711538
19686,19903,76.550000,75.715385
19687,19904,76.553846,75.719231
19688,19905,76.557692,75.723077
19689,19906,76.561538,75.726923
19690,19907,76.565385,75.730769
19691,19908,76.569231,75.734615
19692,19909,76.573077,75.738462
19693,19910,76.576923,75.742308
19694,19911,76.580769,75.746154
19695,19912,76.584615,75.750000
19696,19913,76.588462,75.753846
19697,19914,76.592308,75.757692
19698,19915,76.596154,75.761538
19699,19916,76.600000,75.765385
19700,19917,76.603846,75.769231
19701,19918,76.607692,75.773077
19702,19919,76.611538,75.776923
19703,19920,76.615385,75.780769
19704,19921,76.619231,75.784615
19705,19922,76.623077,75.788462
19706,19923,76.626923,75.792308
19707,19924,76.630769,75.796154
19708,19925,76.634615,75.800000
19709,19926,76.638462,75.803846
19710,19927,76.642308,75.807692
19711,19928,76.646154,75.811538
19712,19929,76.650000,75.815385
19713,19930,76.653846,75.819231
19714,19931,76.657692,75.823077
19715,19932,76.661538,75.826923
19716,19933,76.665385,75.830769
19717,19934,76.669231,75.834615
19718,19935,76.673077,75.838462
19719,19936,76.676923,75.842308
19720,19937,76.680769,75.846154
19721,19938,76.684615,75.850000
19722,19939,76.688462,75.853846
19723,19940,76.692308,75.857692
19724,19941,76.696154,75.861538
19725,19942,76.700000,75.865385
19726,19943,76.703846,75.869231
19727,19944,76.707692,75.873077
19728,19945,76.711538,75.876923
19729,19946,76.715385,75.880769
19730,19947,76.719231,75.884615
19731,19948,76.723077,75.888462
19732,19949,76.726923,75.892308
19733,19950,76.730769,75.896154
19734,19951,76.734615,75.900000
19735,19952,76.738462,75.903846
19736,19953,76.742308,75.907692
19737,19954,76.746154,75.911538
19738,19955,76.750000,75.915385
19739,19956,76.753846,75.919231
19740,19957,76.757692,75.923077
19741,19958,76.761538,75.926923
19742,19959,76.765385,75.930769
19743,19960,76.769231,75.934615
19744,19961,76.773077,75.938462
19745,19962,76.776923,75.942308
19746,19963,76.780769,75.946154
19747,19964,76.784615,75.950000
19748,19965,76.788462,75.953846
19749,19966,76.792308,75.957692
19750,19967,76.796154,75.961538
19751,19968,76.800000,75.965385
19752,19969,76.803846,75.969231
19753,19970,76.807692,75.973077
19754,19971,76.811538,75.976923
19755,19972,76.815385,75.980769
19756,19973,76.819231,75.984615
19757,19974,76.823077,75.988462
19758,19975,76.826923,75.992308
19759,19976,76.830769,75.996154
19760,19977,76.834615,76.000000
19761,19978,76.838462,76.003846
19762,19979,76.842308,76.007692
19763,19980,76.846154,76.011538
19764,19981,76.850000,76.015385
19765,19982,76.853846,76.019231
19766,19983,76.857692,76.023077
19767,19984,76.861538,76.026923
19768,19985,76.865385,76.030769
19769,19986,76.869231,76.034615
19770,19987,76.873077,76.038462
19771,19988,76.876923,76.042308
19772,19989,76.880769,76.046154
19773,19990,76.884615,76.050000
19774,19991,76.888462,76.053846
19775,19992,76.892308,76.057692
19776,19993,76.896154,76.061538
19777,19994,76.900000,76.065385
19778,19995,76.903846,76.069231
19779,19996,76.907692,76.073077
19780,19997,76.911538,76.076923
19781,19998,76.915385,76.080769
19782,19999,76.919231,76.084615
19783,20000,76.923077,76.088462
19784,20001,76.926923,76.092308
19785,20002,76.930769,76.096154
19786,20003,76.934615,76.100000
19787,20004,76.938462,76.103846
19788,20005,76.942308,76.107692
19789,20006,76.946154,76.111538
19790,20007,76.950000,76.115385
19791,20008,76.953846,76.119231
19792,20009,76.957692,76.123077
19793,20010,76.961538,76.126923
19794,20011,76.965385,76.130769
19795,20012,76.969231,76.134615
19796,20013,76.973077,76.138462
19797,20014,76.976923,76.142308
19798,20015,76.980769,76.146154
19799,20016,76.984615,76.150000
19800,20017,76.988462,76.153846
19801,20018,76.992308,76.157692
19802,20019,76.996154,76.161538
19803,20020,77.000000,76.165385
19804,20021,77.003846,76.169231
19805,20022,77.007692,76.173077
19806,20023,77.011538,76.176923
19807,20024,77.015385,76.180769
19808,20025,77.019231,76.184615
19809,20026,77.023077,76.188462
19810,20027,77.026923,76.192308
19811,20028,77.030769,76.196154
19812,20029,77.034615,76.200000
19813,20030,77.038462,76.203846
19814,20031,77.042308,76.207692
19815,20032,77.046154,76.211538
19816,20033,77.050000,76.215385
19817,20034,77.053846,76.219231
19818,20035,77.057692,76.223077
19819,20036,77.061538,76.226923
19820,20037,77.065385,76.230769
19821,20038,77.069231,76.234615
19822,20039,77.073077,76.238462
19823,20040,77.076923,76.242308
19824,20041,77.080769,76.246154
19825,20042,77.084615,76.250000
19826,20043,77.088462,76.253846
19827,20044,77.092308,76.257692
19828,20045,77.096154,76.261538
19829,20046,77.100000,76.265385
19830,20047,77.103846,76.269231
19831,20048,77.107692,76.273077
19832,20049,77.111538,76.276923
19833,20050,77.115385,76.280769
19834,20051,77.119231,76.284615
19835,20052,77.123077,76.288462
19836,20053,77.126923,76.292308
19837,20054,77.130769,76.296154
19838,20055,77.134615,76.300000
19839,20056,77.138462,76.303846
19840,20057,77.142308,76.307692
19841,20058,77.146154,76.311538
19842,20059,77.150000,76.315385
19843,20060,77.153846,76.319231
19844,20061,77.157692,76.323077
19845,20062,77.161538,76.326923
19846,20063,77.165385,76.330769
19847,20064,77.169231,76.334615
19848,20065,77.173077,76.338462
19849,20066,77.176923,76.342308
19850,20067,77.180769,76.346154
19851,20068,77.184615,76.350000
19852,20069,77.188462,76.353846
19853,20070,77.192308,76.357692
19854,20071,77.196154,76.361538
19855,20072,77.200000,76.365385
19856,20073,77.203846,76.369231
19857,20074,77.207692,76.373077
19858,20075,77.211538,76.376923
19859,20076,77.215385,76.380769
19860,20077,77.219231,76.384615
19861,20078,77.223077,76.388462
19862,20079,77.226923,76.392308
19863,20080,77.230769,76.396154
19864,20081,77.234615,76.400000
19865,20082,77.238462,76.403846
19866,20083,77.242308,76.407692
19867,20084,77.246154,76.411538
19868,20085,77.250000,76.415385
19869,20086,77.253846,76.419231
19870,20087,77.257692,76.423077
19871,20088,77.261538,76.426923
19872,20089,77.265385,76.430769
19873,20090,77.269231,76.434615
19874,20091,77.273077,76.438462
19875,20092,77.276923,76.442308
19876,20093,77.280769,76.446154
19877,20094,77.284615,76.450000
19878,20095,77.288462,76.453846
19879,20096,77.292308,76.457692
19880,20097,77.296154,76.461538
19881,20098,77.300000,76.465385
19882,20099,77.303846,76.469231
19883,20100,77.307692,76.473077
19884,20101,77.311538,76.476923
19885,20102,77.315385,76.480769
19886,20103,77.319231,76.484615
19887,20104,77.323077,76.488462
19888,20105,77.326923,76.492308
19889,20106,77.330769,76.496154
19890,20107,77.334615,76.500000
19891,20108,77.338462,76.503846
19892,20109,77.342308,76.507692
19893,20110,77.346154,76.511538
19894,20111,77.350000,76.515385
19895,20112,77.353846,76.519231
19896,20113,77.357692,76.523077
19897,20114,77.361538,76.526923
19898,20115,77.365385,76.530769
19899,20116,77.369231,76.534615
19900,20117,77.373077,76.538462
19901,20118,77.376923,76.542308
19902,20119,77.380769,76.546154
19903,20120,77.384615,76.550000
19904,20121,77.388462,76.553846
19905,20122,77.392308,76.557692
19906,20123,77.396154,76.561538
19907,20124,77.400000,76.565385
19908,20125,77.403846,76.569231
19909,20126,77.407692,76.573077
19910,20127,77.411538,76.576923
19911,20128,77.415385,76.580769
19912,20129,77.419231,76.584615
19913,20130,77.423077,76.588462
19914,20131,77.426923,76.592308
19915,20132,77.430769,76.596154
19916,20133,77.434615,76.600000
19917,20134,77.438462,76.603846
19918,20135,77.442308,76.607692
19919,20136,77.446154,76.611538
19920,20137,77.450000,76.615385
19921,20138,77.453846,76.619231
19922,20139,77.457692,76.623077
19923,20140,77.461538,76.626923
19924,20141,77.465385,76.630769
19925,20142,77.469231,76.634615
19926,20143,77.473077,76.638462
19927,20144,77.476923,76.642308
19928,20145,77.480769,76.646154
19929,20146,77.484615,76.650000
19930,20147,77.488462,76.653846
19931,20148,77.492308,76.657692
19932,20149,77.496154,76.661538
19933,20150,77.500000,76.665385
19934,20151,77.503846,76.669231
19935,20152,77.507692,76.673077
19936,20153,77.511538,76.676923
19937,20154,77.515385,76.680769
19938,20155,77.519231,76.684615
19939,20156,77.523077,76.688462
19940,20157,77.526923,76.692308
19941,20158,77.530769,76.696154
19942,20159,77.534615,76.700000
19943,20160,77.538462,76.703846
19944,20161,77.542308,76.707692
19945,20162,77.546154,76.711538
19946,20163,77.550000,76.715385
19947,20164,77.553846,76.719231
19948,20165,77.557692,76.723077
19949,20166,77.561538,76.726923
19950,20167,77.565385,76.730769
19951,20168,77.569231,76.734615
19952,20169,77.573077,76.738462
19953,20170,77.576923,76.742308
19954,20171,77.580769,76.746154
19955,20172,77.584615,76.750000
19956,20173,77.588462,76.753846
19957,20174,77.592308,76.757692
19958,20175,77.596154,76.761538
19959,20176,77.600000,76.765385
19960,20177,77.603846,76.769231
19961,20178,77.607692,76.773077
19962,20179,77.611538,76.776923
19963,20180,77.615385,76.780769
19964,20181,77.619231,76.784615
19965,20182,77.623077,76.788462
19966,20183,77.626923,76.792308
19967,20184,77.630769,76.796154
19968,20185,77.634615,76.800000
19969,20186,77.638462,76.803846
19970,20187,77.642308,76.807692
19971,20188,77.646154,76.811538
19972,20189,77.650000,76.815385
19973,20190,77.653846,76.819231
19974,20191,77.657692,76.823077
19975,20192,77.661538,76.826923
19976,20193,77.665385,76.830769
19977,20194,77.669231,76.834615
19978,20195,77.673077,76.838462
19979,20196,77.676923,76.842308
19980,20197,77.680769,76.846154
19981,20198,77.684615,76.850000
19982,20199,77.688462,76.853846
19983,20200,77.692308,76.857692
19984,20201,77.696154,76.861538
19985,20202,77.700000,76.865385
19986,20203,77.703846,76.869231
19987,20204,77.707692,76.873077
19988,20205,77.711538,76.876923
19989,20206,77.715385,76.880769
19990,20207,77.719231,76.884615
19991,20208,77.723077,76.888462
19992,20209,77.726923,76.892308
19993,20210,77.730769,76.896154
19994,20211,77.734615,76.900000
19995,20212,77.738462,76.903846
19996,20213,77.742308,76.907692
19997,20214,77.746154,76.911538
19998,20215,77.750000,76.915385
19999,20216,77.753846,76.919231
20000,20217,77.757692,76.923077
20001,20218,77.761538,76.926923
20002,20219,77.765385,76.930769
20003,20220,77.769231,76.934615
20004,20221,77.773077,76.938462
20005,20222,77.776923,76.942308
20006,20223,77.780769,76.946154
20007,20224,77.784615,76.950000
20008,20225,77.788462,76.953846
20009,20226,77.792308,76.957692
20010,20227,77.796154,76.961538
20011,20228,77.800000,76.965385
20012,20229,77.803846,76.969231
20013,20230,77.807692,76.973077
20014,20231,77.811538,76.976923
20015,20232,77.815385,76.980769
20016,20233,77.819231,76.984615
20017,20234,77.823077,76.988462
20018,20235,77.826923,76.992308
20019,20236,77.830769,76.996154
20020,20237,77.834615,77.000000
20021,20238,77.838462,77.003846
20022,20239,77.842308,77.007692
20023,20240,77.846154,77.011538
20024,20241,77.850000,77.015385
20025,20242,77.853846,77.019231
20026,20243,77.857692,77.023077
20027,20244,77.861538,77.026923
20028,20245,77.865385,77.030769
20029,20246,77.869231,77.034615
20030,20247,77.873077,77.038462
20031,20248,77.876923,77.042308
20032,20249,77.880769,77.046154
20033,20250,77.884615,77.050000
20034,20251,77.888462,77.053846
20035,20252,77.892308,77.057692
20036,20253,77.896154,77.061538
20037,20254,77.900000,77.065385
20038,20255,77.903846,77.069231
20039,20256,77.907692,77.073077
20040,20257,77.911538,77.076923
20041,20258,77.915385,77.080769
20042,20259,77.919231,77.084615
20043,20260,77.923077,77.088462
20044,20261,77.926923,77.092308
20045,20262,77.930769,77.096154
20046,20263,77.934615,77.100000
20047,20264,77.938462,77.103846
20048,20265,77.942308,77.107692
20049,20266,77.946154,77.111538
20050,20267,77.950000,77.115385
20051,20268,77.953846,77.119231
20052,20269,77.957692,77.123077
20053,20270,77.961538,77.126923
20054,20271,77.965385,77.130769
20055,20272,77.969231,77.134615
20056,20273,77.973077,77.138462
20057,20274,77.976923,77.142308
20058,20275,77.980769,77.146154
20059,20276,77.984615,77.150000
20060,20277,77.988462,77.153846
20061,20278,77.992308,77.157692
20062,20279,77.996154,77.161538
20063,20280,78.000000,77.165385
20064,20281,78.003846,77.169231
20065,20282,78.007692,77.173077
20066,20283,78.011538,77.176923
20067,20284,78.015385,77.180769
20068,20285,78.019231,77.184615
20069,20286,78.023077,77.188462
20070,20287,78.026923,77.192308
20071,20288,78.030769,77.196154
20072,20289,78.034615,77.200000
20073,20290,78.038462,77.203846
20074,20291,78.042308,77.207692
20075,20292,78.046154,77.211538
20076,20293,78.050000,77.215385
20077,20294,78.053846,77.219231
20078,20295,78.057692,77.223077
20079,20296,78.061538,77.226923
20080,20297,78.065385,77.230769
20081,20298,78.069231,77.234615
20082,20299,78.073077,77.238462
20083,20300,78.076923,77.242308
20084,20301,78.080769,77.246154
20085,20302,78.084615,77.250000
20086,20303,78.088462,77.253846
20087,20304,78.092308,77.257692
20088,20305,78.096154,77.261538
20089,20306,78.100000,77.265385
20090,20307,78.103846,77.269231
20091,20308,78.107692,77.273077
20092,20309,78.111538,77.276923
20093,20310,78.115385,77.280769
20094,20311,78.119231,77.284615
20095,20312,78.123077,77.288462
20096,20313,78.126923,77.292308
20097,20314,78.130769,77.296154
20098,20315,78.134615,77.300000
20099,20316,78.138462,77.303846
20100,20317,78.142308,77.307692
20101,20318,78.146154,77.311538
20102,20319,78.150000,77.315385
20103,20320,78.153846,77.319231
20104,20321,78.157692,77.323077
20105,20322,78.161538,77.326923
20106,20323,78.165385,77.330769
20107,20324,78.169231,77.334615
20108,20325,78.173077,77.338462
20109,20326,78.176923,77.342308
20110,20327,78.180769,77.346154
20111,20328,78.184615,77.350000
20112,20329,78.188462,77.353846
20113,20330,78.192308,77.357692
20114,20331,78.196154,77.361538
20115,20332,78.200000,77.365385
20116,20333,78.203846,77.369231
20117,20334,78.207692,77.373077
20118,20335,78.211538,77.376923
20119,20336,78.215385,77.380769
20120,20337,78.219231,77.384615
20121,20338,78.223077,77.388462
20122,20339,78.226923,77.392308
20123,20340,78.230769,77.396154
20124,20341,78.234615,77.400000
20125,20342,78.238462,77.403846
20126,20343,78.242308,77.407692
20127,20344,78.246154,77.411538
20128,20345,78.250000,77.415385
20129,20346,78.253846,77.419231
20130,20347,78.257692,77.423077
20131,20348,78.261538,77.426923
20132,20349,78.265385,77.430769
20133,20350,78.269231,77.434615
20134,20351,78.273077,77.438462
20135,20352,78.276923,77.442308
20136,20353,78.280769,77.446154
20137,20354,78.284615,77.450000
20138,20355,78.288462,77.453846
20139,20356,78.292308,77.457692
20140,20357,78.296154,77.461538
20141,20358,78.300000,77.465385
20142,20359,78.303846,77.469231
20143,20360,78.307692,77.473077
20144,20361,78.311538,77.476923
20145,20362,78.315385,77.480769
20146,20363,78.319231,77.484615
20147,20364,78.323077,77.488462
20148,20365,78.326923,77.492308
20149,20366,78.330769,77.496154
20150,20367,78.334615,77.500000
20151,20368,78.338462,77.503846
20152,20369,78.342308,77.507692
20153,20370,78.346154,77.511538
20154,20371,78.350000,77.515385
20155,20372,78.353846,77.519231
20156,20373,78.357692,77.523077
20157,20374,78.361538,77.526923
20158,20375,78.365385,77.530769
20159,20376,78.369231,77.534615
20160,20377,78.373077,77.538462
20161,20378,78.376923,77.542308
20162,20379,78.380769,77.546154
20163,20380,78.384615,77.550000
20164,20381,78.388462,77.553846
20165,20382,78.392308,77.557692
20166,20383,78.396154,77.561538
20167,20384,78.400000,77.565385
20168,20385,78.403846,77.569231
20169,20386,78.407692,77.573077
20170,20387,78.411538,77.576923
20171,20388,78.415385,77.580769
20172,20389,78.419231,77.584615
20173,20390,78.423077,77.588462
20174,20391,78.426923,77.592308
20175,20392,78.430769,77.596154
20176,20393,78.434615,77.600000
20177,20394,78.438462,77.603846
20178,20395,78.442308,77.607692
20179,20396,78.446154,77.611538
20180,20397,78.450000,77.615385
20181,20398,78.453846,77.619231
20182,20399,78.457692,77.623077
20183,20400,78.461538,77.626923
20184,20401,78.465385,77.630769
20185,20402,78.469231,77.634615
20186,20403,78.473077,77.638462
20187,20404,78.476923,77.642308
20188,20405,78.480769,77.646154
20189,20406,78.484615,77.650000
20190,20407,78.488462,77.653846
20191,20408,78.492308,77.657692
20192,20409,78.496154,77.661538
20193,20410,78.500000,77.665385
20194,20411,78.503846,77.669231
20195,20412,78.507692,77.673077
20196,20413,78.511538,77.676923
20197,20414,78.515385,77.680769
20198,20415,78.519231,77.684615
20199,20416,78.523077,77.688462
20200,20417,78.526923,77.692308
20201,20418,78.530769,77.696154
20202,20419,78.534615,77.700000
20203,20420,78.538462,77.703846
20204,20421,78.542308,77.707692
20205,20422,78.546154,77.711538
20206,20423,78.550000,77.715385
20207,20424,78.553846,77.719231
20208,20425,78.557692,77.723077
20209,20426,78.561538,77.726923
20210,20427,78.565385,77.730769
20211,20428,78.569231,77.734615
20212,20429,78.573077,77.738462
20213,20430,78.576923,77.742308
20214,20431,78.580769,77.746154
20215,20432,78.584615,77.750000
20216,20433,78.588462,77.753846
20217,20434,78.592308,77.757692
20218,20435,78.596154,77.761538
20219,20436,78.600000,77.765385
20220,20437,78.603846,77.769231
20221,20438,78.607692,77.773077
20222,20439,78.611538,77.776923
20223,20440,78.615385,77.780769
20224,20441,78.619231,77.784615
20225,20442,78.623077,77.788462
20226,20443,78.626923,77.792308
20227,20444,78.630769,77.796154
20228,20445,78.634615,77.800000
20229,20446,78.638462,77.803846
20230,20447,78.642308,77.807692
20231,20448,78.646154,77.811538
20232,20449,78.650000,77.815385
20233,20450,78.653846,77.819231
20234,20451,78.657692,77.823077
20235,20452,78.661538,77.826923
20236,20453,78.665385,77.830769
20237,20454,78.669231,77.834615
20238,20455,78.673077,77.838462
20239,20456,78.676923,77.842308
20240,20457,78.680769,77.846154
20241,20458,78.684615,77.850000
20242,20459,78.688462,77.853846
20243,20460,78.692308,77.857692
20244,20461,78.696154,77.861538
20245,20462,78.700000,77.865385
20246,20463,78.703846,77.869231
20247,20464,78.707692,77.873077
20248,20465,78.711538,77.876923
20249,20466,78.715385,77.880769
20250,20467,78.719231,77.884615
20251,20468,78.723077,77.888462
20252,20469,78.726923,77.892308
20253,20470,78.730769,77.896154
20254,20471,78.734615,77.900000
20255,20472,78.738462,77.903846
20256,20473,78.742308,77.907692
20257,20474,78.746154,77.911538
20258,20475,78.750000,77.915385
20259,20476,78.753846,77.919231
20260,20477,78.757692,77.923077
20261,20478,78.761538,77.926923
20262,20479,78.765385,77.930769
20263,20480,78.769231,77.934615
20264,20481,78.773077,77.938462
20265,20482,78.776923,77.942308
20266,20483,78.780769,77.946154
20267,20484,78.784615,77.950000
20268,20485,78.788462,77.953846
20269,20486,78.792308,77.957692
20270,20487,78.796154,77.961538
20271,20488,78.800000,77.965385
20272,20489,78.803846,77.969231
20273,20490,78.807692,77.973077
20274,20491,78.811538,77.976923
20275,20492,78.815385,77.980769
20276,20493,78.819231,77.984615
20277,20494,78.823077,77.988462
20278,20495,78.826923,77.992308
20279,20496,78.830769,77.996154
20280,20497,78.834615,78.000000
20281,20498,78.838462,78.003846
20282,20499,78.842308,78.007692
20283,20500,78.846154,78.011538
20284,20501,78.850000,78.015385
20285,20502,78.853846,78.019231
20286,20503,78.857692,78.023077
20287,20504,78.861538,78.026923
20288,20505,78.865385,78.030769
20289,20506,78.869231,78.034615
20290,20507,78.873077,78.038462
20291,20508,78.876923,78.042308
20292,20509,78.880769,78.046154
20293,20510,78.884615,78.050000
20294,20511,78.888462,78.053846
20295,20512,78.892308,78.057692
20296,20513,78.896154,78.061538
20297,20514,78.900000,78.065385
20298,20515,78.903846,78.069231
20299,20516,78.907692,78.073077
20300,20517,78.911538,78.076923
20301,20518,78.915385,78.080769
20302,20519,78.919231,78.084615
20303,20520,78.923077,78.088462
20304,20521,78.926923,78.092308
20305,20522,78.930769,78.096154
20306,20523,78.934615,78.100000
20307,20524,78.938462,78.103846
20308,20525,78.942308,78.107692
20309,20526,78.946154,78.111538
20310,20527,78.950000,78.115385
20311,20528,78.953846,78.119231
20312,20529,78.957692,78.123077
20313,20530,78.961538,78.126923
20314,20531,78.965385,78.130769
20315,20532,78.969231,78.134615
20316,20533,78.973077,78.138462
20317,20534,78.976923,78.142308
20318,20535,78.980769,78.146154
20319,20536,78.984615,78.150000
20320,20537,78.988462,78.153846
20321,20538,78.992308,78.157692
20322,20539,78.996154,78.161538
20323,20540,79.000000,78.165385
20324,20541,79.003846,78.169231
20325,20542,79.007692,78.173077
20326,20543,79.011538,78.176923
20327,20544,79.015385,78.180769
20328,20545,79.019231,78.184615
20329,20546,79.023077,78.188462
20330,20547,79.026923,78.192308
20331,20548,79.030769,78.196154
20332,20549,79.034615,78.200000
20333,20550,79.038462,78.203846
20334,20551,79.042308,78.207692
20335,20552,79.046154,78.211538
20336,20553,79.050000,78.215385
20337,20554,79.053846,78.219231
20338,20555,79.057692,78.223077
20339,20556,79.061538,78.226923
20340,20557,79.065385,78.230769
20341,20558,79.069231,78.234615
20342,20559,79.073077,78.238462
20343,20560,79.076923,78.242308
20344,20561,79.080769,78.246154
20345,20562,79.084615,78.250000
20346,20563,79.088462,78.253846
20347,20564,79.092308,78.257692
20348,20565,79.096154,78.261538
20349,20566,79.100000,78.265385
20350,20567,79.103846,78.269231
20351,20568,79.107692,78.273077
20352,20569,79.111538,78.276923
20353,20570,79.115385,78.280769
20354,20571,79.119231,78.284615
20355,20572,79.123077,78.288462
20356,20573,79.126923,78.292308
20357,20574,79.130769,78.296154
20358,20575,79.134615,78.300000
20359,20576,79.138462,78.303846
20360,20577,79.142308,78.307692
20361,20578,79.146154,78.311538
20362,20579,79.150000,78.315385
20363,20580,79.153846,78.319231
20364,20581,79.157692,78.323077
20365,20582,79.161538,78.326923
20366,20583,79.165385,78.330769
20367,20584,79.169231,78.334615
20368,20585,79.173077,78.338462
20369,20586,79.176923,78.342308
20370,20587,79.180769,78.346154
20371,20588,79.184615,78.350000
20372,20589,79.188462,78.353846
20373,20590,79.192308,78.357692
20374,20591,79.196154,78.361538
20375,20592,79.200000,78.365385
20376,20593,79.203846,78.369231
20377,20594,79.207692,78.373077
20378,20595,79.211538,78.376923
20379,20596,79.215385,78.380769
20380,20597,79.219231,78.384615
20381,20598,79.223077,78.388462
20382,20599,79.226923,78.392308
20383,20600,79.230769,78.396154
20384,20601,79.234615,78.400000
20385,20602,79.238462,78.403846
20386,20603,79.242308,78.407692
20387,20604,79.246154,78.411538
20388,20605,79.250000,78.415385
20389,20606,79.253846,78.419231
20390,20607,79.257692,78.423077
20391,20608,79.261538,78.426923
20392,20609,79.265385,78.430769
20393,20610,79.269231,78.434615
20394,20611,79.273077,78.438462
20395,20612,79.276923,78.442308
20396,20613,79.280769,78.446154
20397,20614,79.284615,78.450000
20398,20615,79.288462,78.453846
20399,20616,79.292308,78.457692
20400,20617,79.296154,78.461538
20401,20618,79.300000,78.465385
20402,20619,79.303846,78.469231
20403,20620,79.307692,78.473077
20404,20621,79.311538,78.476923
20405,20622,79.315385,78.480769
20406,20623,79.319231,78.484615
20407,20624,79.323077,78.488462
20408,20625,79.326923,78.492308
20409,20626,79.330769,78.496154
20410,20627,79.334615,78.500000
20411,20628,79.338462,78.503846
20412,20629,79.342308,78.507692
20413,20630,79.346154,78.511538
20414,20631,79.350000,78.515385
20415,20632,79.353846,78.519231
20416,20633,79.357692,78.523077
20417,20634,79.361538,78.526923
20418,20635,79.365385,78.530769
20419,20636,79.369231,78.534615
20420,20637,79.373077,78.538462
20421,20638,79.376923,78.542308
20422,20639,79.380769,78.546154
20423,20640,79.384615,78.550000
20424,20641,79.388462,78.553846
20425,20642,79.392308,78.557692
20426,20643,79.396154,78.561538
20427,20644,79.400000,78.565385
20428,20645,79.403846,78.569231
20429,20646,79.407692,78.573077
20430,20647,79.411538,78.576923
20431,20648,79.415385,78.580769
20432,20649,79.419231,78.584615
20433,20650,79.423077,78.588462
20434,20651,79.426923,78.592308
20435,20652,79.430769,78.596154
20436,20653,79.434615,78.600000
20437,20654,79.438462,78.603846
20438,20655,79.442308,78.607692
20439,20656,79.446154,78.611538
20440,20657,79.450000,78.615385
20441,20658,79.453846,78.619231
20442,20659,79.457692,78.623077
20443,20660,79.461538,78.626923
20444,20661,79.465385,78.630769
20445,20662,79.469231,78.634615
20446,20663,79.473077,78.638462
20447,20664,79.476923,78.642308
20448,20665,79.480769,78.646154
20449,20666,79.484615,78.650000
20450,20667,79.488462,78.653846
20451,20668,79.492308,78.657692
20452,20669,79.496154,78.661538
20453,20670,79.500000,78.665385
20454,20671,79.503846,78.669231
20455,20672,79.507692,78.673077
20456,20673,79.511538,78.676923
20457,20674,79.515385,78.680769
20458,20675,79.519231,78.684615
20459,20676,79.523077,78.688462
20460,20677,79.526923,78.692308
20461,20678,79.530769,78.696154
20462,20679,79.534615,78.700000
20463,20680,79.538462,78.703846
20464,20681,79.542308,78.707692
20465,20682,79.546154,78.711538
20466,20683,79.550000,78.715385
20467,20684,79.553846,78.719231
20468,20685,79.557692,78.723077
20469,20686,79.561538,78.726923
20470,20687,79.565385,78.730769
20471,20688,79.569231,78.734615
20472,20689,79.573077,78.738462
20473,20690,79.576923,78.742308
20474,20691,79.580769,78.746154
20475,20692,79.584615,78.750000
20476,20693,79.588462,78.753846
20477,20694,79.592308,78.757692
20478,20695,79.596154,78.761538
20479,20696,79.600000,78.765385
20480,20697,79.603846,78.769231
20481,20698,79.607692,78.773077
20482,20699,79.611538,78.776923
20483,20700,79.615385,78.780769
20484,20701,79.619231,78.784615
20485,20702,79.623077,78.788462
20486,20703,79.626923,78.792308
20487,20704,79.630769,78.796154
20488,20705,79.634615,78.800000
20489,20706,79.638462,78.803846
20490,20707,79.642308,78.807692
20491,20708,79.646154,78.811538
20492,20709,79.650000,78.815385
20493,20710,79.653846,78.819231
20494,20711,79.657692,78.823077
20495,20712,79.661538,78.826923
20496,20713,79.665385,78.830769
20497,20714,79.669231,78.834615
20498,20715,79.673077,78.838462
20499,20716,79.676923,78.842308
20500,20717,79.680769,78.846154
20501,20718,79.684615,78.850000
20502,20719,79.688462,78.853846
20503,20720,79.692308,78.857692
20504,20721,79.696154,78.861538
20505,20722,79.700000,78.865385
20506,20723,79.703846,78.869231
20507,20724,79.707692,78.873077
20508,20725,79.711538,78.876923
20509,20726,79.715385,78.880769
20510,20727,79.719231,78.884615
20511,20728,79.723077,78.888462
20512,20729,79.726923,78.892308
20513,20730,79.730769,78.896154
20514,20731,79.734615,78.900000
20515,20732,79.738462,78.903846
20516,20733,79.742308,78.907692
20517,20734,79.746154,78.911538
20518,20735,79.750000,78.915385
20519,20736,79.753846,78.919231
20520,20737,79.757692,78.923077
20521,20738,79.761538,78.926923
20522,20739,79.765385,78.930769
20523,20740,79.769231,78.934615
20524,20741,79.773077,78.938462
20525,20742,79.776923,78.942308
20526,20743,79.780769,78.946154
20527,20744,79.784615,78.950000
20528,20745,79.788462,78.953846
20529,20746,79.792308,78.957692
20530,20747,79.796154,78.961538
20531,20748,79.800000,78.965385
20532,20749,79.803846,78.969231
20533,20750,79.807692,78.973077
20534,20751,79.811538,78.976923
20535,20752,79.815385,78.980769
20536,20753,79.819231,78.984615
20537,20754,79.823077,78.988462
20538,20755,79.826923,78.992308
20539,20756,79.830769,78.996154
20540,20757,79.834615,79.000000
20541,20758,79.838462,79.003846
20542,20759,79.842308,79.007692
20543,20760,79.846154,79.011538
20544,20761,79.850000,79.015385
20545,20762,79.853846,79.019231
20546,20763,79.857692,79.023077
20547,20764,79.861538,79.026923
20548,20765,79.865385,79.030769
20549,20766,79.869231,79.034615
20550,20767,79.873077,79.038462
20551,20768,79.876923,79.042308
20552,20769,79.880769,79.046154
20553,20770,79.884615,79.050000
20554,20771,79.888462,79.053846
20555,20772,79.892308,79.057692
20556,20773,79.896154,79.061538
20557,20774,79.900000,79.065385
20558,20775,79.903846,79.069231
20559,20776,79.907692,79.073077
20560,20777,79.911538,79.076923
20561,20778,79.915385,79.080769
20562,20779,79.919231,79.084615
20563,20780,79.923077,79.088462
20564,20781,79.926923,79.092308
20565,20782,79.930769,79.096154
20566,20783,79.934615,79.100000
20567,20784,79.938462,79.103846
20568,20785,79.942308,79.107692
20569,20786,79.946154,79.111538
20570,20787,79.950000,79.115385
20571,20788,79.953846,79.119231
20572,20789,79.957692,79.123077
20573,20790,79.961538,79.126923
20574,20791,79.965385,79.130769
20575,20792,79.969231,79.134615
20576,20793,79.973077,79.138462
20577,20794,79.976923,79.142308
20578,20795,79.980769,79.146154
20579,20796,79.984615,79.150000
20580,20797,79.988462,79.153846
20581,20798,79.992308,79.157692
20582,20799,79.996154,79.161538
20583,20800,80.000000,79.165385
20584,20801,80.003846,79.169231
20585,20802,80.007692,79.173077
20586,20803,80.011538,79.176923
20587,20804,80.015385,79.180769
20588,20805,80.019231,79.184615
20589,20806,80.023077,79.188462
20590,20807,80.026923,79.192308
20591,20808,80.030769,79.196154
20592,20809,80.034615,79.200000
20593,20810,80.038462,79.203846
20594,20811,80.042308,79.207692
20595,20812,80.046154,79.211538
20596,20813,80.050000,79.215385
20597,20814,80.053846,79.219231
20598,20815,80.057692,79.223077
20599,20816,80.061538,79.226923
20600,20817,80.065385,79.230769
20601,20818,80.069231,79.234615
20602,20819,80.073077,79.238462
20603,20820,80.076923,79.242308
20604,20821,80.080769,79.246154
20605,20822,80.084615,79.250000
20606,20823,80.088462,79.253846
20607,20824,80.092308,79.257692
20608,20825,80.096154,79.261538
20609,20826,80.100000,79.265385
20610,20827,80.103846,79.269231
20611,20828,80.107692,79.273077
20612,20829,80.111538,79.276923
20613,20830,80.115385,79.280769
20614,20831,80.119231,79.284615
20615,20832,80.123077,79.288462
20616,20833,80.126923,79.292308
20617,20834,80.130769,79.296154
20618,20835,80.134615,79.300000
20619,20836,80.138462,79.303846
20620,20837,80.142308,79.307692
20621,20838,80.146154,79.311538
20622,20839,80.150000,79.315385
20623,20840,80.153846,79.319231
20624,20841,80.157692,79.323077
20625,20842,80.161538,79.326923
20626,20843,80.165385,79.330769
20627,20844,80.169231,79.334615
20628,20845,80.173077,79.338462
20629,20846,80.176923,79.342308
20630,20847,80.180769,79.346154
20631,20848,80.184615,79.350000
20632,20849,80.188462,79.353846
20633,20850,80.192308,79.357692
20634,20851,80.196154,79.361538
20635,20852,80.200000,79.365385
20636,20853,80.203846,79.369231
20637,20854,80.207692,79.373077
20638,20855,80.211538,79.376923
20639,20856,80.215385,79.380769
20640,20857,80.219231,79.384615
20641,20858,80.223077,79.388462
20642,20859,80.226923,79.392308
20643,20860,80.230769,79.396154
20644,20861,80.234615,79.400000
20645,20862,80.238462,79.403846
20646,20863,80.242308,79.407692
20647,20864,80.246154,79.411538
20648,20865,80.250000,79.415385
20649,20866,80.253846,79.419231
20650,20867,80.257692,79.423077
20651,20868,80.261538,79.426923
20652,20869,80.265385,79.430769
20653,20870,80.269231,79.434615
20654,20871,80.273077,79.438462
20655,20872,80.276923,79.442308
20656,20873,80.280769,79.446154
20657,20874,80.284615,79.450000
20658,20875,80.288462,79.453846
20659,20876,80.292308,79.457692
20660,20877,80.296154,79.461538
20661,20878,80.300000,79.465385
20662,20879,80.303846,79.469231
20663,20880,80.307692,79.473077
20664,20881,80.311538,79.476923
20665,20882,80.315385,79.480769
20666,20883,80.319231,79.484615
20667,20884,80.323077,79.488462
20668,20885,80.326923,79.492308
20669,20886,80.330769,79.496154
20670,20887,80.334615,79.500000
20671,20888,80.338462,79.503846
20672,20889,80.342308,79.507692
20673,20890,80.346154,79.511538
20674,20891,80.350000,79.515385
20675,20892,80.353846,79.519231
20676,20893,80.357692,79.523077
20677,20894,80.361538,79.526923
20678,20895,80.365385,79.530769
20679,20896,80.369231,79.534615
20680,20897,80.373077,79.538462
20681,20898,80.376923,79.542308
20682,20899,80.380769,79.546154
20683,20900,80.384615,79.550000
20684,20901,80.388462,79.553846
20685,20902,80.392308,79.557692
20686,20903,80.396154,79.561538
20687,20904,80.400000,79.565385
20688,20905,80.403846,79.569231
20689,20906,80.407692,79.573077
20690,20907,80.411538,79.576923
20691,20908,80.415385,79.580769
20692,20909,80.419231,79.584615
20693,20910,80.423077,79.588462
20694,20911,80.426923,79.592308
20695,20912,80.430769,79.596154
20696,20913,80.434615,79.600000
20697,20914,80.438462,79.603846
20698,20915,80.442308,79.607692
20699,20916,80.446154,79.611538
20700,20917,80.450000,79.615385
20701,20918,80.453846,79.619231
20702,20919,80.457692,79.623077
20703,20920,80.461538,79.626923
20704,20921,80.465385,79.630769
20705,20922,80.469231,79.634615
20706,20923,80.473077,79.638462
20707,20924,80.476923,79.642308
20708,20925,80.480769,79.646154
20709,20926,80.484615,79.650000
20710,20927,80.488462,79.653846
20711,20928,80.492308,79.657692
20712,20929,80.496154,79.661538
20713,20930,80.500000,79.665385
20714,20931,80.503846,79.669231
20715,20932,80.507692,79.673077
20716,20933,80.511538,79.676923
20717,20934,80.515385,79.680769
20718,20935,80.519231,79.684615
20719,20936,80.523077,79.688462
20720,20937,80.526923,79.692308
20721,20938,80.530769,79.696154
20722,20939,80.534615,79.700000
20723,20940,80.538462,79.703846
20724,20941,80.542308,79.707692
20725,20942,80.546154,79.711538
20726,20943,80.550000,79.715385
20727,20944,80.553846,79.719231
20728,20945,80.557692,79.723077
20729,20946,80.561538,79.726923
20730,20947,80.565385,79.730769
20731,20948,80.569231,79.734615
20732,20949,80.573077,79.738462
20733,20950,80.576923,79.742308
20734,20951,80.580769,79.746154
20735,20952,80.584615,79.750000
20736,20953,80.588462,79.753846
20737,20954,80.592308,79.757692
20738,20955,80.596154,79.761538
20739,20956,80.600000,79.765385
20740,20957,80.603846,79.769231
20741,20958,80.607692,79.773077
20742,20959,80.611538,79.776923
20743,20960,80.615385,79.780769
20744,20961,80.619231,79.784615
20745,20962,80.623077,79.788462
20746,20963,80.626923,79.792308
20747,20964,80.630769,79.796154
20748,20965,80.634615,79.800000
20749,20966,80.638462,79.803846
20750,20967,80.642308,79.807692
20751,20968,80.646154,79.811538
20752,20969,80.650000,79.815385
20753,20970,80.653846,79.819231
20754,20971,80.657692,79.823077
20755,20972,80.661538,79.826923
20756,20973,80.665385,79.830769
20757,20974,80.669231,79.834615
20758,20975,80.673077,79.838462
20759,20976,80.676923,79.842308
20760,20977,80.680769,79.846154
20761,20978,80.684615,79.850000
20762,20979,80.688462,79.853846
20763,20980,80.692308,79.857692
20764,20981,80.696154,79.861538
20765,20982,80.700000,79.865385
20766,20983,80.703846,79.869231
20767,20984,80.707692,79.873077
20768,20985,80.711538,79.876923
20769,20986,80.715385,79.880769
20770,20987,80.719231,79.884615
20771,20988,80.723077,79.888462
20772,20989,80.726923,79.892308
20773,20990,80.730769,79.896154
20774,20991,80.734615,79.900000
20775,20992,80.738462,79.903846
20776,20993,80.742308,79.907692
20777,20994,80.746154,79.911538
20778,20995,80.750000,79.915385
20779,20996,80.753846,79.919231
20780,20997,80.757692,79.923077
20781,20998,80.761538,79.926923
20782,20999,80.765385,79.930769
20783,21000,80.769231,79.934615
20784,21001,80.773077,79.938462
20785,21002,80.776923,79.942308
20786,21003,80.780769,79.946154
20787,21004,80.784615,79.950000
20788,21005,80.788462,79.953846
20789,21006,80.792308,79.957692
20790,21007,80.796154,79.961538
20791,21008,80.800000,79.965385
20792,21009,80.803846,79.969231
20793,21010,80.807692,79.973077
20794,21011,80.811538,79.976923
20795,21012,80.815385,79.980769
20796,21013,80.819231,79.984615
20797,21014,80.823077,79.988462
20798,21015,80.826923,79.992308
20799,21016,80.830769,79.996154
20800,21017,80.834615,80.000000
20801,21018,80.838462,80.003846
20802,21019,80.842308,80.007692
20803,21020,80.846154,80.011538
20804,21021,80.850000,80.015385
20805,21022,80.853846,80.019231
20806,21023,80.857692,80.023077
20807,21024,80.861538,80.026923
20808,21025,80.865385,80.030769
20809,21026,80.869231,80.034615
20810,21027,80.873077,80.038462
20811,21028,80.876923,80.042308
20812,21029,80.880769,80.046154
20813,21030,80.884615,80.050000
20814,21031,80.888462,80.053846
20815,21032,80.892308,80.057692
20816,21033,80.896154,80.061538
20817,21034,80.900000,80.065385
20818,21035,80.903846,80.069231
20819,21036,80.907692,80.073077
20820,21037,80.911538,80.076923
20821,21038,80.915385,80.080769
20822,21039,80.919231,80.084615
20823,21040,80.923077,80.088462
20824,21041,80.926923,80.092308
20825,21042,80.930769,80.096154
20826,21043,80.934615,80.100000
20827,21044,80.938462,80.103846
20828,21045,80.942308,80.107692
20829,21046,80.946154,80.111538
20830,21047,80.950000,80.115385
20831,21048,80.953846,80.119231
20832,21049,80.957692,80.123077
20833,21050,80.961538,80.126923
20834,21051,80.965385,80.130769
20835,21052,80.969231,80.134615
20836,21053,80.973077,80.138462
20837,21054,80.976923,80.142308
20838,21055,80.980769,80.146154
20839,21056,80.984615,80.150000
20840,21057,80.988462,80.153846
20841,21058,80.992308,80.157692
20842,21059,80.996154,80.161538
20843,21060,81.000000,80.165385
20844,21061,81.003846,80.169231
20845,21062,81.007692,80.173077
20846,21063,81.011538,80.176923
20847,21064,81.015385,80.180769
20848,21065,81.019231,80.184615
20849,21066,81.023077,80.188462
20850,21067,81.026923,80.192308
20851,21068,81.030769,80.196154
20852,21069,81.034615,80.200000
20853,21070,81.038462,80.203846
20854,21071,81.042308,80.207692
20855,21072,81.046154,80.211538
20856,21073,81.050000,80.215385
20857,21074,81.053846,80.219231
20858,21075,81.057692,80.223077
20859,21076,81.061538,80.226923
20860,21077,81.065385,80.230769
20861,21078,81.069231,80.234615
20862,21079,81.073077,80.238462
20863,21080,81.076923,80.242308
20864,21081,81.080769,80.246154
20865,21082,81.084615,80.250000
20866,21083,81.088462,80.253846
20867,21084,81.092308,80.257692
20868,21085,81.096154,80.261538
20869,21086,81.100000,80.265385
20870,21087,81.103846,80.269231
20871,21088,81.107692,80.273077
20872,21089,81.111538,80.276923
20873,21090,81.115385,80.280769
20874,21091,81.119231,80.284615
20875,21092,81.123077,80.288462
20876,21093,81.126923,80.292308
20877,21094,81.130769,80.296154
20878,21095,81.134615,80.300000
20879,21096,81.138462,80.303846
20880,21097,81.142308,80.307692
20881,21098,81.146154,80.311538
20882,21099,81.150000,80.315385
20883,21100,81.153846,80.319231
20884,21101,81.157692,80.323077
20885,21102,81.161538,80.326923
20886,21103,81.165385,80.330769
20887,21104,81.169231,80.334615
20888,21105,81.173077,80.338462
20889,21106,81.176923,80.342308
20890,21107,81.180769,80.346154
20891,21108,81.184615,80.350000
20892,21109,81.188462,80.353846
20893,21110,81.192308,80.357692
20894,21111,81.196154,80.361538
20895,21112,81.200000,80.365385
20896,21113,81.203846,80.369231
20897,21114,81.207692,80.373077
20898,21115,81.211538,80.376923
20899,21116,81.215385,80.380769
20900,21117,81.219231,80.384615
20901,21118,81.223077,80.388462
20902,21119,81.226923,80.392308
20903,21120,81.230769,80.396154
20904,21121,81.234615,80.400000
20905,21122,81.238462,80.403846
20906,21123,81.242308,80.407692
20907,21124,81.246154,80.411538
20908,21125,81.250000,80.415385
20909,21126,81.253846,80.419231
20910,21127,81.257692,80.423077
20911,21128,81.261538,80.426923
20912,21129,81.265385,80.430769
20913,21130,81.269231,80.434615
20914,21131,81.273077,80.438462
20915,21132,81.276923,80.442308
20916,21133,81.280769,80.446154
20917,21134,81.284615,80.450000
20918,21135,81.288462,80.453846
20919,21136,81.292308,80.457692
20920,21137,81.296154,80.461538
20921,21138,81.300000,80.465385
20922,21139,81.303846,80.469231
20923,21140,81.307692,80.473077
20924,21141,81.311538,80.476923
20925,21142,81.315385,80.480769
20926,21143,81.319231,80.484615
20927,21144,81.323077,80.488462
20928,21145,81.326923,80.492308
20929,21146,81.330769,80.496154
20930,21147,81.334615,80.500000
20931,21148,81.338462,80.503846
20932,21149,81.342308,80.507692
20933,21150,81.346154,80.511538
20934,21151,81.350000,80.515385
20935,21152,81.353846,80.519231
20936,21153,81.357692,80.523077
20937,21154,81.361538,80.526923
20938,21155,81.365385,80.530769
20939,21156,81.369231,80.534615
20940,21157,81.373077,80.538462
20941,21158,81.376923,80.542308
20942,21159,81.380769,80.546154
20943,21160,81.384615,80.550000
20944,21161,81.388462,80.553846
20945,21162,81.392308,80.557692
20946,21163,81.396154,80.561538
20947,21164,81.400000,80.565385
20948,21165,81.403846,80.569231
20949,21166,81.407692,80.573077
20950,21167,81.411538,80.576923
20951,21168,81.415385,80.580769
20952,21169,81.419231,80.584615
20953,21170,81.423077,80.588462
20954,21171,81.426923,80.592308
20955,21172,81.430769,80.596154
20956,21173,81.434615,80.600000
20957,21174,81.438462,80.603846
20958,21175,81.442308,80.607692
20959,21176,81.446154,80.611538
20960,21177,81.450000,80.615385
20961,21178,81.453846,80.619231
20962,21179,81.457692,80.623077
20963,21180,81.461538,80.626923
20964,21181,81.465385,80.630769
20965,21182,81.469231,80.634615
20966,21183,81.473077,80.638462
20967,21184,81.476923,80.642308
20968,21185,81.480769,80.646154
20969,21186,81.484615,80.650000
20970,21187,81.488462,80.653846
20971,21188,81.492308,80.657692
20972,21189,81.496154,80.661538
20973,21190,81.500000,80.665385
20974,21191,81.503846,80.669231
20975,21192,81.507692,80.673077
20976,21193,81.511538,80.676923
20977,21194,81.515385,80.680769
20978,21195,81.519231,80.684615
20979,21196,81.523077,80.688462
20980,21197,81.526923,80.692308
20981,21198,81.530769,80.696154
20982,21199,81.534615,80.700000
20983,21200,81.538462,80.703846
20984,21201,81.542308,80.707692
20985,21202,81.546154,80.711538
20986,21203,81.550000,80.715385
20987,21204,81.553846,80.719231
20988,21205,81.557692,80.723077
20989,21206,81.561538,80.726923
20990,21207,81.565385,80.730769
20991,21208,81.569231,80.734615
20992,21209,81.573077,80.738462
20993,21210,81.576923,80.742308
20994,21211,81.580769,80.746154
20995,21212,81.584615,80.750000
20996,21213,81.588462,80.753846
20997,21214,81.592308,80.757692
20998,21215,81.596154,80.761538
20999,21216,81.600000,80.765385
21000,21217,81.603846,80.769231
21001,21218,81.607692,80.773077
21002,21219,81.611538,80.776923
21003,21220,81.615385,80.780769
21004,21221,81.619231,80.784615
21005,21222,81.623077,80.788462
21006,21223,81.626923,80.792308
21007,21224,81.630769,80.796154
21008,21225,81.634615,80.800000
21009,21226,81.638462,80.803846
21010,21227,81.642308,80.807692
21011,21228,81.646154,80.811538
21012,21229,81.650000,80.815385
21013,21230,81.653846,80.819231
21014,21231,81.657692,80.823077
21015,21232,81.661538,80.826923
21016,21233,81.665385,80.830769
21017,21234,81.669231,80.834615
21018,21235,81.673077,80.838462
21019,21236,81.676923,80.842308
21020,21237,81.680769,80.846154
21021,21238,81.684615,80.850000
21022,21239,81.688462,80.853846
21023,21240,81.692308,80.857692
21024,21241,81.696154,80.861538
21025,21242,81.700000,80.865385
21026,21243,81.703846,80.869231
21027,21244,81.707692,80.873077
21028,21245,81.711538,80.876923
21029,21246,81.715385,80.880769
21030,21247,81.719231,80.884615
21031,21248,81.723077,80.888462
21032,21249,81.726923,80.892308
21033,21250,81.730769,80.896154
21034,21251,81.734615,80.900000
21035,21252,81.738462,80.903846
21036,21253,81.742308,80.907692
21037,21254,81.746154,80.911538
21038,21255,81.750000,80.915385
21039,21256,81.753846,80.919231
21040,21257,81.757692,80.923077
21041,21258,81.761538,80.926923
21042,21259,81.765385,80.930769
21043,21260,81.769231,80.934615
21044,21261,81.773077,80.938462
21045,21262,81.776923,80.942308
21046,21263,81.780769,80.946154
21047,21264,81.784615,80.950000
21048,21265,81.788462,80.953846
21049,21266,81.792308,80.957692
21050,21267,81.796154,80.961538
21051,21268,81.800000,80.965385
21052,21269,81.803846,80.969231
21053,21270,81.807692,80.973077
21054,21271,81.811538,80.976923
21055,21272,81.815385,80.980769
21056,21273,81.819231,80.984615
21057,21274,81.823077,80.988462
21058,21275,81.826923,80.992308
21059,21276,81.830769,80.996154
21060,21277,81.834615,81.000000
21061,21278,81.838462,81.003846
21062,21279,81.842308,81.007692
21063,21280,81.846154,81.011538
21064,21281,81.850000,81.015385
21065,21282,81.853846,81.019231
21066,21283,81.857692,81.023077
21067,21284,81.861538,81.026923
21068,21285,81.865385,81.030769
21069,21286,81.869231,81.034615
21070,21287,81.873077,81.038462
21071,21288,81.876923,81.042308
21072,21289,81.880769,81.046154
21073,21290,81.884615,81.050000
21074,21291,81.888462,81.053846
21075,21292,81.892308,81.057692
21076,21293,81.896154,81.061538
21077,21294,81.900000,81.065385
21078,21295,81.903846,81.069231
21079,21296,81.907692,81.073077
21080,21297,81.911538,81.076923
21081,21298,81.915385,81.080769
21082,21299,81.919231,81.084615
21083,21300,81.923077,81.088462
21084,21301,81.926923,81.092308
21085,21302,81.930769,81.096154
21086,21303,81.934615,81.100000
21087,21304,81.938462,81.103846
21088,21305,81.942308,81.107692
21089,21306,81.946154,81.111538
21090,21307,81.950000,81.115385
21091,21308,81.953846,81.119231
21092,21309,81.957692,81.123077
21093,21310,81.961538,81.126923
21094,21311,81.965385,81.130769
21095,21312,81.969231,81.134615
21096,21313,81.973077,81.138462
21097,21314,81.976923,81.142308
21098,21315,81.980769,81.146154
21099,21316,81.984615,81.150000
21100,21317,81.988462,81.153846
21101,21318,81.992308,81.157692
21102,21319,81.996154,81.161538
21103,21320,82.000000,81.165385
21104,21321,82.003846,81.169231
21105,21322,82.007692,81.173077
21106,21323,82.011538,81.176923
21107,21324,82.015385,81.180769
21108,21325,82.019231,81.184615
21109,21326,82.023077,81.188462
21110,21327,82.026923,81.192308
21111,21328,82.030769,81.196154
21112,21329,82.034615,81.200000
21113,21330,82.038462,81.203846
21114,21331,82.042308,81.207692
21115,21332,82.046154,81.211538
21116,21333,82.050000,81.215385
21117,21334,82.053846,81.219231
21118,21335,82.057692,81.223077
21119,21336,82.061538,81.226923
21120,21337,82.065385,81.230769
21121,21338,82.069231,81.234615
21122,21339,82.073077,81.238462
21123,21340,82.076923,81.242308
21124,21341,82.080769,81.246154
21125,21342,82.084615,81.250000
21126,21343,82.088462,81.253846
21127,21344,82.092308,81.257692
21128,21345,82.096154,81.261538
21129,21346,82.100000,81.265385
21130,21347,82.103846,81.269231
21131,21348,82.107692,81.273077
21132,21349,82.111538,81.276923
21133,21350,82.115385,81.280769
21134,21351,82.119231,81.284615
21135,21352,82.123077,81.288462
21136,21353,82.126923,81.292308
21137,21354,82.130769,81.296154
21138,21355,82.134615,81.300000
21139,21356,82.138462,81.303846
21140,21357,82.142308,81.307692
21141,21358,82.146154,81.311538
21142,21359,82.150000,81.315385
21143,21360,82.153846,81.319231
21144,21361,82.157692,81.323077
21145,21362,82.161538,81.326923
21146,21363,82.165385,81.330769
21147,21364,82.169231,81.334615
21148,21365,82.173077,81.338462
21149,21366,82.176923,81.342308
21150,21367,82.180769,81.346154
21151,21368,82.184615,81.350000
21152,21369,82.188462,81.353846
21153,21370,82.192308,81.357692
21154,21371,82.196154,81.361538
21155,21372,82.200000,81.365385
21156,21373,82.203846,81.369231
21157,21374,82.207692,81.373077
21158,21375,82.211538,81.376923
21159,21376,82.215385,81.380769
21160,21377,82.219231,81.384615
21161,21378,82.223077,81.388462
21162,21379,82.226923,81.392308
21163,21380,82.230769,81.396154
21164,21381,82.234615,81.400000
21165,21382,82.238462,81.403846
21166,21383,82.242308,81.407692
21167,21384,82.246154,81.411538
21168,21385,82.250000,81.415385
21169,21386,82.253846,81.419231
21170,21387,82.257692,81.423077
21171,21388,82.261538,81.426923
21172,21389,82.265385,81.430769
21173,21390,82.269231,81.434615
21174,21391,82.273077,81.438462
21175,21392,82.276923,81.442308
21176,21393,82.280769,81.446154
21177,21394,82.284615,81.450000
21178,21395,82.288462,81.453846
21179,21396,82.292308,81.457692
21180,21397,82.296154,81.461538
21181,21398,82.300000,81.465385
21182,21399,82.303846,81.469231
21183,21400,82.307692,81.473077
21184,21401,82.311538,81.476923
21185,21402,82.315385,81.480769
21186,21403,82.319231,81.484615
21187,21404,82.323077,81.488462
21188,21405,82.326923,81.492308
21189,21406,82.330769,81.496154
21190,21407,82.334615,81.500000
21191,21408,82.338462,81.503846
21192,21409,82.342308,81.507692
21193,21410,82.346154,81.511538
21194,21411,82.350000,81.515385
21195,21412,82.353846,81.519231
21196,21413,82.357692,81.523077
21197,21414,82.361538,81.526923
21198,21415,82.365385,81.530769
21199,21416,82.369231,81.534615
21200,21417,82.373077,81.538462
21201,21418,82.376923,81.542308
21202,21419,82.380769,81.546154
21203,21420,82.384615,81.550000
21204,21421,82.388462,81.553846
21205,21422,82.392308,81.557692
21206,21423,82.396154,81.561538
21207,21424,82.400000,81.565385
21208,21425,82.403846,81.569231
21209,21426,82.407692,81.573077
21210,21427,82.411538,81.576923
21211,21428,82.415385,81.580769
21212,21429,82.419231,81.584615
21213,21430,82.423077,81.588462
21214,21431,82.426923,81.592308
21215,21432,82.430769,81.596154
21216,21433,82.434615,81.600000
21217,21434,82.438462,81.603846
21218,21435,82.442308,81.607692
21219,21436,82.446154,81.611538
21220,21437,82.450000,81.615385
21221,21438,82.453846,81.619231
21222,21439,82.457692,81.623077
21223,21440,82.461538,81.626923
21224,21441,82.465385,81.630769
21225,21442,82.469231,81.634615
21226,21443,82.473077,81.638462
21227,21444,82.476923,81.642308
21228,21445,82.480769,81.646154
21229,21446,82.484615,81.650000
21230,21447,82.488462,81.653846
21231,21448,82.492308,81.657692
21232,21449,82.496154,81.661538
21233,21450,82.500000,81.665385
21234,21451,82.503846,81.669231
21235,21452,82.507692,81.673077
21236,21453,82.511538,81.676923
21237,21454,82.515385,81.680769
21238,21455,82.519231,81.684615
21239,21456,82.523077,81.688462
21240,21457,82.526923,81.692308
21241,21458,82.530769,81.696154
21242,21459,82.534615,81.700000
21243,21460,82.538462,81.703846
21244,21461,82.542308,81.707692
21245,21462,82.546154,81.711538
21246,21463,82.550000,81.715385
21247,21464,82.553846,81.719231
21248,21465,82.557692,81.723077
21249,21466,82.561538,81.726923
21250,21467,82.565385,81.730769
21251,21468,82.569231,81.734615
21252,21469,82.573077,81.738462
21253,21470,82.576923,81.742308
21254,21471,82.580769,81.746154
21255,21472,82.584615,81.750000
21256,21473,82.588462,81.753846
21257,21474,82.592308,81.757692
21258,21475,82.596154,81.761538
21259,21476,82.600000,81.765385
21260,21477,82.603846,81.769231
21261,21478,82.607692,81.773077
21262,21479,82.611538,81.776923
21263,21480,82.615385,81.780769
21264,21481,82.619231,81.784615
21265,21482,82.623077,81.788462
21266,21483,82.626923,81.792308
21267,21484,82.630769,81.796154
21268,21485,82.634615,81.800000
21269,21486,82.638462,81.803846
21270,21487,82.642308,81.807692
21271,21488,82.646154,81.811538
21272,21489,82.650000,81.815385
21273,21490,82.653846,81.819231
21274,21491,82.657692,81.823077
21275,21492,82.661538,81.826923
21276,21493,82.665385,81.830769
21277,21494,82.669231,81.834615
21278,21495,82.673077,81.838462
21279,21496,82.676923,81.842308
21280,21497,82.680769,81.846154
21281,21498,82.684615,81.850000
21282,21499,82.688462,81.853846
21283,21500,82.692308,81.857692
21284,21501,82.696154,81.861538
21285,21502,82.700000,81.865385
21286,21503,82.703846,81.869231
21287,21504,82.707692,81.873077
21288,21505,82.711538,81.876923
21289,21506,82.715385,81.880769
21290,21507,82.719231,81.884615
21291,21508,82.723077,81.888462
21292,21509,82.726923,81.892308
21293,21510,82.730769,81.896154
21294,21511,82.734615,81.900000
21295,21512,82.738462,81.903846
21296,21513,82.742308,81.907692
21297,21514,82.746154,81.911538
21298,21515,82.750000,81.915385
21299,21516,82.753846,81.919231
21300,21517,82.757692,81.923077
21301,21518,82.761538,81.926923
21302,21519,82.765385,81.930769
21303,21520,82.769231,81.934615
21304,21521,82.773077,81.938462
21305,21522,82.776923,81.942308
21306,21523,82.780769,81.946154
21307,21524,82.784615,81.950000
21308,21525,82.788462,81.953846
21309,21526,82.792308,81.957692
21310,21527,82.796154,81.961538
21311,21528,82.800000,81.965385
21312,21529,82.803846,81.969231
21313,21530,82.807692,81.973077
21314,21531,82.811538,81.976923
21315,21532,82.815385,81.980769
21316,21533,82.819231,81.984615
21317,21534,82.823077,81.988462
21318,21535,82.826923,81.992308
21319,21536,82.830769,81.996154
21320,21537,82.834615,82.000000
21321,21538,82.838462,82.003846
21322,21539,82.842308,82.007692
21323,21540,82.846154,82.011538
21324,21541,82.850000,82.015385
21325,21542,82.853846,82.019231
21326,21543,82.857692,82.023077
21327,21544,82.861538,82.026923
21328,21545,82.865385,82.030769
21329,21546,82.869231,82.034615
21330,21547,82.873077,82.038462
21331,21548,82.876923,82.042308
21332,21549,82.880769,82.046154
21333,21550,82.884615,82.050000
21334,21551,82.888462,82.053846
21335,21552,82.892308,82.057692
21336,21553,82.896154,82.061538
21337,21554,82.900000,82.065385
21338,21555,82.903846,82.069231
21339,21556,82.907692,82.073077
21340,21557,82.911538,82.076923
21341,21558,82.915385,82.080769
21342,21559,82.919231,82.084615
21343,21560,82.923077,82.088462
21344,21561,82.926923,82.092308
21345,21562,82.930769,82.096154
21346,21563,82.934615,82.100000
21347,21564,82.938462,82.103846
21348,21565,82.942308,82.107692
21349,21566,82.946154,82.111538
21350,21567,82.950000,82.115385
21351,21568,82.953846,82.119231
21352,21569,82.957692,82.123077
21353,21570,82.961538,82.126923
21354,21571,82.965385,82.130769
21355,21572,82.969231,82.134615
21356,21573,82.973077,82.138462
21357,21574,82.976923,82.142308
21358,21575,82.980769,82.146154
21359,21576,82.984615,82.150000
21360,21577,82.988462,82.153846
21361,21578,82.992308,82.157692
21362,21579,82.996154,82.161538
21363,21580,83.000000,82.165385
21364,21581,83.003846,82.169231
21365,21582,83.007692,82.173077
21366,21583,83.011538,82.176923
21367,21584,83.015385,82.180769
21368,21585,83.019231,82.184615
21369,21586,83.023077,82.188462
21370,21587,83.026923,82.192308
21371,21588,83.030769,82.196154
21372,21589,83.034615,82.200000
21373,21590,83.038462,82.203846
21374,21591,83.042308,82.207692
21375,21592,83.046154,82.211538
21376,21593,83.050000,82.215385
21377,21594,83.053846,82.219231
21378,21595,83.057692,82.223077
21379,21596,83.061538,82.226923
21380,21597,83.065385,82.230769
21381,21598,83.069231,82.234615
21382,21599,83.073077,82.238462
21383,21600,83.076923,82.242308
21384,21601,83.080769,82.246154
21385,21602,83.084615,82.250000
21386,21603,83.088462,82.253846
21387,21604,83.092308,82.257692
21388,21605,83.096154,82.261538
21389,21606,83.100000,82.265385
21390,21607,83.103846,82.269231
21391,21608,83.107692,82.273077
21392,21609,83.111538,82.276923
21393,21610,83.115385,82.280769
21394,21611,83.119231,82.284615
21395,21612,83.123077,82.288462
21396,21613,83.126923,82.292308
21397,21614,83.130769,82.296154
21398,21615,83.134615,82.300000
21399,21616,83.138462,82.303846
21400,21617,83.142308,82.307692
21401,21618,83.146154,82.311538
21402,21619,83.150000,82.315385
21403,21620,83.153846,82.319231
21404,21621,83.157692,82.323077
21405,21622,83.161538,82.326923
21406,21623,83.165385,82.330769
21407,21624,83.169231,82.334615
21408,21625,83.173077,82.338462
21409,21626,83.176923,82.342308
21410,21627,83.180769,82.346154
21411,21628,83.184615,82.350000
21412,21629,83.188462,82.353846
21413,21630,83.192308,82.357692
21414,21631,83.196154,82.361538
21415,21632,83.200000,82.365385
21416,21633,83.203846,82.369231
21417,21634,83.207692,82.373077
21418,21635,83.211538,82.376923
21419,21636,83.215385,82.380769
21420,21637,83.219231,82.384615
21421,21638,83.223077,82.388462
21422,21639,83.226923,82.392308
21423,21640,83.230769,82.396154
21424,21641,83.234615,82.400000
21425,21642,83.238462,82.403846
21426,21643,83.242308,82.407692
21427,21644,83.246154,82.411538
21428,21645,83.250000,82.415385
21429,21646,83.253846,82.419231
21430,21647,83.257692,82.423077
21431,21648,83.261538,82.426923
21432,21649,83.265385,82.430769
21433,21650,83.269231,82.434615
21434,21651,83.273077,82.438462
21435,21652,83.276923,82.442308
21436,21653,83.280769,82.446154
21437,21654,83.284615,82.450000
21438,21655,83.288462,82.453846
21439,21656,83.292308,82.457692
21440,21657,83.296154,82.461538
21441,21658,83.300000,82.465385
21442,21659,83.303846,82.469231
21443,21660,83.307692,82.473077
21444,21661,83.311538,82.476923
21445,21662,83.315385,82.480769
21446,21663,83.319231,82.484615
21447,21664,83.323077,82.488462
21448,21665,83.326923,82.492308
21449,21666,83.330769,82.496154
21450,21667,83.334615,82.500000
21451,21668,83.338462,82.503846
21452,21669,83.342308,82.507692
21453,21670,83.346154,82.511538
21454,21671,83.350000,82.515385
21455,21672,83.353846,82.519231
21456,21673,83.357692,82.523077
21457,21674,83.361538,82.526923
21458,21675,83.365385,82.530769
21459,21676,83.369231,82.534615
21460,21677,83.373077,82.538462
21461,21678,83.376923,82.542308
21462,21679,83.380769,82.546154
21463,21680,83.384615,82.550000
21464,21681,83.388462,82.553846
21465,21682,83.392308,82.557692
21466,21683,83.396154,82.561538
21467,21684,83.400000,82.565385
21468,21685,83.403846,82.569231
21469,21686,83.407692,82.573077
21470,21687,83.411538,82.576923
21471,21688,83.415385,82.580769
21472,21689,83.419231,82.584615
21473,21690,83.423077,82.588462
21474,21691,83.426923,82.592308
21475,21692,83.430769,82.596154
21476,21693,83.434615,82.600000
21477,21694,83.438462,82.603846
21478,21695,83.442308,82.607692
21479,21696,83.446154,82.611538
21480,21697,83.450000,82.615385
21481,21698,83.453846,82.619231
21482,21699,83.457692,82.623077
21483,21700,83.461538,82.626923
21484,21701,83.465385,82.630769
21485,21702,83.469231,82.634615
21486,21703,83.473077,82.638462
21487,21704,83.476923,82.642308
21488,21705,83.480769,82.646154
21489,21706,83.484615,82.650000
21490,21707,83.488462,82.653846
21491,21708,83.492308,82.657692
21492,21709,83.496154,82.661538
21493,21710,83.500000,82.665385
21494,21711,83.503846,82.669231
21495,21712,83.507692,82.673077
21496,21713,83.511538,82.676923
21497,21714,83.515385,82.680769
21498,21715,83.519231,82.684615
21499,21716,83.523077,82.688462
21500,21717,83.526923,82.692308
21501,21718,83.530769,82.696154
21502,21719,83.534615,82.700000
21503,21720,83.538462,82.703846
21504,21721,83.542308,82.707692
21505,21722,83.546154,82.711538
21506,21723,83.550000,82.715385
21507,21724,83.553846,82.719231
21508,21725,83.557692,82.723077
21509,21726,83.561538,82.726923
21510,21727,83.565385,82.730769
21511,21728,83.569231,82.734615
21512,21729,83.573077,82.738462
21513,21730,83.576923,82.742308
21514,21731,83.580769,82.746154
21515,21732,83.584615,82.750000
21516,21733,83.588462,82.753846
21517,21734,83.592308,82.757692
21518,21735,83.596154,82.761538
21519,21736,83.600000,82.765385
21520,21737,83.603846,82.769231
21521,21738,83.607692,82.773077
21522,21739,83.611538,82.776923
21523,21740,83.615385,82.780769
21524,21741,83.619231,82.784615
21525,21742,83.623077,82.788462
21526,21743,83.626923,82.792308
21527,21744,83.630769,82.796154
21528,21745,83.634615,82.800000
21529,21746,83.638462,82.803846
21530,21747,83.642308,82.807692
21531,21748,83.646154,82.811538
21532,21749,83.650000,82.815385
21533,21750,83.653846,82.819231
21534,21751,83.657692,82.823077
21535,21752,83.661538,82.826923
21536,21753,83.665385,82.830769
21537,21754,83.669231,82.834615
21538,21755,83.673077,82.838462
21539,21756,83.676923,82.842308
21540,21757,83.680769,82.846154
21541,21758,83.684615,82.850000
21542,21759,83.688462,82.853846
21543,21760,83.692308,82.857692
21544,21761,83.696154,82.861538
21545,21762,83.700000,82.865385
21546,21763,83.703846,82.869231
21547,21764,83.707692,82.873077
21548,21765,83.711538,82.876923
21549,21766,83.715385,82.880769
21550,21767,83.719231,82.884615
21551,21768,83.723077,82.888462
21552,21769,83.726923,82.892308
21553,21770,83.730769,82.896154
21554,21771,83.734615,82.900000
21555,21772,83.738462,82.903846
21556,21773,83.742308,82.907692
21557,21774,83.746154,82.911538
21558,21775,83.750000,82.915385
21559,21776,83.753846,82.919231
21560,21777,83.757692,82.923077
21561,21778,83.761538,82.926923
21562,21779,83.765385,82.930769
21563,21780,83.769231,82.934615
21564,21781,83.773077,82.938462
21565,21782,83.776923,82.942308
21566,21783,83.780769,82.946154
21567,21784,83.784615,82.950000
21568,21785,83.788462,82.953846
21569,21786,83.792308,82.957692
21570,21787,83.796154,82.961538
21571,21788,83.800000,82.965385
21572,21789,83.803846,82.969231
21573,21790,83.807692,82.973077
21574,21791,83.811538,82.976923
21575,21792,83.815385,82.980769
21576,21793,83.819231,82.984615
21577,21794,83.823077,82.988462
21578,21795,83.826923,82.992308
21579,21796,83.830769,82.996154
21580,21797,83.834615,83.000000
21581,21798,83.838462,83.003846
21582,21799,83.842308,83.007692
21583,21800,83.846154,83.011538
21584,21801,83.850000,83.015385
21585,21802,83.853846,83.019231
21586,21803,83.857692,83.023077
21587,21804,83.861538,83.026923
21588,21805,83.865385,83.030769
21589,21806,83.869231,83.034615
21590,21807,83.873077,83.038462
21591,21808,83.876923,83.042308
21592,21809,83.880769,83.046154
21593,21810,83.884615,83.050000
21594,21811,83.888462,83.053846
21595,21812,83.892308,83.057692
21596,21813,83.896154,83.061538
21597,21814,83.900000,83.065385
21598,21815,83.903846,83.069231
21599,21816,83.907692,83.073077
21600,21817,83.911538,83.076923
21601,21818,83.915385,83.080769
21602,21819,83.919231,83.084615
21603,21820,83.923077,83.088462
21604,21821,83.926923,83.092308
21605,21822,83.930769,83.096154
21606,21823,83.934615,83.100000
21607,21824,83.938462,83.103846
21608,21825,83.942308,83.107692
21609,21826,83.946154,83.111538
21610,21827,83.950000,83.115385
21611,21828,83.953846,83.119231
21612,21829,83.957692,83.123077
21613,21830,83.961538,83.126923
21614,21831,83.965385,83.130769
21615,21832,83.969231,83.134615
21616,21833,83.973077,83.138462
21617,21834,83.976923,83.142308
21618,21835,83.980769,83.146154
21619,21836,83.984615,83.150000
21620,21837,83.988462,83.153846
21621,21838,83.992308,83.157692
21622,21839,83.996154,83.161538
21623,21840,84.000000,83.165385
21624,21841,84.003846,83.169231
21625,21842,84.007692,83.173077
21626,21843,84.011538,83.176923
21627,21844,84.015385,83.180769
21628,21845,84.019231,83.184615
21629,21846,84.023077,83.188462
21630,21847,84.026923,83.192308
21631,21848,84.030769,83.196154
21632,21849,84.034615,83.200000
21633,21850,84.038462,83.203846
21634,21851,84.042308,83.207692
21635,21852,84.046154,83.211538
21636,21853,84.050000,83.215385
21637,21854,84.053846,83.219231
21638,21855,84.057692,83.223077
21639,21856,84.061538,83.226923
21640,21857,84.065385,83.230769
21641,21858,84.069231,83.234615
21642,21859,84.073077,83.238462
21643,21860,84.076923,83.242308
21644,21861,84.080769,83.246154
21645,21862,84.084615,83.250000
21646,21863,84.088462,83.253846
21647,21864,84.092308,83.257692
21648,21865,84.096154,83.261538
21649,21866,84.100000,83.265385
21650,21867,84.103846,83.269231
21651,21868,84.107692,83.273077
21652,21869,84.111538,83.276923
21653,21870,84.115385,83.280769
21654,21871,84.119231,83.284615
21655,21872,84.123077,83.288462
21656,21873,84.126923,83.292308
21657,21874,84.130769,83.296154
21658,21875,84.134615,83.300000
21659,21876,84.138462,83.303846
21660,21877,84.142308,83.307692
21661,21878,84.146154,83.311538
21662,21879,84.150000,83.315385
21663,21880,84.153846,83.319231
21664,21881,84.157692,83.323077
21665,21882,84.161538,83.326923
21666,21883,84.165385,83.330769
21667,21884,84.169231,83.334615
21668,21885,84.173077,83.338462
21669,21886,84.176923,83.342308
21670,21887,84.180769,83.346154
21671,21888,84.184615,83.350000
21672,21889,84.188462,83.353846
21673,21890,84.192308,83.357692
21674,21891,84.196154,83.361538
21675,21892,84.200000,83.365385
21676,21893,84.203846,83.369231
21677,21894,84.207692,83.373077
21678,21895,84.211538,83.376923
21679,21896,84.215385,83.380769
21680,21897,84.219231,83.384615
21681,21898,84.223077,83.388462
21682,21899,84.226923,83.392308
21683,21900,84.230769,83.396154
21684,21901,84.234615,83.400000
21685,21902,84.238462,83.403846
21686,21903,84.242308,83.407692
21687,21904,84.246154,83.411538
21688,21905,84.250000,83.415385
21689,21906,84.253846,83.419231
21690,21907,84.257692,83.423077
21691,21908,84.261538,83.426923
21692,21909,84.265385,83.430769
21693,21910,84.269231,83.434615
21694,21911,84.273077,83.438462
21695,21912,84.276923,83.442308
21696,21913,84.280769,83.446154
21697,21914,84.284615,83.450000
21698,21915,84.288462,83.453846
21699,21916,84.292308,83.457692
21700,21917,84.296154,83.461538
21701,21918,84.300000,83.465385
21702,21919,84.303846,83.469231
21703,21920,84.307692,83.473077
21704,21921,84.311538,83.476923
21705,21922,84.315385,83.480769
21706,21923,84.319231,83.484615
21707,21924,84.323077,83.488462
21708,21925,84.326923,83.492308
21709,21926,84.330769,83.496154
21710,21927,84.334615,83.500000
21711,21928,84.338462,83.503846
21712,21929,84.342308,83.507692
21713,21930,84.346154,83.511538
21714,21931,84.350000,83.515385
21715,21932,84.353846,83.519231
21716,21933,84.357692,83.523077
21717,21934,84.361538,83.526923
21718,21935,84.365385,83.530769
21719,21936,84.369231,83.534615
21720,21937,84.373077,83.538462
21721,21938,84.376923,83.542308
21722,21939,84.380769,83.546154
21723,21940,84.384615,83.550000
21724,21941,84.388462,83.553846
21725,21942,84.392308,83.557692
21726,21943,84.396154,83.561538
21727,21944,84.400000,83.565385
21728,21945,84.403846,83.569231
21729,21946,84.407692,83.573077
21730,21947,84.411538,83.576923
21731,21948,84.415385,83.580769
21732,21949,84.419231,83.584615
21733,21950,84.423077,83.588462
21734,21951,84.426923,83.592308
21735,21952,84.430769,83.596154
21736,21953,84.434615,83.600000
21737,21954,84.438462,83.603846
21738,21955,84.442308,83.607692
21739,21956,84.446154,83.611538
21740,21957,84.450000,83.615385
21741,21958,84.453846,83.619231
21742,21959,84.457692,83.623077
21743,21960,84.461538,83.626923
21744,21961,84.465385,83.630769
21745,21962,84.469231,83.634615
21746,21963,84.473077,83.638462
21747,21964,84.476923,83.642308
21748,21965,84.480769,83.646154
21749,21966,84.484615,83.650000
21750,21967,84.488462,83.653846
21751,21968,84.492308,83.657692
21752,21969,84.496154,83.661538
21753,21970,84.500000,83.665385
21754,21971,84.503846,83.669231
21755,21972,84.507692,83.673077
21756,21973,84.511538,83.676923
21757,21974,84.515385,83.680769
21758,21975,84.519231,83.684615
21759,21976,84.523077,83.688462
21760,21977,84.526923,83.692308
21761,21978,84.530769,83.696154
21762,21979,84.534615,83.700000
21763,21980,84.538462,83.703846
21764,21981,84.542308,83.707692
21765,21982,84.546154,83.711538
21766,21983,84.550000,83.715385
21767,21984,84.553846,83.719231
21768,21985,84.557692,83.723077
21769,21986,84.561538,83.726923
21770,21987,84.565385,83.730769
21771,21988,84.569231,83.734615
21772,21989,84.573077,83.738462
21773,21990,84.576923,83.742308
21774,21991,84.580769,83.746154
21775,21992,84.584615,83.750000
21776,21993,84.588462,83.753846
21777,21994,84.592308,83.757692
21778,21995,84.596154,83.761538
21779,21996,84.600000,83.765385
21780,21997,84.603846,83.769231
21781,21998,84.607692,83.773077
21782,21999,84.611538,83.776923
21783,22000,84.615385,83.780769
21784,22001,84.619231,83.784615
21785,22002,84.623077,83.788462
21786,22003,84.626923,83.792308
21787,22004,84.630769,83.796154
21788,22005,84.634615,83.800000
21789,22006,84.638462,83.803846
21790,22007,84.642308,83.807692
21791,22008,84.646154,83.811538
21792,22009,84.650000,83.815385
21793,22010,84.653846,83.819231
21794,22011,84.657692,83.823077
21795,22012,84.661538,83.826923
21796,22013,84.665385,83.830769
21797,22014,84.669231,83.834615
21798,22015,84.673077,83.838462
21799,22016,84.676923,83.842308
21800,22017,84.680769,83.846154
21801,22018,84.684615,83.850000
21802,22019,84.688462,83.853846
21803,22020,84.692308,83.857692
21804,22021,84.696154,83.861538
21805,22022,84.700000,83.865385
21806,22023,84.703846,83.869231
21807,22024,84.707692,83.873077
21808,22025,84.711538,83.876923
21809,22026,84.715385,83.880769
21810,22027,84.719231,83.884615
21811,22028,84.723077,83.888462
21812,22029,84.726923,83.892308
21813,22030,84.730769,83.896154
21814,22031,84.734615,83.900000
21815,22032,84.738462,83.903846
21816,22033,84.742308,83.907692
21817,22034,84.746154,83.911538
21818,22035,84.750000,83.915385
21819,22036,84.753846,83.919231
21820,22037,84.757692,83.923077
21821,22038,84.761538,83.926923
21822,22039,84.765385,83.930769
21823,22040,84.769231,83.934615
21824,22041,84.773077,83.938462
21825,22042,84.776923,83.942308
21826,22043,84.780769,83.946154
21827,22044,84.784615,83.950000
21828,22045,84.788462,83.953846
21829,22046,84.792308,83.957692
21830,22047,84.796154,83.961538
21831,22048,84.800000,83.965385
21832,22049,84.803846,83.969231
21833,22050,84.807692,83.973077
21834,22051,84.811538,83.976923
21835,22052,84.815385,83.980769
21836,22053,84.819231,83.984615
21837,22054,84.823077,83.988462
21838,22055,84.826923,83.992308
21839,22056,84.830769,83.996154
21840,22057,84.834615,84.000000
21841,22058,84.838462,84.003846
21842,22059,84.842308,84.007692
21843,22060,84.846154,84.011538
21844,22061,84.850000,84.015385
21845,22062,84.853846,84.019231
21846,22063,84.857692,84.023077
21847,22064,84.861538,84.026923
21848,22065,84.865385,84.030769
21849,22066,84.869231,84.034615
21850,22067,84.873077,84.038462
21851,22068,84.876923,84.042308
21852,22069,84.880769,84.046154
21853,22070,84.884615,84.050000
21854,22071,84.888462,84.053846
21855,22072,84.892308,84.057692
21856,22073,84.896154,84.061538
21857,22074,84.900000,84.065385
21858,22075,84.903846,84.069231
21859,22076,84.907692,84.073077
21860,22077,84.911538,84.076923
21861,22078,84.915385,84.080769
21862,22079,84.919231,84.084615
21863,22080,84.923077,84.088462
21864,22081,84.926923,84.092308
21865,22082,84.930769,84.096154
21866,22083,84.934615,84.100000
21867,22084,84.938462,84.103846
21868,22085,84.942308,84.107692
21869,22086,84.946154,84.111538
21870,22087,84.950000,84.115385
21871,22088,84.953846,84.119231
21872,22089,84.957692,84.123077
21873,22090,84.961538,84.126923
21874,22091,84.965385,84.130769
21875,22092,84.969231,84.134615
21876,22093,84.973077,84.138462
21877,22094,84.976923,84.142308
21878,22095,84.980769,84.146154
21879,22096,84.984615,84.150000
21880,22097,84.988462,84.153846
21881,22098,84.992308,84.157692
21882,22099,84.996154,84.161538
21883,22100,85.000000,84.165385
21884,22101,85.003846,84.169231
21885,22102,85.007692,84.173077
21886,22103,85.011538,84.176923
21887,22104,85.015385,84.180769
21888,22105,85.019231,84.184615
21889,22106,85.023077,84.188462
21890,22107,85.026923,84.192308
21891,22108,85.030769,84.196154
21892,22109,85.034615,84.200000
21893,22110,85.038462,84.203846
21894,22111,85.042308,84.207692
21895,22112,85.046154,84.211538
21896,22113,85.050000,84.215385
21897,22114,85.053846,84.219231
21898,22115,85.057692,84.223077
21899,22116,85.061538,84.226923
21900,22117,85.065385,84.230769
21901,22118,85.069231,84.234615
21902,22119,85.073077,84.238462
21903,22120,85.076923,84.242308
21904,22121,85.080769,84.246154
21905,22122,85.084615,84.250000
21906,22123,85.088462,84.253846
21907,22124,85.092308,84.257692
21908,22125,85.096154,84.261538
21909,22126,85.100000,84.265385
21910,22127,85.103846,84.269231
21911,22128,85.107692,84.273077
21912,22129,85.111538,84.276923
21913,22130,85.115385,84.280769
21914,22131,85.119231,84.284615
21915,22132,85.123077,84.288462
21916,22133,85.126923,84.292308
21917,22134,85.130769,84.296154
21918,22135,85.134615,84.300000
21919,22136,85.138462,84.303846
21920,22137,85.142308,84.307692
21921,22138,85.146154,84.311538
21922,22139,85.150000,84.315385
21923,22140,85.153846,84.319231
21924,22141,85.157692,84.323077
21925,22142,85.161538,84.326923
21926,22143,85.165385,84.330769
21927,22144,85.169231,84.334615
21928,22145,85.173077,84.338462
21929,22146,85.176923,84.342308
21930,22147,85.180769,84.346154
21931,22148,85.184615,84.350000
21932,22149,85.188462,84.353846
21933,22150,85.192308,84.357692
21934,22151,85.196154,84.361538
21935,22152,85.200000,84.365385
21936,22153,85.203846,84.369231
21937,22154,85.207692,84.373077
21938,22155,85.211538,84.376923
21939,22156,85.215385,84.380769
21940,22157,85.219231,84.384615
21941,22158,85.223077,84.388462
21942,22159,85.226923,84.392308
21943,22160,85.230769,84.396154
21944,22161,85.234615,84.400000
21945,22162,85.238462,84.403846
21946,22163,85.242308,84.407692
21947,22164,85.246154,84.411538
21948,22165,85.250000,84.415385
21949,22166,85.253846,84.419231
21950,22167,85.257692,84.423077
21951,22168,85.261538,84.426923
21952,22169,85.265385,84.430769
21953,22170,85.269231,84.434615
21954,22171,85.273077,84.438462
21955,22172,85.276923,84.442308
21956,22173,85.280769,84.446154
21957,22174,85.284615,84.450000
21958,22175,85.288462,84.453846
21959,22176,85.292308,84.457692
21960,22177,85.296154,84.461538
21961,22178,85.300000,84.465385
21962,22179,85.303846,84.469231
21963,22180,85.307692,84.473077
21964,22181,85.311538,84.476923
21965,22182,85.315385,84.480769
21966,22183,85.319231,84.484615
21967,22184,85.323077,84.488462
21968,22185,85.326923,84.492308
21969,22186,85.330769,84.496154
21970,22187,85.334615,84.500000
21971,22188,85.338462,84.503846
21972,22189,85.342308,84.507692
21973,22190,85.346154,84.511538
21974,22191,85.350000,84.515385
21975,22192,85.353846,84.519231
21976,22193,85.357692,84.523077
21977,22194,85.361538,84.526923
21978,22195,85.365385,84.530769
21979,22196,85.369231,84.534615
21980,22197,85.373077,84.538462
21981,22198,85.376923,84.542308
21982,22199,85.380769,84.546154
21983,22200,85.384615,84.550000
21984,22201,85.388462,84.553846
21985,22202,85.392308,84.557692
21986,22203,85.396154,84.561538
21987,22204,85.400000,84.565385
21988,22205,85.403846,84.569231
21989,22206,85.407692,84.573077
21990,22207,85.411538,84.576923
21991,22208,85.415385,84.580769
21992,22209,85.419231,84.584615
21993,22210,85.423077,84.588462
21994,22211,85.426923,84.592308
21995,22212,85.430769,84.596154
21996,22213,85.434615,84.600000
21997,22214,85.438462,84.603846
21998,22215,85.442308,84.607692
21999,22216,85.446154,84.611538
22000,22217,85.450000,84.615385
22001,22218,85.453846,84.619231
22002,22219,85.457692,84.623077
22003,22220,85.461538,84.626923
22004,22221,85.465385,84.630769
22005,22222,85.469231,84.634615
22006,22223,85.473077,84.638462
22007,22224,85.476923,84.642308
22008,22225,85.480769,84.646154
22009,22226,85.484615,84.650000
22010,22227,85.488462,84.653846
22011,22228,85.492308,84.657692
22012,22229,85.496154,84.661538
22013,22230,85.500000,84.665385
22014,22231,85.503846,84.669231
22015,22232,85.507692,84.673077
22016,22233,85.511538,84.676923
22017,22234,85.515385,84.680769
22018,22235,85.519231,84.684615
22019,22236,85.523077,84.688462
22020,22237,85.526923,84.692308
22021,22238,85.530769,84.696154
22022,22239,85.534615,84.700000
22023,22240,85.538462,84.703846
22024,22241,85.542308,84.707692
22025,22242,85.546154,84.711538
22026,22243,85.550000,84.715385
22027,22244,85.553846,84.719231
22028,22245,85.557692,84.723077
22029,22246,85.561538,84.726923
22030,22247,85.565385,84.730769
22031,22248,85.569231,84.734615
22032,22249,85.573077,84.738462
22033,22250,85.576923,84.742308
22034,22251,85.580769,84.746154
22035,22252,85.584615,84.750000
22036,22253,85.588462,84.753846
22037,22254,85.592308,84.757692
22038,22255,85.596154,84.761538
22039,22256,85.600000,84.765385
22040,22257,85.603846,84.769231
22041,22258,85.607692,84.773077
22042,22259,85.611538,84.776923
22043,22260,85.615385,84.780769
22044,22261,85.619231,84.784615
22045,22262,85.623077,84.788462
22046,22263,85.626923,84.792308
22047,22264,85.630769,84.796154
22048,22265,85.634615,84.800000
22049,22266,85.638462,84.803846
22050,22267,85.642308,84.807692
22051,22268,85.646154,84.811538
22052,22269,85.650000,84.815385
22053,22270,85.653846,84.819231
22054,22271,85.657692,84.823077
22055,22272,85.661538,84.826923
22056,22273,85.665385,84.830769
22057,22274,85.669231,84.834615
22058,22275,85.673077,84.838462
22059,22276,85.676923,84.842308
22060,22277,85.680769,84.846154
22061,22278,85.684615,84.850000
22062,22279,85.688462,84.853846
22063,22280,85.692308,84.857692
22064,22281,85.696154,84.861538
22065,22282,85.700000,84.865385
22066,22283,85.703846,84.869231
22067,22284,85.707692,84.873077
22068,22285,85.711538,84.876923
22069,22286,85.715385,84.880769
22070,22287,85.719231,84.884615
22071,22288,85.723077,84.888462
22072,22289,85.726923,84.892308
22073,22290,85.730769,84.896154
22074,22291,85.734615,84.900000
22075,22292,85.738462,84.903846
22076,22293,85.742308,84.907692
22077,22294,85.746154,84.911538
22078,22295,85.750000,84.915385
22079,22296,85.753846,84.919231
22080,22297,85.757692,84.923077
22081,22298,85.761538,84.926923
22082,22299,85.765385,84.930769
22083,22300,85.769231,84.934615
22084,22301,85.773077,84.938462
22085,22302,85.776923,84.942308
22086,22303,85.780769,84.946154
22087,22304,85.784615,84.950000
22088,22305,85.788462,84.953846
22089,22306,85.792308,84.957692
22090,22307,85.796154,84.961538
22091,22308,85.800000,84.965385
22092,22309,85.803846,84.969231
22093,22310,85.807692,84.973077
22094,22311,85.811538,84.976923
22095,22312,85.815385,84.980769
22096,22313,85.819231,84.984615
22097,22314,85.823077,84.988462
22098,22315,85.826923,84.992308
22099,22316,85.830769,84.996154
22100,22317,85.834615,85.000000
22101,22318,85.838462,85.003846
22102,22319,85.842308,85.007692
22103,22320,85.846154,85.011538
22104,22321,85.850000,85.015385
22105,22322,85.853846,85.019231
22106,22323,85.857692,85.023077
22107,22324,85.861538,85.026923
22108,22325,85.865385,85.030769
22109,22326,85.869231,85.034615
22110,22327,85.873077,85.038462
22111,22328,85.876923,85.042308
22112,22329,85.880769,85.046154
22113,22330,85.884615,85.050000
22114,22331,85.888462,85.053846
22115,22332,85.892308,85.057692
22116,22333,85.896154,85.061538
22117,22334,85.900000,85.065385
22118,22335,85.903846,85.069231
22119,22336,85.907692,85.073077
22120,22337,85.911538,85.076923
22121,22338,85.915385,85.080769
22122,22339,85.919231,85.084615
22123,22340,85.923077,85.088462
22124,22341,85.926923,85.092308
22125,22342,85.930769,85.096154
22126,22343,85.934615,85.100000
22127,22344,85.938462,85.103846
22128,22345,85.942308,85.107692
22129,22346,85.946154,85.111538
22130,22347,85.950000,85.115385
22131,22348,85.953846,85.119231
22132,22349,85.957692,85.123077
22133,22350,85.961538,85.126923
22134,22351,85.965385,85.130769
22135,22352,85.969231,85.134615
22136,22353,85.973077,85.138462
22137,22354,85.976923,85.142308
22138,22355,85.980769,85.146154
22139,22356,85.984615,85.150000
22140,22357,85.988462,85.153846
22141,22358,85.992308,85.157692
22142,22359,85.996154,85.161538
22143,22360,86.000000,85.165385
22144,22361,86.003846,85.169231
22145,22362,86.007692,85.173077
22146,22363,86.011538,85.176923
22147,22364,86.015385,85.180769
22148,22365,86.019231,85.184615
22149,22366,86.023077,85.188462
22150,22367,86.026923,85.192308
22151,22368,86.030769,85.196154
22152,22369,86.034615,85.200000
22153,22370,86.038462,85.203846
22154,22371,86.042308,85.207692
22155,22372,86.046154,85.211538
22156,22373,86.050000,85.215385
22157,22374,86.053846,85.219231
22158,22375,86.057692,85.223077
22159,22376,86.061538,85.226923
22160,22377,86.065385,85.230769
22161,22378,86.069231,85.234615
22162,22379,86.073077,85.238462
22163,22380,86.076923,85.242308
22164,22381,86.080769,85.246154
22165,22382,86.084615,85.250000
22166,22383,86.088462,85.253846
22167,22384,86.092308,85.257692
22168,22385,86.096154,85.261538
22169,22386,86.100000,85.265385
22170,22387,86.103846,85.269231
22171,22388,86.107692,85.273077
22172,22389,86.111538,85.276923
22173,22390,86.115385,85.280769
22174,22391,86.119231,85.284615
22175,22392,86.123077,85.288462
22176,22393,86.126923,85.292308
22177,22394,86.130769,85.296154
22178,22395,86.134615,85.300000
22179,22396,86.138462,85.303846
22180,22397,86.142308,85.307692
22181,22398,86.146154,85.311538
22182,22399,86.150000,85.315385
22183,22400,86.153846,85.319231
22184,22401,86.157692,85.323077
22185,22402,86.161538,85.326923
22186,22403,86.165385,85.330769
22187,22404,86.169231,85.334615
22188,22405,86.173077,85.338462
22189,22406,86.176923,85.342308
22190,22407,86.180769,85.346154
22191,22408,86.184615,85.350000
22192,22409,86.188462,85.353846
22193,22410,86.192308,85.357692
22194,22411,86.196154,85.361538
22195,22412,86.200000,85.365385
22196,22413,86.203846,85.369231
22197,22414,86.207692,85.373077
22198,22415,86.211538,85.376923
22199,22416,86.215385,85.380769
22200,22417,86.219231,85.384615
22201,22418,86.223077,85.388462
22202,22419,86.226923,85.392308
22203,22420,86.230769,85.396154
22204,22421,86.234615,85.400000
22205,22422,86.238462,85.403846
22206,22423,86.242308,85.407692
22207,22424,86.246154,85.411538
22208,22425,86.250000,85.415385
22209,22426,86.253846,85.419231
22210,22427,86.257692,85.423077
22211,22428,86.261538,85.426923
22212,22429,86.265385,85.430769
22213,22430,86.269231,85.434615
22214,22431,86.273077,85.438462
22215,22432,86.276923,85.442308
22216,22433,86.280769,85.446154
22217,22434,86.284615,85.450000
22218,22435,86.288462,85.453846
22219,22436,86.292308,85.457692
22220,22437,86.296154,85.461538
22221,22438,86.300000,85.465385
22222,22439,86.303846,85.469231
22223,22440,86.307692,85.473077
22224,22441,86.311538,85.476923
22225,22442,86.315385,85.480769
22226,22443,86.319231,85.484615
22227,22444,86.323077,85.488462
22228,22445,86.326923,85.492308
22229,22446,86.330769,85.496154
22230,22447,86.334615,85.500000
22231,22448,86.338462,85.503846
22232,22449,86.342308,85.507692
22233,22450,86.346154,85.511538
22234,22451,86.350000,85.515385
22235,22452,86.353846,85.519231
22236,22453,86.357692,85.523077
22237,22454,86.361538,85.526923
22238,22455,86.365385,85.530769
22239,22456,86.369231,85.534615
22240,22457,86.373077,85.538462
22241,22458,86.376923,85.542308
22242,22459,86.380769,85.546154
22243,22460,86.384615,85.550000
22244,22461,86.388462,85.553846
22245,22462,86.392308,85.557692
22246,22463,86.396154,85.561538
22247,22464,86.400000,85.565385
22248,22465,86.403846,85.569231
22249,22466,86.407692,85.573077
22250,22467,86.411538,85.576923
22251,22468,86.415385,85.580769
22252,22469,86.419231,85.584615
22253,22470,86.423077,85.588462
22254,22471,86.426923,85.592308
22255,22472,86.430769,85.596154
22256,22473,86.434615,85.600000
22257,22474,86.438462,85.603846
22258,22475,86.442308,85.607692
22259,22476,86.446154,85.611538
22260,22477,86.450000,85.615385
22261,22478,86.453846,85.619231
22262,22479,86.457692,85.623077
22263,22480,86.461538,85.626923
22264,22481,86.465385,85.630769
22265,22482,86.469231,85.634615
22266,22483,86.473077,85.638462
22267,22484,86.476923,85.642308
22268,22485,86.480769,85.646154
22269,22486,86.484615,85.650000
22270,22487,86.488462,85.653846
22271,22488,86.492308,85.657692
22272,22489,86.496154,85.661538
22273,22490,86.500000,85.665385
22274,22491,86.503846,85.669231
22275,22492,86.507692,85.673077
22276,22493,86.511538,85.676923
22277,22494,86.515385,85.680769
22278,22495,86.519231,85.684615
22279,22496,86.523077,85.688462
22280,22497,86.526923,85.692308
22281,22498,86.530769,85.696154
22282,22499,86.534615,85.700000
22283,22500,86.538462,85.703846
22284,22501,86.542308,85.707692
22285,22502,86.546154,85.711538
22286,22503,86.550000,85.715385
22287,22504,86.553846,85.719231
22288,22505,86.557692,85.723077
22289,22506,86.561538,85.726923
22290,22507,86.565385,85.730769
22291,22508,86.569231,85.734615
22292,22509,86.573077,85.738462
22293,22510,86.576923,85.742308
22294,22511,86.580769,85.746154
22295,22512,86.584615,85.750000
22296,22513,86.588462,85.753846
22297,22514,86.592308,85.757692
22298,22515,86.596154,85.761538
22299,22516,86.600000,85.765385
22300,22517,86.603846,85.769231
22301,22518,86.607692,85.773077
22302,22519,86.611538,85.776923
22303,22520,86.615385,85.780769
22304,22521,86.619231,85.784615
22305,22522,86.623077,85.788462
22306,22523,86.626923,85.792308
22307,22524,86.630769,85.796154
22308,22525,86.634615,85.800000
22309,22526,86.638462,85.803846
22310,22527,86.642308,85.807692
22311,22528,86.646154,85.811538
22312,22529,86.650000,85.815385
22313,22530,86.653846,85.819231
22314,22531,86.657692,85.823077
22315,22532,86.661538,85.826923
22316,22533,86.665385,85.830769
22317,22534,86.669231,85.834615
22318,22535,86.673077,85.838462
22319,22536,86.676923,85.842308
22320,22537,86.680769,85.846154
22321,22538,86.684615,85.850000
22322,22539,86.688462,85.853846
22323,22540,86.692308,85.857692
22324,22541,86.696154,85.861538
22325,22542,86.700000,85.865385
22326,22543,86.703846,85.869231
22327,22544,86.707692,85.873077
22328,22545,86.711538,85.876923
22329,22546,86.715385,85.880769
22330,22547,86.719231,85.884615
22331,22548,86.723077,85.888462
22332,22549,86.726923,85.892308
22333,22550,86.730769,85.896154
22334,22551,86.734615,85.900000
22335,22552,86.738462,85.903846
22336,22553,86.742308,85.907692
22337,22554,86.746154,85.911538
22338,22555,86.750000,85.915385
22339,22556,86.753846,85.919231
22340,22557,86.757692,85.923077
22341,22558,86.761538,85.926923
22342,22559,86.765385,85.930769
22343,22560,86.769231,85.934615
22344,22561,86.773077,85.938462
22345,22562,86.776923,85.942308
22346,22563,86.780769,85.946154
22347,22564,86.784615,85.950000
22348,22565,86.788462,85.953846
22349,22566,86.792308,85.957692
22350,22567,86.796154,85.961538
22351,22568,86.800000,85.965385
22352,22569,86.803846,85.969231
22353,22570,86.807692,85.973077
22354,22571,86.811538,85.976923
22355,22572,86.815385,85.980769
22356,22573,86.819231,85.984615
22357,22574,86.823077,85.988462
22358,22575,86.826923,85.992308
22359,22576,86.830769,85.996154
22360,22577,86.834615,86.000000
22361,22578,86.838462,86.003846
22362,22579,86.842308,86.007692
22363,22580,86.846154,86.011538
22364,22581,86.850000,86.015385
22365,22582,86.853846,86.019231
22366,22583,86.857692,86.023077
22367,22584,86.861538,86.026923
22368,22585,86.865385,86.030769
22369,22586,86.869231,86.034615
22370,22587,86.873077,86.038462
22371,22588,86.876923,86.042308
22372,22589,86.880769,86.046154
22373,22590,86.884615,86.050000
22374,22591,86.888462,86.053846
22375,22592,86.892308,86.057692
22376,22593,86.896154,86.061538
22377,22594,86.900000,86.065385
22378,22595,86.903846,86.069231
22379,22596,86.907692,86.073077
22380,22597,86.911538,86.076923
22381,22598,86.915385,86.080769
22382,22599,86.919231,86.084615
22383,22600,86.923077,86.088462
22384,22601,86.926923,86.092308
22385,22602,86.930769,86.096154
22386,22603,86.934615,86.100000
22387,22604,86.938462,86.103846
22388,22605,86.942308,86.107692
22389,22606,86.946154,86.111538
22390,22607,86.950000,86.115385
22391,22608,86.953846,86.119231
22392,22609,86.957692,86.123077
22393,22610,86.961538,86.126923
22394,22611,86.965385,86.130769
22395,22612,86.969231,86.134615
22396,22613,86.973077,86.138462
22397,22614,86.976923,86.142308
22398,22615,86.980769,86.146154
22399,22616,86.984615,86.150000
22400,22617,86.988462,86.153846
22401,22618,86.992308,86.157692
22402,22619,86.996154,86.161538
22403,22620,87.000000,86.165385
22404,22621,87.003846,86.169231
22405,22622,87.007692,86.173077
22406,22623,87.011538,86.176923
22407,22624,87.015385,86.180769
22408,22625,87.019231,86.184615
22409,22626,87.023077,86.188462
22410,22627,87.026923,86.192308
22411,22628,87.030769,86.196154
22412,22629,87.034615,86.200000
22413,22630,87.038462,86.203846
22414,22631,87.042308,86.207692
22415,22632,87.046154,86.211538
22416,22633,87.050000,86.215385
22417,22634,87.053846,86.219231
22418,22635,87.057692,86.223077
22419,22636,87.061538,86.226923
22420,22637,87.065385,86.230769
22421,22638,87.069231,86.234615
22422,22639,87.073077,86.238462
22423,22640,87.076923,86.242308
22424,22641,87.080769,86.246154
22425,22642,87.084615,86.250000
22426,22643,87.088462,86.253846
22427,22644,87.092308,86.257692
22428,22645,87.096154,86.261538
22429,22646,87.100000,86.265385
22430,22647,87.103846,86.269231
22431,22648,87.107692,86.273077
22432,22649,87.111538,86.276923
22433,22650,87.115385,86.280769
22434,22651,87.119231,86.284615
22435,22652,87.123077,86.288462
22436,22653,87.126923,86.292308
22437,22654,87.130769,86.296154
22438,22655,87.134615,86.300000
22439,22656,87.138462,86.303846
22440,22657,87.142308,86.307692
22441,22658,87.146154,86.311538
22442,22659,87.150000,86.315385
22443,22660,87.153846,86.319231
22444,22661,87.157692,86.323077
22445,22662,87.161538,86.326923
22446,22663,87.165385,86.330769
22447,22664,87.169231,86.334615
22448,22665,87.173077,86.338462
22449,22666,87.176923,86.342308
22450,22667,87.180769,86.346154
22451,22668,87.184615,86.350000
22452,22669,87.188462,86.353846
22453,22670,87.192308,86.357692
22454,22671,87.196154,86.361538
22455,22672,87.200000,86.365385
22456,22673,87.203846,86.369231
22457,22674,87.207692,86.373077
22458,22675,87.211538,86.376923
22459,22676,87.215385,86.380769
22460,22677,87.219231,86.384615
22461,22678,87.223077,86.388462
22462,22679,87.226923,86.392308
22463,22680,87.230769,86.396154
22464,22681,87.234615,86.400000
22465,22682,87.238462,86.403846
22466,22683,87.242308,86.407692
22467,22684,87.246154,86.411538
22468,22685,87.250000,86.415385
22469,22686,87.253846,86.419231
22470,22687,87.257692,86.423077
22471,22688,87.261538,86.426923
22472,22689,87.265385,86.430769
22473,22690,87.269231,86.434615
22474,22691,87.273077,86.438462
22475,22692,87.276923,86.442308
22476,22693,87.280769,86.446154
22477,22694,87.284615,86.450000
22478,22695,87.288462,86.453846
22479,22696,87.292308,86.457692
22480,22697,87.296154,86.461538
22481,22698,87.300000,86.465385
22482,22699,87.303846,86.469231
22483,22700,87.307692,86.473077
22484,22701,87.311538,86.476923
22485,22702,87.315385,86.480769
22486,22703,87.319231,86.484615
22487,22704,87.323077,86.488462
22488,22705,87.326923,86.492308
22489,22706,87.330769,86.496154
22490,22707,87.334615,86.500000
22491,22708,87.338462,86.503846
22492,22709,87.342308,86.507692
22493,22710,87.346154,86.511538
22494,22711,87.350000,86.515385
22495,22712,87.353846,86.519231
22496,22713,87.357692,86.523077
22497,22714,87.361538,86.526923
22498,22715,87.365385,86.530769
22499,22716,87.369231,86.534615
22500,22717,87.373077,86.538462
22501,22718,87.376923,86.542308
22502,22719,87.380769,86.546154
22503,22720,87.384615,86.550000
22504,22721,87.388462,86.553846
22505,22722,87.392308,86.557692
22506,22723,87.396154,86.561538
22507,22724,87.400000,86.565385
22508,22725,87.403846,86.569231
22509,22726,87.407692,86.573077
22510,22727,87.411538,86.576923
22511,22728,87.415385,86.580769
22512,22729,87.419231,86.584615
22513,22730,87.423077,86.588462
22514,22731,87.426923,86.592308
22515,22732,87.430769,86.596154
22516,22733,87.434615,86.600000
22517,22734,87.438462,86.603846
22518,22735,87.442308,86.607692
22519,22736,87.446154,86.611538
22520,22737,87.450000,86.615385
22521,22738,87.453846,86.619231
22522,22739,87.457692,86.623077
22523,22740,87.461538,86.626923
22524,22741,87.465385,86.630769
22525,22742,87.469231,86.634615
22526,22743,87.473077,86.638462
22527,22744,87.476923,86.642308
22528,22745,87.480769,86.646154
22529,22746,87.484615,86.650000
22530,22747,87.488462,86.653846
22531,22748,87.492308,86.657692
22532,22749,87.496154,86.661538
22533,22750,87.500000,86.665385
22534,22751,87.503846,86.669231
22535,22752,87.507692,86.673077
22536,22753,87.511538,86.676923
22537,22754,87.515385,86.680769
22538,22755,87.519231,86.684615
22539,22756,87.523077,86.688462
22540,22757,87.526923,86.692308
22541,22758,87.530769,86.696154
22542,22759,87.534615,86.700000
22543,22760,87.538462,86.703846
22544,22761,87.542308,86.707692
22545,22762,87.546154,86.711538
22546,22763,87.550000,86.715385
22547,22764,87.553846,86.719231
22548,22765,87.557692,86.723077
22549,22766,87.561538,86.726923
22550,22767,87.565385,86.730769
22551,22768,87.569231,86.734615
22552,22769,87.573077,86.738462
22553,22770,87.576923,86.742308
22554,22771,87.580769,86.746154
22555,22772,87.584615,86.750000
22556,22773,87.588462,86.753846
22557,22774,87.592308,86.757692
22558,22775,87.596154,86.761538
22559,22776,87.600000,86.765385
22560,22777,87.603846,86.769231
22561,22778,87.607692,86.773077
22562,22779,87.611538,86.776923
22563,22780,87.615385,86.780769
22564,22781,87.619231,86.784615
22565,22782,87.623077,86.788462
22566,22783,87.626923,86.792308
22567,22784,87.630769,86.796154
22568,22785,87.634615,86.800000
22569,22786,87.638462,86.803846
22570,22787,87.642308,86.807692
22571,22788,87.646154,86.811538
22572,22789,87.650000,86.815385
22573,22790,87.653846,86.819231
22574,22791,87.657692,86.823077
22575,22792,87.661538,86.826923
22576,22793,87.665385,86.830769
22577,22794,87.669231,86.834615
22578,22795,87.673077,86.838462
22579,22796,87.676923,86.842308
22580,22797,87.680769,86.846154
22581,22798,87.684615,86.850000
22582,22799,87.688462,86.853846
22583,22800,87.692308,86.857692
22584,22801,87.696154,86.861538
22585,22802,87.700000,86.865385
22586,22803,87.703846,86.869231
22587,22804,87.707692,86.873077
22588,22805,87.711538,86.876923
22589,22806,87.715385,86.880769
22590,22807,87.719231,86.884615
22591,22808,87.723077,86.888462
22592,22809,87.726923,86.892308
22593,22810,87.730769,86.896154
22594,22811,87.734615,86.900000
22595,22812,87.738462,86.903846
22596,22813,87.742308,86.907692
22597,22814,87.746154,86.911538
22598,22815,87.750000,86.915385
22599,22816,87.753846,86.919231
22600,22817,87.757692,86.923077
22601,22818,87.761538,86.926923
22602,22819,87.765385,86.930769
22603,22820,87.769231,86.934615
22604,22821,87.773077,86.938462
22605,22822,87.776923,86.942308
22606,22823,87.780769,86.946154
22607,22824,87.784615,86.950000
22608,22825,87.788462,86.953846
22609,22826,87.792308,86.957692
22610,22827,87.796154,86.961538
22611,22828,87.800000,86.965385
22612,22829,87.803846,86.969231
22613,22830,87.807692,86.973077
22614,22831,87.811538,86.976923
22615,22832,87.815385,86.980769
22616,22833,87.819231,86.984615
22617,22834,87.823077,86.988462
22618,22835,87.826923,86.992308
22619,22836,87.830769,86.996154
22620,22837,87.834615,87.000000
22621,22838,87.838462,87.003846
22622,22839,87.842308,87.007692
22623,22840,87.846154,87.011538
22624,22841,87.850000,87.015385
22625,22842,87.853846,87.019231
22626,22843,87.857692,87.023077
22627,22844,87.861538,87.026923
22628,22845,87.865385,87.030769
22629,22846,87.869231,87.034615
22630,22847,87.873077,87.038462
22631,22848,87.876923,87.042308
22632,22849,87.880769,87.046154
22633,22850,87.884615,87.050000
22634,22851,87.888462,87.053846
22635,22852,87.892308,87.057692
22636,22853,87.896154,87.061538
22637,22854,87.900000,87.065385
22638,22855,87.903846,87.069231
22639,22856,87.907692,87.073077
22640,22857,87.911538,87.076923
22641,22858,87.915385,87.080769
22642,22859,87.919231,87.084615
22643,22860,87.923077,87.088462
22644,22861,87.926923,87.092308
22645,22862,87.930769,87.096154
22646,22863,87.934615,87.100000
22647,22864,87.938462,87.103846
22648,22865,87.942308,87.107692
22649,22866,87.946154,87.111538
22650,22867,87.950000,87.115385
22651,22868,87.953846,87.119231
22652,22869,87.957692,87.123077
22653,22870,87.961538,87.126923
22654,22871,87.965385,87.130769
22655,22872,87.969231,87.134615
22656,22873,87.973077,87.138462
22657,22874,87.976923,87.142308
22658,22875,87.980769,87.146154
22659,22876,87.984615,87.150000
22660,22877,87.988462,87.153846
22661,22878,87.992308,87.157692
22662,22879,87.996154,87.161538
22663,22880,88.000000,87.165385
22664,22881,88.003846,87.169231
22665,22882,88.007692,87.173077
22666,22883,88.011538,87.176923
22667,22884,88.015385,87.180769
22668,22885,88.019231,87.184615
22669,22886,88.023077,87.188462
22670,22887,88.026923,87.192308
22671,22888,88.030769,87.196154
22672,22889,88.034615,87.200000
22673,22890,88.038462,87.203846
22674,22891,88.042308,87.207692
22675,22892,88.046154,87.211538
22676,22893,88.050000,87.215385
22677,22894,88.053846,87.219231
22678,22895,88.057692,87.223077
22679,22896,88.061538,87.226923
22680,22897,88.065385,87.230769
22681,22898,88.069231,87.234615
22682,22899,88.073077,87.238462
22683,22900,88.076923,87.242308
22684,22901,88.080769,87.246154
22685,22902,88.084615,87.250000
22686,22903,88.088462,87.253846
22687,22904,88.092308,87.257692
22688,22905,88.096154,87.261538
22689,22906,88.100000,87.265385
22690,22907,88.103846,87.269231
22691,22908,88.107692,87.273077
22692,22909,88.111538,87.276923
22693,22910,88.115385,87.280769
22694,22911,88.119231,87.284615
22695,22912,88.123077,87.288462
22696,22913,88.126923,87.292308
22697,22914,88.130769,87.296154
22698,22915,88.134615,87.300000
22699,22916,88.138462,87.303846
22700,22917,88.142308,87.307692
22701,22918,88.146154,87.311538
22702,22919,88.150000,87.315385
22703,22920,88.153846,87.319231
22704,22921,88.157692,87.323077
22705,22922,88.161538,87.326923
22706,22923,88.165385,87.330769
22707,22924,88.169231,87.334615
22708,22925,88.173077,87.338462
22709,22926,88.176923,87.342308
22710,22927,88.180769,87.346154
22711,22928,88.184615,87.350000
22712,22929,88.188462,87.353846
22713,22930,88.192308,87.357692
22714,22931,88.196154,87.361538
22715,22932,88.200000,87.365385
22716,22933,88.203846,87.369231
22717,22934,88.207692,87.373077
22718,22935,88.211538,87.376923
22719,22936,88.215385,87.380769
22720,22937,88.219231,87.384615
22721,22938,88.223077,87.388462
22722,22939,88.226923,87.392308
22723,22940,88.230769,87.396154
22724,22941,88.234615,87.400000
22725,22942,88.238462,87.403846
22726,22943,88.242308,87.407692
22727,22944,88.246154,87.411538
22728,22945,88.250000,87.415385
22729,22946,88.253846,87.419231
22730,22947,88.257692,87.423077
22731,22948,88.261538,87.426923
22732,22949,88.265385,87.430769
22733,22950,88.269231,87.434615
22734,22951,88.273077,87.438462
22735,22952,88.276923,87.442308
22736,22953,88.280769,87.446154
22737,22954,88.284615,87.450000
22738,22955,88.288462,87.453846
22739,22956,88.292308,87.457692
22740,22957,88.296154,87.461538
22741,22958,88.300000,87.465385
22742,22959,88.303846,87.469231
22743,22960,88.307692,87.473077
22744,22961,88.311538,87.476923
22745,22962,88.315385,87.480769
22746,22963,88.319231,87.484615
22747,22964,88.323077,87.488462
22748,22965,88.326923,87.492308
22749,22966,88.330769,87.496154
22750,22967,88.334615,87.500000
22751,22968,88.338462,87.503846
22752,22969,88.342308,87.507692
22753,22970,88.346154,87.511538
22754,22971,88.350000,87.515385
22755,22972,88.353846,87.519231
22756,22973,88.357692,87.523077
22757,22974,88.361538,87.526923
22758,22975,88.365385,87.530769
22759,22976,88.369231,87.534615
22760,22977,88.373077,87.538462
22761,22978,88.376923,87.542308
22762,22979,88.380769,87.546154
22763,22980,88.384615,87.550000
22764,22981,88.388462,87.553846
22765,22982,88.392308,87.557692
22766,22983,88.396154,87.561538
22767,22984,88.400000,87.565385
22768,22985,88.403846,87.569231
22769,22986,88.407692,87.573077
22770,22987,88.411538,87.576923
22771,22988,88.415385,87.580769
22772,22989,88.419231,87.584615
22773,22990,88.423077,87.588462
22774,22991,88.426923,87.592308
22775,22992,88.430769,87.596154
22776,22993,88.434615,87.600000
22777,22994,88.438462,87.603846
22778,22995,88.442308,87.607692
22779,22996,88.446154,87.611538
22780,22997,88.450000,87.615385
22781,22998,88.453846,87.619231
22782,22999,88.457692,87.623077
22783,23000,88.461538,87.626923
22784,23001,88.465385,87.630769
22785,23002,88.469231,87.634615
22786,23003,88.473077,87.638462
22787,23004,88.476923,87.642308
22788,23005,88.480769,87.646154
22789,23006,88.484615,87.650000
22790,23007,88.488462,87.653846
22791,23008,88.492308,87.657692
22792,23009,88.496154,87.661538
22793,23010,88.500000,87.665385
22794,23011,88.503846,87.669231
22795,23012,88.507692,87.673077
22796,23013,88.511538,87.676923
22797,23014,88.515385,87.680769
22798,23015,88.519231,87.684615
22799,23016,88.523077,87.688462
22800,23017,88.526923,87.692308
22801,23018,88.530769,87.696154
22802,23019,88.534615,87.700000
22803,23020,88.538462,87.703846
22804,23021,88.542308,87.707692
22805,23022,88.546154,87.711538
22806,23023,88.550000,87.715385
22807,23024,88.553846,87.719231
22808,23025,88.557692,87.723077
22809,23026,88.561538,87.726923
22810,23027,88.565385,87.730769
22811,23028,88.569231,87.734615
22812,23029,88.573077,87.738462
22813,23030,88.576923,87.742308
22814,23031,88.580769,87.746154
22815,23032,88.584615,87.750000
22816,23033,88.588462,87.753846
22817,23034,88.592308,87.757692
22818,23035,88.596154,87.761538
22819,23036,88.600000,87.765385
22820,23037,88.603846,87.769231
22821,23038,88.607692,87.773077
22822,23039,88.611538,87.776923
22823,23040,88.615385,87.780769
22824,23041,88.619231,87.784615
22825,23042,88.623077,87.788462
22826,23043,88.626923,87.792308
22827,23044,88.630769,87.796154
22828,23045,88.634615,87.800000
22829,23046,88.638462,87.803846
22830,23047,88.642308,87.807692
22831,23048,88.646154,87.811538
22832,23049,88.650000,87.815385
22833,23050,88.653846,87.819231
22834,23051,88.657692,87.823077
22835,23052,88.661538,87.826923
22836,23053,88.665385,87.830769
22837,23054,88.669231,87.834615
22838,23055,88.673077,87.838462
22839,23056,88.676923,87.842308
22840,23057,88.680769,87.846154
22841,23058,88.684615,87.850000
22842,23059,88.688462,87.853846
22843,23060,88.692308,87.857692
22844,23061,88.696154,87.861538
22845,23062,88.700000,87.865385
22846,23063,88.703846,87.869231
22847,23064,88.707692,87.873077
22848,23065,88.711538,87.876923
22849,23066,88.715385,87.880769
22850,23067,88.719231,87.884615
22851,23068,88.723077,87.888462
22852,23069,88.726923,87.892308
22853,23070,88.730769,87.896154
22854,23071,88.734615,87.900000
22855,23072,88.738462,87.903846
22856,23073,88.742308,87.907692
22857,23074,88.746154,87.911538
22858,23075,88.750000,87.915385
22859,23076,88.753846,87.919231
22860,23077,88.757692,87.923077
22861,23078,88.761538,87.926923
22862,23079,88.765385,87.930769
22863,23080,88.769231,87.934615
22864,23081,88.773077,87.938462
22865,23082,88.776923,87.942308
22866,23083,88.780769,87.946154
22867,23084,88.784615,87.950000
22868,23085,88.788462,87.953846
22869,23086,88.792308,87.957692
22870,23087,88.796154,87.961538
22871,23088,88.800000,87.965385
22872,23089,88.803846,87.969231
22873,23090,88.807692,87.973077
22874,23091,88.811538,87.976923
22875,23092,88.815385,87.980769
22876,23093,88.819231,87.984615
22877,23094,88.823077,87.988462
22878,23095,88.826923,87.992308
22879,23096,88.830769,87.996154
22880,23097,88.834615,88.000000
22881,23098,88.838462,88.003846
22882,23099,88.842308,88.007692
22883,23100,88.846154,88.011538
22884,23101,88.850000,88.015385
22885,23102,88.853846,88.019231
22886,23103,88.857692,88.023077
22887,23104,88.861538,88.026923
22888,23105,88.865385,88.030769
22889,23106,88.869231,88.034615
22890,23107,88.873077,88.038462
22891,23108,88.876923,88.042308
22892,23109,88.880769,88.046154
22893,23110,88.884615,88.050000
22894,23111,88.888462,88.053846
22895,23112,88.892308,88.057692
22896,23113,88.896154,88.061538
22897,23114,88.900000,88.065385
22898,23115,88.903846,88.069231
22899,23116,88.907692,88.073077
22900,23117,88.911538,88.076923
22901,23118,88.915385,88.080769
22902,23119,88.919231,88.084615
22903,23120,88.923077,88.088462
22904,23121,88.926923,88.092308
22905,23122,88.930769,88.096154
22906,23123,88.934615,88.100000
22907,23124,88.938462,88.103846
22908,23125,88.942308,88.107692
22909,23126,88.946154,88.111538
22910,23127,88.950000,88.115385
22911,23128,88.953846,88.119231
22912,23129,88.957692,88.123077
22913,23130,88.961538,88.126923
22914,23131,88.965385,88.130769
22915,23132,88.969231,88.134615
22916,23133,88.973077,88.138462
22917,23134,88.976923,88.142308
22918,23135,88.980769,88.146154
22919,23136,88.984615,88.150000
22920,23137,88.988462,88.153846
22921,23138,88.992308,88.157692
22922,23139,88.996154,88.161538
22923,23140,89.000000,88.165385
22924,23141,89.003846,88.169231
22925,23142,89.007692,88.173077
22926,23143,89.011538,88.176923
22927,23144,89.015385,88.180769
22928,23145,89.019231,88.184615
22929,23146,89.023077,88.188462
22930,23147,89.026923,88.192308
22931,23148,89.030769,88.196154
22932,23149,89.034615,88.200000
22933,23150,89.038462,88.203846
22934,23151,89.042308,88.207692
22935,23152,89.046154,88.211538
22936,23153,89.050000,88.215385
22937,23154,89.053846,88.219231
22938,23155,89.057692,88.223077
22939,23156,89.061538,88.226923
22940,23157,89.065385,88.230769
22941,23158,89.069231,88.234615
22942,23159,89.073077,88.238462
22943,23160,89.076923,88.242308
22944,23161,89.080769,88.246154
22945,23162,89.084615,88.250000
22946,23163,89.088462,88.253846
22947,23164,89.092308,88.257692
22948,23165,89.096154,88.261538
22949,23166,89.100000,88.265385
22950,23167,89.103846,88.269231
22951,23168,89.107692,88.273077
22952,23169,89.111538,88.276923
22953,23170,89.115385,88.280769
22954,23171,89.119231,88.284615
22955,23172,89.123077,88.288462
22956,23173,89.126923,88.292308
22957,23174,89.130769,88.296154
22958,23175,89.134615,88.300000
22959,23176,89.138462,88.303846
22960,23177,89.142308,88.307692
22961,23178,89.146154,88.311538
22962,23179,89.150000,88.315385
22963,23180,89.153846,88.319231
22964,23181,89.157692,88.323077
22965,23182,89.161538,88.326923
22966,23183,89.165385,88.330769
22967,23184,89.169231,88.334615
22968,23185,89.173077,88.338462
22969,23186,89.176923,88.342308
22970,23187,89.180769,88.346154
22971,23188,89.184615,88.350000
22972,23189,89.188462,88.353846
22973,23190,89.192308,88.357692
22974,23191,89.196154,88.361538
22975,23192,89.200000,88.365385
22976,23193,89.203846,88.369231
22977,23194,89.207692,88.373077
22978,23195,89.211538,88.376923
22979,23196,89.215385,88.380769
22980,23197,89.219231,88.384615
22981,23198,89.223077,88.388462
22982,23199,89.226923,88.392308
22983,23200,89.230769,88.396154
22984,23201,89.234615,88.400000
22985,23202,89.238462,88.403846
22986,23203,89.242308,88.407692
22987,23204,89.246154,88.411538
22988,23205,89.250000,88.415385
22989,23206,89.253846,88.419231
22990,23207,89.257692,88.423077
22991,23208,89.261538,88.426923
22992,23209,89.265385,88.430769
22993,23210,89.269231,88.434615
22994,23211,89.273077,88.438462
22995,23212,89.276923,88.442308
22996,23213,89.280769,88.446154
22997,23214,89.284615,88.450000
22998,23215,89.288462,88.453846
22999,23216,89.292308,88.457692
23000,23217,89.296154,88.461538
23001,23218,89.300000,88.465385
23002,23219,89.303846,88.469231
23003,23220,89.307692,88.473077
23004,23221,89.311538,88.476923
23005,23222,89.315385,88.480769
23006,23223,89.319231,88.484615
23007,23224,89.323077,88.488462
23008,23225,89.326923,88.492308
23009,23226,89.330769,88.496154
23010,23227,89.334615,88.500000
23011,23228,89.338462,88.503846
23012,23229,89.342308,88.507692
23013,23230,89.346154,88.511538
23014,23231,89.350000,88.515385
23015,23232,89.353846,88.519231
23016,23233,89.357692,88.523077
23017,23234,89.361538,88.526923
23018,23235,89.365385,88.530769
23019,23236,89.369231,88.534615
23020,23237,89.373077,88.538462
23021,23238,89.376923,88.542308
23022,23239,89.380769,88.546154
23023,23240,89.384615,88.550000
23024,23241,89.388462,88.553846
23025,23242,89.392308,88.557692
23026,23243,89.396154,88.561538
23027,23244,89.400000,88.565385
23028,23245,89.403846,88.569231
23029,23246,89.407692,88.573077
23030,23247,89.411538,88.576923
23031,23248,89.415385,88.580769
23032,23249,89.419231,88.584615
23033,23250,89.423077,88.588462
23034,23251,89.426923,88.592308
23035,23252,89.430769,88.596154
23036,23253,89.434615,88.600000
23037,23254,89.438462,88.603846
23038,23255,89.442308,88.607692
23039,23256,89.446154,88.611538
23040,23257,89.450000,88.615385
23041,23258,89.453846,88.619231
23042,23259,89.457692,88.623077
23043,23260,89.461538,88.626923
23044,23261,89.465385,88.630769
23045,23262,89.469231,88.634615
23046,23263,89.473077,88.638462
23047,23264,89.476923,88.642308
23048,23265,89.480769,88.646154
23049,23266,89.484615,88.650000
23050,23267,89.488462,88.653846
23051,23268,89.492308,88.657692
23052,23269,89.496154,88.661538
23053,23270,89.500000,88.665385
23054,23271,89.503846,88.669231
23055,23272,89.507692,88.673077
23056,23273,89.511538,88.676923
23057,23274,89.515385,88.680769
23058,23275,89.519231,88.684615
23059,23276,89.523077,88.688462
23060,23277,89.526923,88.692308
23061,23278,89.530769,88.696154
23062,23279,89.534615,88.700000
23063,23280,89.538462,88.703846
23064,23281,89.542308,88.707692
23065,23282,89.546154,88.711538
23066,23283,89.550000,88.715385
23067,23284,89.553846,88.719231
23068,23285,89.557692,88.723077
23069,23286,89.561538,88.726923
23070,23287,89.565385,88.730769
23071,23288,89.569231,88.734615
23072,23289,89.573077,88.738462
23073,23290,89.576923,88.742308
23074,23291,89.580769,88.746154
23075,23292,89.584615,88.750000
23076,23293,89.588462,88.753846
23077,23294,89.592308,88.757692
23078,23295,89.596154,88.761538
23079,23296,89.600000,88.765385
23080,23297,89.603846,88.769231
23081,23298,89.607692,88.773077
23082,23299,89.611538,88.776923
23083,23300,89.615385,88.780769
23084,23301,89.619231,88.784615
23085,23302,89.623077,88.788462
23086,23303,89.626923,88.792308
23087,23304,89.630769,88.796154
23088,23305,89.634615,88.800000
23089,23306,89.638462,88.803846
23090,23307,89.642308,88.807692
23091,23308,89.646154,88.811538
23092,23309,89.650000,88.815385
23093,23310,89.653846,88.819231
23094,23311,89.657692,88.823077
23095,23312,89.661538,88.826923
23096,23313,89.665385,88.830769
23097,23314,89.669231,88.834615
23098,23315,89.673077,88.838462
23099,23316,89.676923,88.842308
23100,23317,89.680769,88.846154
23101,23318,89.684615,88.850000
23102,23319,89.688462,88.853846
23103,23320,89.692308,88.857692
23104,23321,89.696154,88.861538
23105,23322,89.700000,88.865385
23106,23323,89.703846,88.869231
23107,23324,89.707692,88.873077
23108,23325,89.711538,88.876923
23109,23326,89.715385,88.880769
23110,23327,89.719231,88.884615
23111,23328,89.723077,88.888462
23112,23329,89.726923,88.892308
23113,23330,89.730769,88.896154
23114,23331,89.734615,88.900000
23115,23332,89.738462,88.903846
23116,23333,89.742308,88.907692
23117,23334,89.746154,88.911538
23118,23335,89.750000,88.915385
23119,23336,89.753846,88.919231
23120,23337,89.757692,88.923077
23121,23338,89.761538,88.926923
23122,23339,89.765385,88.930769
23123,23340,89.769231,88.934615
23124,23341,89.773077,88.938462
23125,23342,89.776923,88.942308
23126,23343,89.780769,88.946154
23127,23344,89.784615,88.950000
23128,23345,89.788462,88.953846
23129,23346,89.792308,88.957692
23130,23347,89.796154,88.961538
23131,23348,89.800000,88.965385
23132,23349,89.803846,88.969231
23133,23350,89.807692,88.973077
23134,23351,89.811538,88.976923
23135,23352,89.815385,88.980769
23136,23353,89.819231,88.984615
23137,23354,89.823077,88.988462
23138,23355,89.826923,88.992308
23139,23356,89.830769,88.996154
23140,23357,89.834615,89.000000
23141,23358,89.838462,89.003846
23142,23359,89.842308,89.007692
23143,23360,89.846154,89.011538
23144,23361,89.850000,89.015385
23145,23362,89.853846,89.019231
23146,23363,89.857692,89.023077
23147,23364,89.861538,89.026923
23148,23365,89.865385,89.030769
23149,23366,89.869231,89.034615
23150,23367,89.873077,89.038462
23151,23368,89.876923,89.042308
23152,23369,89.880769,89.046154
23153,23370,89.884615,89.050000
23154,23371,89.888462,89.053846
23155,23372,89.892308,89.057692
23156,23373,89.896154,89.061538
23157,23374,89.900000,89.065385
23158,23375,89.903846,89.069231
23159,23376,89.907692,89.073077
23160,23377,89.911538,89.076923
23161,23378,89.915385,89.080769
23162,23379,89.919231,89.084615
23163,23380,89.923077,89.088462
23164,23381,89.926923,89.092308
23165,23382,89.930769,89.096154
23166,23383,89.934615,89.100000
23167,23384,89.938462,89.103846
23168,23385,89.942308,89.107692
23169,23386,89.946154,89.111538
23170,23387,89.950000,89.115385
23171,23388,89.953846,89.119231
23172,23389,89.957692,89.123077
23173,23390,89.961538,89.126923
23174,23391,89.965385,89.130769
23175,23392,89.969231,89.134615
23176,23393,89.973077,89.138462
23177,23394,89.976923,89.142308
23178,23395,89.980769,89.146154
23179,23396,89.984615,89.150000
23180,23397,89.988462,89.153846
23181,23398,89.992308,89.157692
23182,23399,89.996154,89.161538
23183,23400,90.000000,89.165385
23184,23401,90.003846,89.169231
23185,23402,90.007692,89.173077
23186,23403,90.011538,89.176923
23187,23404,90.015385,89.180769
23188,23405,90.019231,89.184615
23189,23406,90.023077,89.188462
23190,23407,90.026923,89.192308
23191,23408,90.030769,89.196154
23192,23409,90.034615,89.200000
23193,23410,90.038462,89.203846
23194,23411,90.042308,89.207692
23195,23412,90.046154,89.211538
23196,23413,90.050000,89.215385
23197,23414,90.053846,89.219231
23198,23415,90.057692,89.223077
23199,23416,90.061538,89.226923
23200,23417,90.065385,89.230769
23201,23418,90.069231,89.234615
23202,23419,90.073077,89.238462
23203,23420,90.076923,89.242308
23204,23421,90.080769,89.246154
23205,23422,90.084615,89.250000
23206,23423,90.088462,89.253846
23207,23424,90.092308,89.257692
23208,23425,90.096154,89.261538
23209,23426,90.100000,89.265385
23210,23427,90.103846,89.269231
23211,23428,90.107692,89.273077
23212,23429,90.111538,89.276923
23213,23430,90.115385,89.280769
23214,23431,90.119231,89.284615
23215,23432,90.123077,89.288462
23216,23433,90.126923,89.292308
23217,23434,90.130769,89.296154
23218,23435,90.134615,89.300000
23219,23436,90.138462,89.303846
23220,23437,90.142308,89.307692
23221,23438,90.146154,89.311538
23222,23439,90.150000,89.315385
23223,23440,90.153846,89.319231
23224,23441,90.157692,89.323077
23225,23442,90.161538,89.326923
23226,23443,90.165385,89.330769
23227,23444,90.169231,89.334615
23228,23445,90.173077,89.338462
23229,23446,90.176923,89.342308
23230,23447,90.180769,89.346154
23231,23448,90.184615,89.350000
23232,23449,90.188462,89.353846
23233,23450,90.192308,89.357692
23234,23451,90.196154,89.361538
23235,23452,90.200000,89.365385
23236,23453,90.203846,89.369231
23237,23454,90.207692,89.373077
23238,23455,90.211538,89.376923
23239,23456,90.215385,89.380769
23240,23457,90.219231,89.384615
23241,23458,90.223077,89.388462
23242,23459,90.226923,89.392308
23243,23460,90.230769,89.396154
23244,23461,90.234615,89.400000
23245,23462,90.238462,89.403846
23246,23463,90.242308,89.407692
23247,23464,90.246154,89.411538
23248,23465,90.250000,89.415385
23249,23466,90.253846,89.419231
23250,23467,90.257692,89.423077
23251,23468,90.261538,89.426923
23252,23469,90.265385,89.430769
23253,23470,90.269231,89.434615
23254,23471,90.273077,89.438462
23255,23472,90.276923,89.442308
23256,23473,90.280769,89.446154
23257,23474,90.284615,89.450000
23258,23475,90.288462,89.453846
23259,23476,90.292308,89.457692
23260,23477,90.296154,89.461538
23261,23478,90.300000,89.465385
23262,23479,90.303846,89.469231
23263,23480,90.307692,89.473077
23264,23481,90.311538,89.476923
23265,23482,90.315385,89.480769
23266,23483,90.319231,89.484615
23267,23484,90.323077,89.488462
23268,23485,90.326923,89.492308
23269,23486,90.330769,89.496154
23270,23487,90.334615,89.500000
23271,23488,90.338462,89.503846
23272,23489,90.342308,89.507692
23273,23490,90.346154,89.511538
23274,23491,90.350000,89.515385
23275,23492,90.353846,89.519231
23276,23493,90.357692,89.523077
23277,23494,90.361538,89.526923
23278,23495,90.365385,89.530769
23279,23496,90.369231,89.534615
23280,23497,90.373077,89.538462
23281,23498,90.376923,89.542308
23282,23499,90.380769,89.546154
23283,23500,90.384615,89.550000
23284,23501,90.388462,89.553846
23285,23502,90.392308,89.557692
23286,23503,90.396154,89.561538
23287,23504,90.400000,89.565385
23288,23505,90.403846,89.569231
23289,23506,90.407692,89.573077
23290,23507,90.411538,89.576923
23291,23508,90.415385,89.580769
23292,23509,90.419231,89.584615
23293,23510,90.423077,89.588462
23294,23511,90.426923,89.592308
23295,23512,90.430769,89.596154
23296,23513,90.434615,89.600000
23297,23514,90.438462,89.603846
23298,23515,90.442308,89.607692
23299,23516,90.446154,89.611538
23300,23517,90.450000,89.615385
23301,23518,90.453846,89.619231
23302,23519,90.457692,89.623077
23303,23520,90.461538,89.626923
23304,23521,90.465385,89.630769
23305,23522,90.469231,89.634615
23306,23523,90.473077,89.638462
23307,23524,90.476923,89.642308
23308,23525,90.480769,89.646154
23309,23526,90.484615,89.650000
23310,23527,90.488462,89.653846
23311,23528,90.492308,89.657692
23312,23529,90.496154,89.661538
23313,23530,90.500000,89.665385
23314,23531,90.503846,89.669231
23315,23532,90.507692,89.673077
23316,23533,90.511538,89.676923
23317,23534,90.515385,89.680769
23318,23535,90.519231,89.684615
23319,23536,90.523077,89.688462
23320,23537,90.526923,89.692308
23321,23538,90.530769,89.696154
23322,23539,90.534615,89.700000
23323,23540,90.538462,89.703846
23324,23541,90.542308,89.707692
23325,23542,90.546154,89.711538
23326,23543,90.550000,89.715385
23327,23544,90.553846,89.719231
23328,23545,90.557692,89.723077
23329,23546,90.561538,89.726923
23330,23547,90.565385,89.730769
23331,23548,90.569231,89.734615
23332,23549,90.573077,89.738462
23333,23550,90.576923,89.742308
23334,23551,90.580769,89.746154
23335,23552,90.584615,89.750000
23336,23553,90.588462,89.753846
23337,23554,90.592308,89.757692
23338,23555,90.596154,89.761538
23339,23556,90.600000,89.765385
23340,23557,90.603846,89.769231
23341,23558,90.607692,89.773077
23342,23559,90.611538,89.776923
23343,23560,90.615385,89.780769
23344,23561,90.619231,89.784615
23345,23562,90.623077,89.788462
23346,23563,90.626923,89.792308
23347,23564,90.630769,89.796154
23348,23565,90.634615,89.800000
23349,23566,90.638462,89.803846
23350,23567,90.642308,89.807692
23351,23568,90.646154,89.811538
23352,23569,90.650000,89.815385
23353,23570,90.653846,89.819231
23354,23571,90.657692,89.823077
23355,23572,90.661538,89.826923
23356,23573,90.665385,89.830769
23357,23574,90.669231,89.834615
23358,23575,90.673077,89.838462
23359,23576,90.676923,89.842308
23360,23577,90.680769,89.846154
23361,23578,90.684615,89.850000
23362,23579,90.688462,89.853846
23363,23580,90.692308,89.857692
23364,23581,90.696154,89.861538
23365,23582,90.700000,89.865385
23366,23583,90.703846,89.869231
23367,23584,90.707692,89.873077
23368,23585,90.711538,89.876923
23369,23586,90.715385,89.880769
23370,23587,90.719231,89.884615
23371,23588,90.723077,89.888462
23372,23589,90.726923,89.892308
23373,23590,90.730769,89.896154
23374,23591,90.734615,89.900000
23375,23592,90.738462,89.903846
23376,23593,90.742308,89.907692
23377,23594,90.746154,89.911538
23378,23595,90.750000,89.915385
23379,23596,90.753846,89.919231
23380,23597,90.757692,89.923077
23381,23598,90.761538,89.926923
23382,23599,90.765385,89.930769
23383,23600,90.769231,89.934615
23384,23601,90.773077,89.938462
23385,23602,90.776923,89.942308
23386,23603,90.780769,89.946154
23387,23604,90.784615,89.950000
23388,23605,90.788462,89.953846
23389,23606,90.792308,89.957692
23390,23607,90.796154,89.961538
23391,23608,90.800000,89.965385
23392,23609,90.803846,89.969231
23393,23610,90.807692,89.973077
23394,23611,90.811538,89.976923
23395,23612,90.815385,89.980769
23396,23613,90.819231,89.984615
23397,23614,90.823077,89.988462
23398,23615,90.826923,89.992308
23399,23616,90.830769,89.996154
23400,23617,90.834615,90.000000
23401,23618,90.838462,90.003846
23402,23619,90.842308,90.007692
23403,23620,90.846154,90.011538
23404,23621,90.850000,90.015385
23405,23622,90.853846,90.019231
23406,23623,90.857692,90.023077
23407,23624,90.861538,90.026923
23408,23625,90.865385,90.030769
23409,23626,90.869231,90.034615
23410,23627,90.873077,90.038462
23411,23628,90.876923,90.042308
23412,23629,90.880769,90.046154
23413,23630,90.884615,90.050000
23414,23631,90.888462,90.053846
23415,23632,90.892308,90.057692
23416,23633,90.896154,90.061538
23417,23634,90.900000,90.065385
23418,23635,90.903846,90.069231
23419,23636,90.907692,90.073077
23420,23637,90.911538,90.076923
23421,23638,90.915385,90.080769
23422,23639,90.919231,90.084615
23423,23640,90.923077,90.088462
23424,23641,90.926923,90.092308
23425,23642,90.930769,90.096154
23426,23643,90.934615,90.100000
23427,23644,90.938462,90.103846
23428,23645,90.942308,90.107692
23429,23646,90.946154,90.111538
23430,23647,90.950000,90.115385
23431,23648,90.953846,90.119231
23432,23649,90.957692,90.123077
23433,23650,90.961538,90.126923
23434,23651,90.965385,90.130769
23435,23652,90.969231,90.134615
23436,23653,90.973077,90.138462
23437,23654,90.976923,90.142308
23438,23655,90.980769,90.146154
23439,23656,90.984615,90.150000
23440,23657,90.988462,90.153846
23441,23658,90.992308,90.157692
23442,23659,90.996154,90.161538
23443,23660,91.000000,90.165385
23444,23661,91.003846,90.169231
23445,23662,91.007692,90.173077
23446,23663,91.011538,90.176923
23447,23664,91.015385,90.180769
23448,23665,91.019231,90.184615
23449,23666,91.023077,90.188462
23450,23667,91.026923,90.192308
23451,23668,91.030769,90.196154
23452,23669,91.034615,90.200000
23453,23670,91.038462,90.203846
23454,23671,91.042308,90.207692
23455,23672,91.046154,90.211538
23456,23673,91.050000,90.215385
23457,23674,91.053846,90.219231
23458,23675,91.057692,90.223077
23459,23676,91.061538,90.226923
23460,23677,91.065385,90.230769
23461,23678,91.069231,90.234615
23462,23679,91.073077,90.238462
23463,23680,91.076923,90.242308
23464,23681,91.080769,90.246154
23465,23682,91.084615,90.250000
23466,23683,91.088462,90.253846
23467,23684,91.092308,90.257692
23468,23685,91.096154,90.261538
23469,23686,91.100000,90.265385
23470,23687,91.103846,90.269231
23471,23688,91.107692,90.273077
23472,23689,91.111538,90.276923
23473,23690,91.115385,90.280769
23474,23691,91.119231,90.284615
23475,23692,91.123077,90.288462
23476,23693,91.126923,90.292308
23477,23694,91.130769,90.296154
23478,23695,91.134615,90.300000
23479,23696,91.138462,90.303846
23480,23697,91.142308,90.307692
23481,23698,91.146154,90.311538
23482,23699,91.150000,90.315385
23483,23700,91.153846,90.319231
23484,23701,91.157692,90.323077
23485,23702,91.161538,90.326923
23486,23703,91.165385,90.330769
23487,23704,91.169231,90.334615
23488,23705,91.173077,90.338462
23489,23706,91.176923,90.342308
23490,23707,91.180769,90.346154
23491,23708,91.184615,90.350000
23492,23709,91.188462,90.353846
23493,23710,91.192308,90.357692
23494,23711,91.196154,90.361538
23495,23712,91.200000,90.365385
23496,23713,91.203846,90.369231
23497,23714,91.207692,90.373077
23498,23715,91.211538,90.376923
23499,23716,91.215385,90.380769
23500,23717,91.219231,90.384615
23501,23718,91.223077,90.388462
23502,23719,91.226923,90.392308
23503,23720,91.230769,90.396154
23504,23721,91.234615,90.400000
23505,23722,91.238462,90.403846
23506,23723,91.242308,90.407692
23507,23724,91.246154,90.411538
23508,23725,91.250000,90.415385
23509,23726,91.253846,90.419231
23510,23727,91.257692,90.423077
23511,23728,91.261538,90.426923
23512,23729,91.265385,90.430769
23513,23730,91.269231,90.434615
23514,23731,91.273077,90.438462
23515,23732,91.276923,90.442308
23516,23733,91.280769,90.446154
23517,23734,91.284615,90.450000
23518,23735,91.288462,90.453846
23519,23736,91.292308,90.457692
23520,23737,91.296154,90.461538
23521,23738,91.300000,90.465385
23522,23739,91.303846,90.469231
23523,23740,91.307692,90.473077
23524,23741,91.311538,90.476923
23525,23742,91.315385,90.480769
23526,23743,91.319231,90.484615
23527,23744,91.323077,90.488462
23528,23745,91.326923,90.492308
23529,23746,91.330769,90.496154
23530,23747,91.334615,90.500000
23531,23748,91.338462,90.503846
23532,23749,91.342308,90.507692
23533,23750,91.346154,90.511538
23534,23751,91.350000,90.515385
23535,23752,91.353846,90.519231
23536,23753,91.357692,90.523077
23537,23754,91.361538,90.526923
23538,23755,91.365385,90.530769
23539,23756,91.369231,90.534615
23540,23757,91.373077,90.538462
23541,23758,91.376923,90.542308
23542,23759,91.380769,90.546154
23543,23760,91.384615,90.550000
23544,23761,91.388462,90.553846
23545,23762,91.392308,90.557692
23546,23763,91.396154,90.561538
23547,23764,91.400000,90.565385
23548,23765,91.403846,90.569231
23549,23766,91.407692,90.573077
23550,23767,91.411538,90.576923
23551,23768,91.415385,90.580769
23552,23769,91.419231,90.584615
23553,23770,91.423077,90.588462
23554,23771,91.426923,90.592308
23555,23772,91.430769,90.596154
23556,23773,91.434615,90.600000
23557,23774,91.438462,90.603846
23558,23775,91.442308,90.607692
23559,23776,91.446154,90.611538
23560,23777,91.450000,90.615385
23561,23778,91.453846,90.619231
23562,23779,91.457692,90.623077
23563,23780,91.461538,90.626923
23564,23781,91.465385,90.630769
23565,23782,91.469231,90.634615
23566,23783,91.473077,90.638462
23567,23784,91.476923,90.642308
23568,23785,91.480769,90.646154
23569,23786,91.484615,90.650000
23570,23787,91.488462,90.653846
23571,23788,91.492308,90.657692
23572,23789,91.496154,90.661538
23573,23790,91.500000,90.665385
23574,23791,91.503846,90.669231
23575,23792,91.507692,90.673077
23576,23793,91.511538,90.676923
23577,23794,91.515385,90.680769
23578,23795,91.519231,90.684615
23579,23796,91.523077,90.688462
23580,23797,91.526923,90.692308
23581,23798,91.530769,90.696154
23582,23799,91.534615,90.700000
23583,23800,91.538462,90.703846
23584,23801,91.542308,90.707692
23585,23802,91.546154,90.711538
23586,23803,91.550000,90.715385
23587,23804,91.553846,90.719231
23588,23805,91.557692,90.723077
23589,23806,91.561538,90.726923
23590,23807,91.565385,90.730769
23591,23808,91.569231,90.734615
23592,23809,91.573077,90.738462
23593,23810,91.576923,90.742308
23594,23811,91.580769,90.746154
23595,23812,91.584615,90.750000
23596,23813,91.588462,90.753846
23597,23814,91.592308,90.757692
23598,23815,91.596154,90.761538
23599,23816,91.600000,90.765385
23600,23817,91.603846,90.769231
23601,23818,91.607692,90.773077
23602,23819,91.611538,90.776923
23603,23820,91.615385,90.780769
23604,23821,91.619231,90.784615
23605,23822,91.623077,90.788462
23606,23823,91.626923,90.792308
23607,23824,91.630769,90.796154
23608,23825,91.634615,90.800000
23609,23826,91.638462,90.803846
23610,23827,91.642308,90.807692
23611,23828,91.646154,90.811538
23612,23829,91.650000,90.815385
23613,23830,91.653846,90.819231
23614,23831,91.657692,90.823077
23615,23832,91.661538,90.826923
23616,23833,91.665385,90.830769
23617,23834,91.669231,90.834615
23618,23835,91.673077,90.838462
23619,23836,91.676923,90.842308
23620,23837,91.680769,90.846154
23621,23838,91.684615,90.850000
23622,23839,91.688462,90.853846
23623,23840,91.692308,90.857692
23624,23841,91.696154,90.861538
23625,23842,91.700000,90.865385
23626,23843,91.703846,90.869231
23627,23844,91.707692,90.873077
23628,23845,91.711538,90.876923
23629,23846,91.715385,90.880769
23630,23847,91.719231,90.884615
23631,23848,91.723077,90.888462
23632,23849,91.726923,90.892308
23633,23850,91.730769,90.896154
23634,23851,91.734615,90.900000
23635,23852,91.738462,90.903846
23636,23853,91.742308,90.907692
23637,23854,91.746154,90.911538
23638,23855,91.750000,90.915385
23639,23856,91.753846,90.919231
23640,23857,91.757692,90.923077
23641,23858,91.761538,90.926923
23642,23859,91.765385,90.930769
23643,23860,91.769231,90.934615
23644,23861,91.773077,90.938462
23645,23862,91.776923,90.942308
23646,23863,91.780769,90.946154
23647,23864,91.784615,90.950000
23648,23865,91.788462,90.953846
23649,23866,91.792308,90.957692
23650,23867,91.796154,90.961538
23651,23868,91.800000,90.965385
23652,23869,91.803846,90.969231
23653,23870,91.807692,90.973077
23654,23871,91.811538,90.976923
23655,23872,91.815385,90.980769
23656,23873,91.819231,90.984615
23657,23874,91.823077,90.988462
23658,23875,91.826923,90.992308
23659,23876,91.830769,90.996154
23660,23877,91.834615,91.000000
23661,23878,91.838462,91.003846
23662,23879,91.842308,91.007692
23663,23880,91.846154,91.011538
23664,23881,91.850000,91.015385
23665,23882,91.853846,91.019231
23666,23883,91.857692,91.023077
23667,23884,91.861538,91.026923
23668,23885,91.865385,91.030769
23669,23886,91.869231,91.034615
23670,23887,91.873077,91.038462
23671,23888,91.876923,91.042308
23672,23889,91.880769,91.046154
23673,23890,91.884615,91.050000
23674,23891,91.888462,91.053846
23675,23892,91.892308,91.057692
23676,23893,91.896154,91.061538
23677,23894,91.900000,91.065385
23678,23895,91.903846,91.069231
23679,23896,91.907692,91.073077
23680,23897,91.911538,91.076923
23681,23898,91.915385,91.080769
23682,23899,91.919231,91.084615
23683,23900,91.923077,91.088462
23684,23901,91.926923,91.092308
23685,23902,91.930769,91.096154
23686,23903,91.934615,91.100000
23687,23904,91.938462,91.103846
23688,23905,91.942308,91.107692
23689,23906,91.946154,91.111538
23690,23907,91.950000,91.115385
23691,23908,91.953846,91.119231
23692,23909,91.957692,91.123077
23693,23910,91.961538,91.126923
23694,23911,91.965385,91.130769
23695,23912,91.969231,91.134615
23696,23913,91.973077,91.138462
23697,23914,91.976923,91.142308
23698,23915,91.980769,91.146154
23699,23916,91.984615,91.150000
23700,23917,91.988462,91.153846
23701,23918,91.992308,91.157692
23702,23919,91.996154,91.161538
23703,23920,92.000000,91.165385
23704,23921,92.003846,91.169231
23705,23922,92.007692,91.173077
23706,23923,92.011538,91.176923
23707,23924,92.015385,91.180769
23708,23925,92.019231,91.184615
23709,23926,92.023077,91.188462
23710,23927,92.026923,91.192308
23711,23928,92.030769,91.196154
23712,23929,92.034615,91.200000
23713,23930,92.038462,91.203846
23714,23931,92.042308,91.207692
23715,23932,92.046154,91.211538
23716,23933,92.050000,91.215385
23717,23934,92.053846,91.219231
23718,23935,92.057692,91.223077
23719,23936,92.061538,91.226923
23720,23937,92.065385,91.230769
23721,23938,92.069231,91.234615
23722,23939,92.073077,91.238462
23723,23940,92.076923,91.242308
23724,23941,92.080769,91.246154
23725,23942,92.084615,91.250000
23726,23943,92.088462,91.253846
23727,23944,92.092308,91.257692
23728,23945,92.096154,91.261538
23729,23946,92.100000,91.265385
23730,23947,92.103846,91.269231
23731,23948,92.107692,91.273077
23732,23949,92.111538,91.276923
23733,23950,92.115385,91.280769
23734,23951,92.119231,91.284615
23735,23952,92.123077,91.288462
23736,23953,92.126923,91.292308
23737,23954,92.130769,91.296154
23738,23955,92.134615,91.300000
23739,23956,92.138462,91.303846
23740,23957,92.142308,91.307692
23741,23958,92.146154,91.311538
23742,23959,92.150000,91.315385
23743,23960,92.153846,91.319231
23744,23961,92.157692,91.323077
23745,23962,92.161538,91.326923
23746,23963,92.165385,91.330769
23747,23964,92.169231,91.334615
23748,23965,92.173077,91.338462
23749,23966,92.176923,91.342308
23750,23967,92.180769,91.346154
23751,23968,92.184615,91.350000
23752,23969,92.188462,91.353846
23753,23970,92.192308,91.357692
23754,23971,92.196154,91.361538
23755,23972,92.200000,91.365385
23756,23973,92.203846,91.369231
23757,23974,92.207692,91.373077
23758,23975,92.211538,91.376923
23759,23976,92.215385,91.380769
23760,23977,92.219231,91.384615
23761,23978,92.223077,91.388462
23762,23979,92.226923,91.392308
23763,23980,92.230769,91.396154
23764,23981,92.234615,91.400000
23765,23982,92.238462,91.403846
23766,23983,92.242308,91.407692
23767,23984,92.246154,91.411538
23768,23985,92.250000,91.415385
23769,23986,92.253846,91.419231
23770,23987,92.257692,91.423077
23771,23988,92.261538,91.426923
23772,23989,92.265385,91.430769
23773,23990,92.269231,91.434615
23774,23991,92.273077,91.438462
23775,23992,92.276923,91.442308
23776,23993,92.280769,91.446154
23777,23994,92.284615,91.450000
23778,23995,92.288462,91.453846
23779,23996,92.292308,91.457692
23780,23997,92.296154,91.461538
23781,23998,92.300000,91.465385
23782,23999,92.303846,91.469231
23783,24000,92.307692,91.473077
23784,24001,92.311538,91.476923
23785,24002,92.315385,91.480769
23786,24003,92.319231,91.484615
23787,24004,92.323077,91.488462
23788,24005,92.326923,91.492308
23789,24006,92.330769,91.496154
23790,24007,92.334615,91.500000
23791,24008,92.338462,91.503846
23792,24009,92.342308,91.507692
23793,24010,92.346154,91.511538
23794,24011,92.350000,91.515385
23795,24012,92.353846,91.519231
23796,24013,92.357692,91.523077
23797,24014,92.361538,91.526923
23798,24015,92.365385,91.530769
23799,24016,92.369231,91.534615
23800,24017,92.373077,91.538462
23801,24018,92.376923,91.542308
23802,24019,92.380769,91.546154
23803,24020,92.384615,91.550000
23804,24021,92.388462,91.553846
23805,24022,92.392308,91.557692
23806,24023,92.396154,91.561538
23807,24024,92.400000,91.565385
23808,24025,92.403846,91.569231
23809,24026,92.407692,91.573077
23810,24027,92.411538,91.576923
23811,24028,92.415385,91.580769
23812,24029,92.419231,91.584615
23813,24030,92.423077,91.588462
23814,24031,92.426923,91.592308
23815,24032,92.430769,91.596154
23816,24033,92.434615,91.600000
23817,24034,92.438462,91.603846
23818,24035,92.442308,91.607692
23819,24036,92.446154,91.611538
23820,24037,92.450000,91.615385
23821,24038,92.453846,91.619231
23822,24039,92.457692,91.623077
23823,24040,92.461538,91.626923
23824,24041,92.465385,91.630769
23825,24042,92.469231,91.634615
23826,24043,92.473077,91.638462
23827,24044,92.476923,91.642308
23828,24045,92.480769,91.646154
23829,24046,92.484615,91.650000
23830,24047,92.488462,91.653846
23831,24048,92.492308,91.657692
23832,24049,92.496154,91.661538
23833,24050,92.500000,91.665385
23834,24051,92.503846,91.669231
23835,24052,92.507692,91.673077
23836,24053,92.511538,91.676923
23837,24054,92.515385,91.680769
23838,24055,92.519231,91.684615
23839,24056,92.523077,91.688462
23840,24057,92.526923,91.692308
23841,24058,92.530769,91.696154
23842,24059,92.534615,91.700000
23843,24060,92.538462,91.703846
23844,24061,92.542308,91.707692
23845,24062,92.546154,91.711538
23846,24063,92.550000,91.715385
23847,24064,92.553846,91.719231
23848,24065,92.557692,91.723077
23849,24066,92.561538,91.726923
23850,24067,92.565385,91.730769
23851,24068,92.569231,91.734615
23852,24069,92.573077,91.738462
23853,24070,92.576923,91.742308
23854,24071,92.580769,91.746154
23855,24072,92.584615,91.750000
23856,24073,92.588462,91.753846
23857,24074,92.592308,91.757692
23858,24075,92.596154,91.761538
23859,24076,92.600000,91.765385
23860,24077,92.603846,91.769231
23861,24078,92.607692,91.773077
23862,24079,92.611538,91.776923
23863,24080,92.615385,91.780769
23864,24081,92.619231,91.784615
23865,24082,92.623077,91.788462
23866,24083,92.626923,91.792308
23867,24084,92.630769,91.796154
23868,24085,92.634615,91.800000
23869,24086,92.638462,91.803846
23870,24087,92.642308,91.807692
23871,24088,92.646154,91.811538
23872,24089,92.650000,91.815385
23873,24090,92.653846,91.819231
23874,24091,92.657692,91.823077
23875,24092,92.661538,91.826923
23876,24093,92.665385,91.830769
23877,24094,92.669231,91.834615
23878,24095,92.673077,91.838462
23879,24096,92.676923,91.842308
23880,24097,92.680769,91.846154
23881,24098,92.684615,91.850000
23882,24099,92.688462,91.853846
23883,24100,92.692308,91.857692
23884,24101,92.696154,91.861538
23885,24102,92.700000,91.865385
23886,24103,92.703846,91.869231
23887,24104,92.707692,91.873077
23888,24105,92.711538,91.876923
23889,24106,92.715385,91.880769
23890,24107,92.719231,91.884615
23891,24108,92.723077,91.888462
23892,24109,92.726923,91.892308
23893,24110,92.730769,91.896154
23894,24111,92.734615,91.900000
23895,24112,92.738462,91.903846
23896,24113,92.742308,91.907692
23897,24114,92.746154,91.911538
23898,24115,92.750000,91.915385
23899,24116,92.753846,91.919231
23900,24117,92.757692,91.923077
23901,24118,92.761538,91.926923
23902,24119,92.765385,91.930769
23903,24120,92.769231,91.934615
23904,24121,92.773077,91.938462
23905,24122,92.776923,91.942308
23906,24123,92.780769,91.946154
23907,24124,92.784615,91.950000
23908,24125,92.788462,91.953846
23909,24126,92.792308,91.957692
23910,24127,92.796154,91.961538
23911,24128,92.800000,91.965385
23912,24129,92.803846,91.969231
23913,24130,92.807692,91.973077
23914,24131,92.811538,91.976923
23915,24132,92.815385,91.980769
23916,24133,92.819231,91.984615
23917,24134,92.823077,91.988462
23918,24135,92.826923,91.992308
23919,24136,92.830769,91.996154
23920,24137,92.834615,92.000000
23921,24138,92.838462,92.003846
23922,24139,92.842308,92.007692
23923,24140,92.846154,92.011538
23924,24141,92.850000,92.015385
23925,24142,92.853846,92.019231
23926,24143,92.857692,92.023077
23927,24144,92.861538,92.026923
23928,24145,92.865385,92.030769
23929,24146,92.869231,92.034615
23930,24147,92.873077,92.038462
23931,24148,92.876923,92.042308
23932,24149,92.880769,92.046154
23933,24150,92.884615,92.050000
23934,24151,92.888462,92.053846
23935,24152,92.892308,92.057692
23936,24153,92.896154,92.061538
23937,24154,92.900000,92.065385
23938,24155,92.903846,92.069231
23939,24156,92.907692,92.073077
23940,24157,92.911538,92.076923
23941,24158,92.915385,92.080769
23942,24159,92.919231,92.084615
23943,24160,92.923077,92.088462
23944,24161,92.926923,92.092308
23945,24162,92.930769,92.096154
23946,24163,92.934615,92.100000
23947,24164,92.938462,92.103846
23948,24165,92.942308,92.107692
23949,24166,92.946154,92.111538
23950,24167,92.950000,92.115385
23951,24168,92.953846,92.119231
23952,24169,92.957692,92.123077
23953,24170,92.961538,92.126923
23954,24171,92.965385,92.130769
23955,24172,92.969231,92.134615
23956,24173,92.973077,92.138462
23957,24174,92.976923,92.142308
23958,24175,92.980769,92.146154
23959,24176,92.984615,92.150000
23960,24177,92.988462,92.153846
23961,24178,92.992308,92.157692
23962,24179,92.996154,92.161538
23963,24180,93.000000,92.165385
23964,24181,93.003846,92.169231
23965,24182,93.007692,92.173077
23966,24183,93.011538,92.176923
23967,24184,93.015385,92.180769
23968,24185,93.019231,92.184615
23969,24186,93.023077,92.188462
23970,24187,93.026923,92.192308
23971,24188,93.030769,92.196154
23972,24189,93.034615,92.200000
23973,24190,93.038462,92.203846
23974,24191,93.042308,92.207692
23975,24192,93.046154,92.211538
23976,24193,93.050000,92.215385
23977,24194,93.053846,92.219231
23978,24195,93.057692,92.223077
23979,24196,93.061538,92.226923
23980,24197,93.065385,92.230769
23981,24198,93.069231,92.234615
23982,24199,93.073077,92.238462
23983,24200,93.076923,92.242308
23984,24201,93.080769,92.246154
23985,24202,93.084615,92.250000
23986,24203,93.088462,92.253846
23987,24204,93.092308,92.257692
23988,24205,93.096154,92.261538
23989,24206,93.100000,92.265385
23990,24207,93.103846,92.269231
23991,24208,93.107692,92.273077
23992,24209,93.111538,92.276923
23993,24210,93.115385,92.280769
23994,24211,93.119231,92.284615
23995,24212,93.123077,92.288462
23996,24213,93.126923,92.292308
23997,24214,93.130769,92.296154
23998,24215,93.134615,92.300000
23999,24216,93.138462,92.303846
24000,24217,93.142308,92.307692
24001,24218,93.146154,92.311538
24002,24219,93.150000,92.315385
24003,24220,93.153846,92.319231
24004,24221,93.157692,92.323077
24005,24222,93.161538,92.326923
24006,24223,93.165385,92.330769
24007,24224,93.169231,92.334615
24008,24225,93.173077,92.338462
24009,24226,93.176923,92.342308
24010,24227,93.180769,92.346154
24011,24228,93.184615,92.350000
24012,24229,93.188462,92.353846
24013,24230,93.192308,92.357692
24014,24231,93.196154,92.361538
24015,24232,93.200000,92.365385
24016,24233,93.203846,92.369231
24017,24234,93.207692,92.373077
24018,24235,93.211538,92.376923
24019,24236,93.215385,92.380769
24020,24237,93.219231,92.384615
24021,24238,93.223077,92.388462
24022,24239,93.226923,92.392308
24023,24240,93.230769,92.396154
24024,24241,93.234615,92.400000
24025,24242,93.238462,92.403846
24026,24243,93.242308,92.407692
24027,24244,93.246154,92.411538
24028,24245,93.250000,92.415385
24029,24246,93.253846,92.419231
24030,24247,93.257692,92.423077
24031,24248,93.261538,92.426923
24032,24249,93.265385,92.430769
24033,24250,93.269231,92.434615
24034,24251,93.273077,92.438462
24035,24252,93.276923,92.442308
24036,24253,93.280769,92.446154
24037,24254,93.284615,92.450000
24038,24255,93.288462,92.453846
24039,24256,93.292308,92.457692
24040,24257,93.296154,92.461538
24041,24258,93.300000,92.465385
24042,24259,93.303846,92.469231
24043,24260,93.307692,92.473077
24044,24261,93.311538,92.476923
24045,24262,93.315385,92.480769
24046,24263,93.319231,92.484615
24047,24264,93.323077,92.488462
24048,24265,93.326923,92.492308
24049,24266,93.330769,92.496154
24050,24267,93.334615,92.500000
24051,24268,93.338462,92.503846
24052,24269,93.342308,92.507692
24053,24270,93.346154,92.511538
24054,24271,93.350000,92.515385
24055,24272,93.353846,92.519231
24056,24273,93.357692,92.523077
24057,24274,93.361538,92.526923
24058,24275,93.365385,92.530769
24059,24276,93.369231,92.534615
24060,24277,93.373077,92.538462
24061,24278,93.376923,92.542308
24062,24279,93.380769,92.546154
24063,24280,93.384615,92.550000
24064,24281,93.388462,92.553846
24065,24282,93.392308,92.557692
24066,24283,93.396154,92.561538
24067,24284,93.400000,92.565385
24068,24285,93.403846,92.569231
24069,24286,93.407692,92.573077
24070,24287,93.411538,92.576923
24071,24288,93.415385,92.580769
24072,24289,93.419231,92.584615
24073,24290,93.423077,92.588462
24074,24291,93.426923,92.592308
24075,24292,93.430769,92.596154
24076,24293,93.434615,92.600000
24077,24294,93.438462,92.603846
24078,24295,93.442308,92.607692
24079,24296,93.446154,92.611538
24080,24297,93.450000,92.615385
24081,24298,93.453846,92.619231
24082,24299,93.457692,92.623077
24083,24300,93.461538,92.626923
24084,24301,93.465385,92.630769
24085,24302,93.469231,92.634615
24086,24303,93.473077,92.638462
24087,24304,93.476923,92.642308
24088,24305,93.480769,92.646154
24089,24306,93.484615,92.650000
24090,24307,93.488462,92.653846
24091,24308,93.492308,92.657692
24092,24309,93.496154,92.661538
24093,24310,93.500000,92.665385
24094,24311,93.503846,92.669231
24095,24312,93.507692,92.673077
24096,24313,93.511538,92.676923
24097,24314,93.515385,92.680769
24098,24315,93.519231,92.684615
24099,24316,93.523077,92.688462
24100,24317,93.526923,92.692308
24101,24318,93.530769,92.696154
24102,24319,93.534615,92.700000
24103,24320,93.538462,92.703846
24104,24321,93.542308,92.707692
24105,24322,93.546154,92.711538
24106,24323,93.550000,92.715385
24107,24324,93.553846,92.719231
24108,24325,93.557692,92.723077
24109,24326,93.561538,92.726923
24110,24327,93.565385,92.730769
24111,24328,93.569231,92.734615
24112,24329,93.573077,92.738462
24113,24330,93.576923,92.742308
24114,24331,93.580769,92.746154
24115,24332,93.584615,92.750000
24116,24333,93.588462,92.753846
24117,24334,93.592308,92.757692
24118,24335,93.596154,92.761538
24119,24336,93.600000,92.765385
24120,24337,93.603846,92.769231
24121,24338,93.607692,92.773077
24122,24339,93.611538,92.776923
24123,24340,93.615385,92.780769
24124,24341,93.619231,92.784615
24125,24342,93.623077,92.788462
24126,24343,93.626923,92.792308
24127,24344,93.630769,92.796154
24128,24345,93.634615,92.800000
24129,24346,93.638462,92.803846
24130,24347,93.642308,92.807692
24131,24348,93.646154,92.811538
24132,24349,93.650000,92.815385
24133,24350,93.653846,92.819231
24134,24351,93.657692,92.823077
24135,24352,93.661538,92.826923
24136,24353,93.665385,92.830769
24137,24354,93.669231,92.834615
24138,24355,93.673077,92.838462
24139,24356,93.676923,92.842308
24140,24357,93.680769,92.846154
24141,24358,93.684615,92.850000
24142,24359,93.688462,92.853846
24143,24360,93.692308,92.857692
24144,24361,93.696154,92.861538
24145,24362,93.700000,92.865385
24146,24363,93.703846,92.869231
24147,24364,93.707692,92.873077
24148,24365,93.711538,92.876923
24149,24366,93.715385,92.880769
24150,24367,93.719231,92.884615
24151,24368,93.723077,92.888462
24152,24369,93.726923,92.892308
24153,24370,93.730769,92.896154
24154,24371,93.734615,92.900000
24155,24372,93.738462,92.903846
24156,24373,93.742308,92.907692
24157,24374,93.746154,92.911538
24158,24375,93.750000,92.915385
24159,24376,93.753846,92.919231
24160,24377,93.757692,92.923077
24161,24378,93.761538,92.926923
24162,24379,93.765385,92.930769
24163,24380,93.769231,92.934615
24164,24381,93.773077,92.938462
24165,24382,93.776923,92.942308
24166,24383,93.780769,92.946154
24167,24384,93.784615,92.950000
24168,24385,93.788462,92.953846
24169,24386,93.792308,92.957692
24170,24387,93.796154,92.961538
24171,24388,93.800000,92.965385
24172,24389,93.803846,92.969231
24173,24390,93.807692,92.973077
24174,24391,93.811538,92.976923
24175,24392,93.815385,92.980769
24176,24393,93.819231,92.984615
24177,24394,93.823077,92.988462
24178,24395,93.826923,92.992308
24179,24396,93.830769,92.996154
24180,24397,93.834615,93.000000
24181,24398,93.838462,93.003846
24182,24399,93.842308,93.007692
24183,24400,93.846154,93.011538
24184,24401,93.850000,93.015385
24185,24402,93.853846,93.019231
24186,24403,93.857692,93.023077
24187,24404,93.861538,93.026923
24188,24405,93.865385,93.030769
24189,24406,93.869231,93.034615
24190,24407,93.873077,93.038462
24191,24408,93.876923,93.042308
24192,24409,93.880769,93.046154
24193,24410,93.884615,93.050000
24194,24411,93.888462,93.053846
24195,24412,93.892308,93.057692
24196,24413,93.896154,93.061538
24197,24414,93.900000,93.065385
24198,24415,93.903846,93.069231
24199,24416,93.907692,93.073077
24200,24417,93.911538,93.076923
24201,24418,93.915385,93.080769
24202,24419,93.919231,93.084615
24203,24420,93.923077,93.088462
24204,24421,93.926923,93.092308
24205,24422,93.930769,93.096154
24206,24423,93.934615,93.100000
24207,24424,93.938462,93.103846
24208,24425,93.942308,93.107692
24209,24426,93.946154,93.111538
24210,24427,93.950000,93.115385
24211,24428,93.953846,93.119231
24212,24429,93.957692,93.123077
24213,24430,93.961538,93.126923
24214,24431,93.965385,93.130769
24215,24432,93.969231,93.134615
24216,24433,93.973077,93.138462
24217,24434,93.976923,93.142308
24218,24435,93.980769,93.146154
24219,24436,93.984615,93.150000
24220,24437,93.988462,93.153846
24221,24438,93.992308,93.157692
24222,24439,93.996154,93.161538
24223,24440,94.000000,93.165385
24224,24441,94.003846,93.169231
24225,24442,94.007692,93.173077
24226,24443,94.011538,93.176923
24227,24444,94.015385,93.180769
24228,24445,94.019231,93.184615
24229,24446,94.023077,93.188462
24230,24447,94.026923,93.192308
24231,24448,94.030769,93.196154
24232,24449,94.034615,93.200000
24233,24450,94.038462,93.203846
24234,24451,94.042308,93.207692
24235,24452,94.046154,93.211538
24236,24453,94.050000,93.215385
24237,24454,94.053846,93.219231
24238,24455,94.057692,93.223077
24239,24456,94.061538,93.226923
24240,24457,94.065385,93.230769
24241,24458,94.069231,93.234615
24242,24459,94.073077,93.238462
24243,24460,94.076923,93.242308
24244,24461,94.080769,93.246154
24245,24462,94.084615,93.250000
24246,24463,94.088462,93.253846
24247,24464,94.092308,93.257692
24248,24465,94.096154,93.261538
24249,24466,94.100000,93.265385
24250,24467,94.103846,93.269231
24251,24468,94.107692,93.273077
24252,24469,94.111538,93.276923
24253,24470,94.115385,93.280769
24254,24471,94.119231,93.284615
24255,24472,94.123077,93.288462
24256,24473,94.126923,93.292308
24257,24474,94.130769,93.296154
24258,24475,94.134615,93.300000
24259,24476,94.138462,93.303846
24260,24477,94.142308,93.307692
24261,24478,94.146154,93.311538
24262,24479,94.150000,93.315385
24263,24480,94.153846,93.319231
24264,24481,94.157692,93.323077
24265,24482,94.161538,93.326923
24266,24483,94.165385,93.330769
24267,24484,94.169231,93.334615
24268,24485,94.173077,93.338462
24269,24486,94.176923,93.342308
24270,24487,94.180769,93.346154
24271,24488,94.184615,93.350000
24272,24489,94.188462,93.353846
24273,24490,94.192308,93.357692
24274,24491,94.196154,93.361538
24275,24492,94.200000,93.365385
24276,24493,94.203846,93.369231
24277,24494,94.207692,93.373077
24278,24495,94.211538,93.376923
24279,24496,94.215385,93.380769
24280,24497,94.219231,93.384615
24281,24498,94.223077,93.388462
24282,24499,94.226923,93.392308
24283,24500,94.230769,93.396154
24284,24501,94.234615,93.400000
24285,24502,94.238462,93.403846
24286,24503,94.242308,93.407692
24287,24504,94.246154,93.411538
24288,24505,94.250000,93.415385
24289,24506,94.253846,93.419231
24290,24507,94.257692,93.423077
24291,24508,94.261538,93.426923
24292,24509,94.265385,93.430769
24293,24510,94.269231,93.434615
24294,24511,94.273077,93.438462
24295,24512,94.276923,93.442308
24296,24513,94.280769,93.446154
24297,24514,94.284615,93.450000
24298,24515,94.288462,93.453846
24299,24516,94.292308,93.457692
24300,24517,94.296154,93.461538
24301,24518,94.300000,93.465385
24302,24519,94.303846,93.469231
24303,24520,94.307692,93.473077
24304,24521,94.311538,93.476923
24305,24522,94.315385,93.480769
24306,24523,94.319231,93.484615
24307,24524,94.323077,93.488462
24308,24525,94.326923,93.492308
24309,24526,94.330769,93.496154
24310,24527,94.334615,93.500000
24311,24528,94.338462,93.503846
24312,24529,94.342308,93.507692
24313,24530,94.346154,93.511538
24314,24531,94.350000,93.515385
24315,24532,94.353846,93.519231
24316,24533,94.357692,93.523077
24317,24534,94.361538,93.526923
24318,24535,94.365385,93.530769
24319,24536,94.369231,93.534615
24320,24537,94.373077,93.538462
24321,24538,94.376923,93.542308
24322,24539,94.380769,93.546154
24323,24540,94.384615,93.550000
24324,24541,94.388462,93.553846
24325,24542,94.392308,93.557692
24326,24543,94.396154,93.561538
24327,24544,94.400000,93.565385
24328,24545,94.403846,93.569231
24329,24546,94.407692,93.573077
24330,24547,94.411538,93.576923
24331,24548,94.415385,93.580769
24332,24549,94.419231,93.584615
24333,24550,94.423077,93.588462
24334,24551,94.426923,93.592308
24335,24552,94.430769,93.596154
24336,24553,94.434615,93.600000
24337,24554,94.438462,93.603846
24338,24555,94.442308,93.607692
24339,24556,94.446154,93.611538
24340,24557,94.450000,93.615385
24341,24558,94.453846,93.619231
24342,24559,94.457692,93.623077
24343,24560,94.461538,93.626923
24344,24561,94.465385,93.630769
24345,24562,94.469231,93.634615
24346,24563,94.473077,93.638462
24347,24564,94.476923,93.642308
24348,24565,94.480769,93.646154
24349,24566,94.484615,93.650000
24350,24567,94.488462,93.653846
24351,24568,94.492308,93.657692
24352,24569,94.496154,93.661538
24353,24570,94.500000,93.665385
24354,24571,94.503846,93.669231
24355,24572,94.507692,93.673077
24356,24573,94.511538,93.676923
24357,24574,94.515385,93.680769
24358,24575,94.519231,93.684615
24359,24576,94.523077,93.688462
24360,24577,94.526923,93.692308
24361,24578,94.530769,93.696154
24362,24579,94.534615,93.700000
24363,24580,94.538462,93.703846
24364,24581,94.542308,93.707692
24365,24582,94.546154,93.711538
24366,24583,94.550000,93.715385
24367,24584,94.553846,93.719231
24368,24585,94.557692,93.723077
24369,24586,94.561538,93.726923
24370,24587,94.565385,93.730769
24371,24588,94.569231,93.734615
24372,24589,94.573077,93.738462
24373,24590,94.576923,93.742308
24374,24591,94.580769,93.746154
24375,24592,94.584615,93.750000
24376,24593,94.588462,93.753846
24377,24594,94.592308,93.757692
24378,24595,94.596154,93.761538
24379,24596,94.600000,93.765385
24380,24597,94.603846,93.769231
24381,24598,94.607692,93.773077
24382,24599,94.611538,93.776923
24383,24600,94.615385,93.780769
24384,24601,94.619231,93.784615
24385,24602,94.623077,93.788462
24386,24603,94.626923,93.792308
24387,24604,94.630769,93.796154
24388,24605,94.634615,93.800000
24389,24606,94.638462,93.803846
24390,24607,94.642308,93.807692
24391,24608,94.646154,93.811538
24392,24609,94.650000,93.815385
24393,24610,94.653846,93.819231
24394,24611,94.657692,93.823077
24395,24612,94.661538,93.826923
24396,24613,94.665385,93.830769
24397,24614,94.669231,93.834615
24398,24615,94.673077,93.838462
24399,24616,94.676923,93.842308
24400,24617,94.680769,93.846154
24401,24618,94.684615,93.850000
24402,24619,94.688462,93.853846
24403,24620,94.692308,93.857692
24404,24621,94.696154,93.861538
24405,24622,94.700000,93.865385
24406,24623,94.703846,93.869231
24407,24624,94.707692,93.873077
24408,24625,94.711538,93.876923
24409,24626,94.715385,93.880769
24410,24627,94.719231,93.884615
24411,24628,94.723077,93.888462
24412,24629,94.726923,93.892308
24413,24630,94.730769,93.896154
24414,24631,94.734615,93.900000
24415,24632,94.738462,93.903846
24416,24633,94.742308,93.907692
24417,24634,94.746154,93.911538
24418,24635,94.750000,93.915385
24419,24636,94.753846,93.919231
24420,24637,94.757692,93.923077
24421,24638,94.761538,93.926923
24422,24639,94.765385,93.930769
24423,24640,94.769231,93.934615
24424,24641,94.773077,93.938462
24425,24642,94.776923,93.942308
24426,24643,94.780769,93.946154
24427,24644,94.784615,93.950000
24428,24645,94.788462,93.953846
24429,24646,94.792308,93.957692
24430,24647,94.796154,93.961538
24431,24648,94.800000,93.965385
24432,24649,94.803846,93.969231
24433,24650,94.807692,93.973077
24434,24651,94.811538,93.976923
24435,24652,94.815385,93.980769
24436,24653,94.819231,93.984615
24437,24654,94.823077,93.988462
24438,24655,94.826923,93.992308
24439,24656,94.830769,93.996154
24440,24657,94.834615,94.000000
24441,24658,94.838462,94.003846
24442,24659,94.842308,94.007692
24443,24660,94.846154,94.011538
24444,24661,94.850000,94.015385
24445,24662,94.853846,94.019231
24446,24663,94.857692,94.023077
24447,24664,94.861538,94.026923
24448,24665,94.865385,94.030769
24449,24666,94.869231,94.034615
24450,24667,94.873077,94.038462
24451,24668,94.876923,94.042308
24452,24669,94.880769,94.046154
24453,24670,94.884615,94.050000
24454,24671,94.888462,94.053846
24455,24672,94.892308,94.057692
24456,24673,94.896154,94.061538
24457,24674,94.900000,94.065385
24458,24675,94.903846,94.069231
24459,24676,94.907692,94.073077
24460,24677,94.911538,94.076923
24461,24678,94.915385,94.080769
24462,24679,94.919231,94.084615
24463,24680,94.923077,94.088462
24464,24681,94.926923,94.092308
24465,24682,94.930769,94.096154
24466,24683,94.934615,94.100000
24467,24684,94.938462,94.103846
24468,24685,94.942308,94.107692
24469,24686,94.946154,94.111538
24470,24687,94.950000,94.115385
24471,24688,94.953846,94.119231
24472,24689,94.957692,94.123077
24473,24690,94.961538,94.126923
24474,24691,94.965385,94.130769
24475,24692,94.969231,94.134615
24476,24693,94.973077,94.138462
24477,24694,94.976923,94.142308
24478,24695,94.980769,94.146154
24479,24696,94.984615,94.150000
24480,24697,94.988462,94.153846
24481,24698,94.992308,94.157692
24482,24699,94.996154,94.161538
24483,24700,95.000000,94.165385
24484,24701,95.003846,94.169231
24485,24702,95.007692,94.173077
24486,24703,95.011538,94.176923
24487,24704,95.015385,94.180769
24488,24705,95.019231,94.184615
24489,24706,95.023077,94.188462
24490,24707,95.026923,94.192308
24491,24708,95.030769,94.196154
24492,24709,95.034615,94.200000
24493,24710,95.038462,94.203846
24494,24711,95.042308,94.207692
24495,24712,95.046154,94.211538
24496,24713,95.050000,94.215385
24497,24714,95.053846,94.219231
24498,24715,95.057692,94.223077
24499,24716,95.061538,94.226923
24500,24717,95.065385,94.230769
24501,24718,95.069231,94.234615
24502,24719,95.073077,94.238462
24503,24720,95.076923,94.242308
24504,24721,95.080769,94.246154
24505,24722,95.084615,94.250000
24506,24723,95.088462,94.253846
24507,24724,95.092308,94.257692
24508,24725,95.096154,94.261538
24509,24726,95.100000,94.265385
24510,24727,95.103846,94.269231
24511,24728,95.107692,94.273077
24512,24729,95.111538,94.276923
24513,24730,95.115385,94.280769
24514,24731,95.119231,94.284615
24515,24732,95.123077,94.288462
24516,24733,95.126923,94.292308
24517,24734,95.130769,94.296154
24518,24735,95.134615,94.300000
24519,24736,95.138462,94.303846
24520,24737,95.142308,94.307692
24521,24738,95.146154,94.311538
24522,24739,95.150000,94.315385
24523,24740,95.153846,94.319231
24524,24741,95.157692,94.323077
24525,24742,95.161538,94.326923
24526,24743,95.165385,94.330769
24527,24744,95.169231,94.334615
24528,24745,95.173077,94.338462
24529,24746,95.176923,94.342308
24530,24747,95.180769,94.346154
24531,24748,95.184615,94.350000
24532,24749,95.188462,94.353846
24533,24750,95.192308,94.357692
24534,24751,95.196154,94.361538
24535,24752,95.200000,94.365385
24536,24753,95.203846,94.369231
24537,24754,95.207692,94.373077
24538,24755,95.211538,94.376923
24539,24756,95.215385,94.380769
24540,24757,95.219231,94.384615
24541,24758,95.223077,94.388462
24542,24759,95.226923,94.392308
24543,24760,95.230769,94.396154
24544,24761,95.234615,94.400000
24545,24762,95.238462,94.403846
24546,24763,95.242308,94.407692
24547,24764,95.246154,94.411538
24548,24765,95.250000,94.415385
24549,24766,95.253846,94.419231
24550,24767,95.257692,94.423077
24551,24768,95.261538,94.426923
24552,24769,95.265385,94.430769
24553,24770,95.269231,94.434615
24554,24771,95.273077,94.438462
24555,24772,95.276923,94.442308
24556,24773,95.280769,94.446154
24557,24774,95.284615,94.450000
24558,24775,95.288462,94.453846
24559,24776,95.292308,94.457692
24560,24777,95.296154,94.461538
24561,24778,95.300000,94.465385
24562,24779,95.303846,94.469231
24563,24780,95.307692,94.473077
24564,24781,95.311538,94.476923
24565,24782,95.315385,94.480769
24566,24783,95.319231,94.484615
24567,24784,95.323077,94.488462
24568,24785,95.326923,94.492308
24569,24786,95.330769,94.496154
24570,24787,95.334615,94.500000
24571,24788,95.338462,94.503846
24572,24789,95.342308,94.507692
24573,24790,95.346154,94.511538
24574,24791,95.350000,94.515385
24575,24792,95.353846,94.519231
24576,24793,95.357692,94.523077
24577,24794,95.361538,94.526923
24578,24795,95.365385,94.530769
24579,24796,95.369231,94.534615
24580,24797,95.373077,94.538462
24581,24798,95.376923,94.542308
24582,24799,95.380769,94.546154
24583,24800,95.384615,94.550000
24584,24801,95.388462,94.553846
24585,24802,95.392308,94.557692
24586,24803,95.396154,94.561538
24587,24804,95.400000,94.565385
24588,24805,95.403846,94.569231
24589,24806,95.407692,94.573077
24590,24807,95.411538,94.576923
24591,24808,95.415385,94.580769
24592,24809,95.419231,94.584615
24593,24810,95.423077,94.588462
24594,24811,95.426923,94.592308
24595,24812,95.430769,94.596154
24596,24813,95.434615,94.600000
24597,24814,95.438462,94.603846
24598,24815,95.442308,94.607692
24599,24816,95.446154,94.611538
24600,24817,95.450000,94.615385
24601,24818,95.453846,94.619231
24602,24819,95.457692,94.623077
24603,24820,95.461538,94.626923
24604,24821,95.465385,94.630769
24605,24822,95.469231,94.634615
24606,24823,95.473077,94.638462
24607,24824,95.476923,94.642308
24608,24825,95.480769,94.646154
24609,24826,95.484615,94.650000
24610,24827,95.488462,94.653846
24611,24828,95.492308,94.657692
24612,24829,95.496154,94.661538
24613,24830,95.500000,94.665385
24614,24831,95.503846,94.669231
24615,24832,95.507692,94.673077
24616,24833,95.511538,94.676923
24617,24834,95.515385,94.680769
24618,24835,95.519231,94.684615
24619,24836,95.523077,94.688462
24620,24837,95.526923,94.692308
24621,24838,95.530769,94.696154
24622,24839,95.534615,94.700000
24623,24840,95.538462,94.703846
24624,24841,95.542308,94.707692
24625,24842,95.546154,94.711538
24626,24843,95.550000,94.715385
24627,24844,95.553846,94.719231
24628,24845,95.557692,94.723077
24629,24846,95.561538,94.726923
24630,24847,95.565385,94.730769
24631,24848,95.569231,94.734615
24632,24849,95.573077,94.738462
24633,24850,95.576923,94.742308
24634,24851,95.580769,94.746154
24635,24852,95.584615,94.750000
24636,24853,95.588462,94.753846
24637,24854,95.592308,94.757692
24638,24855,95.596154,94.761538
24639,24856,95.600000,94.765385
24640,24857,95.603846,94.769231
24641,24858,95.607692,94.773077
24642,24859,95.611538,94.776923
24643,24860,95.615385,94.780769
24644,24861,95.619231,94.784615
24645,24862,95.623077,94.788462
24646,24863,95.626923,94.792308
24647,24864,95.630769,94.796154
24648,24865,95.634615,94.800000
24649,24866,95.638462,94.803846
24650,24867,95.642308,94.807692
24651,24868,95.646154,94.811538
24652,24869,95.650000,94.815385
24653,24870,95.653846,94.819231
24654,24871,95.657692,94.823077
24655,24872,95.661538,94.826923
24656,24873,95.665385,94.830769
24657,24874,95.669231,94.834615
24658,24875,95.673077,94.838462
24659,24876,95.676923,94.842308
24660,24877,95.680769,94.846154
24661,24878,95.684615,94.850000
24662,24879,95.688462,94.853846
24663,24880,95.692308,94.857692
24664,24881,95.696154,94.861538
24665,24882,95.700000,94.865385
24666,24883,95.703846,94.869231
24667,24884,95.707692,94.873077
24668,24885,95.711538,94.876923
24669,24886,95.715385,94.880769
24670,24887,95.719231,94.884615
24671,24888,95.723077,94.888462
24672,24889,95.726923,94.892308
24673,24890,95.730769,94.896154
24674,24891,95.734615,94.900000
24675,24892,95.738462,94.903846
24676,24893,95.742308,94.907692
24677,24894,95.746154,94.911538
24678,24895,95.750000,94.915385
24679,24896,95.753846,94.919231
24680,24897,95.757692,94.923077
24681,24898,95.761538,94.926923
24682,24899,95.765385,94.930769
24683,24900,95.769231,94.934615
24684,24901,95.773077,94.938462
24685,24902,95.776923,94.942308
24686,24903,95.780769,94.946154
24687,24904,95.784615,94.950000
24688,24905,95.788462,94.953846
24689,24906,95.792308,94.957692
24690,24907,95.796154,94.961538
24691,24908,95.800000,94.965385
24692,24909,95.803846,94.969231
24693,24910,95.807692,94.973077
24694,24911,95.811538,94.976923
24695,24912,95.815385,94.980769
24696,24913,95.819231,94.984615
24697,24914,95.823077,94.988462
24698,24915,95.826923,94.992308
24699,24916,95.830769,94.996154
24700,24917,95.834615,95.000000
24701,24918,95.838462,95.003846
24702,24919,95.842308,95.007692
24703,24920,95.846154,95.011538
24704,24921,95.850000,95.015385
24705,24922,95.853846,95.019231
24706,24923,95.857692,95.023077
24707,24924,95.861538,95.026923
24708,24925,95.865385,95.030769
24709,24926,95.869231,95.034615
24710,24927,95.873077,95.038462
24711,24928,95.876923,95.042308
24712,24929,95.880769,95.046154
24713,24930,95.884615,95.050000
24714,24931,95.888462,95.053846
24715,24932,95.892308,95.057692
24716,24933,95.896154,95.061538
24717,24934,95.900000,95.065385
24718,24935,95.903846,95.069231
24719,24936,95.907692,95.073077
24720,24937,95.911538,95.076923
24721,24938,95.915385,95.080769
24722,24939,95.919231,95.084615
24723,24940,95.923077,95.088462
24724,24941,95.926923,95.092308
24725,24942,95.930769,95.096154
24726,24943,95.934615,95.100000
24727,24944,95.938462,95.103846
24728,24945,95.942308,95.107692
24729,24946,95.946154,95.111538
24730,24947,95.950000,95.115385
24731,24948,95.953846,95.119231
24732,24949,95.957692,95.123077
24733,24950,95.961538,95.126923
24734,24951,95.965385,95.130769
24735,24952,95.969231,95.134615
24736,24953,95.973077,95.138462
24737,24954,95.976923,95.142308
24738,24955,95.980769,95.146154
24739,24956,95.984615,95.150000
24740,24957,95.988462,95.153846
24741,24958,95.992308,95.157692
24742,24959,95.996154,95.161538
24743,24960,96.000000,95.165385
24744,24961,96.003846,95.169231
24745,24962,96.007692,95.173077
24746,24963,96.011538,95.176923
24747,24964,96.015385,95.180769
24748,24965,96.019231,95.184615
24749,24966,96.023077,95.188462
24750,24967,96.026923,95.192308
24751,24968,96.030769,95.196154
24752,24969,96.034615,95.200000
24753,24970,96.038462,95.203846
24754,24971,96.042308,95.207692
24755,24972,96.046154,95.211538
24756,24973,96.050000,95.215385
24757,24974,96.053846,95.219231
24758,24975,96.057692,95.223077
24759,24976,96.061538,95.226923
24760,24977,96.065385,95.230769
24761,24978,96.069231,95.234615
24762,24979,96.073077,95.238462
24763,24980,96.076923,95.242308
24764,24981,96.080769,95.246154
24765,24982,96.084615,95.250000
24766,24983,96.088462,95.253846
24767,24984,96.092308,95.257692
24768,24985,96.096154,95.261538
24769,24986,96.100000,95.265385
24770,24987,96.103846,95.269231
24771,24988,96.107692,95.273077
24772,24989,96.111538,95.276923
24773,24990,96.115385,95.280769
24774,24991,96.119231,95.284615
24775,24992,96.123077,95.288462
24776,24993,96.126923,95.292308
24777,24994,96.130769,95.296154
24778,24995,96.134615,95.300000
24779,24996,96.138462,95.303846
24780,24997,96.142308,95.307692
24781,24998,96.146154,95.311538
24782,24999,96.150000,95.315385
24783,25000,96.153846,95.319231
24784,25001,96.157692,95.323077
24785,25002,96.161538,95.326923
24786,25003,96.165385,95.330769
24787,25004,96.169231,95.334615
24788,25005,96.173077,95.338462
24789,25006,96.176923,95.342308
24790,25007,96.180769,95.346154
24791,25008,96.184615,95.350000
24792,25009,96.188462,95.353846
24793,25010,96.192308,95.357692
24794,25011,96.196154,95.361538
24795,25012,96.200000,95.365385
24796,25013,96.203846,95.369231
24797,25014,96.207692,95.373077
24798,25015,96.211538,95.376923
24799,25016,96.215385,95.380769
24800,25017,96.219231,95.384615
24801,25018,96.223077,95.388462
24802,25019,96.226923,95.392308
24803,25020,96.230769,95.396154
24804,25021,96.234615,95.400000
24805,25022,96.238462,95.403846
24806,25023,96.242308,95.407692
24807,25024,96.246154,95.411538
24808,25025,96.250000,95.415385
24809,25026,96.253846,95.419231
24810,25027,96.257692,95.423077
24811,25028,96.261538,95.426923
24812,25029,96.265385,95.430769
24813,25030,96.269231,95.434615
24814,25031,96.273077,95.438462
24815,25032,96.276923,95.442308
24816,25033,96.280769,95.446154
24817,25034,96.284615,95.450000
24818,25035,96.288462,95.453846
24819,25036,96.292308,95.457692
24820,25037,96.296154,95.461538
24821,25038,96.300000,95.465385
24822,25039,96.303846,95.469231
24823,25040,96.307692,95.473077
24824,25041,96.311538,95.476923
24825,25042,96.315385,95.480769
24826,25043,96.319231,95.484615
24827,25044,96.323077,95.488462
24828,25045,96.326923,95.492308
24829,25046,96.330769,95.496154
24830,25047,96.334615,95.500000
24831,25048,96.338462,95.503846
24832,25049,96.342308,95.507692
24833,25050,96.346154,95.511538
24834,25051,96.350000,95.515385
24835,25052,96.353846,95.519231
24836,25053,96.357692,95.523077
24837,25054,96.361538,95.526923
24838,25055,96.365385,95.530769
24839,25056,96.369231,95.534615
24840,25057,96.373077,95.538462
24841,25058,96.376923,95.542308
24842,25059,96.380769,95.546154
24843,25060,96.384615,95.550000
24844,25061,96.388462,95.553846
24845,25062,96.392308,95.557692
24846,25063,96.396154,95.561538
24847,25064,96.400000,95.565385
24848,25065,96.403846,95.569231
24849,25066,96.407692,95.573077
24850,25067,96.411538,95.576923
24851,25068,96.415385,95.580769
24852,25069,96.419231,95.584615
24853,25070,96.423077,95.588462
24854,25071,96.426923,95.592308
24855,25072,96.430769,95.596154
24856,25073,96.434615,95.600000
24857,25074,96.438462,95.603846
24858,25075,96.442308,95.607692
24859,25076,96.446154,95.611538
24860,25077,96.450000,95.615385
24861,25078,96.453846,95.619231
24862,25079,96.457692,95.623077
24863,25080,96.461538,95.626923
24864,25081,96.465385,95.630769
24865,25082,96.469231,95.634615
24866,25083,96.473077,95.638462
24867,25084,96.476923,95.642308
24868,25085,96.480769,95.646154
24869,25086,96.484615,95.650000
24870,25087,96.488462,95.653846
24871,25088,96.492308,95.657692
24872,25089,96.496154,95.661538
24873,25090,96.500000,95.665385
24874,25091,96.503846,95.669231
24875,25092,96.507692,95.673077
24876,25093,96.511538,95.676923
24877,25094,96.515385,95.680769
24878,25095,96.519231,95.684615
24879,25096,96.523077,95.688462
24880,25097,96.526923,95.692308
24881,25098,96.530769,95.696154
24882,25099,96.534615,95.700000
24883,25100,96.538462,95.703846
24884,25101,96.542308,95.707692
24885,25102,96.546154,95.711538
24886,25103,96.550000,95.715385
24887,25104,96.553846,95.719231
24888,25105,96.557692,95.723077
24889,25106,96.561538,95.726923
24890,25107,96.565385,95.730769
24891,25108,96.569231,95.734615
24892,25109,96.573077,95.738462
24893,25110,96.576923,95.742308
24894,25111,96.580769,95.746154
24895,25112,96.584615,95.750000
24896,25113,96.588462,95.753846
24897,25114,96.592308,95.757692
24898,25115,96.596154,95.761538
24899,25116,96.600000,95.765385
24900,25117,96.603846,95.769231
24901,25118,96.607692,95.773077
24902,25119,96.611538,95.776923
24903,25120,96.615385,95.780769
24904,25121,96.619231,95.784615
24905,25122,96.623077,95.788462
24906,25123,96.626923,95.792308
24907,25124,96.630769,95.796154
24908,25125,96.634615,95.800000
24909,25126,96.638462,95.803846
24910,25127,96.642308,95.807692
24911,25128,96.646154,95.811538
24912,25129,96.650000,95.815385
24913,25130,96.653846,95.819231
24914,25131,96.657692,95.823077
24915,25132,96.661538,95.826923
24916,25133,96.665385,95.830769
24917,25134,96.669231,95.834615
24918,25135,96.673077,95.838462
24919,25136,96.676923,95.842308
24920,25137,96.680769,95.846154
24921,25138,96.684615,95.850000
24922,25139,96.688462,95.853846
24923,25140,96.692308,95.857692
24924,25141,96.696154,95.861538
24925,25142,96.700000,95.865385
24926,25143,96.703846,95.869231
24927,25144,96.707692,95.873077
24928,25145,96.711538,95.876923
24929,25146,96.715385,95.880769
24930,25147,96.719231,95.884615
24931,25148,96.723077,95.888462
24932,25149,96.726923,95.892308
24933,25150,96.730769,95.896154
24934,25151,96.734615,95.900000
24935,25152,96.738462,95.903846
24936,25153,96.742308,95.907692
24937,25154,96.746154,95.911538
24938,25155,96.750000,95.915385
24939,25156,96.753846,95.919231
24940,25157,96.757692,95.923077
24941,25158,96.761538,95.926923
24942,25159,96.765385,95.930769
24943,25160,96.769231,95.934615
24944,25161,96.773077,95.938462
24945,25162,96.776923,95.942308
24946,25163,96.780769,95.946154
24947,25164,96.784615,95.950000
24948,25165,96.788462,95.953846
24949,25166,96.792308,95.957692
24950,25167,96.796154,95.961538
24951,25168,96.800000,95.965385
24952,25169,96.803846,95.969231
24953,25170,96.807692,95.973077
24954,25171,96.811538,95.976923
24955,25172,96.815385,95.980769
24956,25173,96.819231,95.984615
24957,25174,96.823077,95.988462
24958,25175,96.826923,95.992308
24959,25176,96.830769,95.996154
24960,25177,96.834615,96.000000
24961,25178,96.838462,96.003846
24962,25179,96.842308,96.007692
24963,25180,96.846154,96.011538
24964,25181,96.850000,96.015385
24965,25182,96.853846,96.019231
24966,25183,96.857692,96.023077
24967,25184,96.861538,96.026923
24968,25185,96.865385,96.030769
24969,25186,96.869231,96.034615
24970,25187,96.873077,96.038462
24971,25188,96.876923,96.042308
24972,25189,96.880769,96.046154
24973,25190,96.884615,96.050000
24974,25191,96.888462,96.053846
24975,25192,96.892308,96.057692
24976,25193,96.896154,96.061538
24977,25194,96.900000,96.065385
24978,25195,96.903846,96.069231
24979,25196,96.907692,96.073077
24980,25197,96.911538,96.076923
24981,25198,96.915385,96.080769
24982,25199,96.919231,96.084615
24983,25200,96.923077,96.088462
24984,25201,96.926923,96.092308
24985,25202,96.930769,96.096154
24986,25203,96.934615,96.100000
24987,25204,96.938462,96.103846
24988,25205,96.942308,96.107692
24989,25206,96.946154,96.111538
24990,25207,96.950000,96.115385
24991,25208,96.953846,96.119231
24992,25209,96.957692,96.123077
24993,25210,96.961538,96.126923
24994,25211,96.965385,96.130769
24995,25212,96.969231,96.134615
24996,25213,96.973077,96.138462
24997,25214,96.976923,96.142308
24998,25215,96.980769,96.146154
24999,25216,96.984615,96.150000
25000,25217,96.988462,96.153846
25001,25218,96.992308,96.157692
25002,25219,96.996154,96.161538
25003,25220,97.000000,96.165385
25004,25221,97.003846,96.169231
25005,25222,97.007692,96.173077
25006,25223,97.011538,96.176923
25007,25224,97.015385,96.180769
25008,25225,97.019231,96.184615
25009,25226,97.023077,96.188462
25010,25227,97.026923,96.192308
25011,25228,97.030769,96.196154
25012,25229,97.034615,96.200000
25013,25230,97.038462,96.203846
25014,25231,97.042308,96.207692
25015,25232,97.046154,96.211538
25016,25233,97.050000,96.215385
25017,25234,97.053846,96.219231
25018,25235,97.057692,96.223077
25019,25236,97.061538,96.226923
25020,25237,97.065385,96.230769
25021,25238,97.069231,96.234615
25022,25239,97.073077,96.238462
25023,25240,97.076923,96.242308
25024,25241,97.080769,96.246154
25025,25242,97.084615,96.250000
25026,25243,97.088462,96.253846
25027,25244,97.092308,96.257692
25028,25245,97.096154,96.261538
25029,25246,97.100000,96.265385
25030,25247,97.103846,96.269231
25031,25248,97.107692,96.273077
25032,25249,97.111538,96.276923
25033,25250,97.115385,96.280769
25034,25251,97.119231,96.284615
25035,25252,97.123077,96.288462
25036,25253,97.126923,96.292308
25037,25254,97.130769,96.296154
25038,25255,97.134615,96.300000
25039,25256,97.138462,96.303846
25040,25257,97.142308,96.307692
25041,25258,97.146154,96.311538
25042,25259,97.150000,96.315385
25043,25260,97.153846,96.319231
25044,25261,97.157692,96.323077
25045,25262,97.161538,96.326923
25046,25263,97.165385,96.330769
25047,25264,97.169231,96.334615
25048,25265,97.173077,96.338462
25049,25266,97.176923,96.342308
25050,25267,97.180769,96.346154
25051,25268,97.184615,96.350000
25052,25269,97.188462,96.353846
25053,25270,97.192308,96.357692
25054,25271,97.196154,96.361538
25055,25272,97.200000,96.365385
25056,25273,97.203846,96.369231
25057,25274,97.207692,96.373077
25058,25275,97.211538,96.376923
25059,25276,97.215385,96.380769
25060,25277,97.219231,96.384615
25061,25278,97.223077,96.388462
25062,25279,97.226923,96.392308
25063,25280,97.230769,96.396154
25064,25281,97.234615,96.400000
25065,25282,97.238462,96.403846
25066,25283,97.242308,96.407692
25067,25284,97.246154,96.411538
25068,25285,97.250000,96.415385
25069,25286,97.253846,96.419231
25070,25287,97.257692,96.423077
25071,25288,97.261538,96.426923
25072,25289,97.265385,96.430769
25073,25290,97.269231,96.434615
25074,25291,97.273077,96.438462
25075,25292,97.276923,96.442308
25076,25293,97.280769,96.446154
25077,25294,97.284615,96.450000
25078,25295,97.288462,96.453846
25079,25296,97.292308,96.457692
25080,25297,97.296154,96.461538
25081,25298,97.300000,96.465385
25082,25299,97.303846,96.469231
25083,25300,97.307692,96.473077
25084,25301,97.311538,96.476923
25085,25302,97.315385,96.480769
25086,25303,97.319231,96.484615
25087,25304,97.323077,96.488462
25088,25305,97.326923,96.492308
25089,25306,97.330769,96.496154
25090,25307,97.334615,96.500000
25091,25308,97.338462,96.503846
25092,25309,97.342308,96.507692
25093,25310,97.346154,96.511538
25094,25311,97.350000,96.515385
25095,25312,97.353846,96.519231
25096,25313,97.357692,96.523077
25097,25314,97.361538,96.526923
25098,25315,97.365385,96.530769
25099,25316,97.369231,96.534615
25100,25317,97.373077,96.538462
25101,25318,97.376923,96.542308
25102,25319,97.380769,96.546154
25103,25320,97.384615,96.550000
25104,25321,97.388462,96.553846
25105,25322,97.392308,96.557692
25106,25323,97.396154,96.561538
25107,25324,97.400000,96.565385
25108,25325,97.403846,96.569231
25109,25326,97.407692,96.573077
25110,25327,97.411538,96.576923
25111,25328,97.415385,96.580769
25112,25329,97.419231,96.584615
25113,25330,97.423077,96.588462
25114,25331,97.426923,96.592308
25115,25332,97.430769,96.596154
25116,25333,97.434615,96.600000
25117,25334,97.438462,96.603846
25118,25335,97.442308,96.607692
25119,25336,97.446154,96.611538
25120,25337,97.450000,96.615385
25121,25338,97.453846,96.619231
25122,25339,97.457692,96.623077
25123,25340,97.461538,96.626923
25124,25341,97.465385,96.630769
25125,25342,97.469231,96.634615
25126,25343,97.473077,96.638462
25127,25344,97.476923,96.642308
25128,25345,97.480769,96.646154
25129,25346,97.484615,96.650000
25130,25347,97.488462,96.653846
25131,25348,97.492308,96.657692
25132,25349,97.496154,96.661538
25133,25350,97.500000,96.665385
25134,25351,97.503846,96.669231
25135,25352,97.507692,96.673077
25136,25353,97.511538,96.676923
25137,25354,97.515385,96.680769
25138,25355,97.519231,96.684615
25139,25356,97.523077,96.688462
25140,25357,97.526923,96.692308
25141,25358,97.530769,96.696154
25142,25359,97.534615,96.700000
25143,25360,97.538462,96.703846
25144,25361,97.542308,96.707692
25145,25362,97.546154,96.711538
25146,25363,97.550000,96.715385
25147,25364,97.553846,96.719231
25148,25365,97.557692,96.723077
25149,25366,97.561538,96.726923
25150,25367,97.565385,96.730769
25151,25368,97.569231,96.734615
25152,25369,97.573077,96.738462
25153,25370,97.576923,96.742308
25154,25371,97.580769,96.746154
25155,25372,97.584615,96.750000
25156,25373,97.588462,96.753846
25157,25374,97.592308,96.757692
25158,25375,97.596154,96.761538
25159,25376,97.600000,96.765385
25160,25377,97.603846,96.769231
25161,25378,97.607692,96.773077
25162,25379,97.611538,96.776923
25163,25380,97.615385,96.780769
25164,25381,97.619231,96.784615
25165,25382,97.623077,96.788462
25166,25383,97.626923,96.792308
25167,25384,97.630769,96.796154
25168,25385,97.634615,96.800000
25169,25386,97.638462,96.803846
25170,25387,97.642308,96.807692
25171,25388,97.646154,96.811538
25172,25389,97.650000,96.815385
25173,25390,97.653846,96.819231
25174,25391,97.657692,96.823077
25175,25392,97.661538,96.826923
25176,25393,97.665385,96.830769
25177,25394,97.669231,96.834615
25178,25395,97.673077,96.838462
25179,25396,97.676923,96.842308
25180,25397,97.680769,96.846154
25181,25398,97.684615,96.850000
25182,25399,97.688462,96.853846
25183,25400,97.692308,96.857692
25184,25401,97.696154,96.861538
25185,25402,97.700000,96.865385
25186,25403,97.703846,96.869231
25187,25404,97.707692,96.873077
25188,25405,97.711538,96.876923
25189,25406,97.715385,96.880769
25190,25407,97.719231,96.884615
25191,25408,97.723077,96.888462
25192,25409,97.726923,96.892308
25193,25410,97.730769,96.896154
25194,25411,97.734615,96.900000
25195,25412,97.738462,96.903846
25196,25413,97.742308,96.907692
25197,25414,97.746154,96.911538
25198,25415,97.750000,96.915385
25199,25416,97.753846,96.919231
25200,25417,97.757692,96.923077
25201,25418,97.761538,96.926923
25202,25419,97.765385,96.930769
25203,25420,97.769231,96.934615
25204,25421,97.773077,96.938462
25205,25422,97.776923,96.942308
25206,25423,97.780769,96.946154
25207,25424,97.784615,96.950000
25208,25425,97.788462,96.953846
25209,25426,97.792308,96.957692
25210,25427,97.796154,96.961538
25211,25428,97.800000,96.965385
25212,25429,97.803846,96.969231
25213,25430,97.807692,96.973077
25214,25431,97.811538,96.976923
25215,25432,97.815385,96.980769
25216,25433,97.819231,96.984615
25217,25434,97.823077,96.988462
25218,25435,97.826923,96.992308
25219,25436,97.830769,96.996154
25220,25437,97.834615,97.000000
25221,25438,97.838462,97.003846
25222,25439,97.842308,97.007692
25223,25440,97.846154,97.011538
25224,25441,97.850000,97.015385
25225,25442,97.853846,97.019231
25226,25443,97.857692,97.023077
25227,25444,97.861538,97.026923
25228,25445,97.865385,97.030769
25229,25446,97.869231,97.034615
25230,25447,97.873077,97.038462
25231,25448,97.876923,97.042308
25232,25449,97.880769,97.046154
25233,25450,97.884615,97.050000
25234,25451,97.888462,97.053846
25235,25452,97.892308,97.057692
25236,25453,97.896154,97.061538
25237,25454,97.900000,97.065385
25238,25455,97.903846,97.069231
25239,25456,97.907692,97.073077
25240,25457,97.911538,97.076923
25241,25458,97.915385,97.080769
25242,25459,97.919231,97.084615
25243,25460,97.923077,97.088462
25244,25461,97.926923,97.092308
25245,25462,97.930769,97.096154
25246,25463,97.934615,97.100000
25247,25464,97.938462,97.103846
25248,25465,97.942308,97.107692
25249,25466,97.946154,97.111538
25250,25467,97.950000,97.115385
25251,25468,97.953846,97.119231
25252,25469,97.957692,97.123077
25253,25470,97.961538,97.126923
25254,25471,97.965385,97.130769
25255,25472,97.969231,97.134615
25256,25473,97.973077,97.138462
25257,25474,97.976923,97.142308
25258,25475,97.980769,97.146154
25259,25476,97.984615,97.150000
25260,25477,97.988462,97.153846
25261,25478,97.992308,97.157692
25262,25479,97.996154,97.161538
25263,25480,98.000000,97.165385
25264,25481,98.003846,97.169231
25265,25482,98.007692,97.173077
25266,25483,98.011538,97.176923
25267,25484,98.015385,97.180769
25268,25485,98.019231,97.184615
25269,25486,98.023077,97.188462
25270,25487,98.026923,97.192308
25271,25488,98.030769,97.196154
25272,25489,98.034615,97.200000
25273,25490,98.038462,97.203846
25274,25491,98.042308,97.207692
25275,25492,98.046154,97.211538
25276,25493,98.050000,97.215385
25277,25494,98.053846,97.219231
25278,25495,98.057692,97.223077
25279,25496,98.061538,97.226923
25280,25497,98.065385,97.230769
25281,25498,98.069231,97.234615
25282,25499,98.073077,97.238462
25283,25500,98.076923,97.242308
25284,25501,98.080769,97.246154
25285,25502,98.084615,97.250000
25286,25503,98.088462,97.253846
25287,25504,98.092308,97.257692
25288,25505,98.096154,97.261538
25289,25506,98.100000,97.265385
25290,25507,98.103846,97.269231
25291,25508,98.107692,97.273077
25292,25509,98.111538,97.276923
25293,25510,98.115385,97.280769
25294,25511,98.119231,97.284615
25295,25512,98.123077,97.288462
25296,25513,98.126923,97.292308
25297,25514,98.130769,97.296154
25298,25515,98.134615,97.300000
25299,25516,98.138462,97.303846
25300,25517,98.142308,97.307692
25301,25518,98.146154,97.311538
25302,25519,98.150000,97.315385
25303,25520,98.153846,97.319231
25304,25521,98.157692,97.323077
25305,25522,98.161538,97.326923
25306,25523,98.165385,97.330769
25307,25524,98.169231,97.334615
25308,25525,98.173077,97.338462
25309,25526,98.176923,97.342308
25310,25527,98.180769,97.346154
25311,25528,98.184615,97.350000
25312,25529,98.188462,97.353846
25313,25530,98.192308,97.357692
25314,25531,98.196154,97.361538
25315,25532,98.200000,97.365385
25316,25533,98.203846,97.369231
25317,25534,98.207692,97.373077
25318,25535,98.211538,97.376923
25319,25536,98.215385,97.380769
25320,25537,98.219231,97.384615
25321,25538,98.223077,97.388462
25322,25539,98.226923,97.392308
25323,25540,98.230769,97.396154
25324,25541,98.234615,97.400000
25325,25542,98.238462,97.403846
25326,25543,98.242308,97.407692
25327,25544,98.246154,97.411538
25328,25545,98.250000,97.415385
25329,25546,98.253846,97.419231
25330,25547,98.257692,97.423077
25331,25548,98.261538,97.426923
25332,25549,98.265385,97.430769
25333,25550,98.269231,97.434615
25334,25551,98.273077,97.438462
25335,25552,98.276923,97.442308
25336,25553,98.280769,97.446154
25337,25554,98.284615,97.450000
25338,25555,98.288462,97.453846
25339,25556,98.292308,97.457692
25340,25557,98.296154,97.461538
25341,25558,98.300000,97.465385
25342,25559,98.303846,97.469231
25343,25560,98.307692,97.473077
25344,25561,98.311538,97.476923
25345,25562,98.315385,97.480769
25346,25563,98.319231,97.484615
25347,25564,98.323077,97.488462
25348,25565,98.326923,97.492308
25349,25566,98.330769,97.496154
25350,25567,98.334615,97.500000
25351,25568,98.338462,97.503846
25352,25569,98.342308,97.507692
25353,25570,98.346154,97.511538
25354,25571,98.350000,97.515385
25355,25572,98.353846,97.519231
25356,25573,98.357692,97.523077
25357,25574,98.361538,97.526923
25358,25575,98.365385,97.530769
25359,25576,98.369231,97.534615
25360,25577,98.373077,97.538462
25361,25578,98.376923,97.542308
25362,25579,98.380769,97.546154
25363,25580,98.384615,97.550000
25364,25581,98.388462,97.553846
25365,25582,98.392308,97.557692
25366,25583,98.396154,97.561538
25367,25584,98.400000,97.565385
25368,25585,98.403846,97.569231
25369,25586,98.407692,97.573077
25370,25587,98.411538,97.576923
25371,25588,98.415385,97.580769
25372,25589,98.419231,97.584615
25373,25590,98.423077,97.588462
25374,25591,98.426923,97.592308
25375,25592,98.430769,97.596154
25376,25593,98.434615,97.600000
25377,25594,98.438462,97.603846
25378,25595,98.442308,97.607692
25379,25596,98.446154,97.611538
25380,25597,98.450000,97.615385
25381,25598,98.453846,97.619231
25382,25599,98.457692,97.623077
25383,25600,98.461538,97.626923
25384,25601,98.465385,97.630769
25385,25602,98.469231,97.634615
25386,25603,98.473077,97.638462
25387,25604,98.476923,97.642308
25388,25605,98.480769,97.646154
25389,25606,98.484615,97.650000
25390,25607,98.488462,97.653846
25391,25608,98.492308,97.657692
25392,25609,98.496154,97.661538
25393,25610,98.500000,97.665385
25394,25611,98.503846,97.669231
25395,25612,98.507692,97.673077
25396,25613,98.511538,97.676923
25397,25614,98.515385,97.680769
25398,25615,98.519231,97.684615
25399,25616,98.523077,97.688462
25400,25617,98.526923,97.692308
25401,25618,98.530769,97.696154
25402,25619,98.534615,97.700000
25403,25620,98.538462,97.703846
25404,25621,98.542308,97.707692
25405,25622,98.546154,97.711538
25406,25623,98.550000,97.715385
25407,25624,98.553846,97.719231
25408,25625,98.557692,97.723077
25409,25626,98.561538,97.726923
25410,25627,98.565385,97.730769
25411,25628,98.569231,97.734615
25412,25629,98.573077,97.738462
25413,25630,98.576923,97.742308
25414,25631,98.580769,97.746154
25415,25632,98.584615,97.750000
25416,25633,98.588462,97.753846
25417,25634,98.592308,97.757692
25418,25635,98.596154,97.761538
25419,25636,98.600000,97.765385
25420,25637,98.603846,97.769231
25421,25638,98.607692,97.773077
25422,25639,98.611538,97.776923
25423,25640,98.615385,97.780769
25424,25641,98.619231,97.784615
25425,25642,98.623077,97.788462
25426,25643,98.626923,97.792308
25427,25644,98.630769,97.796154
25428,25645,98.634615,97.800000
25429,25646,98.638462,97.803846
25430,25647,98.642308,97.807692
25431,25648,98.646154,97.811538
25432,25649,98.650000,97.815385
25433,25650,98.653846,97.819231
25434,25651,98.657692,97.823077
25435,25652,98.661538,97.826923
25436,25653,98.665385,97.830769
25437,25654,98.669231,97.834615
25438,25655,98.673077,97.838462
25439,25656,98.676923,97.842308
25440,25657,98.680769,97.846154
25441,25658,98.684615,97.850000
25442,25659,98.688462,97.853846
25443,25660,98.692308,97.857692
25444,25661,98.696154,97.861538
25445,25662,98.700000,97.865385
25446,25663,98.703846,97.869231
25447,25664,98.707692,97.873077
25448,25665,98.711538,97.876923
25449,25666,98.715385,97.880769
25450,25667,98.719231,97.884615
25451,25668,98.723077,97.888462
25452,25669,98.726923,97.892308
25453,25670,98.730769,97.896154
25454,25671,98.734615,97.900000
25455,25672,98.738462,97.903846
25456,25673,98.742308,97.907692
25457,25674,98.746154,97.911538
25458,25675,98.750000,97.915385
25459,25676,98.753846,97.919231
25460,25677,98.757692,97.923077
25461,25678,98.761538,97.926923
25462,25679,98.765385,97.930769
25463,25680,98.769231,97.934615
25464,25681,98.773077,97.938462
25465,25682,98.776923,97.942308
25466,25683,98.780769,97.946154
25467,25684,98.784615,97.950000
25468,25685,98.788462,97.953846
25469,25686,98.792308,97.957692
25470,25687,98.796154,97.961538
25471,25688,98.800000,97.965385
25472,25689,98.803846,97.969231
25473,25690,98.807692,97.973077
25474,25691,98.811538,97.976923
25475,25692,98.815385,97.980769
25476,25693,98.819231,97.984615
25477,25694,98.823077,97.988462
25478,25695,98.826923,97.992308
25479,25696,98.830769,97.996154
25480,25697,98.834615,98.000000
25481,25698,98.838462,98.003846
25482,25699,98.842308,98.007692
25483,25700,98.846154,98.011538
25484,25701,98.850000,98.015385
25485,25702,98.853846,98.019231
25486,25703,98.857692,98.023077
25487,25704,98.861538,98.026923
25488,25705,98.865385,98.030769
25489,25706,98.869231,98.034615
25490,25707,98.873077,98.038462
25491,25708,98.876923,98.042308
25492,25709,98.880769,98.046154
25493,25710,98.884615,98.050000
25494,25711,98.888462,98.053846
25495,25712,98.892308,98.057692
25496,25713,98.896154,98.061538
25497,25714,98.900000,98.065385
25498,25715,98.903846,98.069231
25499,25716,98.907692,98.073077
25500,25717,98.911538,98.076923
25501,25718,98.915385,98.080769
25502,25719,98.919231,98.084615
25503,25720,98.923077,98.088462
25504,25721,98.926923,98.092308
25505,25722,98.930769,98.096154
25506,25723,98.934615,98.100000
25507,25724,98.938462,98.103846
25508,25725,98.942308,98.107692
25509,25726,98.946154,98.111538
25510,25727,98.950000,98.115385
25511,25728,98.953846,98.119231
25512,25729,98.957692,98.123077
25513,25730,98.961538,98.126923
25514,25731,98.965385,98.130769
25515,25732,98.969231,98.134615
25516,25733,98.973077,98.138462
25517,25734,98.976923,98.142308
25518,25735,98.980769,98.146154
25519,25736,98.984615,98.150000
25520,25737,98.988462,98.153846
25521,25738,98.992308,98.157692
25522,25739,98.996154,98.161538
25523,25740,99.000000,98.165385
25524,25741,99.003846,98.169231
25525,25742,99.007692,98.173077
25526,25743,99.011538,98.176923
25527,25744,99.015385,98.180769
25528,25745,99.019231,98.184615
25529,25746,99.023077,98.188462
25530,25747,99.026923,98.192308
25531,25748,99.030769,98.196154
25532,25749,99.034615,98.200000
25533,25750,99.038462,98.203846
25534,25751,99.042308,98.207692
25535,25752,99.046154,98.211538
25536,25753,99.050000,98.215385
25537,25754,99.053846,98.219231
25538,25755,99.057692,98.223077
25539,25756,99.061538,98.226923
25540,25757,99.065385,98.230769
25541,25758,99.069231,98.234615
25542,25759,99.073077,98.238462
25543,25760,99.076923,98.242308
25544,25761,99.080769,98.246154
25545,25762,99.084615,98.250000
25546,25763,99.088462,98.253846
25547,25764,99.092308,98.257692
25548,25765,99.096154,98.261538
25549,25766,99.100000,98.265385
25550,25767,99.103846,98.269231
25551,25768,99.107692,98.273077
25552,25769,99.111538,98.276923
25553,25770,99.115385,98.280769
25554,25771,99.119231,98.284615
25555,25772,99.123077,98.288462
25556,25773,99.126923,98.292308
25557,25774,99.130769,98.296154
25558,25775,99.134615,98.300000
25559,25776,99.138462,98.303846
25560,25777,99.142308,98.307692
25561,25778,99.146154,98.311538
25562,25779,99.150000,98.315385
25563,25780,99.153846,98.319231
25564,25781,99.157692,98.323077
25565,25782,99.161538,98.326923
25566,25783,99.165385,98.330769
25567,25784,99.169231,98.334615
25568,25785,99.173077,98.338462
25569,25786,99.176923,98.342308
25570,25787,99.180769,98.346154
25571,25788,99.184615,98.350000
25572,25789,99.188462,98.353846
25573,25790,99.192308,98.357692
25574,25791,99.196154,98.361538
25575,25792,99.200000,98.365385
25576,25793,99.203846,98.369231
25577,25794,99.207692,98.373077
25578,25795,99.211538,98.376923
25579,25796,99.215385,98.380769
25580,25797,99.219231,98.384615
25581,25798,99.223077,98.388462
25582,25799,99.226923,98.392308
25583,25800,99.230769,98.396154
25584,25801,99.234615,98.400000
25585,25802,99.238462,98.403846
25586,25803,99.242308,98.407692
25587,25804,99.246154,98.411538
25588,25805,99.250000,98.415385
25589,25806,99.253846,98.419231
25590,25807,99.257692,98.423077
25591,25808,99.261538,98.426923
25592,25809,99.265385,98.430769
25593,25810,99.269231,98.434615
25594,25811,99.273077,98.438462
25595,25812,99.276923,98.442308
25596,25813,99.280769,98.446154
25597,25814,99.284615,98.450000
25598,25815,99.288462,98.453846
25599,25816,99.292308,98.457692
25600,25817,99.296154,98.461538
25601,25818,99.300000,98.465385
25602,25819,99.303846,98.469231
25603,25820,99.307692,98.473077
25604,25821,99.311538,98.476923
25605,25822,99.315385,98.480769
25606,25823,99.319231,98.484615
25607,25824,99.323077,98.488462
25608,25825,99.326923,98.492308
25609,25826,99.330769,98.496154
25610,25827,99.334615,98.500000
25611,25828,99.338462,98.503846
25612,25829,99.342308,98.507692
25613,25830,99.346154,98.511538
25614,25831,99.350000,98.515385
25615,25832,99.353846,98.519231
25616,25833,99.357692,98.523077
25617,25834,99.361538,98.526923
25618,25835,99.365385,98.530769
25619,25836,99.369231,98.534615
25620,25837,99.373077,98.538462
25621,25838,99.376923,98.542308
25622,25839,99.380769,98.546154
25623,25840,99.384615,98.550000
25624,25841,99.388462,98.553846
25625,25842,99.392308,98.557692
25626,25843,99.396154,98.561538
25627,25844,99.400000,98.565385
25628,25845,99.403846,98.569231
25629,25846,99.407692,98.573077
25630,25847,99.411538,98.576923
25631,25848,99.415385,98.580769
25632,25849,99.419231,98.584615
25633,25850,99.423077,98.588462
25634,25851,99.426923,98.592308
25635,25852,99.430769,98.596154
25636,25853,99.434615,98.600000
25637,25854,99.438462,98.603846
25638,25855,99.442308,98.607692
25639,25856,99.446154,98.611538
25640,25857,99.450000,98.615385
25641,25858,99.453846,98.619231
25642,25859,99.457692,98.623077
25643,25860,99.461538,98.626923
25644,25861,99.465385,98.630769
25645,25862,99.469231,98.634615
25646,25863,99.473077,98.638462
25647,25864,99.476923,98.642308
25648,25865,99.480769,98.646154
25649,25866,99.484615,98.650000
25650,25867,99.488462,98.653846
25651,25868,99.492308,98.657692
25652,25869,99.496154,98.661538
25653,25870,99.500000,98.665385
25654,25871,99.503846,98.669231
25655,25872,99.507692,98.673077
25656,25873,99.511538,98.676923
25657,25874,99.515385,98.680769
25658,25875,99.519231,98.684615
25659,25876,99.523077,98.688462
25660,25877,99.526923,98.692308
25661,25878,99.530769,98.696154
25662,25879,99.534615,98.700000
25663,25880,99.538462,98.703846
25664,25881,99.542308,98.707692
25665,25882,99.546154,98.711538
25666,25883,99.550000,98.715385
25667,25884,99.553846,98.719231
25668,25885,99.557692,98.723077
25669,25886,99.561538,98.726923
25670,25887,99.565385,98.730769
25671,25888,99.569231,98.734615
25672,25889,99.573077,98.738462
25673,25890,99.576923,98.742308
25674,25891,99.580769,98.746154
25675,25892,99.584615,98.750000
25676,25893,99.588462,98.753846
25677,25894,99.592308,98.757692
25678,25895,99.596154,98.761538
25679,25896,99.600000,98.765385
25680,25897,99.603846,98.769231
25681,25898,99.607692,98.773077
25682,25899,99.611538,98.776923
25683,25900,99.615385,98.780769
25684,25901,99.619231,98.784615
25685,25902,99.623077,98.788462
25686,25903,99.626923,98.792308
25687,25904,99.630769,98.796154
25688,25905,99.634615,98.800000
25689,25906,99.638462,98.803846
25690,25907,99.642308,98.807692
25691,25908,99.646154,98.811538
25692,25909,99.650000,98.815385
25693,25910,99.653846,98.819231
25694,25911,99.657692,98.823077
25695,25912,99.661538,98.826923
25696,25913,99.665385,98.830769
25697,25914,99.669231,98.834615
25698,25915,99.673077,98.838462
25699,25916,99.676923,98.842308
25700,25917,99.680769,98.846154
25701,25918,99.684615,98.850000
25702,25919,99.688462,98.853846
25703,25920,99.692308,98.857692
25704,25921,99.696154,98.861538
25705,25922,99.700000,98.865385
25706,25923,99.703846,98.869231
25707,25924,99.707692,98.873077
25708,25925,99.711538,98.876923
25709,25926,99.715385,98.880769
25710,25927,99.719231,98.884615
25711,25928,99.723077,98.888462
25712,25929,99.726923,98.892308
25713,25930,99.730769,98.896154
25714,25931,99.734615,98.900000
25715,25932,99.738462,98.903846
25716,25933,99.742308,98.907692
25717,25934,99.746154,98.911538
25718,25935,99.750000,98.915385
25719,25936,99.753846,98.919231
25720,25937,99.757692,98.923077
25721,25938,99.761538,98.926923
25722,25939,99.765385,98.930769
25723,25940,99.769231,98.934615
25724,25941,99.773077,98.938462
25725,25942,99.776923,98.942308
25726,25943,99.780769,98.946154
25727,25944,99.784615,98.950000
25728,25945,99.788462,98.953846
25729,25946,99.792308,98.957692
25730,25947,99.796154,98.961538
25731,25948,99.800000,98.965385
25732,25949,99.803846,98.969231
25733,25950,99.807692,98.973077
25734,25951,99.811538,98.976923
25735,25952,99.815385,98.980769
25736,25953,99.819231,98.984615
25737,25954,99.823077,98.988462
25738,25955,99.826923,98.992308
25739,25956,99.830769,98.996154
25740,25957,99.834615,99.000000
25741,25958,99.838462,99.003846
25742,25959,99.842308,99.007692
25743,25960,99.846154,99.011538
25744,25961,99.850000,99.015385
25745,25962,99.853846,99.019231
25746,25963,99.857692,99.023077
25747,25964,99.861538,99.026923
25748,25965,99.865385,99.030769
25749,25966,99.869231,99.034615
25750,25967,99.873077,99.038462
25751,25968,99.876923,99.042308
25752,25969,99.880769,99.046154
25753,25970,99.884615,99.050000
25754,25971,99.888462,99.053846
25755,25972,99.892308,99.057692
25756,25973,99.896154,99.061538
25757,25974,99.900000,99.065385
25758,25975,99.903846,99.069231
25759,25976,99.907692,99.073077
25760,25977,99.911538,99.076923
25761,25978,99.915385,99.080769
25762,25979,99.919231,99.084615
25763,25980,99.923077,99.088462
25764,25981,99.926923,99.092308
25765,25982,99.930769,99.096154
25766,25983,99.934615,99.100000
25767,25984,99.938462,99.103846
25768,25985,99.942308,99.107692
25769,25986,99.946154,99.111538
25770,25987,99.950000,99.115385
25771,25988,99.953846,99.119231
25772,25989,99.957692,99.123077
25773,25990,99.961538,99.126923
25774,25991,99.965385,99.130769
25775,25992,99.969231,99.134615
25776,25993,99.973077,99.138462
25777,25994,99.976923,99.142308
25778,25995,99.980769,99.146154
25779,25996,99.984615,99.150000
25780,25997,99.988462,99.153846
25781,25998,99.992308,99.157692
25782,25999,99.996154,99.161538
25783,26000,100.000000,99.165385
25784,26001,100.003846,99.169231
25785,26002,100.007692,99.173077
25786,26003,100.011538,99.176923
25787,26004,100.015385,99.180769
25788,26005,100.019231,99.184615
25789,26006,100.023077,99.188462
25790,26007,100.026923,99.192308
25791,26008,100.030769,99.196154
25792,26009,100.034615,99.200000
25793,26010,100.038462,99.203846
25794,26011,100.042308,99.207692
25795,26012,100.046154,99.211538
25796,26013,100.050000,99.215385
25797,26014,100.053846,99.219231
25798,26015,100.057692,99.223077
25799,26016,100.061538,99.226923
25800,26017,100.065385,99.230769
25801,26018,100.069231,99.234615
25802,26019,100.073077,99.238462
25803,26020,100.076923,99.242308
25804,26021,100.080769,99.246154
25805,26022,100.084615,99.250000
25806,26023,100.088462,99.253846
25807,26024,100.092308,99.257692
25808,26025,100.096154,99.261538
25809,26026,100.100000,99.265385
25810,26027,100.103846,99.269231
25811,26028,100.107692,99.273077
25812,26029,100.111538,99.276923
25813,26030,100.115385,99.280769
25814,26031,100.119231,99.284615
25815,26032,100.123077,99.288462
25816,26033,100.126923,99.292308
25817,26034,100.130769,99.296154
25818,26035,100.134615,99.300000
25819,26036,100.138462,99.303846
25820,26037,100.142308,99.307692
25821,26038,100.146154,99.311538
25822,26039,100.150000,99.315385
25823,26040,100.153846,99.319231
25824,26041,100.157692,99.323077
25825,26042,100.161538,99.326923
25826,26043,100.165385,99.330769
25827,26044,100.169231,99.334615
25828,26045,100.173077,99.338462
25829,26046,100.176923,99.342308
25830,26047,100.180769,99.346154
25831,26048,100.184615,99.350000
25832,26049,100.188462,99.353846
25833,26050,100.192308,99.357692
25834,26051,100.196154,99.361538
25835,26052,100.200000,99.365385
25836,26053,100.203846,99.369231
25837,26054,100.207692,99.373077
25838,26055,100.211538,99.376923
25839,26056,100.215385,99.380769
25840,26057,100.219231,99.384615
25841,26058,100.223077,99.388462
25842,26059,100.226923,99.392308
25843,26060,100.230769,99.396154
25844,26061,100.234615,99.400000
25845,26062,100.238462,99.403846
25846,26063,100.242308,99.407692
25847,26064,100.246154,99.411538
25848,26065,100.250000,99.415385
25849,26066,100.253846,99.419231
25850,26067,100.257692,99.423077
25851,26068,100.261538,99.426923
25852,26069,100.265385,99.430769
25853,26070,100.269231,99.434615
25854,26071,100.273077,99.438462
25855,26072,100.276923,99.442308
25856,26073,100.280769,99.446154
25857,26074,100.284615,99.450000
25858,26075,100.288462,99.453846
25859,26076,100.292308,99.457692
25860,26077,100.296154,99.461538
25861,26078,100.300000,99.465385
25862,26079,100.303846,99.469231
25863,26080,100.307692,99.473077
25864,26081,100.311538,99.476923
25865,26082,100.315385,99.480769
25866,26083,100.319231,99.484615
25867,26084,100.323077,99.488462
25868,26085,100.326923,99.492308
25869,26086,100.330769,99.496154
25870,26087,100.334615,99.500000
25871,26088,100.338462,99.503846
25872,26089,100.342308,99.507692
25873,26090,100.346154,99.511538
25874,26091,100.350000,99.515385
25875,26092,100.353846,99.519231
25876,26093,100.357692,99.523077
25877,26094,100.361538,99.526923
25878,26095,100.365385,99.530769
25879,26096,100.369231,99.534615
25880,26097,100.373077,99.538462
25881,26098,100.376923,99.542308
25882,26099,100.380769,99.546154
25883,26100,100.384615,99.550000
25884,26101,100.388462,99.553846
25885,26102,100.392308,99.557692
25886,26103,100.396154,99.561538
25887,26104,100.400000,99.565385
25888,26105,100.403846,99.569231
25889,26106,100.407692,99.573077
25890,26107,100.411538,99.576923
25891,26108,100.415385,99.580769
25892,26109,100.419231,99.584615
25893,26110,100.423077,99.588462
25894,26111,100.426923,99.592308
25895,26112,100.430769,99.596154
25896,26113,100.434615,99.600000
25897,26114,100.438462,99.603846
25898,26115,100.442308,99.607692
25899,26116,100.446154,99.611538
25900,26117,100.450000,99.615385
25901,26118,100.453846,99.619231
25902,26119,100.457692,99.623077
25903,26120,100.461538,99.626923
25904,26121,100.465385,99.630769
25905,26122,100.469231,99.634615
25906,26123,100.473077,99.638462
25907,26124,100.476923,99.642308
25908,26125,100.480769,99.646154
25909,26126,100.484615,99.650000
25910,26127,100.488462,99.653846
25911,26128,100.492308,99.657692
25912,26129,100.496154,99.661538
25913,26130,100.500000,99.665385
25914,26131,100.503846,99.669231
25915,26132,100.507692,99.673077
25916,26133,100.511538,99.676923
25917,26134,100.515385,99.680769
25918,26135,100.519231,99.684615
25919,26136,100.523077,99.688462
25920,26137,100.526923,99.692308
25921,26138,100.530769,99.696154
25922,26139,100.534615,99.700000
25923,26140,100.538462,99.703846
25924,26141,100.542308,99.707692
25925,26142,100.546154,99.711538
25926,26143,100.550000,99.715385
25927,26144,100.553846,99.719231
25928,26145,100.557692,99.723077
25929,26146,100.561538,99.726923
25930,26147,100.565385,99.730769
25931,26148,100.569231,99.734615
25932,26149,100.573077,99.738462
25933,26150,100.576923,99.742308
25934,26151,100.580769,99.746154
25935,26152,100.584615,99.750000
25936,26153,100.588462,99.753846
25937,26154,100.592308,99.757692
25938,26155,100.596154,99.761538
25939,26156,100.600000,99.765385
25940,26157,100.603846,99.769231
25941,26158,100.607692,99.773077
25942,26159,100.611538,99.776923
25943,26160,100.615385,99.780769
25944,26161,100.619231,99.784615
25945,26162,100.623077,99.788462
25946,26163,100.626923,99.792308
25947,26164,100.630769,99.796154
25948,26165,100.634615,99.800000
25949,26166,100.638462,99.803846
25950,26167,100.642308,99.807692
25951,26168,100.646154,99.811538
25952,26169,100.650000,99.815385
25953,26170,100.653846,99.819231
25954,26171,100.657692,99.823077
25955,26172,100.661538,99.826923
25956,26173,100.665385,99.830769
25957,26174,100.669231,99.834615
25958,26175,100.673077,99.838462
25959,26176,100.676923,99.842308
25960,26177,100.680769,99.846154
25961,26178,100.684615,99.850000
25962,26179,100.688462,99.853846
25963,26180,100.692308,99.857692
25964,26181,100.696154,99.861538
25965,26182,100.700000,99.865385
25966,26183,100.703846,99.869231
25967,26184,100.707692,99.873077
25968,26185,100.711538,99.876923
25969,26186,100.715385,99.880769
25970,26187,100.719231,99.884615
25971,26188,100.723077,99.888462
25972,26189,100.726923,99.892308
25973,26190,100.730769,99.896154
25974,26191,100.734615,99.900000
25975,26192,100.738462,99.903846
25976,26193,100.742308,99.907692
25977,26194,100.746154,99.911538
25978,26195,100.750000,99.915385
25979,26196,100.753846,99.919231
25980,26197,100.757692,99.923077
25981,26198,100.761538,99.926923
25982,26199,100.765385,99.930769
25983,26200,100.769231,99.934615
25984,26201,100.773077,99.938462
25985,26202,100.776923,99.942308
25986,26203,100.780769,99.946154
25987,26204,100.784615,99.950000
25988,26205,100.788462,99.953846
25989,26206,100.792308,99.957692
25990,26207,100.796154,99.961538
25991,26208,100.800000,99.965385
25992,26209,100.803846,99.969231
25993,26210,100.807692,99.973077
25994,26211,100.811538,99.976923
25995,26212,100.815385,99.980769
25996,26213,100.819231,99.984615
25997,26214,100.823077,99.988462
25998,26215,100.826923,99.992308
25999,26216,100.830769,99.996154
26000,26217,100.834615,100.000000
26001,26218,100.838462,100.003846
26002,26219,100.842308,100.007692
26003,26220,100.846154,100.011538
26004,26221,100.850000,100.015385
26005,26222,100.853846,100.019231
26006,26223,100.857692,100.023077
26007,26224,100.861538,100.026923
26008,26225,100.865385,100.030769
26009,26226,100.869231,100.034615
26010,26227,100.873077,100.038462
26011,26228,100.876923,100.042308
26012,26229,100.880769,100.046154
26013,26230,100.884615,100.050000
26014,26231,100.888462,100.053846
26015,26232,100.892308,100.057692
26016,26233,100.896154,100.061538
26017,26234,100.900000,100.065385
26018,26235,100.903846,100.069231
26019,26236,100.907692,100.073077
26020,26237,100.911538,100.076923
26021,26238,100.915385,100.080769
26022,26239,100.919231,100.084615
26023,26240,100.923077,100.088462
26024,26241,100.926923,100.092308
26025,26242,100.930769,100.096154
26026,26243,100.934615,100.100000
26027,26244,100.938462,100.103846
26028,26245,100.942308,100.107692
26029,26246,100.946154,100.111538
26030,26247,100.950000,100.115385
26031,26248,100.953846,100.119231
26032,26249,100.957692,100.123077
26033,26250,100.961538,100.126923
26034,26251,100.965385,100.130769
26035,26252,100.969231,100.134615
26036,26253,100.973077,100.138462
26037,26254,100.976923,100.142308
26038,26255,100.980769,100.146154
26039,26256,100.984615,100.150000
26040,26257,100.988462,100.153846
26041,26258,100.992308,100.157692
26042,26259,100.996154,100.161538
26043,26260,101.000000,100.165385
26044,26261,101.003846,100.169231
26045,26262,101.007692,100.173077
26046,26263,101.011538,100.176923
26047,26264,101.015385,100.180769
26048,26265,101.019231,100.184615
26049,26266,101.023077,100.188462
26050,26267,101.026923,100.192308
26051,26268,101.030769,100.196154
26052,26269,101.034615,100.200000
26053,26270,101.038462,100.203846
26054,26271,101.042308,100.207692
26055,26272,101.046154,100.211538
26056,26273,101.050000,100.215385
26057,26274,101.053846,100.219231
26058,26275,101.057692,100.223077
26059,26276,101.061538,100.226923
26060,26277,101.065385,100.230769
26061,26278,101.069231,100.234615
26062,26279,101.073077,100.238462
26063,26280,101.076923,100.242308
26064,26281,101.080769,100.246154
26065,26282,101.084615,100.250000
26066,26283,101.088462,100.253846
26067,26284,101.092308,100.257692
26068,26285,101.096154,100.261538
26069,26286,101.100000,100.265385
26070,26287,101.103846,100.269231
26071,26288,101.107692,100.273077
26072,26289,101.111538,100.276923
26073,26290,101.115385,100.280769
26074,26291,101.119231,100.284615
26075,26292,101.123077,100.288462
26076,26293,101.126923,100.292308
26077,26294,101.130769,100.296154
26078,26295,101.134615,100.300000
26079,26296,101.138462,100.303846
26080,26297,101.142308,100.307692
26081,26298,101.146154,100.311538
26082,26299,101.150000,100.315385
26083,26300,101.153846,100.319231
26084,26301,101.157692,100.323077
26085,26302,101.161538,100.326923
26086,26303,101.165385,100.330769
26087,26304,101.169231,100.334615
26088,26305,101.173077,100.338462
26089,26306,101.176923,100.342308
26090,26307,101.180769,100.346154
26091,26308,101.184615,100.350000
26092,26309,101.188462,100.353846
26093,26310,101.192308,100.357692
26094,26311,101.196154,100.361538
26095,26312,101.200000,100.365385
26096,26313,101.203846,100.369231
26097,26314,101.207692,100.373077
26098,26315,101.211538,100.376923
26099,26316,101.215385,100.380769
26100,26317,101.219231,100.384615
26101,26318,101.223077,100.388462
26102,26319,101.226923,100.392308
26103,26320,101.230769,100.396154
26104,26321,101.234615,100.400000
26105,26322,101.238462,100.403846
26106,26323,101.242308,100.407692
26107,26324,101.246154,100.411538
26108,26325,101.250000,100.415385
26109,26326,101.253846,100.419231
26110,26327,101.257692,100.423077
26111,26328,101.261538,100.426923
26112,26329,101.265385,100.430769
26113,26330,101.269231,100.434615
26114,26331,101.273077,100.438462
26115,26332,101.276923,100.442308
26116,26333,101.280769,100.446154
26117,26334,101.284615,100.450000
26118,26335,101.288462,100.453846
26119,26336,101.292308,100.457692
26120,26337,101.296154,100.461538
26121,26338,101.300000,100.465385
26122,26339,101.303846,100.469231
26123,26340,101.307692,100.473077
26124,26341,101.311538,100.476923
26125,26342,101.315385,100.480769
26126,26343,101.319231,100.484615
26127,26344,101.323077,100.488462
26128,26345,101.326923,100.492308
26129,26346,101.330769,100.496154
26130,26347,101.334615,100.500000
26131,26348,101.338462,100.503846
26132,26349,101.342308,100.507692
26133,26350,101.346154,100.511538
26134,26351,101.350000,100.515385
26135,26352,101.353846,100.519231
26136,26353,101.357692,100.523077
26137,26354,101.361538,100.526923
26138,26355,101.365385,100.530769
26139,26356,101.369231,100.534615
26140,26357,101.373077,100.538462
26141,26358,101.376923,100.542308
26142,26359,101.380769,100.546154
26143,26360,101.384615,100.550000
26144,26361,101.388462,100.553846
26145,26362,101.392308,100.557692
26146,26363,101.396154,100.561538
26147,26364,101.400000,100.565385
26148,26365,101.403846,100.569231
26149,26366,101.407692,100.573077
26150,26367,101.411538,100.576923
26151,26368,101.415385,100.580769
26152,26369,101.419231,100.584615
26153,26370,101.423077,100.588462
26154,26371,101.426923,100.592308
26155,26372,101.430769,100.596154
26156,26373,101.434615,100.600000
26157,26374,101.438462,100.603846
26158,26375,101.442308,100.607692
26159,26376,101.446154,100.611538
26160,26377,101.450000,100.615385
26161,26378,101.453846,100.619231
26162,26379,101.457692,100.623077
26163,26380,101.461538,100.626923
26164,26381,101.465385,100.630769
26165,26382,101.469231,100.634615
26166,26383,101.473077,100.638462
26167,26384,101.476923,100.642308
26168,26385,101.480769,100.646154
26169,26386,101.484615,100.650000
26170,26387,101.488462,100.653846
26171,26388,101.492308,100.657692
26172,26389,101.496154,100.661538
26173,26390,101.500000,100.665385
26174,26391,101.503846,100.669231
26175,26392,101.507692,100.673077
26176,26393,101.511538,100.676923
26177,26394,101.515385,100.680769
26178,26395,101.519231,100.684615
26179,26396,101.523077,100.688462
26180,26397,101.526923,100.692308
26181,26398,101.530769,100.696154
26182,26399,101.534615,100.700000
26183,26400,101.538462,100.703846
26184,26401,101.542308,100.707692
26185,26402,101.546154,100.711538
26186,26403,101.550000,100.715385
26187,26404,101.553846,100.719231
26188,26405,101.557692,100.723077
26189,26406,101.561538,100.726923
26190,26407,101.565385,100.730769
26191,26408,101.569231,100.734615
26192,26409,101.573077,100.738462
26193,26410,101.576923,100.742308
26194,26411,101.580769,100.746154
26195,26412,101.584615,100.750000
26196,26413,101.588462,100.753846
26197,26414,101.592308,100.757692
26198,26415,101.596154,100.761538
26199,26416,101.600000,100.765385
26200,26417,101.603846,100.769231
26201,26418,101.607692,100.773077
26202,26419,101.611538,100.776923
26203,26420,101.615385,100.780769
26204,26421,101.619231,100.784615
26205,26422,101.623077,100.788462
26206,26423,101.626923,100.792308
26207,26424,101.630769,100.796154
26208,26425,101.634615,100.800000
26209,26426,101.638462,100.803846
26210,26427,101.642308,100.807692
26211,26428,101.646154,100.811538
26212,26429,101.650000,100.815385
26213,26430,101.653846,100.819231
26214,26431,101.657692,100.823077
26215,26432,101.661538,100.826923
26216,26433,101.665385,100.830769
26217,26434,101.669231,100.834615
26218,26435,101.673077,100.838462
26219,26436,101.676923,100.842308
26220,26437,101.680769,100.846154
26221,26438,101.684615,100.850000
26222,26439,101.688462,100.853846
26223,26440,101.692308,100.857692
26224,26441,101.696154,100.861538
26225,26442,101.700000,100.865385
26226,26443,101.703846,100.869231
26227,26444,101.707692,100.873077
26228,26445,101.711538,100.876923
26229,26446,101.715385,100.880769
26230,26447,101.719231,100.884615
26231,26448,101.723077,100.888462
26232,26449,101.726923,100.892308
26233,26450,101.730769,100.896154
26234,26451,101.734615,100.900000
26235,26452,101.738462,100.903846
26236,26453,101.742308,100.907692
26237,26454,101.746154,100.911538
26238,26455,101.750000,100.915385
26239,26456,101.753846,100.919231
26240,26457,101.757692,100.923077
26241,26458,101.761538,100.926923
26242,26459,101.765385,100.930769
26243,26460,101.769231,100.934615
26244,26461,101.773077,100.938462
26245,26462,101.776923,100.942308
26246,26463,101.780769,100.946154
26247,26464,101.784615,100.950000
26248,26465,101.788462,100.953846
26249,26466,101.792308,100.957692
26250,26467,101.796154,100.961538
26251,26468,101.800000,100.965385
26252,26469,101.803846,100.969231
26253,26470,101.807692,100.973077
26254,26471,101.811538,100.976923
26255,26472,101.815385,100.980769
26256,26473,101.819231,100.984615
26257,26474,101.823077,100.988462
26258,26475,101.826923,100.992308
26259,26476,101.830769,100.996154
26260,26477,101.834615,101.000000
26261,26478,101.838462,101.003846
26262,26479,101.842308,101.007692
26263,26480,101.846154,101.011538
26264,26481,101.850000,101.015385
26265,26482,101.853846,101.019231
26266,26483,101.857692,101.023077
26267,26484,101.861538,101.026923
26268,26485,101.865385,101.030769
26269,26486,101.869231,101.034615
26270,26487,101.873077,101.038462
26271,26488,101.876923,101.042308
26272,26489,101.880769,101.046154
26273,26490,101.884615,101.050000
26274,26491,101.888462,101.053846
26275,26492,101.892308,101.057692
26276,26493,101.896154,101.061538
26277,26494,101.900000,101.065385
26278,26495,101.903846,101.069231
26279,26496,101.907692,101.073077
26280,26497,101.911538,101.076923
26281,26498,101.915385,101.080769
26282,26499,101.919231,101.084615
26283,26500,101.923077,101.088462
26284,26501,101.926923,101.092308
26285,26502,101.930769,101.096154
26286,26503,101.934615,101.100000
26287,26504,101.938462,101.103846
26288,26505,101.942308,101.107692
26289,26506,101.946154,101.111538
26290,26507,101.950000,101.115385
26291,26508,101.953846,101.119231
26292,26509,101.957692,101.123077
26293,26510,101.961538,101.126923
26294,26511,101.965385,101.130769
26295,26512,101.969231,101.134615
26296,26513,101.973077,101.138462
26297,26514,101.976923,101.142308
26298,26515,101.980769,101.146154
26299,26516,101.984615,101.150000
26300,26517,101.988462,101.153846
26301,26518,101.992308,101.157692
26302,26519,101.996154,101.161538
26303,26520,102.000000,101.165385
26304,26521,102.003846,101.169231
26305,26522,102.007692,101.173077
26306,26523,102.011538,101.176923
26307,26524,102.015385,101.180769
26308,26525,102.019231,101.184615
26309,26526,102.023077,101.188462
26310,26527,102.026923,101.192308
26311,26528,102.030769,101.196154
26312,26529,102.034615,101.200000
26313,26530,102.038462,101.203846
26314,26531,102.042308,101.207692
26315,26532,102.046154,101.211538
26316,26533,102.050000,101.215385
26317,26534,102.053846,101.219231
26318,26535,102.057692,101.223077
26319,26536,102.061538,101.226923
26320,26537,102.065385,101.230769
26321,26538,102.069231,101.234615
26322,26539,102.073077,101.238462
26323,26540,102.076923,101.242308
26324,26541,102.080769,101.246154
26325,26542,102.084615,101.250000
26326,26543,102.088462,101.253846
26327,26544,102.092308,101.257692
26328,26545,102.096154,101.261538
26329,26546,102.100000,101.265385
26330,26547,102.103846,101.269231
26331,26548,102.107692,101.273077
26332,26549,102.111538,101.276923
26333,26550,102.115385,101.280769
26334,26551,102.119231,101.284615
26335,26552,102.123077,101.288462
26336,26553,102.126923,101.292308
26337,26554,102.130769,101.296154
26338,26555,102.134615,101.300000
26339,26556,102.138462,101.303846
26340,26557,102.142308,101.307692
26341,26558,102.146154,101.311538
26342,26559,102.150000,101.315385
26343,26560,102.153846,101.319231
26344,26561,102.157692,101.323077
26345,26562,102.161538,101.326923
26346,26563,102.165385,101.330769
26347,26564,102.169231,101.334615
26348,26565,102.173077,101.338462
26349,26566,102.176923,101.342308
26350,26567,102.180769,101.346154
26351,26568,102.184615,101.350000
26352,26569,102.188462,101.353846
26353,26570,102.192308,101.357692
26354,26571,102.196154,101.361538
26355,26572,102.200000,101.365385
26356,26573,102.203846,101.369231
26357,26574,102.207692,101.373077
26358,26575,102.211538,101.376923
26359,26576,102.215385,101.380769
26360,26577,102.219231,101.384615
26361,26578,102.223077,101.388462
26362,26579,102.226923,101.392308
26363,26580,102.230769,101.396154
26364,26581,102.234615,101.400000
26365,26582,102.238462,101.403846
26366,26583,102.242308,101.407692
26367,26584,102.246154,101.411538
26368,26585,102.250000,101.415385
26369,26586,102.253846,101.419231
26370,26587,102.257692,101.423077
26371,26588,102.261538,101.426923
26372,26589,102.265385,101.430769
26373,26590,102.269231,101.434615
26374,26591,102.273077,101.438462
26375,26592,102.276923,101.442308
26376,26593,102.280769,101.446154
26377,26594,102.284615,101.450000
26378,26595,102.288462,101.453846
26379,26596,102.292308,101.457692
26380,26597,102.296154,101.461538
26381,26598,102.300000,101.465385
26382,26599,102.303846,101.469231
26383,26600,102.307692,101.473077
26384,26601,102.311538,101.476923
26385,26602,102.315385,101.480769
26386,26603,102.319231,101.484615
26387,26604,102.323077,101.488462
26388,26605,102.326923,101.492308
26389,26606,102.330769,101.496154
26390,26607,102.334615,101.500000
26391,26608,102.338462,101.503846
26392,26609,102.342308,101.507692
26393,26610,102.346154,101.511538
26394,26611,102.350000,101.515385
26395,26612,102.353846,101.519231
26396,26613,102.357692,101.523077
26397,26614,102.361538,101.526923
26398,26615,102.365385,101.530769
26399,26616,102.369231,101.534615
26400,26617,102.373077,101.538462
26401,26618,102.376923,101.542308
26402,26619,102.380769,101.546154
26403,26620,102.384615,101.550000
26404,26621,102.388462,101.553846
26405,26622,102.392308,101.557692
26406,26623,102.396154,101.561538
26407,26624,102.400000,101.565385
26408,26625,102.403846,101.569231
26409,26626,102.407692,101.573077
26410,26627,102.411538,101.576923
26411,26628,102.415385,101.580769
26412,26629,102.419231,101.584615
26413,26630,102.423077,101.588462
26414,26631,102.426923,101.592308
26415,26632,102.430769,101.596154
26416,26633,102.434615,101.600000
26417,26634,102.438462,101.603846
26418,26635,102.442308,101.607692
26419,26636,102.446154,101.611538
26420,26637,102.450000,101.615385
26421,26638,102.453846,101.619231
26422,26639,102.457692,101.623077
26423,26640,102.461538,101.626923
26424,26641,102.465385,101.630769
26425,26642,102.469231,101.634615
26426,26643,102.473077,101.638462
26427,26644,102.476923,101.642308
26428,26645,102.480769,101.646154
26429,26646,102.484615,101.650000
26430,26647,102.488462,101.653846
26431,26648,102.492308,101.657692
26432,26649,102.496154,101.661538
26433,26650,102.500000,101.665385
26434,26651,102.503846,101.669231
26435,26652,102.507692,101.673077
26436,26653,102.511538,101.676923
26437,26654,102.515385,101.680769
26438,26655,102.519231,101.684615
26439,26656,102.523077,101.688462
26440,26657,102.526923,101.692308
26441,26658,102.530769,101.696154
26442,26659,102.534615,101.700000
26443,26660,102.538462,101.703846
26444,26661,102.542308,101.707692
26445,26662,102.546154,101.711538
26446,26663,102.550000,101.715385
26447,26664,102.553846,101.719231
26448,26665,102.557692,101.723077
26449,26666,102.561538,101.726923
26450,26667,102.565385,101.730769
26451,26668,102.569231,101.734615
26452,26669,102.573077,101.738462
26453,26670,102.576923,101.742308
26454,26671,102.580769,101.746154
26455,26672,102.584615,101.750000
26456,26673,102.588462,101.753846
26457,26674,102.592308,101.757692
26458,26675,102.596154,101.761538
26459,26676,102.600000,101.765385
26460,26677,102.603846,101.769231
26461,26678,102.607692,101.773077
26462,26679,102.611538,101.776923
26463,26680,102.615385,101.780769
26464,26681,102.619231,101.784615
26465,26682,102.623077,101.788462
26466,26683,102.626923,101.792308
26467,26684,102.630769,101.796154
26468,26685,102.634615,101.800000
26469,26686,102.638462,101.803846
26470,26687,102.642308,101.807692
26471,26688,102.646154,101.811538
26472,26689,102.650000,101.815385
26473,26690,102.653846,101.819231
26474,26691,102.657692,101.823077
26475,26692,102.661538,101.826923
26476,26693,102.665385,101.830769
26477,26694,102.669231,101.834615
26478,26695,102.673077,101.838462
26479,26696,102.676923,101.842308
26480,26697,102.680769,101.846154
26481,26698,102.684615,101.850000
26482,26699,102.688462,101.853846
26483,26700,102.692308,101.857692
26484,26701,102.696154,101.861538
26485,26702,102.700000,101.865385
26486,26703,102.703846,101.869231
26487,26704,102.707692,101.873077
26488,26705,102.711538,101.876923
26489,26706,102.715385,101.880769
26490,26707,102.719231,101.884615
26491,26708,102.723077,101.888462
26492,26709,102.726923,101.892308
26493,26710,102.730769,101.896154
26494,26711,102.734615,101.900000
26495,26712,102.738462,101.903846
26496,26713,102.742308,101.907692
26497,26714,102.746154,101.911538
26498,26715,102.750000,101.915385
26499,26716,102.753846,101.919231
26500,26717,102.757692,101.923077
26501,26718,102.761538,101.926923
26502,26719,102.765385,101.930769
26503,26720,102.769231,101.934615
26504,26721,102.773077,101.938462
26505,26722,102.776923,101.942308
26506,26723,102.780769,101.946154
26507,26724,102.784615,101.950000
26508,26725,102.788462,101.953846
26509,26726,102.792308,101.957692
26510,26727,102.796154,101.961538
26511,26728,102.800000,101.965385
26512,26729,102.803846,101.969231
26513,26730,102.807692,101.973077
26514,26731,102.811538,101.976923
26515,26732,102.815385,101.980769
26516,26733,102.819231,101.984615
26517,26734,102.823077,101.988462
26518,26735,102.826923,101.992308
26519,26736,102.830769,101.996154
26520,26737,102.834615,102.000000
26521,26738,102.838462,102.003846
26522,26739,102.842308,102.007692
26523,26740,102.846154,102.011538
26524,26741,102.850000,102.015385
26525,26742,102.853846,102.019231
26526,26743,102.857692,102.023077
26527,26744,102.861538,102.026923
26528,26745,102.865385,102.030769
26529,26746,102.869231,102.034615
26530,26747,102.873077,102.038462
26531,26748,102.876923,102.042308
26532,26749,102.880769,102.046154
26533,26750,102.884615,102.050000
26534,26751,102.888462,102.053846
26535,26752,102.892308,102.057692
26536,26753,102.896154,102.061538
26537,26754,102.900000,102.065385
26538,26755,102.903846,102.069231
26539,26756,102.907692,102.073077
26540,26757,102.911538,102.076923
26541,26758,102.915385,102.080769
26542,26759,102.919231,102.084615
26543,26760,102.923077,102.088462
26544,26761,102.926923,102.092308
26545,26762,102.930769,102.096154
26546,26763,102.934615,102.100000
26547,26764,102.938462,102.103846
26548,26765,102.942308,102.107692
26549,26766,102.946154,102.111538
26550,26767,102.950000,102.115385
26551,26768,102.953846,102.119231
26552,26769,102.957692,102.123077
26553,26770,102.961538,102.126923
26554,26771,102.965385,102.130769
26555,26772,102.969231,102.134615
26556,26773,102.973077,102.138462
26557,26774,102.976923,102.142308
26558,26775,102.980769,102.146154
26559,26776,102.984615,102.150000
26560,26777,102.988462,102.153846
26561,26778,102.992308,102.157692
26562,26779,102.996154,102.161538
26563,26780,103.000000,102.165385
26564,26781,103.003846,102.169231
26565,26782,103.007692,102.173077
26566,26783,103.011538,102.176923
26567,26784,103.015385,102.180769
26568,26785,103.019231,102.184615
26569,26786,103.023077,102.188462
26570,26787,103.026923,102.192308
26571,26788,103.030769,102.196154
26572,26789,103.034615,102.200000
26573,26790,103.038462,102.203846
26574,26791,103.042308,102.207692
26575,26792,103.046154,102.211538
26576,26793,103.050000,102.215385
26577,26794,103.053846,102.219231
26578,26795,103.057692,102.223077
26579,26796,103.061538,102.226923
26580,26797,103.065385,102.230769
26581,26798,103.069231,102.234615
26582,26799,103.073077,102.238462
26583,26800,103.076923,102.242308
26584,26801,103.080769,102.246154
26585,26802,103.084615,102.250000
26586,26803,103.088462,102.253846
26587,26804,103.092308,102.257692
26588,26805,103.096154,102.261538
26589,26806,103.100000,102.265385
26590,26807,103.103846,102.269231
26591,26808,103.107692,102.273077
26592,26809,103.111538,102.276923
26593,26810,103.115385,102.280769
26594,26811,103.119231,102.284615
26595,26812,103.123077,102.288462
26596,26813,103.126923,102.292308
26597,26814,103.130769,102.296154
26598,26815,103.134615,102.300000
26599,26816,103.138462,102.303846
26600,26817,103.142308,102.307692
26601,26818,103.146154,102.311538
26602,26819,103.150000,102.315385
26603,26820,103.153846,102.319231
26604,26821,103.157692,102.323077
26605,26822,103.161538,102.326923
26606,26823,103.165385,102.330769
26607,26824,103.169231,102.334615
26608,26825,103.173077,102.338462
26609,26826,103.176923,102.342308
26610,26827,103.180769,102.346154
26611,26828,103.184615,102.350000
26612,26829,103.188462,102.353846
26613,26830,103.192308,102.357692
26614,26831,103.196154,102.361538
26615,26832,103.200000,102.365385
26616,26833,103.203846,102.369231
26617,26834,103.207692,102.373077
26618,26835,103.211538,102.376923
26619,26836,103.215385,102.380769
26620,26837,103.219231,102.384615
26621,26838,103.223077,102.388462
26622,26839,103.226923,102.392308
26623,26840,103.230769,102.396154
26624,26841,103.234615,102.400000
26625,26842,103.238462,102.403846
26626,26843,103.242308,102.407692
26627,26844,103.246154,102.411538
26628,26845,103.250000,102.415385
26629,26846,103.253846,102.419231
26630,26847,103.257692,102.423077
26631,26848,103.261538,102.426923
26632,26849,103.265385,102.430769
26633,26850,103.269231,102.434615
26634,26851,103.273077,102.438462
26635,26852,103.276923,102.442308
26636,26853,103.280769,102.446154
26637,26854,103.284615,102.450000
26638,26855,103.288462,102.453846
26639,26856,103.292308,102.457692
26640,26857,103.296154,102.461538
26641,26858,103.300000,102.465385
26642,26859,103.303846,102.469231
26643,26860,103.307692,102.473077
26644,26861,103.311538,102.476923
26645,26862,103.315385,102.480769
26646,26863,103.319231,102.484615
26647,26864,103.323077,102.488462
26648,26865,103.326923,102.492308
26649,26866,103.330769,102.496154
26650,26867,103.334615,102.500000
26651,26868,103.338462,102.503846
26652,26869,103.342308,102.507692
26653,26870,103.346154,102.511538
26654,26871,103.350000,102.515385
26655,26872,103.353846,102.519231
26656,26873,103.357692,102.523077
26657,26874,103.361538,102.526923
26658,26875,103.365385,102.530769
26659,26876,103.369231,102.534615
26660,26877,103.373077,102.538462
26661,26878,103.376923,102.542308
26662,26879,103.380769,102.546154
26663,26880,103.384615,102.550000
26664,26881,103.388462,102.553846
26665,26882,103.392308,102.557692
26666,26883,103.396154,102.561538
26667,26884,103.400000,102.565385
26668,26885,103.403846,102.569231
26669,26886,103.407692,102.573077
26670,26887,103.411538,102.576923
26671,26888,103.415385,102.580769
26672,26889,103.419231,102.584615
26673,26890,103.423077,102.588462
26674,26891,103.426923,102.592308
26675,26892,103.430769,102.596154
26676,26893,103.434615,102.600000
26677,26894,103.438462,102.603846
26678,26895,103.442308,102.607692
26679,26896,103.446154,102.611538
26680,26897,103.450000,102.615385
26681,26898,103.453846,102.619231
26682,26899,103.457692,102.623077
26683,26900,103.461538,102.626923
26684,26901,103.465385,102.630769
26685,26902,103.469231,102.634615
26686,26903,103.473077,102.638462
26687,26904,103.476923,102.642308
26688,26905,103.480769,102.646154
26689,26906,103.484615,102.650000
26690,26907,103.488462,102.653846
26691,26908,103.492308,102.657692
26692,26909,103.496154,102.661538
26693,26910,103.500000,102.665385
26694,26911,103.503846,102.669231
26695,26912,103.507692,102.673077
26696,26913,103.511538,102.676923
26697,26914,103.515385,102.680769
26698,26915,103.519231,102.684615
26699,26916,103.523077,102.688462
26700,26917,103.526923,102.692308
26701,26918,103.530769,102.696154
26702,26919,103.534615,102.700000
26703,26920,103.538462,102.703846
26704,26921,103.542308,102.707692
26705,26922,103.546154,102.711538
26706,26923,103.550000,102.715385
26707,26924,103.553846,102.719231
26708,26925,103.557692,102.723077
26709,26926,103.561538,102.726923
26710,26927,103.565385,102.730769
26711,26928,103.569231,102.734615
26712,26929,103.573077,102.738462
26713,26930,103.576923,102.742308
26714,26931,103.580769,102.746154
26715,26932,103.584615,102.750000
26716,26933,103.588462,102.753846
26717,26934,103.592308,102.757692
26718,26935,103.596154,102.761538
26719,26936,103.600000,102.765385
26720,26937,103.603846,102.769231
26721,26938,103.607692,102.773077
26722,26939,103.611538,102.776923
26723,26940,103.615385,102.780769
26724,26941,103.619231,102.784615
26725,26942,103.623077,102.788462
26726,26943,103.626923,102.792308
26727,26944,103.630769,102.796154
26728,26945,103.634615,102.800000
26729,26946,103.638462,102.803846
26730,26947,103.642308,102.807692
26731,26948,103.646154,102.811538
26732,26949,103.650000,102.815385
26733,26950,103.653846,102.819231
26734,26951,103.657692,102.823077
26735,26952,103.661538,102.826923
26736,26953,103.665385,102.830769
26737,26954,103.669231,102.834615
26738,26955,103.673077,102.838462
26739,26956,103.676923,102.842308
26740,26957,103.680769,102.846154
26741,26958,103.684615,102.850000
26742,26959,103.688462,102.853846
26743,26960,103.692308,102.857692
26744,26961,103.696154,102.861538
26745,26962,103.700000,102.865385
26746,26963,103.703846,102.869231
26747,26964,103.707692,102.873077
26748,26965,103.711538,102.876923
26749,26966,103.715385,102.880769
26750,26967,103.719231,102.884615
26751,26968,103.723077,102.888462
26752,26969,103.726923,102.892308
26753,26970,103.730769,102.896154
26754,26971,103.734615,102.900000
26755,26972,103.738462,102.903846
26756,26973,103.742308,102.907692
26757,26974,103.746154,102.911538
26758,26975,103.750000,102.915385
26759,26976,103.753846,102.919231
26760,26977,103.757692,102.923077
26761,26978,103.761538,102.926923
26762,26979,103.765385,102.930769
26763,26980,103.769231,102.934615
26764,26981,103.773077,102.938462
26765,26982,103.776923,102.942308
26766,26983,103.780769,102.946154
26767,26984,103.784615,102.950000
26768,26985,103.788462,102.953846
26769,26986,103.792308,102.957692
26770,26987,103.796154,102.961538
26771,26988,103.800000,102.965385
26772,26989,103.803846,102.969231
26773,26990,103.807692,102.973077
26774,26991,103.811538,102.976923
26775,26992,103.815385,102.980769
26776,26993,103.819231,102.984615
26777,26994,103.823077,102.988462
26778,26995,103.826923,102.992308
26779,26996,103.830769,102.996154
26780,26997,103.834615,103.000000
26781,26998,103.838462,103.003846
26782,26999,103.842308,103.007692
26783,27000,103.846154,103.011538
26784,27001,103.850000,103.015385
26785,27002,103.853846,103.019231
26786,27003,103.857692,103.023077
26787,27004,103.861538,103.026923
26788,27005,103.865385,103.030769
26789,27006,103.869231,103.034615
26790,27007,103.873077,103.038462
26791,27008,103.876923,103.042308
26792,27009,103.880769,103.046154
26793,27010,103.884615,103.050000
26794,27011,103.888462,103.053846
26795,27012,103.892308,103.057692
26796,27013,103.896154,103.061538
26797,27014,103.900000,103.065385
26798,27015,103.903846,103.069231
26799,27016,103.907692,103.073077
26800,27017,103.911538,103.076923
26801,27018,103.915385,103.080769
26802,27019,103.919231,103.084615
26803,27020,103.923077,103.088462
26804,27021,103.926923,103.092308
26805,27022,103.930769,103.096154
26806,27023,103.934615,103.100000
26807,27024,103.938462,103.103846
26808,27025,103.942308,103.107692
26809,27026,103.946154,103.111538
26810,27027,103.950000,103.115385
26811,27028,103.953846,103.119231
26812,27029,103.957692,103.123077
26813,27030,103.961538,103.126923
26814,27031,103.965385,103.130769
26815,27032,103.969231,103.134615
26816,27033,103.973077,103.138462
26817,27034,103.976923,103.142308
26818,27035,103.980769,103.146154
26819,27036,103.984615,103.150000
26820,27037,103.988462,103.153846
26821,27038,103.992308,103.157692
26822,27039,103.996154,103.161538
26823,27040,104.000000,103.165385
26824,27041,104.003846,103.169231
26825,27042,104.007692,103.173077
26826,27043,104.011538,103.176923
26827,27044,104.015385,103.180769
26828,27045,104.019231,103.184615
26829,27046,104.023077,103.188462
26830,27047,104.026923,103.192308
26831,27048,104.030769,103.196154
26832,27049,104.034615,103.200000
26833,27050,104.038462,103.203846
26834,27051,104.042308,103.207692
26835,27052,104.046154,103.211538
26836,27053,104.050000,103.215385
26837,27054,104.053846,103.219231
26838,27055,104.057692,103.223077
26839,27056,104.061538,103.226923
26840,27057,104.065385,103.230769
26841,27058,104.069231,103.234615
26842,27059,104.073077,103.238462
26843,27060,104.076923,103.242308
26844,27061,104.080769,103.246154
26845,27062,104.084615,103.250000
26846,27063,104.088462,103.253846
26847,27064,104.092308,103.257692
26848,27065,104.096154,103.261538
26849,27066,104.100000,103.265385
26850,27067,104.103846,103.269231
26851,27068,104.107692,103.273077
26852,27069,104.111538,103.276923
26853,27070,104.115385,103.280769
26854,27071,104.119231,103.284615
26855,27072,104.123077,103.288462
26856,27073,104.126923,103.292308
26857,27074,104.130769,103.296154
26858,27075,104.134615,103.300000
26859,27076,104.138462,103.303846
26860,27077,104.142308,103.307692
26861,27078,104.146154,103.311538
26862,27079,104.150000,103.315385
26863,27080,104.153846,103.319231
26864,27081,104.157692,103.323077
26865,27082,104.161538,103.326923
26866,27083,104.165385,103.330769
26867,27084,104.169231,103.334615
26868,27085,104.173077,103.338462
26869,27086,104.176923,103.342308
26870,27087,104.180769,103.346154
26871,27088,104.184615,103.350000
26872,27089,104.188462,103.353846
26873,27090,104.192308,103.357692
26874,27091,104.196154,103.361538
26875,27092,104.200000,103.365385
26876,27093,104.203846,103.369231
26877,27094,104.207692,103.373077
26878,27095,104.211538,103.376923
26879,27096,104.215385,103.380769
26880,27097,104.219231,103.384615
26881,27098,104.223077,103.388462
26882,27099,104.226923,103.392308
26883,27100,104.230769,103.396154
26884,27101,104.234615,103.400000
26885,27102,104.238462,103.403846
26886,27103,104.242308,103.407692
26887,27104,104.246154,103.411538
26888,27105,104.250000,103.415385
26889,27106,104.253846,103.419231
26890,27107,104.257692,103.423077
26891,27108,104.261538,103.426923
26892,27109,104.265385,103.430769
26893,27110,104.269231,103.434615
26894,27111,104.273077,103.438462
26895,27112,104.276923,103.442308
26896,27113,104.280769,103.446154
26897,27114,104.284615,103.450000
26898,27115,104.288462,103.453846
26899,27116,104.292308,103.457692
26900,27117,104.296154,103.461538
26901,27118,104.300000,103.465385
26902,27119,104.303846,103.469231
26903,27120,104.307692,103.473077
26904,27121,104.311538,103.476923
26905,27122,104.315385,103.480769
26906,27123,104.319231,103.484615
26907,27124,104.323077,103.488462
26908,27125,104.326923,103.492308
26909,27126,104.330769,103.496154
26910,27127,104.334615,103.500000
26911,27128,104.338462,103.503846
26912,27129,104.342308,103.507692
26913,27130,104.346154,103.511538
26914,27131,104.350000,103.515385
26915,27132,104.353846,103.519231
26916,27133,104.357692,103.523077
26917,27134,104.361538,103.526923
26918,27135,104.365385,103.530769
26919,27136,104.369231,103.534615
26920,27137,104.373077,103.538462
26921,27138,104.376923,103.542308
26922,27139,104.380769,103.546154
26923,27140,104.384615,103.550000
26924,27141,104.388462,103.553846
26925,27142,104.392308,103.557692
26926,27143,104.396154,103.561538
26927,27144,104.400000,103.565385
26928,27145,104.403846,103.569231
26929,27146,104.407692,103.573077
26930,27147,104.411538,103.576923
26931,27148,104.415385,103.580769
26932,27149,104.419231,103.584615
26933,27150,104.423077,103.588462
26934,27151,104.426923,103.592308
26935,27152,104.430769,103.596154
26936,27153,104.434615,103.600000
26937,27154,104.438462,103.603846
26938,27155,104.442308,103.607692
26939,27156,104.446154,103.611538
26940,27157,104.450000,103.615385
26941,27158,104.453846,103.619231
26942,27159,104.457692,103.623077
26943,27160,104.461538,103.626923
26944,27161,104.465385,103.630769
26945,27162,104.469231,103.634615
26946,27163,104.473077,103.638462
26947,27164,104.476923,103.642308
26948,27165,104.480769,103.646154
26949,27166,104.484615,103.650000
26950,27167,104.488462,103.653846
26951,27168,104.492308,103.657692
26952,27169,104.496154,103.661538
26953,27170,104.500000,103.665385
26954,27171,104.503846,103.669231
26955,27172,104.507692,103.673077
26956,27173,104.511538,103.676923
26957,27174,104.515385,103.680769
26958,27175,104.519231,103.684615
26959,27176,104.523077,103.688462
26960,27177,104.526923,103.692308
26961,27178,104.530769,103.696154
26962,27179,104.534615,103.700000
26963,27180,104.538462,103.703846
26964,27181,104.542308,103.707692
26965,27182,104.546154,103.711538
26966,27183,104.550000,103.715385
26967,27184,104.553846,103.719231
26968,27185,104.557692,103.723077
26969,27186,104.561538,103.726923
26970,27187,104.565385,103.730769
26971,27188,104.569231,103.734615
26972,27189,104.573077,103.738462
26973,27190,104.576923,103.742308
26974,27191,104.580769,103.746154
26975,27192,104.584615,103.750000
26976,27193,104.588462,103.753846
26977,27194,104.592308,103.757692
26978,27195,104.596154,103.761538
26979,27196,104.600000,103.765385
26980,27197,104.603846,103.769231
26981,27198,104.607692,103.773077
26982,27199,104.611538,103.776923
26983,27200,104.615385,103.780769
26984,27201,104.619231,103.784615
26985,27202,104.623077,103.788462
26986,27203,104.626923,103.792308
26987,27204,104.630769,103.796154
26988,27205,104.634615,103.800000
26989,27206,104.638462,103.803846
26990,27207,104.642308,103.807692
26991,27208,104.646154,103.811538
26992,27209,104.650000,103.815385
26993,27210,104.653846,103.819231
26994,27211,104.657692,103.823077
26995,27212,104.661538,103.826923
26996,27213,104.665385,103.830769
26997,27214,104.669231,103.834615
26998,27215,104.673077,103.838462
26999,27216,104.676923,103.842308
27000,27217,104.680769,103.846154
27001,27218,104.684615,103.850000
27002,27219,104.688462,103.853846
27003,27220,104.692308,103.857692
27004,27221,104.696154,103.861538
27005,27222,104.700000,103.865385
27006,27223,104.703846,103.869231
27007,27224,104.707692,103.873077
27008,27225,104.711538,103.876923
27009,27226,104.715385,103.880769
27010,27227,104.719231,103.884615
27011,27228,104.723077,103.888462
27012,27229,104.726923,103.892308
27013,27230,104.730769,103.896154
27014,27231,104.734615,103.900000
27015,27232,104.738462,103.903846
27016,27233,104.742308,103.907692
27017,27234,104.746154,103.911538
27018,27235,104.750000,103.915385
27019,27236,104.753846,103.919231
27020,27237,104.757692,103.923077
27021,27238,104.761538,103.926923
27022,27239,104.765385,103.930769
27023,27240,104.769231,103.934615
27024,27241,104.773077,103.938462
27025,27242,104.776923,103.942308
27026,27243,104.780769,103.946154
27027,27244,104.784615,103.950000
27028,27245,104.788462,103.953846
27029,27246,104.792308,103.957692
27030,27247,104.796154,103.961538
27031,27248,104.800000,103.965385
27032,27249,104.803846,103.969231
27033,27250,104.807692,103.973077
27034,27251,104.811538,103.976923
27035,27252,104.815385,103.980769
27036,27253,104.819231,103.984615
27037,27254,104.823077,103.988462
27038,27255,104.826923,103.992308
27039,27256,104.830769,103.996154
27040,27257,104.834615,104.000000
27041,27258,104.838462,104.003846
27042,27259,104.842308,104.007692
27043,27260,104.846154,104.011538
27044,27261,104.850000,104.015385
27045,27262,104.853846,104.019231
27046,27263,104.857692,104.023077
27047,27264,104.861538,104.026923
27048,27265,104.865385,104.030769
27049,27266,104.869231,104.034615
27050,27267,104.873077,104.038462
27051,27268,104.876923,104.042308
27052,27269,104.880769,104.046154
27053,27270,104.884615,104.050000
27054,27271,104.888462,104.053846
27055,27272,104.892308,104.057692
27056,27273,104.896154,104.061538
27057,27274,104.900000,104.065385
27058,27275,104.903846,104.069231
27059,27276,104.907692,104.073077
27060,27277,104.911538,104.076923
27061,27278,104.915385,104.080769
27062,27279,104.919231,104.084615
27063,27280,104.923077,104.088462
27064,27281,104.926923,104.092308
27065,27282,104.930769,104.096154
27066,27283,104.934615,104.100000
27067,27284,104.938462,104.103846
27068,27285,104.942308,104.107692
27069,27286,104.946154,104.111538
27070,27287,104.950000,104.115385
27071,27288,104.953846,104.119231
27072,27289,104.957692,104.123077
27073,27290,104.961538,104.126923
27074,27291,104.965385,104.130769
27075,27292,104.969231,104.134615
27076,27293,104.973077,104.138462
27077,27294,104.976923,104.142308
27078,27295,104.980769,104.146154
27079,27296,104.984615,104.150000
27080,27297,104.988462,104.153846
27081,27298,104.992308,104.157692
27082,27299,104.996154,104.161538
27083,27300,105.000000,104.165385
27084,27301,105.003846,104.169231
27085,27302,105.007692,104.173077
27086,27303,105.011538,104.176923
27087,27304,105.015385,104.180769
27088,27305,105.019231,104.184615
27089,27306,105.023077,104.188462
27090,27307,105.026923,104.192308
27091,27308,105.030769,104.196154
27092,27309,105.034615,104.200000
27093,27310,105.038462,104.203846
27094,27311,105.042308,104.207692
27095,27312,105.046154,104.211538
27096,27313,105.050000,104.215385
27097,27314,105.053846,104.219231
27098,27315,105.057692,104.223077
27099,27316,105.061538,104.226923
27100,27317,105.065385,104.230769
27101,27318,105.069231,104.234615
27102,27319,105.073077,104.238462
27103,27320,105.076923,104.242308
27104,27321,105.080769,104.246154
27105,27322,105.084615,104.250000
27106,27323,105.088462,104.253846
27107,27324,105.092308,104.257692
27108,27325,105.096154,104.261538
27109,27326,105.100000,104.265385
27110,27327,105.103846,104.269231
27111,27328,105.107692,104.273077
27112,27329,105.111538,104.276923
27113,27330,105.115385,104.280769
27114,27331,105.119231,104.284615
27115,27332,105.123077,104.288462
27116,27333,105.126923,104.292308
27117,27334,105.130769,104.296154
27118,27335,105.134615,104.300000
27119,27336,105.138462,104.303846
27120,27337,105.142308,104.307692
27121,27338,105.146154,104.311538
27122,27339,105.150000,104.315385
27123,27340,105.153846,104.319231
27124,27341,105.157692,104.323077
27125,27342,105.161538,104.326923
27126,27343,105.165385,104.330769
27127,27344,105.169231,104.334615
27128,27345,105.173077,104.338462
27129,27346,105.176923,104.342308
27130,27347,105.180769,104.346154
27131,27348,105.184615,104.350000
27132,27349,105.188462,104.353846
27133,27350,105.192308,104.357692
27134,27351,105.196154,104.361538
27135,27352,105.200000,104.365385
27136,27353,105.203846,104.369231
27137,27354,105.207692,104.373077
27138,27355,105.211538,104.376923
27139,27356,105.215385,104.380769
27140,27357,105.219231,104.384615
27141,27358,105.223077,104.388462
27142,27359,105.226923,104.392308
27143,27360,105.230769,104.396154
27144,27361,105.234615,104.400000
27145,27362,105.238462,104.403846
27146,27363,105.242308,104.407692
27147,27364,105.246154,104.411538
27148,27365,105.250000,104.415385
27149,27366,105.253846,104.419231
27150,27367,105.257692,104.423077
27151,27368,105.261538,104.426923
27152,27369,105.265385,104.430769
27153,27370,105.269231,104.434615
27154,27371,105.273077,104.438462
27155,27372,105.276923,104.442308
27156,27373,105.280769,104.446154
27157,27374,105.284615,104.450000
27158,27375,105.288462,104.453846
27159,27376,105.292308,104.457692
27160,27377,105.296154,104.461538
27161,27378,105.300000,104.465385
27162,27379,105.303846,104.469231
27163,27380,105.307692,104.473077
27164,27381,105.311538,104.476923
27165,27382,105.315385,104.480769
27166,27383,105.319231,104.484615
27167,27384,105.323077,104.488462
27168,27385,105.326923,104.492308
27169,27386,105.330769,104.496154
27170,27387,105.334615,104.500000
27171,27388,105.338462,104.503846
27172,27389,105.342308,104.507692
27173,27390,105.346154,104.511538
27174,27391,105.350000,104.515385
27175,27392,105.353846,104.519231
27176,27393,105.357692,104.523077
27177,27394,105.361538,104.526923
27178,27395,105.365385,104.530769
27179,27396,105.369231,104.534615
27180,27397,105.373077,104.538462
27181,27398,105.376923,104.542308
27182,27399,105.380769,104.546154
27183,27400,105.384615,104.550000
27184,27401,105.388462,104.553846
27185,27402,105.392308,104.557692
27186,27403,105.396154,104.561538
27187,27404,105.400000,104.565385
27188,27405,105.403846,104.569231
27189,27406,105.407692,104.573077
27190,27407,105.411538,104.576923
27191,27408,105.415385,104.580769
27192,27409,105.419231,104.584615
27193,27410,105.423077,104.588462
27194,27411,105.426923,104.592308
27195,27412,105.430769,104.596154
27196,27413,105.434615,104.600000
27197,27414,105.438462,104.603846
27198,27415,105.442308,104.607692
27199,27416,105.446154,104.611538
27200,27417,105.450000,104.615385
27201,27418,105.453846,104.619231
27202,27419,105.457692,104.623077
27203,27420,105.461538,104.626923
27204,27421,105.465385,104.630769
27205,27422,105.469231,104.634615
27206,27423,105.473077,104.638462
27207,27424,105.476923,104.642308
27208,27425,105.480769,104.646154
27209,27426,105.484615,104.650000
27210,27427,105.488462,104.653846
27211,27428,105.492308,104.657692
27212,27429,105.496154,104.661538
27213,27430,105.500000,104.665385
27214,27431,105.503846,104.669231
27215,27432,105.507692,104.673077
27216,27433,105.511538,104.676923
27217,27434,105.515385,104.680769
27218,27435,105.519231,104.684615
27219,27436,105.523077,104.688462
27220,27437,105.526923,104.692308
27221,27438,105.530769,104.696154
27222,27439,105.534615,104.700000
27223,27440,105.538462,104.703846
27224,27441,105.542308,104.707692
27225,27442,105.546154,104.711538
27226,27443,105.550000,104.715385
27227,27444,105.553846,104.719231
27228,27445,105.557692,104.723077
27229,27446,105.561538,104.726923
27230,27447,105.565385,104.730769
27231,27448,105.569231,104.734615
27232,27449,105.573077,104.738462
27233,27450,105.576923,104.742308
27234,27451,105.580769,104.746154
27235,27452,105.584615,104.750000
27236,27453,105.588462,104.753846
27237,27454,105.592308,104.757692
27238,27455,105.596154,104.761538
27239,27456,105.600000,104.765385
27240,27457,105.603846,104.769231
27241,27458,105.607692,104.773077
27242,27459,105.611538,104.776923
27243,27460,105.615385,104.780769
27244,27461,105.619231,104.784615
27245,27462,105.623077,104.788462
27246,27463,105.626923,104.792308
27247,27464,105.630769,104.796154
27248,27465,105.634615,104.800000
27249,27466,105.638462,104.803846
27250,27467,105.642308,104.807692
27251,27468,105.646154,104.811538
27252,27469,105.650000,104.815385
27253,27470,105.653846,104.819231
27254,27471,105.657692,104.823077
27255,27472,105.661538,104.826923
27256,27473,105.665385,104.830769
27257,27474,105.669231,104.834615
27258,27475,105.673077,104.838462
27259,27476,105.676923,104.842308
27260,27477,105.680769,104.846154
27261,27478,105.684615,104.850000
27262,27479,105.688462,104.853846
27263,27480,105.692308,104.857692
27264,27481,105.696154,104.861538
27265,27482,105.700000,104.865385
27266,27483,105.703846,104.869231
27267,27484,105.707692,104.873077
27268,27485,105.711538,104.876923
27269,27486,105.715385,104.880769
27270,27487,105.719231,104.884615
27271,27488,105.723077,104.888462
27272,27489,105.726923,104.892308
27273,27490,105.730769,104.896154
27274,27491,105.734615,104.900000
27275,27492,105.738462,104.903846
27276,27493,105.742308,104.907692
27277,27494,105.746154,104.911538
27278,27495,105.750000,104.915385
27279,27496,105.753846,104.919231
27280,27497,105.757692,104.923077
27281,27498,105.761538,104.926923
27282,27499,105.765385,104.930769
27283,27500,105.769231,104.934615
27284,27501,105.773077,104.938462
27285,27502,105.776923,104.942308
27286,27503,105.780769,104.946154
27287,27504,105.784615,104.950000
27288,27505,105.788462,104.953846
27289,27506,105.792308,104.957692
27290,27507,105.796154,104.961538
27291,27508,105.800000,104.965385
27292,27509,105.803846,104.969231
27293,27510,105.807692,104.973077
27294,27511,105.811538,104.976923
27295,27512,105.815385,104.980769
27296,27513,105.819231,104.984615
27297,27514,105.823077,104.988462
27298,27515,105.826923,104.992308
27299,27516,105.830769,104.996154
27300,27517,105.834615,105.000000
27301,27518,105.838462,105.003846
27302,27519,105.842308,105.007692
27303,27520,105.846154,105.011538
27304,27521,105.850000,105.015385
27305,27522,105.853846,105.019231
27306,27523,105.857692,105.023077
27307,27524,105.861538,105.026923
27308,27525,105.865385,105.030769
27309,27526,105.869231,105.034615
27310,27527,105.873077,105.038462
27311,27528,105.876923,105.042308
27312,27529,105.880769,105.046154
27313,27530,105.884615,105.050000
27314,27531,105.888462,105.053846
27315,27532,105.892308,105.057692
27316,27533,105.896154,105.061538
27317,27534,105.900000,105.065385
27318,27535,105.903846,105.069231
27319,27536,105.907692,105.073077
27320,27537,105.911538,105.076923
27321,27538,105.915385,105.080769
27322,27539,105.919231,105.084615
27323,27540,105.923077,105.088462
27324,27541,105.926923,105.092308
27325,27542,105.930769,105.096154
27326,27543,105.934615,105.100000
27327,27544,105.938462,105.103846
27328,27545,105.942308,105.107692
27329,27546,105.946154,105.111538
27330,27547,105.950000,105.115385
27331,27548,105.953846,105.119231
27332,27549,105.957692,105.123077
27333,27550,105.961538,105.126923
27334,27551,105.965385,105.130769
27335,27552,105.969231,105.134615
27336,27553,105.973077,105.138462
27337,27554,105.976923,105.142308
27338,27555,105.980769,105.146154
27339,27556,105.984615,105.150000
27340,27557,105.988462,105.153846
27341,27558,105.992308,105.157692
27342,27559,105.996154,105.161538
27343,27560,106.000000,105.165385
27344,27561,106.003846,105.169231
27345,27562,106.007692,105.173077
27346,27563,106.011538,105.176923
27347,27564,106.015385,105.180769
27348,27565,106.019231,105.184615
27349,27566,106.023077,105.188462
27350,27567,106.026923,105.192308
27351,27568,106.030769,105.196154
27352,27569,106.034615,105.200000
27353,27570,106.038462,105.203846
27354,27571,106.042308,105.207692
27355,27572,106.046154,105.211538
27356,27573,106.050000,105.215385
27357,27574,106.053846,105.219231
27358,27575,106.057692,105.223077
27359,27576,106.061538,105.226923
27360,27577,106.065385,105.230769
27361,27578,106.069231,105.234615
27362,27579,106.073077,105.238462
27363,27580,106.076923,105.242308
27364,27581,106.080769,105.246154
27365,27582,106.084615,105.250000
27366,27583,106.088462,105.253846
27367,27584,106.092308,105.257692
27368,27585,106.096154,105.261538
27369,27586,106.100000,105.265385
27370,27587,106.103846,105.269231
27371,27588,106.107692,105.273077
27372,27589,106.111538,105.276923
27373,27590,106.115385,105.280769
27374,27591,106.119231,105.284615
27375,27592,106.123077,105.288462
27376,27593,106.126923,105.292308
27377,27594,106.130769,105.296154
27378,27595,106.134615,105.300000
27379,27596,106.138462,105.303846
27380,27597,106.142308,105.307692
27381,27598,106.146154,105.311538
27382,27599,106.150000,105.315385
27383,27600,106.153846,105.319231
27384,27601,106.157692,105.323077
27385,27602,106.161538,105.326923
27386,27603,106.165385,105.330769
27387,27604,106.169231,105.334615
27388,27605,106.173077,105.338462
27389,27606,106.176923,105.342308
27390,27607,106.180769,105.346154
27391,27608,106.184615,105.350000
27392,27609,106.188462,105.353846
27393,27610,106.192308,105.357692
27394,27611,106.196154,105.361538
27395,27612,106.200000,105.365385
27396,27613,106.203846,105.369231
27397,27614,106.207692,105.373077
27398,27615,106.211538,105.376923
27399,27616,106.215385,105.380769
27400,27617,106.219231,105.384615
27401,27618,106.223077,105.388462
27402,27619,106.226923,105.392308
27403,27620,106.230769,105.396154
27404,27621,106.234615,105.400000
27405,27622,106.238462,105.403846
27406,27623,106.242308,105.407692
27407,27624,106.246154,105.411538
27408,27625,106.250000,105.415385
27409,27626,106.253846,105.419231
27410,27627,106.257692,105.423077
27411,27628,106.261538,105.426923
27412,27629,106.265385,105.430769
27413,27630,106.269231,105.434615
27414,27631,106.273077,105.438462
27415,27632,106.276923,105.442308
27416,27633,106.280769,105.446154
27417,27634,106.284615,105.450000
27418,27635,106.288462,105.453846
27419,27636,106.292308,105.457692
27420,27637,106.296154,105.461538
27421,27638,106.300000,105.465385
27422,27639,106.303846,105.469231
27423,27640,106.307692,105.473077
27424,27641,106.311538,105.476923
27425,27642,106.315385,105.480769
27426,27643,106.319231,105.484615
27427,27644,106.323077,105.488462
27428,27645,106.326923,105.492308
27429,27646,106.330769,105.496154
27430,27647,106.334615,105.500000
27431,27648,106.338462,105.503846
27432,27649,106.342308,105.507692
27433,27650,106.346154,105.511538
27434,27651,106.350000,105.515385
27435,27652,106.353846,105.519231
27436,27653,106.357692,105.523077
27437,27654,106.361538,105.526923
27438,27655,106.365385,105.530769
27439,27656,106.369231,105.534615
27440,27657,106.373077,105.538462
27441,27658,106.376923,105.542308
27442,27659,106.380769,105.546154
27443,27660,106.384615,105.550000
27444,27661,106.388462,105.553846
27445,27662,106.392308,105.557692
27446,27663,106.396154,105.561538
27447,27664,106.400000,105.565385
27448,27665,106.403846,105.569231
27449,27666,106.407692,105.573077
27450,27667,106.411538,105.576923
27451,27668,106.415385,105.580769
27452,27669,106.419231,105.584615
27453,27670,106.423077,105.588462
27454,27671,106.426923,105.592308
27455,27672,106.430769,105.596154
27456,27673,106.434615,105.600000
27457,27674,106.438462,105.603846
27458,27675,106.442308,105.607692
27459,27676,106.446154,105.611538
27460,27677,106.450000,105.615385
27461,27678,106.453846,105.619231
27462,27679,106.457692,105.623077
27463,27680,106.461538,105.626923
27464,27681,106.465385,105.630769
27465,27682,106.469231,105.634615
27466,27683,106.473077,105.638462
27467,27684,106.476923,105.642308
27468,27685,106.480769,105.646154
27469,27686,106.484615,105.650000
27470,27687,106.488462,105.653846
27471,27688,106.492308,105.657692
27472,27689,106.496154,105.661538
27473,27690,106.500000,105.665385
27474,27691,106.503846,105.669231
27475,27692,106.507692,105.673077
27476,27693,106.511538,105.676923
27477,27694,106.515385,105.680769
27478,27695,106.519231,105.684615
27479,27696,106.523077,105.688462
27480,27697,106.526923,105.692308
27481,27698,106.530769,105.696154
27482,27699,106.534615,105.700000
27483,27700,106.538462,105.703846
27484,27701,106.542308,105.707692
27485,27702,106.546154,105.711538
27486,27703,106.550000,105.715385
27487,27704,106.553846,105.719231
27488,27705,106.557692,105.723077
27489,27706,106.561538,105.726923
27490,27707,106.565385,105.730769
27491,27708,106.569231,105.734615
27492,27709,106.573077,105.738462
27493,27710,106.576923,105.742308
27494,27711,106.580769,105.746154
27495,27712,106.584615,105.750000
27496,27713,106.588462,105.753846
27497,27714,106.592308,105.757692
27498,27715,106.596154,105.761538
27499,27716,106.600000,105.765385
27500,27717,106.603846,105.769231
27501,27718,106.607692,105.773077
27502,27719,106.611538,105.776923
27503,27720,106.615385,105.780769
27504,27721,106.619231,105.784615
27505,27722,106.623077,105.788462
27506,27723,106.626923,105.792308
27507,27724,106.630769,105.796154
27508,27725,106.634615,105.800000
27509,27726,106.638462,105.803846
27510,27727,106.642308,105.807692
27511,27728,106.646154,105.811538
27512,27729,106.650000,105.815385
27513,27730,106.653846,105.819231
27514,27731,106.657692,105.823077
27515,27732,106.661538,105.826923
27516,27733,106.665385,105.830769
27517,27734,106.669231,105.834615
27518,27735,106.673077,105.838462
27519,27736,106.676923,105.842308
27520,27737,106.680769,105.846154
27521,27738,106.684615,105.850000
27522,27739,106.688462,105.853846
27523,27740,106.692308,105.857692
27524,27741,106.696154,105.861538
27525,27742,106.700000,105.865385
27526,27743,106.703846,105.869231
27527,27744,106.707692,105.873077
27528,27745,106.711538,105.876923
27529,27746,106.715385,105.880769
27530,27747,106.719231,105.884615
27531,27748,106.723077,105.888462
27532,27749,106.726923,105.892308
27533,27750,106.730769,105.896154
27534,27751,106.734615,105.900000
27535,27752,106.738462,105.903846
27536,27753,106.742308,105.907692
27537,27754,106.746154,105.911538
27538,27755,106.750000,105.915385
27539,27756,106.753846,105.919231
27540,27757,106.757692,105.923077
27541,27758,106.761538,105.926923
27542,27759,106.765385,105.930769
27543,27760,106.769231,105.934615
27544,27761,106.773077,105.938462
27545,27762,106.776923,105.942308
27546,27763,106.780769,105.946154
27547,27764,106.784615,105.950000
27548,27765,106.788462,105.953846
27549,27766,106.792308,105.957692
27550,27767,106.796154,105.961538
27551,27768,106.800000,105.965385
27552,27769,106.803846,105.969231
27553,27770,106.807692,105.973077
27554,27771,106.811538,105.976923
27555,27772,106.815385,105.980769
27556,27773,106.819231,105.984615
27557,27774,106.823077,105.988462
27558,27775,106.826923,105.992308
27559,27776,106.830769,105.996154
27560,27777,106.834615,106.000000
27561,27778,106.838462,106.003846
27562,27779,106.842308,106.007692
27563,27780,106.846154,106.011538
27564,27781,106.850000,106.015385
27565,27782,106.853846,106.019231
27566,27783,106.857692,106.023077
27567,27784,106.861538,106.026923
27568,27785,106.865385,106.030769
27569,27786,106.869231,106.034615
27570,27787,106.873077,106.038462
27571,27788,106.876923,106.042308
27572,27789,106.880769,106.046154
27573,27790,106.884615,106.050000
27574,27791,106.888462,106.053846
27575,27792,106.892308,106.057692
27576,27793,106.896154,106.061538
27577,27794,106.900000,106.065385
27578,27795,106.903846,106.069231
27579,27796,106.907692,106.073077
27580,27797,106.911538,106.076923
27581,27798,106.915385,106.080769
27582,27799,106.919231,106.084615
27583,27800,106.923077,106.088462
27584,27801,106.926923,106.092308
27585,27802,106.930769,106.096154
27586,27803,106.934615,106.100000
27587,27804,106.938462,106.103846
27588,27805,106.942308,106.107692
27589,27806,106.946154,106.111538
27590,27807,106.950000,106.115385
27591,27808,106.953846,106.119231
27592,27809,106.957692,106.123077
27593,27810,106.961538,106.126923
27594,27811,106.965385,106.130769
27595,27812,106.969231,106.134615
27596,27813,106.973077,106.138462
27597,27814,106.976923,106.142308
27598,27815,106.980769,106.146154
27599,27816,106.984615,106.150000
27600,27817,106.988462,106.153846
27601,27818,106.992308,106.157692
27602,27819,106.996154,106.161538
27603,27820,107.000000,106.165385
27604,27821,107.003846,106.169231
27605,27822,107.007692,106.173077
27606,27823,107.011538,106.176923
27607,27824,107.015385,106.180769
27608,27825,107.019231,106.184615
27609,27826,107.023077,106.188462
27610,27827,107.026923,106.192308
27611,27828,107.030769,106.196154
27612,27829,107.034615,106.200000
27613,27830,107.038462,106.203846
27614,27831,107.042308,106.207692
27615,27832,107.046154,106.211538
27616,27833,107.050000,106.215385
27617,27834,107.053846,106.219231
27618,27835,107.057692,106.223077
27619,27836,107.061538,106.226923
27620,27837,107.065385,106.230769
27621,27838,107.069231,106.234615
27622,27839,107.073077,106.238462
27623,27840,107.076923,106.242308
27624,27841,107.080769,106.246154
27625,27842,107.084615,106.250000
27626,27843,107.088462,106.253846
27627,27844,107.092308,106.257692
27628,27845,107.096154,106.261538
27629,27846,107.100000,106.265385
27630,27847,107.103846,106.269231
27631,27848,107.107692,106.273077
27632,27849,107.111538,106.276923
27633,27850,107.115385,106.280769
27634,27851,107.119231,106.284615
27635,27852,107.123077,106.288462
27636,27853,107.126923,106.292308
27637,27854,107.130769,106.296154
27638,27855,107.134615,106.300000
27639,27856,107.138462,106.303846
27640,27857,107.142308,106.307692
27641,27858,107.146154,106.311538
27642,27859,107.150000,106.315385
27643,27860,107.153846,106.319231
27644,27861,107.157692,106.323077
27645,27862,107.161538,106.326923
27646,27863,107.165385,106.330769
27647,27864,107.169231,106.334615
27648,27865,107.173077,106.338462
27649,27866,107.176923,106.342308
27650,27867,107.180769,106.346154
27651,27868,107.184615,106.350000
27652,27869,107.188462,106.353846
27653,27870,107.192308,106.357692
27654,27871,107.196154,106.361538
27655,27872,107.200000,106.365385
27656,27873,107.203846,106.369231
27657,27874,107.207692,106.373077
27658,27875,107.211538,106.376923
27659,27876,107.215385,106.380769
27660,27877,107.219231,106.384615
27661,27878,107.223077,106.388462
27662,27879,107.226923,106.392308
27663,27880,107.230769,106.396154
27664,27881,107.234615,106.400000
27665,27882,107.238462,106.403846
27666,27883,107.242308,106.407692
27667,27884,107.246154,106.411538
27668,27885,107.250000,106.415385
27669,27886,107.253846,106.419231
27670,27887,107.257692,106.423077
27671,27888,107.261538,106.426923
27672,27889,107.265385,106.430769
27673,27890,107.269231,106.434615
27674,27891,107.273077,106.438462
27675,27892,107.276923,106.442308
27676,27893,107.280769,106.446154
27677,27894,107.284615,106.450000
27678,27895,107.288462,106.453846
27679,27896,107.292308,106.457692
27680,27897,107.296154,106.461538
27681,27898,107.300000,106.465385
27682,27899,107.303846,106.469231
27683,27900,107.307692,106.473077
27684,27901,107.311538,106.476923
27685,27902,107.315385,106.480769
27686,27903,107.319231,106.484615
27687,27904,107.323077,106.488462
27688,27905,107.326923,106.492308
27689,27906,107.330769,106.496154
27690,27907,107.334615,106.500000
27691,27908,107.338462,106.503846
27692,27909,107.342308,106.507692
27693,27910,107.346154,106.511538
27694,27911,107.350000,106.515385
27695,27912,107.353846,106.519231
27696,27913,107.357692,106.523077
27697,27914,107.361538,106.526923
27698,27915,107.365385,106.530769
27699,27916,107.369231,106.534615
27700,27917,107.373077,106.538462
27701,27918,107.376923,106.542308
27702,27919,107.380769,106.546154
27703,27920,107.384615,106.550000
27704,27921,107.388462,106.553846
27705,27922,107.392308,106.557692
27706,27923,107.396154,106.561538
27707,27924,107.400000,106.565385
27708,27925,107.403846,106.569231
27709,27926,107.407692,106.573077
27710,27927,107.411538,106.576923
27711,27928,107.415385,106.580769
27712,27929,107.419231,106.584615
27713,27930,107.423077,106.588462
27714,27931,107.426923,106.592308
27715,27932,107.430769,106.596154
27716,27933,107.434615,106.600000
27717,27934,107.438462,106.603846
27718,27935,107.442308,106.607692
27719,27936,107.446154,106.611538
27720,27937,107.450000,106.615385
27721,27938,107.453846,106.619231
27722,27939,107.457692,106.623077
27723,27940,107.461538,106.626923
27724,27941,107.465385,106.630769
27725,27942,107.469231,106.634615
27726,27943,107.473077,106.638462
27727,27944,107.476923,106.642308
27728,27945,107.480769,106.646154
27729,27946,107.484615,106.650000
27730,27947,107.488462,106.653846
27731,27948,107.492308,106.657692
27732,27949,107.496154,106.661538
27733,27950,107.500000,106.665385
27734,27951,107.503846,106.669231
27735,27952,107.507692,106.673077
27736,27953,107.511538,106.676923
27737,27954,107.515385,106.680769
27738,27955,107.519231,106.684615
27739,27956,107.523077,106.688462
27740,27957,107.526923,106.692308
27741,27958,107.530769,106.696154
27742,27959,107.534615,106.700000
27743,27960,107.538462,106.703846
27744,27961,107.542308,106.707692
27745,27962,107.546154,106.711538
27746,27963,107.550000,106.715385
27747,27964,107.553846,106.719231
27748,27965,107.557692,106.723077
27749,27966,107.561538,106.726923
27750,27967,107.565385,106.730769
27751,27968,107.569231,106.734615
27752,27969,107.573077,106.738462
27753,27970,107.576923,106.742308
27754,27971,107.580769,106.746154
27755,27972,107.584615,106.750000
27756,27973,107.588462,106.753846
27757,27974,107.592308,106.757692
27758,27975,107.596154,106.761538
27759,27976,107.600000,106.765385
27760,27977,107.603846,106.769231
27761,27978,107.607692,106.773077
27762,27979,107.611538,106.776923
27763,27980,107.615385,106.780769
27764,27981,107.619231,106.784615
27765,27982,107.623077,106.788462
27766,27983,107.626923,106.792308
27767,27984,107.630769,106.796154
27768,27985,107.634615,106.800000
27769,27986,107.638462,106.803846
27770,27987,107.642308,106.807692
27771,27988,107.646154,106.811538
27772,27989,107.650000,106.815385
27773,27990,107.653846,106.819231
27774,27991,107.657692,106.823077
27775,27992,107.661538,106.826923
27776,27993,107.665385,106.830769
27777,27994,107.669231,106.834615
27778,27995,107.673077,106.838462
27779,27996,107.676923,106.842308
27780,27997,107.680769,106.846154
27781,27998,107.684615,106.850000
27782,27999,107.688462,106.853846
27783,28000,107.692308,106.857692
27784,28001,107.696154,106.861538
27785,28002,107.700000,106.865385
27786,28003,107.703846,106.869231
27787,28004,107.707692,106.873077
27788,28005,107.711538,106.876923
27789,28006,107.715385,106.880769
27790,28007,107.719231,106.884615
27791,28008,107.723077,106.888462
27792,28009,107.726923,106.892308
27793,28010,107.730769,106.896154
27794,28011,107.734615,106.900000
27795,28012,107.738462,106.903846
27796,28013,107.742308,106.907692
27797,28014,107.746154,106.911538
27798,28015,107.750000,106.915385
27799,28016,107.753846,106.919231
27800,28017,107.757692,106.923077
27801,28018,107.761538,106.926923
27802,28019,107.765385,106.930769
27803,28020,107.769231,106.934615
27804,28021,107.773077,106.938462
27805,28022,107.776923,106.942308
27806,28023,107.780769,106.946154
27807,28024,107.784615,106.950000
27808,28025,107.788462,106.953846
27809,28026,107.792308,106.957692
27810,28027,107.796154,106.961538
27811,28028,107.800000,106.965385
27812,28029,107.803846,106.969231
27813,28030,107.807692,106.973077
27814,28031,107.811538,106.976923
27815,28032,107.815385,106.980769
27816,28033,107.819231,106.984615
27817,28034,107.823077,106.988462
27818,28035,107.826923,106.992308
27819,28036,107.830769,106.996154
27820,28037,107.834615,107.000000
27821,28038,107.838462,107.003846
27822,28039,107.842308,107.007692
27823,28040,107.846154,107.011538
27824,28041,107.850000,107.015385
27825,28042,107.853846,107.019231
27826,28043,107.857692,107.023077
27827,28044,107.861538,107.026923
27828,28045,107.865385,107.030769
27829,28046,107.869231,107.034615
27830,28047,107.873077,107.038462
27831,28048,107.876923,107.042308
27832,28049,107.880769,107.046154
27833,28050,107.884615,107.050000
27834,28051,107.888462,107.053846
27835,28052,107.892308,107.057692
27836,28053,107.896154,107.061538
27837,28054,107.900000,107.065385
27838,28055,107.903846,107.069231
27839,28056,107.907692,107.073077
27840,28057,107.911538,107.076923
27841,28058,107.915385,107.080769
27842,28059,107.919231,107.084615
27843,28060,107.923077,107.088462
27844,28061,107.926923,107.092308
27845,28062,107.930769,107.096154
27846,28063,107.934615,107.100000
27847,28064,107.938462,107.103846
27848,28065,107.942308,107.107692
27849,28066,107.946154,107.111538
27850,28067,107.950000,107.115385
27851,28068,107.953846,107.119231
27852,28069,107.957692,107.123077
27853,28070,107.961538,107.126923
27854,28071,107.965385,107.130769
27855,28072,107.969231,107.134615
