sample_index,video_frame_index,time_s_from_video_start,time_s_from_trim_start
0,975,3.750000,0.000000
1,976,3.753846,0.003846
2,977,3.757692,0.007692
3,978,3.761538,0.011538
4,979,3.765385,0.015385
5,980,3.769231,0.019231
6,981,3.773077,0.023077
7,982,3.776923,0.026923
8,983,3.780769,0.030769
9,984,3.784615,0.034615
10,985,3.788462,0.038462
11,986,3.792308,0.042308
12,987,3.796154,0.046154
13,988,3.800000,0.050000
14,989,3.803846,0.053846
15,990,3.807692,0.057692
16,991,3.811538,0.061538
17,992,3.815385,0.065385
18,993,3.819231,0.069231
19,994,3.823077,0.073077
20,995,3.826923,0.076923
21,996,3.830769,0.080769
22,997,3.834615,0.084615
23,998,3.838462,0.088462
24,999,3.842308,0.092308
25,1000,3.846154,0.096154
26,1001,3.850000,0.100000
27,1002,3.853846,0.103846
28,1003,3.857692,0.107692
29,1004,3.861538,0.111538
30,1005,3.865385,0.115385
31,1006,3.869231,0.119231
32,1007,3.873077,0.123077
33,1008,3.876923,0.126923
34,1009,3.880769,0.130769
35,1010,3.884615,0.134615
36,1011,3.888462,0.138462
37,1012,3.892308,0.142308
38,1013,3.896154,0.146154
39,1014,3.900000,0.150000
40,1015,3.903846,0.153846
41,1016,3.907692,0.157692
42,1017,3.911538,0.161538
43,1018,3.915385,0.165385
44,1019,3.919231,0.169231
45,1020,3.923077,0.173077
46,1021,3.926923,0.176923
47,1022,3.930769,0.180769
48,1023,3.934615,0.184615
49,1024,3.938462,0.188462
50,1025,3.942308,0.192308
51,1026,3.946154,0.196154
52,1027,3.950000,0.200000
53,1028,3.953846,0.203846
54,1029,3.957692,0.207692
55,1030,3.961538,0.211538
56,1031,3.965385,0.215385
57,1032,3.969231,0.219231
58,1033,3.973077,0.223077
59,1034,3.976923,0.226923
60,1035,3.980769,0.230769
61,1036,3.984615,0.234615
62,1037,3.988462,0.238462
63,1038,3.992308,0.242308
64,1039,3.996154,0.246154
65,1040,4.000000,0.250000
66,1041,4.003846,0.253846
67,1042,4.007692,0.257692
68,1043,4.011538,0.261538
69,1044,4.015385,0.265385
70,1045,4.019231,0.269231
71,1046,4.023077,0.273077
72,1047,4.026923,0.276923
73,1048,4.030769,0.280769
74,1049,4.034615,0.284615
75,1050,4.038462,0.288462
76,1051,4.042308,0.292308
77,1052,4.046154,0.296154
78,1053,4.050000,0.300000
79,1054,4.053846,0.303846
80,1055,4.057692,0.307692
81,1056,4.061538,0.311538
82,1057,4.065385,0.315385
83,1058,4.069231,0.319231
84,1059,4.073077,0.323077
85,1060,4.076923,0.326923
86,1061,4.080769,0.330769
87,1062,4.084615,0.334615
88,1063,4.088462,0.338462
89,1064,4.092308,0.342308
90,1065,4.096154,0.346154
91,1066,4.100000,0.350000
92,1067,4.103846,0.353846
93,1068,4.107692,0.357692
94,1069,4.111538,0.361538
95,1070,4.115385,0.365385
96,1071,4.119231,0.369231
97,1072,4.123077,0.373077
98,1073,4.126923,0.376923
99,1074,4.130769,0.380769
100,1075,4.134615,0.384615
101,1076,4.138462,0.388462
102,1077,4.142308,0.392308
103,1078,4.146154,0.396154
104,1079,4.150000,0.400000
105,1080,4.153846,0.403846
106,1081,4.157692,0.407692
107,1082,4.161538,0.411538
108,1083,4.165385,0.415385
109,1084,4.169231,0.419231
110,1085,4.173077,0.423077
111,1086,4.176923,0.426923
112,1087,4.180769,0.430769
113,1088,4.184615,0.434615
114,1089,4.188462,0.438462
115,1090,4.192308,0.442308
116,1091,4.196154,0.446154
117,1092,4.200000,0.450000
118,1093,4.203846,0.453846
119,1094,4.207692,0.457692
120,1095,4.211538,0.461538
121,1096,4.215385,0.465385
122,1097,4.219231,0.469231
123,1098,4.223077,0.473077
124,1099,4.226923,0.476923
125,1100,4.230769,0.480769
126,1101,4.234615,0.484615
127,1102,4.238462,0.488462
128,1103,4.242308,0.492308
129,1104,4.246154,0.496154
130,1105,4.250000,0.500000
131,1106,4.253846,0.503846
132,1107,4.257692,0.507692
133,1108,4.261538,0.511538
134,1109,4.265385,0.515385
135,1110,4.269231,0.519231
136,1111,4.273077,0.523077
137,1112,4.276923,0.526923
138,1113,4.280769,0.530769
139,1114,4.284615,0.534615
140,1115,4.288462,0.538462
141,1116,4.292308,0.542308
142,1117,4.296154,0.546154
143,1118,4.300000,0.550000
144,1119,4.303846,0.553846
145,1120,4.307692,0.557692
146,1121,4.311538,0.561538
147,1122,4.315385,0.565385
148,1123,4.319231,0.569231
149,1124,4.323077,0.573077
150,1125,4.326923,0.576923
151,1126,4.330769,0.580769
152,1127,4.334615,0.584615
153,1128,4.338462,0.588462
154,1129,4.342308,0.592308
155,1130,4.346154,0.596154
156,1131,4.350000,0.600000
157,1132,4.353846,0.603846
158,1133,4.357692,0.607692
159,1134,4.361538,0.611538
160,1135,4.365385,0.615385
161,1136,4.369231,0.619231
162,1137,4.373077,0.623077
163,1138,4.376923,0.626923
164,1139,4.380769,0.630769
165,1140,4.384615,0.634615
166,1141,4.388462,0.638462
167,1142,4.392308,0.642308
168,1143,4.396154,0.646154
169,1144,4.400000,0.650000
170,1145,4.403846,0.653846
171,1146,4.407692,0.657692
172,1147,4.411538,0.661538
173,1148,4.415385,0.665385
174,1149,4.419231,0.669231
175,1150,4.423077,0.673077
176,1151,4.426923,0.676923
177,1152,4.430769,0.680769
178,1153,4.434615,0.684615
179,1154,4.438462,0.688462
180,1155,4.442308,0.692308
181,1156,4.446154,0.696154
182,1157,4.450000,0.700000
183,1158,4.453846,0.703846
184,1159,4.457692,0.707692
185,1160,4.461538,0.711538
186,1161,4.465385,0.715385
187,1162,4.469231,0.719231
188,1163,4.473077,0.723077
189,1164,4.476923,0.726923
190,1165,4.480769,0.730769
191,1166,4.484615,0.734615
192,1167,4.488462,0.738462
193,1168,4.492308,0.742308
194,1169,4.496154,0.746154
195,1170,4.500000,0.750000
196,1171,4.503846,0.753846
197,1172,4.507692,0.757692
198,1173,4.511538,0.761538
199,1174,4.515385,0.765385
200,1175,4.519231,0.769231
201,1176,4.523077,0.773077
202,1177,4.526923,0.776923
203,1178,4.530769,0.780769
204,1179,4.534615,0.784615
205,1180,4.538462,0.788462
206,1181,4.542308,0.792308
207,1182,4.546154,0.796154
208,1183,4.550000,0.800000
209,1184,4.553846,0.803846
210,1185,4.557692,0.807692
211,1186,4.561538,0.811538
212,1187,4.565385,0.815385
213,1188,4.569231,0.819231
214,1189,4.573077,0.823077
215,1190,4.576923,0.826923
216,1191,4.580769,0.830769
217,1192,4.584615,0.834615
218,1193,4.588462,0.838462
219,1194,4.592308,0.842308
220,1195,4.596154,0.846154
221,1196,4.600000,0.850000
222,1197,4.603846,0.853846
223,1198,4.607692,0.857692
224,1199,4.611538,0.861538
225,1200,4.615385,0.865385
226,1201,4.619231,0.869231
227,1202,4.623077,0.873077
228,1203,4.626923,0.876923
229,1204,4.630769,0.880769
230,1205,4.634615,0.884615
231,1206,4.638462,0.888462
232,1207,4.642308,0.892308
233,1208,4.646154,0.896154
234,1209,4.650000,0.900000
235,1210,4.653846,0.903846
236,1211,4.657692,0.907692
237,1212,4.661538,0.911538
238,1213,4.665385,0.915385
239,1214,4.669231,0.919231
240,1215,4.673077,0.923077
241,1216,4.676923,0.926923
242,1217,4.680769,0.930769
243,1218,4.684615,0.934615
244,1219,4.688462,0.938462
245,1220,4.692308,0.942308
246,1221,4.696154,0.946154
247,1222,4.700000,0.950000
248,1223,4.703846,0.953846
249,1224,4.707692,0.957692
250,1225,4.711538,0.961538
251,1226,4.715385,0.965385
252,1227,4.719231,0.969231
253,1228,4.723077,0.973077
254,1229,4.726923,0.976923
255,1230,4.730769,0.980769
256,1231,4.734615,0.984615
257,1232,4.738462,0.988462
258,1233,4.742308,0.992308
259,1234,4.746154,0.996154
260,1235,4.750000,1.000000
261,1236,4.753846,1.003846
262,1237,4.757692,1.007692
263,1238,4.761538,1.011538
264,1239,4.765385,1.015385
265,1240,4.769231,1.019231
266,1241,4.773077,1.023077
267,1242,4.776923,1.026923
268,1243,4.780769,1.030769
269,1244,4.784615,1.034615
270,1245,4.788462,1.038462
271,1246,4.792308,1.042308
272,1247,4.796154,1.046154
273,1248,4.800000,1.050000
274,1249,4.803846,1.053846
275,1250,4.807692,1.057692
276,1251,4.811538,1.061538
277,1252,4.815385,1.065385
278,1253,4.819231,1.069231
279,1254,4.823077,1.073077
280,1255,4.826923,1.076923
281,1256,4.830769,1.080769
282,1257,4.834615,1.084615
283,1258,4.838462,1.088462
284,1259,4.842308,1.092308
285,1260,4.846154,1.096154
286,1261,4.850000,1.100000
287,1262,4.853846,1.103846
288,1263,4.857692,1.107692
289,1264,4.861538,1.111538
290,1265,4.865385,1.115385
291,1266,4.869231,1.119231
292,1267,4.873077,1.123077
293,1268,4.876923,1.126923
294,1269,4.880769,1.130769
295,1270,4.884615,1.134615
296,1271,4.888462,1.138462
297,1272,4.892308,1.142308
298,1273,4.896154,1.146154
299,1274,4.900000,1.150000
300,1275,4.903846,1.153846
301,1276,4.907692,1.157692
302,1277,4.911538,1.161538
303,1278,4.915385,1.165385
304,1279,4.919231,1.169231
305,1280,4.923077,1.173077
306,1281,4.926923,1.176923
307,1282,4.930769,1.180769
308,1283,4.934615,1.184615
309,1284,4.938462,1.188462
310,1285,4.942308,1.192308
311,1286,4.946154,1.196154
312,1287,4.950000,1.200000
313,1288,4.953846,1.203846
314,1289,4.957692,1.207692
315,1290,4.961538,1.211538
316,1291,4.965385,1.215385
317,1292,4.969231,1.219231
318,1293,4.973077,1.223077
319,1294,4.976923,1.226923
320,1295,4.980769,1.230769
321,1296,4.984615,1.234615
322,1297,4.988462,1.238462
323,1298,4.992308,1.242308
324,1299,4.996154,1.246154
325,1300,5.000000,1.250000
326,1301,5.003846,1.253846
327,1302,5.007692,1.257692
328,1303,5.011538,1.261538
329,1304,5.015385,1.265385
330,1305,5.019231,1.269231
331,1306,5.023077,1.273077
332,1307,5.026923,1.276923
333,1308,5.030769,1.280769
334,1309,5.034615,1.284615
335,1310,5.038462,1.288462
336,1311,5.042308,1.292308
337,1312,5.046154,1.296154
338,1313,5.050000,1.300000
339,1314,5.053846,1.303846
340,1315,5.057692,1.307692
341,1316,5.061538,1.311538
342,1317,5.065385,1.315385
343,1318,5.069231,1.319231
344,1319,5.073077,1.323077
345,1320,5.076923,1.326923
346,1321,5.080769,1.330769
347,1322,5.084615,1.334615
348,1323,5.088462,1.338462
349,1324,5.092308,1.342308
350,1325,5.096154,1.346154
351,1326,5.100000,1.350000
352,1327,5.103846,1.353846
353,1328,5.107692,1.357692
354,1329,5.111538,1.361538
355,1330,5.115385,1.365385
356,1331,5.119231,1.369231
357,1332,5.123077,1.373077
358,1333,5.126923,1.376923
359,1334,5.130769,1.380769
360,1335,5.134615,1.384615
361,1336,5.138462,1.388462
362,1337,5.142308,1.392308
363,1338,5.146154,1.396154
364,1339,5.150000,1.400000
365,1340,5.153846,1.403846
366,1341,5.157692,1.407692
367,1342,5.161538,1.411538
368,1343,5.165385,1.415385
369,1344,5.169231,1.419231
370,1345,5.173077,1.423077
371,1346,5.176923,1.426923
372,1347,5.180769,1.430769
373,1348,5.184615,1.434615
374,1349,5.188462,1.438462
375,1350,5.192308,1.442308
376,1351,5.196154,1.446154
377,1352,5.200000,1.450000
378,1353,5.203846,1.453846
379,1354,5.207692,1.457692
380,1355,5.211538,1.461538
381,1356,5.215385,1.465385
382,1357,5.219231,1.469231
383,1358,5.223077,1.473077
384,1359,5.226923,1.476923
385,1360,5.230769,1.480769
386,1361,5.234615,1.484615
387,1362,5.238462,1.488462
388,1363,5.242308,1.492308
389,1364,5.246154,1.496154
390,1365,5.250000,1.500000
391,1366,5.253846,1.503846
392,1367,5.257692,1.507692
393,1368,5.261538,1.511538
394,1369,5.265385,1.515385
395,1370,5.269231,1.519231
396,1371,5.273077,1.523077
397,1372,5.276923,1.526923
398,1373,5.280769,1.530769
399,1374,5.284615,1.534615
400,1375,5.288462,1.538462
401,1376,5.292308,1.542308
402,1377,5.296154,1.546154
403,1378,5.300000,1.550000
404,1379,5.303846,1.553846
405,1380,5.307692,1.557692
406,1381,5.311538,1.561538
407,1382,5.315385,1.565385
408,1383,5.319231,1.569231
409,1384,5.323077,1.573077
410,1385,5.326923,1.576923
411,1386,5.330769,1.580769
412,1387,5.334615,1.584615
413,1388,5.338462,1.588462
414,1389,5.342308,1.592308
415,1390,5.346154,1.596154
416,1391,5.350000,1.600000
417,1392,5.353846,1.603846
418,1393,5.357692,1.607692
419,1394,5.361538,1.611538
420,1395,5.365385,1.615385
421,1396,5.369231,1.619231
422,1397,5.373077,1.623077
423,1398,5.376923,1.626923
424,1399,5.380769,1.630769
425,1400,5.384615,1.634615
426,1401,5.388462,1.638462
427,1402,5.392308,1.642308
428,1403,5.396154,1.646154
429,1404,5.400000,1.650000
430,1405,5.403846,1.653846
431,1406,5.407692,1.657692
432,1407,5.411538,1.661538
433,1408,5.415385,1.665385
434,1409,5.419231,1.669231
435,1410,5.423077,1.673077
436,1411,5.426923,1.676923
437,1412,5.430769,1.680769
438,1413,5.434615,1.684615
439,1414,5.438462,1.688462
440,1415,5.442308,1.692308
441,1416,5.446154,1.696154
442,1417,5.450000,1.700000
443,1418,5.453846,1.703846
444,1419,5.457692,1.707692
445,1420,5.461538,1.711538
446,1421,5.465385,1.715385
447,1422,5.469231,1.719231
448,1423,5.473077,1.723077
449,1424,5.476923,1.726923
450,1425,5.480769,1.730769
451,1426,5.484615,1.734615
452,1427,5.488462,1.738462
453,1428,5.492308,1.742308
454,1429,5.496154,1.746154
455,1430,5.500000,1.750000
456,1431,5.503846,1.753846
457,1432,5.507692,1.757692
458,1433,5.511538,1.761538
459,1434,5.515385,1.765385
460,1435,5.519231,1.769231
461,1436,5.523077,1.773077
462,1437,5.526923,1.776923
463,1438,5.530769,1.780769
464,1439,5.534615,1.784615
465,1440,5.538462,1.788462
466,1441,5.542308,1.792308
467,1442,5.546154,1.796154
468,1443,5.550000,1.800000
469,1444,5.553846,1.803846
470,1445,5.557692,1.807692
471,1446,5.561538,1.811538
472,1447,5.565385,1.815385
473,1448,5.569231,1.819231
474,1449,5.573077,1.823077
475,1450,5.576923,1.826923
476,1451,5.580769,1.830769
477,1452,5.584615,1.834615
478,1453,5.588462,1.838462
479,1454,5.592308,1.842308
480,1455,5.596154,1.846154
481,1456,5.600000,1.850000
482,1457,5.603846,1.853846
483,1458,5.607692,1.857692
484,1459,5.611538,1.861538
485,1460,5.615385,1.865385
486,1461,5.619231,1.869231
487,1462,5.623077,1.873077
488,1463,5.626923,1.876923
489,1464,5.630769,1.880769
490,1465,5.634615,1.884615
491,1466,5.638462,1.888462
492,1467,5.642308,1.892308
493,1468,5.646154,1.896154
494,1469,5.650000,1.900000
495,1470,5.653846,1.903846
496,1471,5.657692,1.907692
497,1472,5.661538,1.911538
498,1473,5.665385,1.915385
499,1474,5.669231,1.919231
500,1475,5.673077,1.923077
501,1476,5.676923,1.926923
502,1477,5.680769,1.930769
503,1478,5.684615,1.934615
504,1479,5.688462,1.938462
505,1480,5.692308,1.942308
506,1481,5.696154,1.946154
507,1482,5.700000,1.950000
508,1483,5.703846,1.953846
509,1484,5.707692,1.957692
510,1485,5.711538,1.961538
511,1486,5.715385,1.965385
512,1487,5.719231,1.969231
513,1488,5.723077,1.973077
514,1489,5.726923,1.976923
515,1490,5.730769,1.980769
516,1491,5.734615,1.984615
517,1492,5.738462,1.988462
518,1493,5.742308,1.992308
519,1494,5.746154,1.996154
520,1495,5.750000,2.000000
521,1496,5.753846,2.003846
522,1497,5.757692,2.007692
523,1498,5.761538,2.011538
524,1499,5.765385,2.015385
525,1500,5.769231,2.019231
526,1501,5.773077,2.023077
527,1502,5.776923,2.026923
528,1503,5.780769,2.030769
529,1504,5.784615,2.034615
530,1505,5.788462,2.038462
531,1506,5.792308,2.042308
532,1507,5.796154,2.046154
533,1508,5.800000,2.050000
534,1509,5.803846,2.053846
535,1510,5.807692,2.057692
536,1511,5.811538,2.061538
537,1512,5.815385,2.065385
538,1513,5.819231,2.069231
539,1514,5.823077,2.073077
540,1515,5.826923,2.076923
541,1516,5.830769,2.080769
542,1517,5.834615,2.084615
543,1518,5.838462,2.088462
544,1519,5.842308,2.092308
545,1520,5.846154,2.096154
546,1521,5.850000,2.100000
547,1522,5.853846,2.103846
548,1523,5.857692,2.107692
549,1524,5.861538,2.111538
550,1525,5.865385,2.115385
551,1526,5.869231,2.119231
552,1527,5.873077,2.123077
553,1528,5.876923,2.126923
554,1529,5.880769,2.130769
555,1530,5.884615,2.134615
556,1531,5.888462,2.138462
557,1532,5.892308,2.142308
558,1533,5.896154,2.146154
559,1534,5.900000,2.150000
560,1535,5.903846,2.153846
561,1536,5.907692,2.157692
562,1537,5.911538,2.161538
563,1538,5.915385,2.165385
564,1539,5.919231,2.169231
565,1540,5.923077,2.173077
566,1541,5.926923,2.176923
567,1542,5.930769,2.180769
568,1543,5.934615,2.184615
569,1544,5.938462,2.188462
570,1545,5.942308,2.192308
571,1546,5.946154,2.196154
572,1547,5.950000,2.200000
573,1548,5.953846,2.203846
574,1549,5.957692,2.207692
575,1550,5.961538,2.211538
576,1551,5.965385,2.215385
577,1552,5.969231,2.219231
578,1553,5.973077,2.223077
579,1554,5.976923,2.226923
580,1555,5.980769,2.230769
581,1556,5.984615,2.234615
582,1557,5.988462,2.238462
583,1558,5.992308,2.242308
584,1559,5.996154,2.246154
585,1560,6.000000,2.250000
586,1561,6.003846,2.253846
587,1562,6.007692,2.257692
588,1563,6.011538,2.261538
589,1564,6.015385,2.265385
590,1565,6.019231,2.269231
591,1566,6.023077,2.273077
592,1567,6.026923,2.276923
593,1568,6.030769,2.280769
594,1569,6.034615,2.284615
595,1570,6.038462,2.288462
596,1571,6.042308,2.292308
597,1572,6.046154,2.296154
598,1573,6.050000,2.300000
599,1574,6.053846,2.303846
600,1575,6.057692,2.307692
601,1576,6.061538,2.311538
602,1577,6.065385,2.315385
603,1578,6.069231,2.319231
604,1579,6.073077,2.323077
605,1580,6.076923,2.326923
606,1581,6.080769,2.330769
607,1582,6.084615,2.334615
608,1583,6.088462,2.338462
609,1584,6.092308,2.342308
610,1585,6.096154,2.346154
611,1586,6.100000,2.350000
612,1587,6.103846,2.353846
613,1588,6.107692,2.357692
614,1589,6.111538,2.361538
615,1590,6.115385,2.365385
616,1591,6.119231,2.369231
617,1592,6.123077,2.373077
618,1593,6.126923,2.376923
619,1594,6.130769,2.380769
620,1595,6.134615,2.384615
621,1596,6.138462,2.388462
622,1597,6.142308,2.392308
623,1598,6.146154,2.396154
624,1599,6.150000,2.400000
625,1600,6.153846,2.403846
626,1601,6.157692,2.407692
627,1602,6.161538,2.411538
628,1603,6.165385,2.415385
629,1604,6.169231,2.419231
630,1605,6.173077,2.423077
631,1606,6.176923,2.426923
632,1607,6.180769,2.430769
633,1608,6.184615,2.434615
634,1609,6.188462,2.438462
635,1610,6.192308,2.442308
636,1611,6.196154,2.446154
637,1612,6.200000,2.450000
638,1613,6.203846,2.453846
639,1614,6.207692,2.457692
640,1615,6.211538,2.461538
641,1616,6.215385,2.465385
642,1617,6.219231,2.469231
643,1618,6.223077,2.473077
644,1619,6.226923,2.476923
645,1620,6.230769,2.480769
646,1621,6.234615,2.484615
647,1622,6.238462,2.488462
648,1623,6.242308,2.492308
649,1624,6.246154,2.496154
650,1625,6.250000,2.500000
651,1626,6.253846,2.503846
652,1627,6.257692,2.507692
653,1628,6.261538,2.511538
654,1629,6.265385,2.515385
655,1630,6.269231,2.519231
656,1631,6.273077,2.523077
657,1632,6.276923,2.526923
658,1633,6.280769,2.530769
659,1634,6.284615,2.534615
660,1635,6.288462,2.538462
661,1636,6.292308,2.542308
662,1637,6.296154,2.546154
663,1638,6.300000,2.550000
664,1639,6.303846,2.553846
665,1640,6.307692,2.557692
666,1641,6.311538,2.561538
667,1642,6.315385,2.565385
668,1643,6.319231,2.569231
669,1644,6.323077,2.573077
670,1645,6.326923,2.576923
671,1646,6.330769,2.580769
672,1647,6.334615,2.584615
673,1648,6.338462,2.588462
674,1649,6.342308,2.592308
675,1650,6.346154,2.596154
676,1651,6.350000,2.600000
677,1652,6.353846,2.603846
678,1653,6.357692,2.607692
679,1654,6.361538,2.611538
680,1655,6.365385,2.615385
681,1656,6.369231,2.619231
682,1657,6.373077,2.623077
683,1658,6.376923,2.626923
684,1659,6.380769,2.630769
685,1660,6.384615,2.634615
686,1661,6.388462,2.638462
687,1662,6.392308,2.642308
688,1663,6.396154,2.646154
689,1664,6.400000,2.650000
690,1665,6.403846,2.653846
691,1666,6.407692,2.657692
692,1667,6.411538,2.661538
693,1668,6.415385,2.665385
694,1669,6.419231,2.669231
695,1670,6.423077,2.673077
696,1671,6.426923,2.676923
697,1672,6.430769,2.680769
698,1673,6.434615,2.684615
699,1674,6.438462,2.688462
700,1675,6.442308,2.692308
701,1676,6.446154,2.696154
702,1677,6.450000,2.700000
703,1678,6.453846,2.703846
704,1679,6.457692,2.707692
705,1680,6.461538,2.711538
706,1681,6.465385,2.715385
707,1682,6.469231,2.719231
708,1683,6.473077,2.723077
709,1684,6.476923,2.726923
710,1685,6.480769,2.730769
711,1686,6.484615,2.734615
712,1687,6.488462,2.738462
713,1688,6.492308,2.742308
714,1689,6.496154,2.746154
715,1690,6.500000,2.750000
716,1691,6.503846,2.753846
717,1692,6.507692,2.757692
718,1693,6.511538,2.761538
719,1694,6.515385,2.765385
720,1695,6.519231,2.769231
721,1696,6.523077,2.773077
722,1697,6.526923,2.776923
723,1698,6.530769,2.780769
724,1699,6.534615,2.784615
725,1700,6.538462,2.788462
726,1701,6.542308,2.792308
727,1702,6.546154,2.796154
728,1703,6.550000,2.800000
729,1704,6.553846,2.803846
730,1705,6.557692,2.807692
731,1706,6.561538,2.811538
732,1707,6.565385,2.815385
733,1708,6.569231,2.819231
734,1709,6.573077,2.823077
735,1710,6.576923,2.826923
736,1711,6.580769,2.830769
737,1712,6.584615,2.834615
738,1713,6.588462,2.838462
739,1714,6.592308,2.842308
740,1715,6.596154,2.846154
741,1716,6.600000,2.850000
742,1717,6.603846,2.853846
743,1718,6.607692,2.857692
744,1719,6.611538,2.861538
745,1720,6.615385,2.865385
746,1721,6.619231,2.869231
747,1722,6.623077,2.873077
748,1723,6.626923,2.876923
749,1724,6.630769,2.880769
750,1725,6.634615,2.884615
751,1726,6.638462,2.888462
752,1727,6.642308,2.892308
753,1728,6.646154,2.896154
754,1729,6.650000,2.900000
755,1730,6.653846,2.903846
756,1731,6.657692,2.907692
757,1732,6.661538,2.911538
758,1733,6.665385,2.915385
759,1734,6.669231,2.919231
760,1735,6.673077,2.923077
761,1736,6.676923,2.926923
762,1737,6.680769,2.930769
763,1738,6.684615,2.934615
764,1739,6.688462,2.938462
765,1740,6.692308,2.942308
766,1741,6.696154,2.946154
767,1742,6.700000,2.950000
768,1743,6.703846,2.953846
769,1744,6.707692,2.957692
770,1745,6.711538,2.961538
771,1746,6.715385,2.965385
772,1747,6.719231,2.969231
773,1748,6.723077,2.973077
774,1749,6.726923,2.976923
775,1750,6.730769,2.980769
776,1751,6.734615,2.984615
777,1752,6.738462,2.988462
778,1753,6.742308,2.992308
779,1754,6.746154,2.996154
780,1755,6.750000,3.000000
781,1756,6.753846,3.003846
782,1757,6.757692,3.007692
783,1758,6.761538,3.011538
784,1759,6.765385,3.015385
785,1760,6.769231,3.019231
786,1761,6.773077,3.023077
787,1762,6.776923,3.026923
788,1763,6.780769,3.030769
789,1764,6.784615,3.034615
790,1765,6.788462,3.038462
791,1766,6.792308,3.042308
792,1767,6.796154,3.046154
793,1768,6.800000,3.050000
794,1769,6.803846,3.053846
795,1770,6.807692,3.057692
796,1771,6.811538,3.061538
797,1772,6.815385,3.065385
798,1773,6.819231,3.069231
799,1774,6.823077,3.073077
800,1775,6.826923,3.076923
801,1776,6.830769,3.080769
802,1777,6.834615,3.084615
803,1778,6.838462,3.088462
804,1779,6.842308,3.092308
805,1780,6.846154,3.096154
806,1781,6.850000,3.100000
807,1782,6.853846,3.103846
808,1783,6.857692,3.107692
809,1784,6.861538,3.111538
810,1785,6.865385,3.115385
811,1786,6.869231,3.119231
812,1787,6.873077,3.123077
813,1788,6.876923,3.126923
814,1789,6.880769,3.130769
815,1790,6.884615,3.134615
816,1791,6.888462,3.138462
817,1792,6.892308,3.142308
818,1793,6.896154,3.146154
819,1794,6.900000,3.150000
820,1795,6.903846,3.153846
821,1796,6.907692,3.157692
822,1797,6.911538,3.161538
823,1798,6.915385,3.165385
824,1799,6.919231,3.169231
825,1800,6.923077,3.173077
826,1801,6.926923,3.176923
827,1802,6.930769,3.180769
828,1803,6.934615,3.184615
829,1804,6.938462,3.188462
830,1805,6.942308,3.192308
831,1806,6.946154,3.196154
832,1807,6.950000,3.200000
833,1808,6.953846,3.203846
834,1809,6.957692,3.207692
835,1810,6.961538,3.211538
836,1811,6.965385,3.215385
837,1812,6.969231,3.219231
838,1813,6.973077,3.223077
839,1814,6.976923,3.226923
840,1815,6.980769,3.230769
841,1816,6.984615,3.234615
842,1817,6.988462,3.238462
843,1818,6.992308,3.242308
844,1819,6.996154,3.246154
845,1820,7.000000,3.250000
846,1821,7.003846,3.253846
847,1822,7.007692,3.257692
848,1823,7.011538,3.261538
849,1824,7.015385,3.265385
850,1825,7.019231,3.269231
851,1826,7.023077,3.273077
852,1827,7.026923,3.276923
853,1828,7.030769,3.280769
854,1829,7.034615,3.284615
855,1830,7.038462,3.288462
856,1831,7.042308,3.292308
857,1832,7.046154,3.296154
858,1833,7.050000,3.300000
859,1834,7.053846,3.303846
860,1835,7.057692,3.307692
861,1836,7.061538,3.311538
862,1837,7.065385,3.315385
863,1838,7.069231,3.319231
864,1839,7.073077,3.323077
865,1840,7.076923,3.326923
866,1841,7.080769,3.330769
867,1842,7.084615,3.334615
868,1843,7.088462,3.338462
869,1844,7.092308,3.342308
870,1845,7.096154,3.346154
871,1846,7.100000,3.350000
872,1847,7.103846,3.353846
873,1848,7.107692,3.357692
874,1849,7.111538,3.361538
875,1850,7.115385,3.365385
876,1851,7.119231,3.369231
877,1852,7.123077,3.373077
878,1853,7.126923,3.376923
879,1854,7.130769,3.380769
880,1855,7.134615,3.384615
881,1856,7.138462,3.388462
882,1857,7.142308,3.392308
883,1858,7.146154,3.396154
884,1859,7.150000,3.400000
885,1860,7.153846,3.403846
886,1861,7.157692,3.407692
887,1862,7.161538,3.411538
888,1863,7.165385,3.415385
889,1864,7.169231,3.419231
890,1865,7.173077,3.423077
891,1866,7.176923,3.426923
892,1867,7.180769,3.430769
893,1868,7.184615,3.434615
894,1869,7.188462,3.438462
895,1870,7.192308,3.442308
896,1871,7.196154,3.446154
897,1872,7.200000,3.450000
898,1873,7.203846,3.453846
899,1874,7.207692,3.457692
900,1875,7.211538,3.461538
901,1876,7.215385,3.465385
902,1877,7.219231,3.469231
903,1878,7.223077,3.473077
904,1879,7.226923,3.476923
905,1880,7.230769,3.480769
906,1881,7.234615,3.484615
907,1882,7.238462,3.488462
908,1883,7.242308,3.492308
909,1884,7.246154,3.496154
910,1885,7.250000,3.500000
911,1886,7.253846,3.503846
912,1887,7.257692,3.507692
913,1888,7.261538,3.511538
914,1889,7.265385,3.515385
915,1890,7.269231,3.519231
916,1891,7.273077,3.523077
917,1892,7.276923,3.526923
918,1893,7.280769,3.530769
919,1894,7.284615,3.534615
920,1895,7.288462,3.538462
921,1896,7.292308,3.542308
922,1897,7.296154,3.546154
923,1898,7.300000,3.550000
924,1899,7.303846,3.553846
925,1900,7.307692,3.557692
926,1901,7.311538,3.561538
927,1902,7.315385,3.565385
928,1903,7.319231,3.569231
929,1904,7.323077,3.573077
930,1905,7.326923,3.576923
931,1906,7.330769,3.580769
932,1907,7.334615,3.584615
933,1908,7.338462,3.588462
934,1909,7.342308,3.592308
935,1910,7.346154,3.596154
936,1911,7.350000,3.600000
937,1912,7.353846,3.603846
938,1913,7.357692,3.607692
939,1914,7.361538,3.611538
940,1915,7.365385,3.615385
941,1916,7.369231,3.619231
942,1917,7.373077,3.623077
943,1918,7.376923,3.626923
944,1919,7.380769,3.630769
945,1920,7.384615,3.634615
946,1921,7.388462,3.638462
947,1922,7.392308,3.642308
948,1923,7.396154,3.646154
949,1924,7.400000,3.650000
950,1925,7.403846,3.653846
951,1926,7.407692,3.657692
952,1927,7.411538,3.661538
953,1928,7.415385,3.665385
954,1929,7.419231,3.669231
955,1930,7.423077,3.673077
956,1931,7.426923,3.676923
957,1932,7.430769,3.680769
958,1933,7.434615,3.684615
959,1934,7.438462,3.688462
960,1935,7.442308,3.692308
961,1936,7.446154,3.696154
962,1937,7.450000,3.700000
963,1938,7.453846,3.703846
964,1939,7.457692,3.707692
965,1940,7.461538,3.711538
966,1941,7.465385,3.715385
967,1942,7.469231,3.719231
968,1943,7.473077,3.723077
969,1944,7.476923,3.726923
970,1945,7.480769,3.730769
971,1946,7.484615,3.734615
972,1947,7.488462,3.738462
973,1948,7.492308,3.742308
974,1949,7.496154,3.746154
975,1950,7.500000,3.750000
976,1951,7.503846,3.753846
977,1952,7.507692,3.757692
978,1953,7.511538,3.761538
979,1954,7.515385,3.765385
980,1955,7.519231,3.769231
981,1956,7.523077,3.773077
982,1957,7.526923,3.776923
983,1958,7.530769,3.780769
984,1959,7.534615,3.784615
985,1960,7.538462,3.788462
986,1961,7.542308,3.792308
987,1962,7.546154,3.796154
988,1963,7.550000,3.800000
989,1964,7.553846,3.803846
990,1965,7.557692,3.807692
991,1966,7.561538,3.811538
992,1967,7.565385,3.815385
993,1968,7.569231,3.819231
994,1969,7.573077,3.823077
995,1970,7.576923,3.826923
996,1971,7.580769,3.830769
997,1972,7.584615,3.834615
998,1973,7.588462,3.838462
999,1974,7.592308,3.842308
1000,1975,7.596154,3.846154
1001,1976,7.600000,3.850000
1002,1977,7.603846,3.853846
1003,1978,7.607692,3.857692
1004,1979,7.611538,3.861538
1005,1980,7.615385,3.865385
1006,1981,7.619231,3.869231
1007,1982,7.623077,3.873077
1008,1983,7.626923,3.876923
1009,1984,7.630769,3.880769
1010,1985,7.634615,3.884615
1011,1986,7.638462,3.888462
1012,1987,7.642308,3.892308
1013,1988,7.646154,3.896154
1014,1989,7.650000,3.900000
1015,1990,7.653846,3.903846
1016,1991,7.657692,3.907692
1017,1992,7.661538,3.911538
1018,1993,7.665385,3.915385
1019,1994,7.669231,3.919231
1020,1995,7.673077,3.923077
1021,1996,7.676923,3.926923
1022,1997,7.680769,3.930769
1023,1998,7.684615,3.934615
1024,1999,7.688462,3.938462
1025,2000,7.692308,3.942308
1026,2001,7.696154,3.946154
1027,2002,7.700000,3.950000
1028,2003,7.703846,3.953846
1029,2004,7.707692,3.957692
1030,2005,7.711538,3.961538
1031,2006,7.715385,3.965385
1032,2007,7.719231,3.969231
1033,2008,7.723077,3.973077
1034,2009,7.726923,3.976923
1035,2010,7.730769,3.980769
1036,2011,7.734615,3.984615
1037,2012,7.738462,3.988462
1038,2013,7.742308,3.992308
1039,2014,7.746154,3.996154
1040,2015,7.750000,4.000000
1041,2016,7.753846,4.003846
1042,2017,7.757692,4.007692
1043,2018,7.761538,4.011538
1044,2019,7.765385,4.015385
1045,2020,7.769231,4.019231
1046,2021,7.773077,4.023077
1047,2022,7.776923,4.026923
1048,2023,7.780769,4.030769
1049,2024,7.784615,4.034615
1050,2025,7.788462,4.038462
1051,2026,7.792308,4.042308
1052,2027,7.796154,4.046154
1053,2028,7.800000,4.050000
1054,2029,7.803846,4.053846
1055,2030,7.807692,4.057692
1056,2031,7.811538,4.061538
1057,2032,7.815385,4.065385
1058,2033,7.819231,4.069231
1059,2034,7.823077,4.073077
1060,2035,7.826923,4.076923
1061,2036,7.830769,4.080769
1062,2037,7.834615,4.084615
1063,2038,7.838462,4.088462
1064,2039,7.842308,4.092308
1065,2040,7.846154,4.096154
1066,2041,7.850000,4.100000
1067,2042,7.853846,4.103846
1068,2043,7.857692,4.107692
1069,2044,7.861538,4.111538
1070,2045,7.865385,4.115385
1071,2046,7.869231,4.119231
1072,2047,7.873077,4.123077
1073,2048,7.876923,4.126923
1074,2049,7.880769,4.130769
1075,2050,7.884615,4.134615
1076,2051,7.888462,4.138462
1077,2052,7.892308,4.142308
1078,2053,7.896154,4.146154
1079,2054,7.900000,4.150000
1080,2055,7.903846,4.153846
1081,2056,7.907692,4.157692
1082,2057,7.911538,4.161538
1083,2058,7.915385,4.165385
1084,2059,7.919231,4.169231
1085,2060,7.923077,4.173077
1086,2061,7.926923,4.176923
1087,2062,7.930769,4.180769
1088,2063,7.934615,4.184615
1089,2064,7.938462,4.188462
1090,2065,7.942308,4.192308
1091,2066,7.946154,4.196154
1092,2067,7.950000,4.200000
1093,2068,7.953846,4.203846
1094,2069,7.957692,4.207692
1095,2070,7.961538,4.211538
1096,2071,7.965385,4.215385
1097,2072,7.969231,4.219231
1098,2073,7.973077,4.223077
1099,2074,7.976923,4.226923
1100,2075,7.980769,4.230769
1101,2076,7.984615,4.234615
1102,2077,7.988462,4.238462
1103,2078,7.992308,4.242308
1104,2079,7.996154,4.246154
1105,2080,8.000000,4.250000
1106,2081,8.003846,4.253846
1107,2082,8.007692,4.257692
1108,2083,8.011538,4.261538
1109,2084,8.015385,4.265385
1110,2085,8.019231,4.269231
1111,2086,8.023077,4.273077
1112,2087,8.026923,4.276923
1113,2088,8.030769,4.280769
1114,2089,8.034615,4.284615
1115,2090,8.038462,4.288462
1116,2091,8.042308,4.292308
1117,2092,8.046154,4.296154
1118,2093,8.050000,4.300000
1119,2094,8.053846,4.303846
1120,2095,8.057692,4.307692
1121,2096,8.061538,4.311538
1122,2097,8.065385,4.315385
1123,2098,8.069231,4.319231
1124,2099,8.073077,4.323077
1125,2100,8.076923,4.326923
1126,2101,8.080769,4.330769
1127,2102,8.084615,4.334615
1128,2103,8.088462,4.338462
1129,2104,8.092308,4.342308
1130,2105,8.096154,4.346154
1131,2106,8.100000,4.350000
1132,2107,8.103846,4.353846
1133,2108,8.107692,4.357692
1134,2109,8.111538,4.361538
1135,2110,8.115385,4.365385
1136,2111,8.119231,4.369231
1137,2112,8.123077,4.373077
1138,2113,8.126923,4.376923
1139,2114,8.130769,4.380769
1140,2115,8.134615,4.384615
1141,2116,8.138462,4.388462
1142,2117,8.142308,4.392308
1143,2118,8.146154,4.396154
1144,2119,8.150000,4.400000
1145,2120,8.153846,4.403846
1146,2121,8.157692,4.407692
1147,2122,8.161538,4.411538
1148,2123,8.165385,4.415385
1149,2124,8.169231,4.419231
1150,2125,8.173077,4.423077
1151,2126,8.176923,4.426923
1152,2127,8.180769,4.430769
1153,2128,8.184615,4.434615
1154,2129,8.188462,4.438462
1155,2130,8.192308,4.442308
1156,2131,8.196154,4.446154
1157,2132,8.200000,4.450000
1158,2133,8.203846,4.453846
1159,2134,8.207692,4.457692
1160,2135,8.211538,4.461538
1161,2136,8.215385,4.465385
1162,2137,8.219231,4.469231
1163,2138,8.223077,4.473077
1164,2139,8.226923,4.476923
1165,2140,8.230769,4.480769
1166,2141,8.234615,4.484615
1167,2142,8.238462,4.488462
1168,2143,8.242308,4.492308
1169,2144,8.246154,4.496154
1170,2145,8.250000,4.500000
1171,2146,8.253846,4.503846
1172,2147,8.257692,4.507692
1173,2148,8.261538,4.511538
1174,2149,8.265385,4.515385
1175,2150,8.269231,4.519231
1176,2151,8.273077,4.523077
1177,2152,8.276923,4.526923
1178,2153,8.280769,4.530769
1179,2154,8.284615,4.534615
1180,2155,8.288462,4.538462
1181,2156,8.292308,4.542308
1182,2157,8.296154,4.546154
1183,2158,8.300000,4.550000
1184,2159,8.303846,4.553846
1185,2160,8.307692,4.557692
1186,2161,8.311538,4.561538
1187,2162,8.315385,4.565385
1188,2163,8.319231,4.569231
1189,2164,8.323077,4.573077
1190,2165,8.326923,4.576923
1191,2166,8.330769,4.580769
1192,2167,8.334615,4.584615
1193,2168,8.338462,4.588462
1194,2169,8.342308,4.592308
1195,2170,8.346154,4.596154
1196,2171,8.350000,4.600000
1197,2172,8.353846,4.603846
1198,2173,8.357692,4.607692
1199,2174,8.361538,4.611538
1200,2175,8.365385,4.615385
1201,2176,8.369231,4.619231
1202,2177,8.373077,4.623077
1203,2178,8.376923,4.626923
1204,2179,8.380769,4.630769
1205,2180,8.384615,4.634615
1206,2181,8.388462,4.638462
1207,2182,8.392308,4.642308
1208,2183,8.396154,4.646154
1209,2184,8.400000,4.650000
1210,2185,8.403846,4.653846
1211,2186,8.407692,4.657692
1212,2187,8.411538,4.661538
1213,2188,8.415385,4.665385
1214,2189,8.419231,4.669231
1215,2190,8.423077,4.673077
1216,2191,8.426923,4.676923
1217,2192,8.430769,4.680769
1218,2193,8.434615,4.684615
1219,2194,8.438462,4.688462
1220,2195,8.442308,4.692308
1221,2196,8.446154,4.696154
1222,2197,8.450000,4.700000
1223,2198,8.453846,4.703846
1224,2199,8.457692,4.707692
1225,2200,8.461538,4.711538
1226,2201,8.465385,4.715385
1227,2202,8.469231,4.719231
1228,2203,8.473077,4.723077
1229,2204,8.476923,4.726923
1230,2205,8.480769,4.730769
1231,2206,8.484615,4.734615
1232,2207,8.488462,4.738462
1233,2208,8.492308,4.742308
1234,2209,8.496154,4.746154
1235,2210,8.500000,4.750000
1236,2211,8.503846,4.753846
1237,2212,8.507692,4.757692
1238,2213,8.511538,4.761538
1239,2214,8.515385,4.765385
1240,2215,8.519231,4.769231
1241,2216,8.523077,4.773077
1242,2217,8.526923,4.776923
1243,2218,8.530769,4.780769
1244,2219,8.534615,4.784615
1245,2220,8.538462,4.788462
1246,2221,8.542308,4.792308
1247,2222,8.546154,4.796154
1248,2223,8.550000,4.800000
1249,2224,8.553846,4.803846
1250,2225,8.557692,4.807692
1251,2226,8.561538,4.811538
1252,2227,8.565385,4.815385
1253,2228,8.569231,4.819231
1254,2229,8.573077,4.823077
1255,2230,8.576923,4.826923
1256,2231,8.580769,4.830769
1257,2232,8.584615,4.834615
1258,2233,8.588462,4.838462
1259,2234,8.592308,4.842308
1260,2235,8.596154,4.846154
1261,2236,8.600000,4.850000
1262,2237,8.603846,4.853846
1263,2238,8.607692,4.857692
1264,2239,8.611538,4.861538
1265,2240,8.615385,4.865385
1266,2241,8.619231,4.869231
1267,2242,8.623077,4.873077
1268,2243,8.626923,4.876923
1269,2244,8.630769,4.880769
1270,2245,8.634615,4.884615
1271,2246,8.638462,4.888462
1272,2247,8.642308,4.892308
1273,2248,8.646154,4.896154
1274,2249,8.650000,4.900000
1275,2250,8.653846,4.903846
1276,2251,8.657692,4.907692
1277,2252,8.661538,4.911538
1278,2253,8.665385,4.915385
1279,2254,8.669231,4.919231
1280,2255,8.673077,4.923077
1281,2256,8.676923,4.926923
1282,2257,8.680769,4.930769
1283,2258,8.684615,4.934615
1284,2259,8.688462,4.938462
1285,2260,8.692308,4.942308
1286,2261,8.696154,4.946154
1287,2262,8.700000,4.950000
1288,2263,8.703846,4.953846
1289,2264,8.707692,4.957692
1290,2265,8.711538,4.961538
1291,2266,8.715385,4.965385
1292,2267,8.719231,4.969231
1293,2268,8.723077,4.973077
1294,2269,8.726923,4.976923
1295,2270,8.730769,4.980769
1296,2271,8.734615,4.984615
1297,2272,8.738462,4.988462
1298,2273,8.742308,4.992308
1299,2274,8.746154,4.996154
1300,2275,8.750000,5.000000
1301,2276,8.753846,5.003846
1302,2277,8.757692,5.007692
1303,2278,8.761538,5.011538
1304,2279,8.765385,5.015385
1305,2280,8.769231,5.019231
1306,2281,8.773077,5.023077
1307,2282,8.776923,5.026923
1308,2283,8.780769,5.030769
1309,2284,8.784615,5.034615
1310,2285,8.788462,5.038462
1311,2286,8.792308,5.042308
1312,2287,8.796154,5.046154
1313,2288,8.800000,5.050000
1314,2289,8.803846,5.053846
1315,2290,8.807692,5.057692
1316,2291,8.811538,5.061538
1317,2292,8.815385,5.065385
1318,2293,8.819231,5.069231
1319,2294,8.823077,5.073077
1320,2295,8.826923,5.076923
1321,2296,8.830769,5.080769
1322,2297,8.834615,5.084615
1323,2298,8.838462,5.088462
1324,2299,8.842308,5.092308
1325,2300,8.846154,5.096154
1326,2301,8.850000,5.100000
1327,2302,8.853846,5.103846
1328,2303,8.857692,5.107692
1329,2304,8.861538,5.111538
1330,2305,8.865385,5.115385
1331,2306,8.869231,5.119231
1332,2307,8.873077,5.123077
1333,2308,8.876923,5.126923
1334,2309,8.880769,5.130769
1335,2310,8.884615,5.134615
1336,2311,8.888462,5.138462
1337,2312,8.892308,5.142308
1338,2313,8.896154,5.146154
1339,2314,8.900000,5.150000
1340,2315,8.903846,5.153846
1341,2316,8.907692,5.157692
1342,2317,8.911538,5.161538
1343,2318,8.915385,5.165385
1344,2319,8.919231,5.169231
1345,2320,8.923077,5.173077
1346,2321,8.926923,5.176923
1347,2322,8.930769,5.180769
1348,2323,8.934615,5.184615
1349,2324,8.938462,5.188462
1350,2325,8.942308,5.192308
1351,2326,8.946154,5.196154
1352,2327,8.950000,5.200000
1353,2328,8.953846,5.203846
1354,2329,8.957692,5.207692
1355,2330,8.961538,5.211538
1356,2331,8.965385,5.215385
1357,2332,8.969231,5.219231
1358,2333,8.973077,5.223077
1359,2334,8.976923,5.226923
1360,2335,8.980769,5.230769
1361,2336,8.984615,5.234615
1362,2337,8.988462,5.238462
1363,2338,8.992308,5.242308
1364,2339,8.996154,5.246154
1365,2340,9.000000,5.250000
1366,2341,9.003846,5.253846
1367,2342,9.007692,5.257692
1368,2343,9.011538,5.261538
1369,2344,9.015385,5.265385
1370,2345,9.019231,5.269231
1371,2346,9.023077,5.273077
1372,2347,9.026923,5.276923
1373,2348,9.030769,5.280769
1374,2349,9.034615,5.284615
1375,2350,9.038462,5.288462
1376,2351,9.042308,5.292308
1377,2352,9.046154,5.296154
1378,2353,9.050000,5.300000
1379,2354,9.053846,5.303846
1380,2355,9.057692,5.307692
1381,2356,9.061538,5.311538
1382,2357,9.065385,5.315385
1383,2358,9.069231,5.319231
1384,2359,9.073077,5.323077
1385,2360,9.076923,5.326923
1386,2361,9.080769,5.330769
1387,2362,9.084615,5.334615
1388,2363,9.088462,5.338462
1389,2364,9.092308,5.342308
1390,2365,9.096154,5.346154
1391,2366,9.100000,5.350000
1392,2367,9.103846,5.353846
1393,2368,9.107692,5.357692
1394,2369,9.111538,5.361538
1395,2370,9.115385,5.365385
1396,2371,9.119231,5.369231
1397,2372,9.123077,5.373077
1398,2373,9.126923,5.376923
1399,2374,9.130769,5.380769
1400,2375,9.134615,5.384615
1401,2376,9.138462,5.388462
1402,2377,9.142308,5.392308
1403,2378,9.146154,5.396154
1404,2379,9.150000,5.400000
1405,2380,9.153846,5.403846
1406,2381,9.157692,5.407692
1407,2382,9.161538,5.411538
1408,2383,9.165385,5.415385
1409,2384,9.169231,5.419231
1410,2385,9.173077,5.423077
1411,2386,9.176923,5.426923
1412,2387,9.180769,5.430769
1413,2388,9.184615,5.434615
1414,2389,9.188462,5.438462
1415,2390,9.192308,5.442308
1416,2391,9.196154,5.446154
1417,2392,9.200000,5.450000
1418,2393,9.203846,5.453846
1419,2394,9.207692,5.457692
1420,2395,9.211538,5.461538
1421,2396,9.215385,5.465385
1422,2397,9.219231,5.469231
1423,2398,9.223077,5.473077
1424,2399,9.226923,5.476923
1425,2400,9.230769,5.480769
1426,2401,9.234615,5.484615
1427,2402,9.238462,5.488462
1428,2403,9.242308,5.492308
1429,2404,9.246154,5.496154
1430,2405,9.250000,5.500000
1431,2406,9.253846,5.503846
1432,2407,9.257692,5.507692
1433,2408,9.261538,5.511538
1434,2409,9.265385,5.515385
1435,2410,9.269231,5.519231
1436,2411,9.273077,5.523077
1437,2412,9.276923,5.526923
1438,2413,9.280769,5.530769
1439,2414,9.284615,5.534615
1440,2415,9.288462,5.538462
1441,2416,9.292308,5.542308
1442,2417,9.296154,5.546154
1443,2418,9.300000,5.550000
1444,2419,9.303846,5.553846
1445,2420,9.307692,5.557692
1446,2421,9.311538,5.561538
1447,2422,9.315385,5.565385
1448,2423,9.319231,5.569231
1449,2424,9.323077,5.573077
1450,2425,9.326923,5.576923
1451,2426,9.330769,5.580769
1452,2427,9.334615,5.584615
1453,2428,9.338462,5.588462
1454,2429,9.342308,5.592308
1455,2430,9.346154,5.596154
1456,2431,9.350000,5.600000
1457,2432,9.353846,5.603846
1458,2433,9.357692,5.607692
1459,2434,9.361538,5.611538
1460,2435,9.365385,5.615385
1461,2436,9.369231,5.619231
1462,2437,9.373077,5.623077
1463,2438,9.376923,5.626923
1464,2439,9.380769,5.630769
1465,2440,9.384615,5.634615
1466,2441,9.388462,5.638462
1467,2442,9.392308,5.642308
1468,2443,9.396154,5.646154
1469,2444,9.400000,5.650000
1470,2445,9.403846,5.653846
1471,2446,9.407692,5.657692
1472,2447,9.411538,5.661538
1473,2448,9.415385,5.665385
1474,2449,9.419231,5.669231
1475,2450,9.423077,5.673077
1476,2451,9.426923,5.676923
1477,2452,9.430769,5.680769
1478,2453,9.434615,5.684615
1479,2454,9.438462,5.688462
1480,2455,9.442308,5.692308
1481,2456,9.446154,5.696154
1482,2457,9.450000,5.700000
1483,2458,9.453846,5.703846
1484,2459,9.457692,5.707692
1485,2460,9.461538,5.711538
1486,2461,9.465385,5.715385
1487,2462,9.469231,5.719231
1488,2463,9.473077,5.723077
1489,2464,9.476923,5.726923
1490,2465,9.480769,5.730769
1491,2466,9.484615,5.734615
1492,2467,9.488462,5.738462
1493,2468,9.492308,5.742308
1494,2469,9.496154,5.746154
1495,2470,9.500000,5.750000
1496,2471,9.503846,5.753846
1497,2472,9.507692,5.757692
1498,2473,9.511538,5.761538
1499,2474,9.515385,5.765385
1500,2475,9.519231,5.769231
1501,2476,9.523077,5.773077
1502,2477,9.526923,5.776923
1503,2478,9.530769,5.780769
1504,2479,9.534615,5.784615
1505,2480,9.538462,5.788462
1506,2481,9.542308,5.792308
1507,2482,9.546154,5.796154
1508,2483,9.550000,5.800000
1509,2484,9.553846,5.803846
1510,2485,9.557692,5.807692
1511,2486,9.561538,5.811538
1512,2487,9.565385,5.815385
1513,2488,9.569231,5.819231
1514,2489,9.573077,5.823077
1515,2490,9.576923,5.826923
1516,2491,9.580769,5.830769
1517,2492,9.584615,5.834615
1518,2493,9.588462,5.838462
1519,2494,9.592308,5.842308
1520,2495,9.596154,5.846154
1521,2496,9.600000,5.850000
1522,2497,9.603846,5.853846
1523,2498,9.607692,5.857692
1524,2499,9.611538,5.861538
1525,2500,9.615385,5.865385
1526,2501,9.619231,5.869231
1527,2502,9.623077,5.873077
1528,2503,9.626923,5.876923
1529,2504,9.630769,5.880769
1530,2505,9.634615,5.884615
1531,2506,9.638462,5.888462
1532,2507,9.642308,5.892308
1533,2508,9.646154,5.896154
1534,2509,9.650000,5.900000
1535,2510,9.653846,5.903846
1536,2511,9.657692,5.907692
1537,2512,9.661538,5.911538
1538,2513,9.665385,5.915385
1539,2514,9.669231,5.919231
1540,2515,9.673077,5.923077
1541,2516,9.676923,5.926923
1542,2517,9.680769,5.930769
1543,2518,9.684615,5.934615
1544,2519,9.688462,5.938462
1545,2520,9.692308,5.942308
1546,2521,9.696154,5.946154
1547,2522,9.700000,5.950000
1548,2523,9.703846,5.953846
1549,2524,9.707692,5.957692
1550,2525,9.711538,5.961538
1551,2526,9.715385,5.965385
1552,2527,9.719231,5.969231
1553,2528,9.723077,5.973077
1554,2529,9.726923,5.976923
1555,2530,9.730769,5.980769
1556,2531,9.734615,5.984615
1557,2532,9.738462,5.988462
1558,2533,9.742308,5.992308
1559,2534,9.746154,5.996154
1560,2535,9.750000,6.000000
1561,2536,9.753846,6.003846
1562,2537,9.757692,6.007692
1563,2538,9.761538,6.011538
1564,2539,9.765385,6.015385
1565,2540,9.769231,6.019231
1566,2541,9.773077,6.023077
1567,2542,9.776923,6.026923
1568,2543,9.780769,6.030769
1569,2544,9.784615,6.034615
1570,2545,9.788462,6.038462
1571,2546,9.792308,6.042308
1572,2547,9.796154,6.046154
1573,2548,9.800000,6.050000
1574,2549,9.803846,6.053846
1575,2550,9.807692,6.057692
1576,2551,9.811538,6.061538
1577,2552,9.815385,6.065385
1578,2553,9.819231,6.069231
1579,2554,9.823077,6.073077
1580,2555,9.826923,6.076923
1581,2556,9.830769,6.080769
1582,2557,9.834615,6.084615
1583,2558,9.838462,6.088462
1584,2559,9.842308,6.092308
1585,2560,9.846154,6.096154
1586,2561,9.850000,6.100000
1587,2562,9.853846,6.103846
1588,2563,9.857692,6.107692
1589,2564,9.861538,6.111538
1590,2565,9.865385,6.115385
1591,2566,9.869231,6.119231
1592,2567,9.873077,6.123077
1593,2568,9.876923,6.126923
1594,2569,9.880769,6.130769
1595,2570,9.884615,6.134615
1596,2571,9.888462,6.138462
1597,2572,9.892308,6.142308
1598,2573,9.896154,6.146154
1599,2574,9.900000,6.150000
1600,2575,9.903846,6.153846
1601,2576,9.907692,6.157692
1602,2577,9.911538,6.161538
1603,2578,9.915385,6.165385
1604,2579,9.919231,6.169231
1605,2580,9.923077,6.173077
1606,2581,9.926923,6.176923
1607,2582,9.930769,6.180769
1608,2583,9.934615,6.184615
1609,2584,9.938462,6.188462
1610,2585,9.942308,6.192308
1611,2586,9.946154,6.196154
1612,2587,9.950000,6.200000
1613,2588,9.953846,6.203846
1614,2589,9.957692,6.207692
1615,2590,9.961538,6.211538
1616,2591,9.965385,6.215385
1617,2592,9.969231,6.219231
1618,2593,9.973077,6.223077
1619,2594,9.976923,6.226923
1620,2595,9.980769,6.230769
1621,2596,9.984615,6.234615
1622,2597,9.988462,6.238462
1623,2598,9.992308,6.242308
1624,2599,9.996154,6.246154
1625,2600,10.000000,6.250000
1626,2601,10.003846,6.253846
1627,2602,10.007692,6.257692
1628,2603,10.011538,6.261538
1629,2604,10.015385,6.265385
1630,2605,10.019231,6.269231
1631,2606,10.023077,6.273077
1632,2607,10.026923,6.276923
1633,2608,10.030769,6.280769
1634,2609,10.034615,6.284615
1635,2610,10.038462,6.288462
1636,2611,10.042308,6.292308
1637,2612,10.046154,6.296154
1638,2613,10.050000,6.300000
1639,2614,10.053846,6.303846
1640,2615,10.057692,6.307692
1641,2616,10.061538,6.311538
1642,2617,10.065385,6.315385
1643,2618,10.069231,6.319231
1644,2619,10.073077,6.323077
1645,2620,10.076923,6.326923
1646,2621,10.080769,6.330769
1647,2622,10.084615,6.334615
1648,2623,10.088462,6.338462
1649,2624,10.092308,6.342308
1650,2625,10.096154,6.346154
1651,2626,10.100000,6.350000
1652,2627,10.103846,6.353846
1653,2628,10.107692,6.357692
1654,2629,10.111538,6.361538
1655,2630,10.115385,6.365385
1656,2631,10.119231,6.369231
1657,2632,10.123077,6.373077
1658,2633,10.126923,6.376923
1659,2634,10.130769,6.380769
1660,2635,10.134615,6.384615
1661,2636,10.138462,6.388462
1662,2637,10.142308,6.392308
1663,2638,10.146154,6.396154
1664,2639,10.150000,6.400000
1665,2640,10.153846,6.403846
1666,2641,10.157692,6.407692
1667,2642,10.161538,6.411538
1668,2643,10.165385,6.415385
1669,2644,10.169231,6.419231
1670,2645,10.173077,6.423077
1671,2646,10.176923,6.426923
1672,2647,10.180769,6.430769
1673,2648,10.184615,6.434615
1674,2649,10.188462,6.438462
1675,2650,10.192308,6.442308
1676,2651,10.196154,6.446154
1677,2652,10.200000,6.450000
1678,2653,10.203846,6.453846
1679,2654,10.207692,6.457692
1680,2655,10.211538,6.461538
1681,2656,10.215385,6.465385
1682,2657,10.219231,6.469231
1683,2658,10.223077,6.473077
1684,2659,10.226923,6.476923
1685,2660,10.230769,6.480769
1686,2661,10.234615,6.484615
1687,2662,10.238462,6.488462
1688,2663,10.242308,6.492308
1689,2664,10.246154,6.496154
1690,2665,10.250000,6.500000
1691,2666,10.253846,6.503846
1692,2667,10.257692,6.507692
1693,2668,10.261538,6.511538
1694,2669,10.265385,6.515385
1695,2670,10.269231,6.519231
1696,2671,10.273077,6.523077
1697,2672,10.276923,6.526923
1698,2673,10.280769,6.530769
1699,2674,10.284615,6.534615
1700,2675,10.288462,6.538462
1701,2676,10.292308,6.542308
1702,2677,10.296154,6.546154
1703,2678,10.300000,6.550000
1704,2679,10.303846,6.553846
1705,2680,10.307692,6.557692
1706,2681,10.311538,6.561538
1707,2682,10.315385,6.565385
1708,2683,10.319231,6.569231
1709,2684,10.323077,6.573077
1710,2685,10.326923,6.576923
1711,2686,10.330769,6.580769
1712,2687,10.334615,6.584615
1713,2688,10.338462,6.588462
1714,2689,10.342308,6.592308
1715,2690,10.346154,6.596154
1716,2691,10.350000,6.600000
1717,2692,10.353846,6.603846
1718,2693,10.357692,6.607692
1719,2694,10.361538,6.611538
1720,2695,10.365385,6.615385
1721,2696,10.369231,6.619231
1722,2697,10.373077,6.623077
1723,2698,10.376923,6.626923
1724,2699,10.380769,6.630769
1725,2700,10.384615,6.634615
1726,2701,10.388462,6.638462
1727,2702,10.392308,6.642308
1728,2703,10.396154,6.646154
1729,2704,10.400000,6.650000
1730,2705,10.403846,6.653846
1731,2706,10.407692,6.657692
1732,2707,10.411538,6.661538
1733,2708,10.415385,6.665385
1734,2709,10.419231,6.669231
1735,2710,10.423077,6.673077
1736,2711,10.426923,6.676923
1737,2712,10.430769,6.680769
1738,2713,10.434615,6.684615
1739,2714,10.438462,6.688462
1740,2715,10.442308,6.692308
1741,2716,10.446154,6.696154
1742,2717,10.450000,6.700000
1743,2718,10.453846,6.703846
1744,2719,10.457692,6.707692
1745,2720,10.461538,6.711538
1746,2721,10.465385,6.715385
1747,2722,10.469231,6.719231
1748,2723,10.473077,6.723077
1749,2724,10.476923,6.726923
1750,2725,10.480769,6.730769
1751,2726,10.484615,6.734615
1752,2727,10.488462,6.738462
1753,2728,10.492308,6.742308
1754,2729,10.496154,6.746154
1755,2730,10.500000,6.750000
1756,2731,10.503846,6.753846
1757,2732,10.507692,6.757692
1758,2733,10.511538,6.761538
1759,2734,10.515385,6.765385
1760,2735,10.519231,6.769231
1761,2736,10.523077,6.773077
1762,2737,10.526923,6.776923
1763,2738,10.530769,6.780769
1764,2739,10.534615,6.784615
1765,2740,10.538462,6.788462
1766,2741,10.542308,6.792308
1767,2742,10.546154,6.796154
1768,2743,10.550000,6.800000
1769,2744,10.553846,6.803846
1770,2745,10.557692,6.807692
1771,2746,10.561538,6.811538
1772,2747,10.565385,6.815385
1773,2748,10.569231,6.819231
1774,2749,10.573077,6.823077
1775,2750,10.576923,6.826923
1776,2751,10.580769,6.830769
1777,2752,10.584615,6.834615
1778,2753,10.588462,6.838462
1779,2754,10.592308,6.842308
1780,2755,10.596154,6.846154
1781,2756,10.600000,6.850000
1782,2757,10.603846,6.853846
1783,2758,10.607692,6.857692
1784,2759,10.611538,6.861538
1785,2760,10.615385,6.865385
1786,2761,10.619231,6.869231
1787,2762,10.623077,6.873077
1788,2763,10.626923,6.876923
1789,2764,10.630769,6.880769
1790,2765,10.634615,6.884615
1791,2766,10.638462,6.888462
1792,2767,10.642308,6.892308
1793,2768,10.646154,6.896154
1794,2769,10.650000,6.900000
1795,2770,10.653846,6.903846
1796,2771,10.657692,6.907692
1797,2772,10.661538,6.911538
1798,2773,10.665385,6.915385
1799,2774,10.669231,6.919231
1800,2775,10.673077,6.923077
1801,2776,10.676923,6.926923
1802,2777,10.680769,6.930769
1803,2778,10.684615,6.934615
1804,2779,10.688462,6.938462
1805,2780,10.692308,6.942308
1806,2781,10.696154,6.946154
1807,2782,10.700000,6.950000
1808,2783,10.703846,6.953846
1809,2784,10.707692,6.957692
1810,2785,10.711538,6.961538
1811,2786,10.715385,6.965385
1812,2787,10.719231,6.969231
1813,2788,10.723077,6.973077
1814,2789,10.726923,6.976923
1815,2790,10.730769,6.980769
1816,2791,10.734615,6.984615
1817,2792,10.738462,6.988462
1818,2793,10.742308,6.992308
1819,2794,10.746154,6.996154
1820,2795,10.750000,7.000000
1821,2796,10.753846,7.003846
1822,2797,10.757692,7.007692
1823,2798,10.761538,7.011538
1824,2799,10.765385,7.015385
1825,2800,10.769231,7.019231
1826,2801,10.773077,7.023077
1827,2802,10.776923,7.026923
1828,2803,10.780769,7.030769
1829,2804,10.784615,7.034615
1830,2805,10.788462,7.038462
1831,2806,10.792308,7.042308
1832,2807,10.796154,7.046154
1833,2808,10.800000,7.050000
1834,2809,10.803846,7.053846
1835,2810,10.807692,7.057692
1836,2811,10.811538,7.061538
1837,2812,10.815385,7.065385
1838,2813,10.819231,7.069231
1839,2814,10.823077,7.073077
1840,2815,10.826923,7.076923
1841,2816,10.830769,7.080769
1842,2817,10.834615,7.084615
1843,2818,10.838462,7.088462
1844,2819,10.842308,7.092308
1845,2820,10.846154,7.096154
1846,2821,10.850000,7.100000
1847,2822,10.853846,7.103846
1848,2823,10.857692,7.107692
1849,2824,10.861538,7.111538
1850,2825,10.865385,7.115385
1851,2826,10.869231,7.119231
1852,2827,10.873077,7.123077
1853,2828,10.876923,7.126923
1854,2829,10.880769,7.130769
1855,2830,10.884615,7.134615
1856,2831,10.888462,7.138462
1857,2832,10.892308,7.142308
1858,2833,10.896154,7.146154
1859,2834,10.900000,7.150000
1860,2835,10.903846,7.153846
1861,2836,10.907692,7.157692
1862,2837,10.911538,7.161538
1863,2838,10.915385,7.165385
1864,2839,10.919231,7.169231
1865,2840,10.923077,7.173077
1866,2841,10.926923,7.176923
1867,2842,10.930769,7.180769
1868,2843,10.934615,7.184615
1869,2844,10.938462,7.188462
1870,2845,10.942308,7.192308
1871,2846,10.946154,7.196154
1872,2847,10.950000,7.200000
1873,2848,10.953846,7.203846
1874,2849,10.957692,7.207692
1875,2850,10.961538,7.211538
1876,2851,10.965385,7.215385
1877,2852,10.969231,7.219231
1878,2853,10.973077,7.223077
1879,2854,10.976923,7.226923
1880,2855,10.980769,7.230769
1881,2856,10.984615,7.234615
1882,2857,10.988462,7.238462
1883,2858,10.992308,7.242308
1884,2859,10.996154,7.246154
1885,2860,11.000000,7.250000
1886,2861,11.003846,7.253846
1887,2862,11.007692,7.257692
1888,2863,11.011538,7.261538
1889,2864,11.015385,7.265385
1890,2865,11.019231,7.269231
1891,2866,11.023077,7.273077
1892,2867,11.026923,7.276923
1893,2868,11.030769,7.280769
1894,2869,11.034615,7.284615
1895,2870,11.038462,7.288462
1896,2871,11.042308,7.292308
1897,2872,11.046154,7.296154
1898,2873,11.050000,7.300000
1899,2874,11.053846,7.303846
1900,2875,11.057692,7.307692
1901,2876,11.061538,7.311538
1902,2877,11.065385,7.315385
1903,2878,11.069231,7.319231
1904,2879,11.073077,7.323077
1905,2880,11.076923,7.326923
1906,2881,11.080769,7.330769
1907,2882,11.084615,7.334615
1908,2883,11.088462,7.338462
1909,2884,11.092308,7.342308
1910,2885,11.096154,7.346154
1911,2886,11.100000,7.350000
1912,2887,11.103846,7.353846
1913,2888,11.107692,7.357692
1914,2889,11.111538,7.361538
1915,2890,11.115385,7.365385
1916,2891,11.119231,7.369231
1917,2892,11.123077,7.373077
1918,2893,11.126923,7.376923
1919,2894,11.130769,7.380769
1920,2895,11.134615,7.384615
1921,2896,11.138462,7.388462
1922,2897,11.142308,7.392308
1923,2898,11.146154,7.396154
1924,2899,11.150000,7.400000
1925,2900,11.153846,7.403846
1926,2901,11.157692,7.407692
1927,2902,11.161538,7.411538
1928,2903,11.165385,7.415385
1929,2904,11.169231,7.419231
1930,2905,11.173077,7.423077
1931,2906,11.176923,7.426923
1932,2907,11.180769,7.430769
1933,2908,11.184615,7.434615
1934,2909,11.188462,7.438462
1935,2910,11.192308,7.442308
1936,2911,11.196154,7.446154
1937,2912,11.200000,7.450000
1938,2913,11.203846,7.453846
1939,2914,11.207692,7.457692
1940,2915,11.211538,7.461538
1941,2916,11.215385,7.465385
1942,2917,11.219231,7.469231
1943,2918,11.223077,7.473077
1944,2919,11.226923,7.476923
1945,2920,11.230769,7.480769
1946,2921,11.234615,7.484615
1947,2922,11.238462,7.488462
1948,2923,11.242308,7.492308
1949,2924,11.246154,7.496154
1950,2925,11.250000,7.500000
1951,2926,11.253846,7.503846
1952,2927,11.257692,7.507692
1953,2928,11.261538,7.511538
1954,2929,11.265385,7.515385
1955,2930,11.269231,7.519231
1956,2931,11.273077,7.523077
1957,2932,11.276923,7.526923
1958,2933,11.280769,7.530769
1959,2934,11.284615,7.534615
1960,2935,11.288462,7.538462
1961,2936,11.292308,7.542308
1962,2937,11.296154,7.546154
1963,2938,11.300000,7.550000
1964,2939,11.303846,7.553846
1965,2940,11.307692,7.557692
1966,2941,11.311538,7.561538
1967,2942,11.315385,7.565385
1968,2943,11.319231,7.569231
1969,2944,11.323077,7.573077
1970,2945,11.326923,7.576923
1971,2946,11.330769,7.580769
1972,2947,11.334615,7.584615
1973,2948,11.338462,7.588462
1974,2949,11.342308,7.592308
1975,2950,11.346154,7.596154
1976,2951,11.350000,7.600000
1977,2952,11.353846,7.603846
1978,2953,11.357692,7.607692
1979,2954,11.361538,7.611538
1980,2955,11.365385,7.615385
1981,2956,11.369231,7.619231
1982,2957,11.373077,7.623077
1983,2958,11.376923,7.626923
1984,2959,11.380769,7.630769
1985,2960,11.384615,7.634615
1986,2961,11.388462,7.638462
1987,2962,11.392308,7.642308
1988,2963,11.396154,7.646154
1989,2964,11.400000,7.650000
1990,2965,11.403846,7.653846
1991,2966,11.407692,7.657692
1992,2967,11.411538,7.661538
1993,2968,11.415385,7.665385
1994,2969,11.419231,7.669231
1995,2970,11.423077,7.673077
1996,2971,11.426923,7.676923
1997,2972,11.430769,7.680769
1998,2973,11.434615,7.684615
1999,2974,11.438462,7.688462
2000,2975,11.442308,7.692308
2001,2976,11.446154,7.696154
2002,2977,11.450000,7.700000
2003,2978,11.453846,7.703846
2004,2979,11.457692,7.707692
2005,2980,11.461538,7.711538
2006,2981,11.465385,7.715385
2007,2982,11.469231,7.719231
2008,2983,11.473077,7.723077
2009,2984,11.476923,7.726923
2010,2985,11.480769,7.730769
2011,2986,11.484615,7.734615
2012,2987,11.488462,7.738462
2013,2988,11.492308,7.742308
2014,2989,11.496154,7.746154
2015,2990,11.500000,7.750000
2016,2991,11.503846,7.753846
2017,2992,11.507692,7.757692
2018,2993,11.511538,7.761538
2019,2994,11.515385,7.765385
2020,2995,11.519231,7.769231
2021,2996,11.523077,7.773077
2022,2997,11.526923,7.776923
2023,2998,11.530769,7.780769
2024,2999,11.534615,7.784615
2025,3000,11.538462,7.788462
2026,3001,11.542308,7.792308
2027,3002,11.546154,7.796154
2028,3003,11.550000,7.800000
2029,3004,11.553846,7.803846
2030,3005,11.557692,7.807692
2031,3006,11.561538,7.811538
2032,3007,11.565385,7.815385
2033,3008,11.569231,7.819231
2034,3009,11.573077,7.823077
2035,3010,11.576923,7.826923
2036,3011,11.580769,7.830769
2037,3012,11.584615,7.834615
2038,3013,11.588462,7.838462
2039,3014,11.592308,7.842308
2040,3015,11.596154,7.846154
2041,3016,11.600000,7.850000
2042,3017,11.603846,7.853846
2043,3018,11.607692,7.857692
2044,3019,11.611538,7.861538
2045,3020,11.615385,7.865385
2046,3021,11.619231,7.869231
2047,3022,11.623077,7.873077
2048,3023,11.626923,7.876923
2049,3024,11.630769,7.880769
2050,3025,11.634615,7.884615
2051,3026,11.638462,7.888462
2052,3027,11.642308,7.892308
2053,3028,11.646154,7.896154
2054,3029,11.650000,7.900000
2055,3030,11.653846,7.903846
2056,3031,11.657692,7.907692
2057,3032,11.661538,7.911538
2058,3033,11.665385,7.915385
2059,3034,11.669231,7.919231
2060,3035,11.673077,7.923077
2061,3036,11.676923,7.926923
2062,3037,11.680769,7.930769
2063,3038,11.684615,7.934615
2064,3039,11.688462,7.938462
2065,3040,11.692308,7.942308
2066,3041,11.696154,7.946154
2067,3042,11.700000,7.950000
2068,3043,11.703846,7.953846
2069,3044,11.707692,7.957692
2070,3045,11.711538,7.961538
2071,3046,11.715385,7.965385
2072,3047,11.719231,7.969231
2073,3048,11.723077,7.973077
2074,3049,11.726923,7.976923
2075,3050,11.730769,7.980769
2076,3051,11.734615,7.984615
2077,3052,11.738462,7.988462
2078,3053,11.742308,7.992308
2079,3054,11.746154,7.996154
2080,3055,11.750000,8.000000
2081,3056,11.753846,8.003846
2082,3057,11.757692,8.007692
2083,3058,11.761538,8.011538
2084,3059,11.765385,8.015385
2085,3060,11.769231,8.019231
2086,3061,11.773077,8.023077
2087,3062,11.776923,8.026923
2088,3063,11.780769,8.030769
2089,3064,11.784615,8.034615
2090,3065,11.788462,8.038462
2091,3066,11.792308,8.042308
2092,3067,11.796154,8.046154
2093,3068,11.800000,8.050000
2094,3069,11.803846,8.053846
2095,3070,11.807692,8.057692
2096,3071,11.811538,8.061538
2097,3072,11.815385,8.065385
2098,3073,11.819231,8.069231
2099,3074,11.823077,8.073077
2100,3075,11.826923,8.076923
2101,3076,11.830769,8.080769
2102,3077,11.834615,8.084615
2103,3078,11.838462,8.088462
2104,3079,11.842308,8.092308
2105,3080,11.846154,8.096154
2106,3081,11.850000,8.100000
2107,3082,11.853846,8.103846
2108,3083,11.857692,8.107692
2109,3084,11.861538,8.111538
2110,3085,11.865385,8.115385
2111,3086,11.869231,8.119231
2112,3087,11.873077,8.123077
2113,3088,11.876923,8.126923
2114,3089,11.880769,8.130769
2115,3090,11.884615,8.134615
2116,3091,11.888462,8.138462
2117,3092,11.892308,8.142308
2118,3093,11.896154,8.146154
2119,3094,11.900000,8.150000
2120,3095,11.903846,8.153846
2121,3096,11.907692,8.157692
2122,3097,11.911538,8.161538
2123,3098,11.915385,8.165385
2124,3099,11.919231,8.169231
2125,3100,11.923077,8.173077
2126,3101,11.926923,8.176923
2127,3102,11.930769,8.180769
2128,3103,11.934615,8.184615
2129,3104,11.938462,8.188462
2130,3105,11.942308,8.192308
2131,3106,11.946154,8.196154
2132,3107,11.950000,8.200000
2133,3108,11.953846,8.203846
2134,3109,11.957692,8.207692
2135,3110,11.961538,8.211538
2136,3111,11.965385,8.215385
2137,3112,11.969231,8.219231
2138,3113,11.973077,8.223077
2139,3114,11.976923,8.226923
2140,3115,11.980769,8.230769
2141,3116,11.984615,8.234615
2142,3117,11.988462,8.238462
2143,3118,11.992308,8.242308
2144,3119,11.996154,8.246154
2145,3120,12.000000,8.250000
2146,3121,12.003846,8.253846
2147,3122,12.007692,8.257692
2148,3123,12.011538,8.261538
2149,3124,12.015385,8.265385
2150,3125,12.019231,8.269231
2151,3126,12.023077,8.273077
2152,3127,12.026923,8.276923
2153,3128,12.030769,8.280769
2154,3129,12.034615,8.284615
2155,3130,12.038462,8.288462
2156,3131,12.042308,8.292308
2157,3132,12.046154,8.296154
2158,3133,12.050000,8.300000
2159,3134,12.053846,8.303846
2160,3135,12.057692,8.307692
2161,3136,12.061538,8.311538
2162,3137,12.065385,8.315385
2163,3138,12.069231,8.319231
2164,3139,12.073077,8.323077
2165,3140,12.076923,8.326923
2166,3141,12.080769,8.330769
2167,3142,12.084615,8.334615
2168,3143,12.088462,8.338462
2169,3144,12.092308,8.342308
2170,3145,12.096154,8.346154
2171,3146,12.100000,8.350000
2172,3147,12.103846,8.353846
2173,3148,12.107692,8.357692
2174,3149,12.111538,8.361538
2175,3150,12.115385,8.365385
2176,3151,12.119231,8.369231
2177,3152,12.123077,8.373077
2178,3153,12.126923,8.376923
2179,3154,12.130769,8.380769
2180,3155,12.134615,8.384615
2181,3156,12.138462,8.388462
2182,3157,12.142308,8.392308
2183,3158,12.146154,8.396154
2184,3159,12.150000,8.400000
2185,3160,12.153846,8.403846
2186,3161,12.157692,8.407692
2187,3162,12.161538,8.411538
2188,3163,12.165385,8.415385
2189,3164,12.169231,8.419231
2190,3165,12.173077,8.423077
2191,3166,12.176923,8.426923
2192,3167,12.180769,8.430769
2193,3168,12.184615,8.434615
2194,3169,12.188462,8.438462
2195,3170,12.192308,8.442308
2196,3171,12.196154,8.446154
2197,3172,12.200000,8.450000
2198,3173,12.203846,8.453846
2199,3174,12.207692,8.457692
2200,3175,12.211538,8.461538
2201,3176,12.215385,8.465385
2202,3177,12.219231,8.469231
2203,3178,12.223077,8.473077
2204,3179,12.226923,8.476923
2205,3180,12.230769,8.480769
2206,3181,12.234615,8.484615
2207,3182,12.238462,8.488462
2208,3183,12.242308,8.492308
2209,3184,12.246154,8.496154
2210,3185,12.250000,8.500000
2211,3186,12.253846,8.503846
2212,3187,12.257692,8.507692
2213,3188,12.261538,8.511538
2214,3189,12.265385,8.515385
2215,3190,12.269231,8.519231
2216,3191,12.273077,8.523077
2217,3192,12.276923,8.526923
2218,3193,12.280769,8.530769
2219,3194,12.284615,8.534615
2220,3195,12.288462,8.538462
2221,3196,12.292308,8.542308
2222,3197,12.296154,8.546154
2223,3198,12.300000,8.550000
2224,3199,12.303846,8.553846
2225,3200,12.307692,8.557692
2226,3201,12.311538,8.561538
2227,3202,12.315385,8.565385
2228,3203,12.319231,8.569231
2229,3204,12.323077,8.573077
2230,3205,12.326923,8.576923
2231,3206,12.330769,8.580769
2232,3207,12.334615,8.584615
2233,3208,12.338462,8.588462
2234,3209,12.342308,8.592308
2235,3210,12.346154,8.596154
2236,3211,12.350000,8.600000
2237,3212,12.353846,8.603846
2238,3213,12.357692,8.607692
2239,3214,12.361538,8.611538
2240,3215,12.365385,8.615385
2241,3216,12.369231,8.619231
2242,3217,12.373077,8.623077
2243,3218,12.376923,8.626923
2244,3219,12.380769,8.630769
2245,3220,12.384615,8.634615
2246,3221,12.388462,8.638462
2247,3222,12.392308,8.642308
2248,3223,12.396154,8.646154
2249,3224,12.400000,8.650000
2250,3225,12.403846,8.653846
2251,3226,12.407692,8.657692
2252,3227,12.411538,8.661538
2253,3228,12.415385,8.665385
2254,3229,12.419231,8.669231
2255,3230,12.423077,8.673077
2256,3231,12.426923,8.676923
2257,3232,12.430769,8.680769
2258,3233,12.434615,8.684615
2259,3234,12.438462,8.688462
2260,3235,12.442308,8.692308
2261,3236,12.446154,8.696154
2262,3237,12.450000,8.700000
2263,3238,12.453846,8.703846
2264,3239,12.457692,8.707692
2265,3240,12.461538,8.711538
2266,3241,12.465385,8.715385
2267,3242,12.469231,8.719231
2268,3243,12.473077,8.723077
2269,3244,12.476923,8.726923
2270,3245,12.480769,8.730769
2271,3246,12.484615,8.734615
2272,3247,12.488462,8.738462
2273,3248,12.492308,8.742308
2274,3249,12.496154,8.746154
2275,3250,12.500000,8.750000
2276,3251,12.503846,8.753846
2277,3252,12.507692,8.757692
2278,3253,12.511538,8.761538
2279,3254,12.515385,8.765385
2280,3255,12.519231,8.769231
2281,3256,12.523077,8.773077
2282,3257,12.526923,8.776923
2283,3258,12.530769,8.780769
2284,3259,12.534615,8.784615
2285,3260,12.538462,8.788462
2286,3261,12.542308,8.792308
2287,3262,12.546154,8.796154
2288,3263,12.550000,8.800000
2289,3264,12.553846,8.803846
2290,3265,12.557692,8.807692
2291,3266,12.561538,8.811538
2292,3267,12.565385,8.815385
2293,3268,12.569231,8.819231
2294,3269,12.573077,8.823077
2295,3270,12.576923,8.826923
2296,3271,12.580769,8.830769
2297,3272,12.584615,8.834615
2298,3273,12.588462,8.838462
2299,3274,12.592308,8.842308
2300,3275,12.596154,8.846154
2301,3276,12.600000,8.850000
2302,3277,12.603846,8.853846
2303,3278,12.607692,8.857692
2304,3279,12.611538,8.861538
2305,3280,12.615385,8.865385
2306,3281,12.619231,8.869231
2307,3282,12.623077,8.873077
2308,3283,12.626923,8.876923
2309,3284,12.630769,8.880769
2310,3285,12.634615,8.884615
2311,3286,12.638462,8.888462
2312,3287,12.642308,8.892308
2313,3288,12.646154,8.896154
2314,3289,12.650000,8.900000
2315,3290,12.653846,8.903846
2316,3291,12.657692,8.907692
2317,3292,12.661538,8.911538
2318,3293,12.665385,8.915385
2319,3294,12.669231,8.919231
2320,3295,12.673077,8.923077
2321,3296,12.676923,8.926923
2322,3297,12.680769,8.930769
2323,3298,12.684615,8.934615
2324,3299,12.688462,8.938462
2325,3300,12.692308,8.942308
2326,3301,12.696154,8.946154
2327,3302,12.700000,8.950000
2328,3303,12.703846,8.953846
2329,3304,12.707692,8.957692
2330,3305,12.711538,8.961538
2331,3306,12.715385,8.965385
2332,3307,12.719231,8.969231
2333,3308,12.723077,8.973077
2334,3309,12.726923,8.976923
2335,3310,12.730769,8.980769
2336,3311,12.734615,8.984615
2337,3312,12.738462,8.988462
2338,3313,12.742308,8.992308
2339,3314,12.746154,8.996154
2340,3315,12.750000,9.000000
2341,3316,12.753846,9.003846
2342,3317,12.757692,9.007692
2343,3318,12.761538,9.011538
2344,3319,12.765385,9.015385
2345,3320,12.769231,9.019231
2346,3321,12.773077,9.023077
2347,3322,12.776923,9.026923
2348,3323,12.780769,9.030769
2349,3324,12.784615,9.034615
2350,3325,12.788462,9.038462
2351,3326,12.792308,9.042308
2352,3327,12.796154,9.046154
2353,3328,12.800000,9.050000
2354,3329,12.803846,9.053846
2355,3330,12.807692,9.057692
2356,3331,12.811538,9.061538
2357,3332,12.815385,9.065385
2358,3333,12.819231,9.069231
2359,3334,12.823077,9.073077
2360,3335,12.826923,9.076923
2361,3336,12.830769,9.080769
2362,3337,12.834615,9.084615
2363,3338,12.838462,9.088462
2364,3339,12.842308,9.092308
2365,3340,12.846154,9.096154
2366,3341,12.850000,9.100000
2367,3342,12.853846,9.103846
2368,3343,12.857692,9.107692
2369,3344,12.861538,9.111538
2370,3345,12.865385,9.115385
2371,3346,12.869231,9.119231
2372,3347,12.873077,9.123077
2373,3348,12.876923,9.126923
2374,3349,12.880769,9.130769
2375,3350,12.884615,9.134615
2376,3351,12.888462,9.138462
2377,3352,12.892308,9.142308
2378,3353,12.896154,9.146154
2379,3354,12.900000,9.150000
2380,3355,12.903846,9.153846
2381,3356,12.907692,9.157692
2382,3357,12.911538,9.161538
2383,3358,12.915385,9.165385
2384,3359,12.919231,9.169231
2385,3360,12.923077,9.173077
2386,3361,12.926923,9.176923
2387,3362,12.930769,9.180769
2388,3363,12.934615,9.184615
2389,3364,12.938462,9.188462
2390,3365,12.942308,9.192308
2391,3366,12.946154,9.196154
2392,3367,12.950000,9.200000
2393,3368,12.953846,9.203846
2394,3369,12.957692,9.207692
2395,3370,12.961538,9.211538
2396,3371,12.965385,9.215385
2397,3372,12.969231,9.219231
2398,3373,12.973077,9.223077
2399,3374,12.976923,9.226923
2400,3375,12.980769,9.230769
2401,3376,12.984615,9.234615
2402,3377,12.988462,9.238462
2403,3378,12.992308,9.242308
2404,3379,12.996154,9.246154
2405,3380,13.000000,9.250000
2406,3381,13.003846,9.253846
2407,3382,13.007692,9.257692
2408,3383,13.011538,9.261538
2409,3384,13.015385,9.265385
2410,3385,13.019231,9.269231
2411,3386,13.023077,9.273077
2412,3387,13.026923,9.276923
2413,3388,13.030769,9.280769
2414,3389,13.034615,9.284615
2415,3390,13.038462,9.288462
2416,3391,13.042308,9.292308
2417,3392,13.046154,9.296154
2418,3393,13.050000,9.300000
2419,3394,13.053846,9.303846
2420,3395,13.057692,9.307692
2421,3396,13.061538,9.311538
2422,3397,13.065385,9.315385
2423,3398,13.069231,9.319231
2424,3399,13.073077,9.323077
2425,3400,13.076923,9.326923
2426,3401,13.080769,9.330769
2427,3402,13.084615,9.334615
2428,3403,13.088462,9.338462
2429,3404,13.092308,9.342308
2430,3405,13.096154,9.346154
2431,3406,13.100000,9.350000
2432,3407,13.103846,9.353846
2433,3408,13.107692,9.357692
2434,3409,13.111538,9.361538
2435,3410,13.115385,9.365385
2436,3411,13.119231,9.369231
2437,3412,13.123077,9.373077
2438,3413,13.126923,9.376923
2439,3414,13.130769,9.380769
2440,3415,13.134615,9.384615
2441,3416,13.138462,9.388462
2442,3417,13.142308,9.392308
2443,3418,13.146154,9.396154
2444,3419,13.150000,9.400000
2445,3420,13.153846,9.403846
2446,3421,13.157692,9.407692
2447,3422,13.161538,9.411538
2448,3423,13.165385,9.415385
2449,3424,13.169231,9.419231
2450,3425,13.173077,9.423077
2451,3426,13.176923,9.426923
2452,3427,13.180769,9.430769
2453,3428,13.184615,9.434615
2454,3429,13.188462,9.438462
2455,3430,13.192308,9.442308
2456,3431,13.196154,9.446154
2457,3432,13.200000,9.450000
2458,3433,13.203846,9.453846
2459,3434,13.207692,9.457692
2460,3435,13.211538,9.461538
2461,3436,13.215385,9.465385
2462,3437,13.219231,9.469231
2463,3438,13.223077,9.473077
2464,3439,13.226923,9.476923
2465,3440,13.230769,9.480769
2466,3441,13.234615,9.484615
2467,3442,13.238462,9.488462
2468,3443,13.242308,9.492308
2469,3444,13.246154,9.496154
2470,3445,13.250000,9.500000
2471,3446,13.253846,9.503846
2472,3447,13.257692,9.507692
2473,3448,13.261538,9.511538
2474,3449,13.265385,9.515385
2475,3450,13.269231,9.519231
2476,3451,13.273077,9.523077
2477,3452,13.276923,9.526923
2478,3453,13.280769,9.530769
2479,3454,13.284615,9.534615
2480,3455,13.288462,9.538462
2481,3456,13.292308,9.542308
2482,3457,13.296154,9.546154
2483,3458,13.300000,9.550000
2484,3459,13.303846,9.553846
2485,3460,13.307692,9.557692
2486,3461,13.311538,9.561538
2487,3462,13.315385,9.565385
2488,3463,13.319231,9.569231
2489,3464,13.323077,9.573077
2490,3465,13.326923,9.576923
2491,3466,13.330769,9.580769
2492,3467,13.334615,9.584615
2493,3468,13.338462,9.588462
2494,3469,13.342308,9.592308
2495,3470,13.346154,9.596154
2496,3471,13.350000,9.600000
2497,3472,13.353846,9.603846
2498,3473,13.357692,9.607692
2499,3474,13.361538,9.611538
2500,3475,13.365385,9.615385
2501,3476,13.369231,9.619231
2502,3477,13.373077,9.623077
2503,3478,13.376923,9.626923
2504,3479,13.380769,9.630769
2505,3480,13.384615,9.634615
2506,3481,13.388462,9.638462
2507,3482,13.392308,9.642308
2508,3483,13.396154,9.646154
2509,3484,13.400000,9.650000
2510,3485,13.403846,9.653846
2511,3486,13.407692,9.657692
2512,3487,13.411538,9.661538
2513,3488,13.415385,9.665385
2514,3489,13.419231,9.669231
2515,3490,13.423077,9.673077
2516,3491,13.426923,9.676923
2517,3492,13.430769,9.680769
2518,3493,13.434615,9.684615
2519,3494,13.438462,9.688462
2520,3495,13.442308,9.692308
2521,3496,13.446154,9.696154
2522,3497,13.450000,9.700000
2523,3498,13.453846,9.703846
2524,3499,13.457692,9.707692
2525,3500,13.461538,9.711538
2526,3501,13.465385,9.715385
2527,3502,13.469231,9.719231
2528,3503,13.473077,9.723077
2529,3504,13.476923,9.726923
2530,3505,13.480769,9.730769
2531,3506,13.484615,9.734615
2532,3507,13.488462,9.738462
2533,3508,13.492308,9.742308
2534,3509,13.496154,9.746154
2535,3510,13.500000,9.750000
2536,3511,13.503846,9.753846
2537,3512,13.507692,9.757692
2538,3513,13.511538,9.761538
2539,3514,13.515385,9.765385
2540,3515,13.519231,9.769231
2541,3516,13.523077,9.773077
2542,3517,13.526923,9.776923
2543,3518,13.530769,9.780769
2544,3519,13.534615,9.784615
2545,3520,13.538462,9.788462
2546,3521,13.542308,9.792308
2547,3522,13.546154,9.796154
2548,3523,13.550000,9.800000
2549,3524,13.553846,9.803846
2550,3525,13.557692,9.807692
2551,3526,13.561538,9.811538
2552,3527,13.565385,9.815385
2553,3528,13.569231,9.819231
2554,3529,13.573077,9.823077
2555,3530,13.576923,9.826923
2556,3531,13.580769,9.830769
2557,3532,13.584615,9.834615
2558,3533,13.588462,9.838462
2559,3534,13.592308,9.842308
2560,3535,13.596154,9.846154
2561,3536,13.600000,9.850000
2562,3537,13.603846,9.853846
2563,3538,13.607692,9.857692
2564,3539,13.611538,9.861538
2565,3540,13.615385,9.865385
2566,3541,13.619231,9.869231
2567,3542,13.623077,9.873077
2568,3543,13.626923,9.876923
2569,3544,13.630769,9.880769
2570,3545,13.634615,9.884615
2571,3546,13.638462,9.888462
2572,3547,13.642308,9.892308
2573,3548,13.646154,9.896154
2574,3549,13.650000,9.900000
2575,3550,13.653846,9.903846
2576,3551,13.657692,9.907692
2577,3552,13.661538,9.911538
2578,3553,13.665385,9.915385
2579,3554,13.669231,9.919231
2580,3555,13.673077,9.923077
2581,3556,13.676923,9.926923
2582,3557,13.680769,9.930769
2583,3558,13.684615,9.934615
2584,3559,13.688462,9.938462
2585,3560,13.692308,9.942308
2586,3561,13.696154,9.946154
2587,3562,13.700000,9.950000
2588,3563,13.703846,9.953846
2589,3564,13.707692,9.957692
2590,3565,13.711538,9.961538
2591,3566,13.715385,9.965385
2592,3567,13.719231,9.969231
2593,3568,13.723077,9.973077
2594,3569,13.726923,9.976923
2595,3570,13.730769,9.980769
2596,3571,13.734615,9.984615
2597,3572,13.738462,9.988462
2598,3573,13.742308,9.992308
2599,3574,13.746154,9.996154
2600,3575,13.750000,10.000000
2601,3576,13.753846,10.003846
2602,3577,13.757692,10.007692
2603,3578,13.761538,10.011538
2604,3579,13.765385,10.015385
2605,3580,13.769231,10.019231
2606,3581,13.773077,10.023077
2607,3582,13.776923,10.026923
2608,3583,13.780769,10.030769
2609,3584,13.784615,10.034615
2610,3585,13.788462,10.038462
2611,3586,13.792308,10.042308
2612,3587,13.796154,10.046154
2613,3588,13.800000,10.050000
2614,3589,13.803846,10.053846
2615,3590,13.807692,10.057692
2616,3591,13.811538,10.061538
2617,3592,13.815385,10.065385
2618,3593,13.819231,10.069231
2619,3594,13.823077,10.073077
2620,3595,13.826923,10.076923
2621,3596,13.830769,10.080769
2622,3597,13.834615,10.084615
2623,3598,13.838462,10.088462
2624,3599,13.842308,10.092308
2625,3600,13.846154,10.096154
2626,3601,13.850000,10.100000
2627,3602,13.853846,10.103846
2628,3603,13.857692,10.107692
2629,3604,13.861538,10.111538
2630,3605,13.865385,10.115385
2631,3606,13.869231,10.119231
2632,3607,13.873077,10.123077
2633,3608,13.876923,10.126923
2634,3609,13.880769,10.130769
2635,3610,13.884615,10.134615
2636,3611,13.888462,10.138462
2637,3612,13.892308,10.142308
2638,3613,13.896154,10.146154
2639,3614,13.900000,10.150000
2640,3615,13.903846,10.153846
2641,3616,13.907692,10.157692
2642,3617,13.911538,10.161538
2643,3618,13.915385,10.165385
2644,3619,13.919231,10.169231
2645,3620,13.923077,10.173077
2646,3621,13.926923,10.176923
2647,3622,13.930769,10.180769
2648,3623,13.934615,10.184615
2649,3624,13.938462,10.188462
2650,3625,13.942308,10.192308
2651,3626,13.946154,10.196154
2652,3627,13.950000,10.200000
2653,3628,13.953846,10.203846
2654,3629,13.957692,10.207692
2655,3630,13.961538,10.211538
2656,3631,13.965385,10.215385
2657,3632,13.969231,10.219231
2658,3633,13.973077,10.223077
2659,3634,13.976923,10.226923
2660,3635,13.980769,10.230769
2661,3636,13.984615,10.234615
2662,3637,13.988462,10.238462
2663,3638,13.992308,10.242308
2664,3639,13.996154,10.246154
2665,3640,14.000000,10.250000
2666,3641,14.003846,10.253846
2667,3642,14.007692,10.257692
2668,3643,14.011538,10.261538
2669,3644,14.015385,10.265385
2670,3645,14.019231,10.269231
2671,3646,14.023077,10.273077
2672,3647,14.026923,10.276923
2673,3648,14.030769,10.280769
2674,3649,14.034615,10.284615
2675,3650,14.038462,10.288462
2676,3651,14.042308,10.292308
2677,3652,14.046154,10.296154
2678,3653,14.050000,10.300000
2679,3654,14.053846,10.303846
2680,3655,14.057692,10.307692
2681,3656,14.061538,10.311538
2682,3657,14.065385,10.315385
2683,3658,14.069231,10.319231
2684,3659,14.073077,10.323077
2685,3660,14.076923,10.326923
2686,3661,14.080769,10.330769
2687,3662,14.084615,10.334615
2688,3663,14.088462,10.338462
2689,3664,14.092308,10.342308
2690,3665,14.096154,10.346154
2691,3666,14.100000,10.350000
2692,3667,14.103846,10.353846
2693,3668,14.107692,10.357692
2694,3669,14.111538,10.361538
2695,3670,14.115385,10.365385
2696,3671,14.119231,10.369231
2697,3672,14.123077,10.373077
2698,3673,14.126923,10.376923
2699,3674,14.130769,10.380769
2700,3675,14.134615,10.384615
2701,3676,14.138462,10.388462
2702,3677,14.142308,10.392308
2703,3678,14.146154,10.396154
2704,3679,14.150000,10.400000
2705,3680,14.153846,10.403846
2706,3681,14.157692,10.407692
2707,3682,14.161538,10.411538
2708,3683,14.165385,10.415385
2709,3684,14.169231,10.419231
2710,3685,14.173077,10.423077
2711,3686,14.176923,10.426923
2712,3687,14.180769,10.430769
2713,3688,14.184615,10.434615
2714,3689,14.188462,10.438462
2715,3690,14.192308,10.442308
2716,3691,14.196154,10.446154
2717,3692,14.200000,10.450000
2718,3693,14.203846,10.453846
2719,3694,14.207692,10.457692
2720,3695,14.211538,10.461538
2721,3696,14.215385,10.465385
2722,3697,14.219231,10.469231
2723,3698,14.223077,10.473077
2724,3699,14.226923,10.476923
2725,3700,14.230769,10.480769
2726,3701,14.234615,10.484615
2727,3702,14.238462,10.488462
2728,3703,14.242308,10.492308
2729,3704,14.246154,10.496154
2730,3705,14.250000,10.500000
2731,3706,14.253846,10.503846
2732,3707,14.257692,10.507692
2733,3708,14.261538,10.511538
2734,3709,14.265385,10.515385
2735,3710,14.269231,10.519231
2736,3711,14.273077,10.523077
2737,3712,14.276923,10.526923
2738,3713,14.280769,10.530769
2739,3714,14.284615,10.534615
2740,3715,14.288462,10.538462
2741,3716,14.292308,10.542308
2742,3717,14.296154,10.546154
2743,3718,14.300000,10.550000
2744,3719,14.303846,10.553846
2745,3720,14.307692,10.557692
2746,3721,14.311538,10.561538
2747,3722,14.315385,10.565385
2748,3723,14.319231,10.569231
2749,3724,14.323077,10.573077
2750,3725,14.326923,10.576923
2751,3726,14.330769,10.580769
2752,3727,14.334615,10.584615
2753,3728,14.338462,10.588462
2754,3729,14.342308,10.592308
2755,3730,14.346154,10.596154
2756,3731,14.350000,10.600000
2757,3732,14.353846,10.603846
2758,3733,14.357692,10.607692
2759,3734,14.361538,10.611538
2760,3735,14.365385,10.615385
2761,3736,14.369231,10.619231
2762,3737,14.373077,10.623077
2763,3738,14.376923,10.626923
2764,3739,14.380769,10.630769
2765,3740,14.384615,10.634615
2766,3741,14.388462,10.638462
2767,3742,14.392308,10.642308
2768,3743,14.396154,10.646154
2769,3744,14.400000,10.650000
2770,3745,14.403846,10.653846
2771,3746,14.407692,10.657692
2772,3747,14.411538,10.661538
2773,3748,14.415385,10.665385
2774,3749,14.419231,10.669231
2775,3750,14.423077,10.673077
2776,3751,14.426923,10.676923
2777,3752,14.430769,10.680769
2778,3753,14.434615,10.684615
2779,3754,14.438462,10.688462
2780,3755,14.442308,10.692308
2781,3756,14.446154,10.696154
2782,3757,14.450000,10.700000
2783,3758,14.453846,10.703846
2784,3759,14.457692,10.707692
2785,3760,14.461538,10.711538
2786,3761,14.465385,10.715385
2787,3762,14.469231,10.719231
2788,3763,14.473077,10.723077
2789,3764,14.476923,10.726923
2790,3765,14.480769,10.730769
2791,3766,14.484615,10.734615
2792,3767,14.488462,10.738462
2793,3768,14.492308,10.742308
2794,3769,14.496154,10.746154
2795,3770,14.500000,10.750000
2796,3771,14.503846,10.753846
2797,3772,14.507692,10.757692
2798,3773,14.511538,10.761538
2799,3774,14.515385,10.765385
2800,3775,14.519231,10.769231
2801,3776,14.523077,10.773077
2802,3777,14.526923,10.776923
2803,3778,14.530769,10.780769
2804,3779,14.534615,10.784615
2805,3780,14.538462,10.788462
2806,3781,14.542308,10.792308
2807,3782,14.546154,10.796154
2808,3783,14.550000,10.800000
2809,3784,14.553846,10.803846
2810,3785,14.557692,10.807692
2811,3786,14.561538,10.811538
2812,3787,14.565385,10.815385
2813,3788,14.569231,10.819231
2814,3789,14.573077,10.823077
2815,3790,14.576923,10.826923
2816,3791,14.580769,10.830769
2817,3792,14.584615,10.834615
2818,3793,14.588462,10.838462
2819,3794,14.592308,10.842308
2820,3795,14.596154,10.846154
2821,3796,14.600000,10.850000
2822,3797,14.603846,10.853846
2823,3798,14.607692,10.857692
2824,3799,14.611538,10.861538
2825,3800,14.615385,10.865385
2826,3801,14.619231,10.869231
2827,3802,14.623077,10.873077
2828,3803,14.626923,10.876923
2829,3804,14.630769,10.880769
2830,3805,14.634615,10.884615
2831,3806,14.638462,10.888462
2832,3807,14.642308,10.892308
2833,3808,14.646154,10.896154
2834,3809,14.650000,10.900000
2835,3810,14.653846,10.903846
2836,3811,14.657692,10.907692
2837,3812,14.661538,10.911538
2838,3813,14.665385,10.915385
2839,3814,14.669231,10.919231
2840,3815,14.673077,10.923077
2841,3816,14.676923,10.926923
2842,3817,14.680769,10.930769
2843,3818,14.684615,10.934615
2844,3819,14.688462,10.938462
2845,3820,14.692308,10.942308
2846,3821,14.696154,10.946154
2847,3822,14.700000,10.950000
2848,3823,14.703846,10.953846
2849,3824,14.707692,10.957692
2850,3825,14.711538,10.961538
2851,3826,14.715385,10.965385
2852,3827,14.719231,10.969231
2853,3828,14.723077,10.973077
2854,3829,14.726923,10.976923
2855,3830,14.730769,10.980769
2856,3831,14.734615,10.984615
2857,3832,14.738462,10.988462
2858,3833,14.742308,10.992308
2859,3834,14.746154,10.996154
2860,3835,14.750000,11.000000
2861,3836,14.753846,11.003846
2862,3837,14.757692,11.007692
2863,3838,14.761538,11.011538
2864,3839,14.765385,11.015385
2865,3840,14.769231,11.019231
2866,3841,14.773077,11.023077
2867,3842,14.776923,11.026923
2868,3843,14.780769,11.030769
2869,3844,14.784615,11.034615
2870,3845,14.788462,11.038462
2871,3846,14.792308,11.042308
2872,3847,14.796154,11.046154
2873,3848,14.800000,11.050000
2874,3849,14.803846,11.053846
2875,3850,14.807692,11.057692
2876,3851,14.811538,11.061538
2877,3852,14.815385,11.065385
2878,3853,14.819231,11.069231
2879,3854,14.823077,11.073077
2880,3855,14.826923,11.076923
2881,3856,14.830769,11.080769
2882,3857,14.834615,11.084615
2883,3858,14.838462,11.088462
2884,3859,14.842308,11.092308
2885,3860,14.846154,11.096154
2886,3861,14.850000,11.100000
2887,3862,14.853846,11.103846
2888,3863,14.857692,11.107692
2889,3864,14.861538,11.111538
2890,3865,14.865385,11.115385
2891,3866,14.869231,11.119231
2892,3867,14.873077,11.123077
2893,3868,14.876923,11.126923
2894,3869,14.880769,11.130769
2895,3870,14.884615,11.134615
2896,3871,14.888462,11.138462
2897,3872,14.892308,11.142308
2898,3873,14.896154,11.146154
2899,3874,14.900000,11.150000
2900,3875,14.903846,11.153846
2901,3876,14.907692,11.157692
2902,3877,14.911538,11.161538
2903,3878,14.915385,11.165385
2904,3879,14.919231,11.169231
2905,3880,14.923077,11.173077
2906,3881,14.926923,11.176923
2907,3882,14.930769,11.180769
2908,3883,14.934615,11.184615
2909,3884,14.938462,11.188462
2910,3885,14.942308,11.192308
2911,3886,14.946154,11.196154
2912,3887,14.950000,11.200000
2913,3888,14.953846,11.203846
2914,3889,14.957692,11.207692
2915,3890,14.961538,11.211538
2916,3891,14.965385,11.215385
2917,3892,14.969231,11.219231
2918,3893,14.973077,11.223077
2919,3894,14.976923,11.226923
2920,3895,14.980769,11.230769
2921,3896,14.984615,11.234615
2922,3897,14.988462,11.238462
2923,3898,14.992308,11.242308
2924,3899,14.996154,11.246154
2925,3900,15.000000,11.250000
2926,3901,15.003846,11.253846
2927,3902,15.007692,11.257692
2928,3903,15.011538,11.261538
2929,3904,15.015385,11.265385
2930,3905,15.019231,11.269231
2931,3906,15.023077,11.273077
2932,3907,15.026923,11.276923
2933,3908,15.030769,11.280769
2934,3909,15.034615,11.284615
2935,3910,15.038462,11.288462
2936,3911,15.042308,11.292308
2937,3912,15.046154,11.296154
2938,3913,15.050000,11.300000
2939,3914,15.053846,11.303846
2940,3915,15.057692,11.307692
2941,3916,15.061538,11.311538
2942,3917,15.065385,11.315385
2943,3918,15.069231,11.319231
2944,3919,15.073077,11.323077
2945,3920,15.076923,11.326923
2946,3921,15.080769,11.330769
2947,3922,15.084615,11.334615
2948,3923,15.088462,11.338462
2949,3924,15.092308,11.342308
2950,3925,15.096154,11.346154
2951,3926,15.100000,11.350000
2952,3927,15.103846,11.353846
2953,3928,15.107692,11.357692
2954,3929,15.111538,11.361538
2955,3930,15.115385,11.365385
2956,3931,15.119231,11.369231
2957,3932,15.123077,11.373077
2958,3933,15.126923,11.376923
2959,3934,15.130769,11.380769
2960,3935,15.134615,11.384615
2961,3936,15.138462,11.388462
2962,3937,15.142308,11.392308
2963,3938,15.146154,11.396154
2964,3939,15.150000,11.400000
2965,3940,15.153846,11.403846
2966,3941,15.157692,11.407692
2967,3942,15.161538,11.411538
2968,3943,15.165385,11.415385
2969,3944,15.169231,11.419231
2970,3945,15.173077,11.423077
2971,3946,15.176923,11.426923
2972,3947,15.180769,11.430769
2973,3948,15.184615,11.434615
2974,3949,15.188462,11.438462
2975,3950,15.192308,11.442308
2976,3951,15.196154,11.446154
2977,3952,15.200000,11.450000
2978,3953,15.203846,11.453846
2979,3954,15.207692,11.457692
2980,3955,15.211538,11.461538
2981,3956,15.215385,11.465385
2982,3957,15.219231,11.469231
2983,3958,15.223077,11.473077
2984,3959,15.226923,11.476923
2985,3960,15.230769,11.480769
2986,3961,15.234615,11.484615
2987,3962,15.238462,11.488462
2988,3963,15.242308,11.492308
2989,3964,15.246154,11.496154
2990,3965,15.250000,11.500000
2991,3966,15.253846,11.503846
2992,3967,15.257692,11.507692
2993,3968,15.261538,11.511538
2994,3969,15.265385,11.515385
2995,3970,15.269231,11.519231
2996,3971,15.273077,11.523077
2997,3972,15.276923,11.526923
2998,3973,15.280769,11.530769
2999,3974,15.284615,11.534615
3000,3975,15.288462,11.538462
3001,3976,15.292308,11.542308
3002,3977,15.296154,11.546154
3003,3978,15.300000,11.550000
3004,3979,15.303846,11.553846
3005,3980,15.307692,11.557692
3006,3981,15.311538,11.561538
3007,3982,15.315385,11.565385
3008,3983,15.319231,11.569231
3009,3984,15.323077,11.573077
3010,3985,15.326923,11.576923
3011,3986,15.330769,11.580769
3012,3987,15.334615,11.584615
3013,3988,15.338462,11.588462
3014,3989,15.342308,11.592308
3015,3990,15.346154,11.596154
3016,3991,15.350000,11.600000
3017,3992,15.353846,11.603846
3018,3993,15.357692,11.607692
3019,3994,15.361538,11.611538
3020,3995,15.365385,11.615385
3021,3996,15.369231,11.619231
3022,3997,15.373077,11.623077
3023,3998,15.376923,11.626923
3024,3999,15.380769,11.630769
3025,4000,15.384615,11.634615
3026,4001,15.388462,11.638462
3027,4002,15.392308,11.642308
3028,4003,15.396154,11.646154
3029,4004,15.400000,11.650000
3030,4005,15.403846,11.653846
3031,4006,15.407692,11.657692
3032,4007,15.411538,11.661538
3033,4008,15.415385,11.665385
3034,4009,15.419231,11.669231
3035,4010,15.423077,11.673077
3036,4011,15.426923,11.676923
3037,4012,15.430769,11.680769
3038,4013,15.434615,11.684615
3039,4014,15.438462,11.688462
3040,4015,15.442308,11.692308
3041,4016,15.446154,11.696154
3042,4017,15.450000,11.700000
3043,4018,15.453846,11.703846
3044,4019,15.457692,11.707692
3045,4020,15.461538,11.711538
3046,4021,15.465385,11.715385
3047,4022,15.469231,11.719231
3048,4023,15.473077,11.723077
3049,4024,15.476923,11.726923
3050,4025,15.480769,11.730769
3051,4026,15.484615,11.734615
3052,4027,15.488462,11.738462
3053,4028,15.492308,11.742308
3054,4029,15.496154,11.746154
3055,4030,15.500000,11.750000
3056,4031,15.503846,11.753846
3057,4032,15.507692,11.757692
3058,4033,15.511538,11.761538
3059,4034,15.515385,11.765385
3060,4035,15.519231,11.769231
3061,4036,15.523077,11.773077
3062,4037,15.526923,11.776923
3063,4038,15.530769,11.780769
3064,4039,15.534615,11.784615
3065,4040,15.538462,11.788462
3066,4041,15.542308,11.792308
3067,4042,15.546154,11.796154
3068,4043,15.550000,11.800000
3069,4044,15.553846,11.803846
3070,4045,15.557692,11.807692
3071,4046,15.561538,11.811538
3072,4047,15.565385,11.815385
3073,4048,15.569231,11.819231
3074,4049,15.573077,11.823077
3075,4050,15.576923,11.826923
3076,4051,15.580769,11.830769
3077,4052,15.584615,11.834615
3078,4053,15.588462,11.838462
3079,4054,15.592308,11.842308
3080,4055,15.596154,11.846154
3081,4056,15.600000,11.850000
3082,4057,15.603846,11.853846
3083,4058,15.607692,11.857692
3084,4059,15.611538,11.861538
3085,4060,15.615385,11.865385
3086,4061,15.619231,11.869231
3087,4062,15.623077,11.873077
3088,4063,15.626923,11.876923
3089,4064,15.630769,11.880769
3090,4065,15.634615,11.884615
3091,4066,15.638462,11.888462
3092,4067,15.642308,11.892308
3093,4068,15.646154,11.896154
3094,4069,15.650000,11.900000
3095,4070,15.653846,11.903846
3096,4071,15.657692,11.907692
3097,4072,15.661538,11.911538
3098,4073,15.665385,11.915385
3099,4074,15.669231,11.919231
3100,4075,15.673077,11.923077
3101,4076,15.676923,11.926923
3102,4077,15.680769,11.930769
3103,4078,15.684615,11.934615
3104,4079,15.688462,11.938462
3105,4080,15.692308,11.942308
3106,4081,15.696154,11.946154
3107,4082,15.700000,11.950000
3108,4083,15.703846,11.953846
3109,4084,15.707692,11.957692
3110,4085,15.711538,11.961538
3111,4086,15.715385,11.965385
3112,4087,15.719231,11.969231
3113,4088,15.723077,11.973077
3114,4089,15.726923,11.976923
3115,4090,15.730769,11.980769
3116,4091,15.734615,11.984615
3117,4092,15.738462,11.988462
3118,4093,15.742308,11.992308
3119,4094,15.746154,11.996154
3120,4095,15.750000,12.000000
3121,4096,15.753846,12.003846
3122,4097,15.757692,12.007692
3123,4098,15.761538,12.011538
3124,4099,15.765385,12.015385
3125,4100,15.769231,12.019231
3126,4101,15.773077,12.023077
3127,4102,15.776923,12.026923
3128,4103,15.780769,12.030769
3129,4104,15.784615,12.034615
3130,4105,15.788462,12.038462
3131,4106,15.792308,12.042308
3132,4107,15.796154,12.046154
3133,4108,15.800000,12.050000
3134,4109,15.803846,12.053846
3135,4110,15.807692,12.057692
3136,4111,15.811538,12.061538
3137,4112,15.815385,12.065385
3138,4113,15.819231,12.069231
3139,4114,15.823077,12.073077
3140,4115,15.826923,12.076923
3141,4116,15.830769,12.080769
3142,4117,15.834615,12.084615
3143,4118,15.838462,12.088462
3144,4119,15.842308,12.092308
3145,4120,15.846154,12.096154
3146,4121,15.850000,12.100000
3147,4122,15.853846,12.103846
3148,4123,15.857692,12.107692
3149,4124,15.861538,12.111538
3150,4125,15.865385,12.115385
3151,4126,15.869231,12.119231
3152,4127,15.873077,12.123077
3153,4128,15.876923,12.126923
3154,4129,15.880769,12.130769
3155,4130,15.884615,12.134615
3156,4131,15.888462,12.138462
3157,4132,15.892308,12.142308
3158,4133,15.896154,12.146154
3159,4134,15.900000,12.150000
3160,4135,15.903846,12.153846
3161,4136,15.907692,12.157692
3162,4137,15.911538,12.161538
3163,4138,15.915385,12.165385
3164,4139,15.919231,12.169231
3165,4140,15.923077,12.173077
3166,4141,15.926923,12.176923
3167,4142,15.930769,12.180769
3168,4143,15.934615,12.184615
3169,4144,15.938462,12.188462
3170,4145,15.942308,12.192308
3171,4146,15.946154,12.196154
3172,4147,15.950000,12.200000
3173,4148,15.953846,12.203846
3174,4149,15.957692,12.207692
3175,4150,15.961538,12.211538
3176,4151,15.965385,12.215385
3177,4152,15.969231,12.219231
3178,4153,15.973077,12.223077
3179,4154,15.976923,12.226923
3180,4155,15.980769,12.230769
3181,4156,15.984615,12.234615
3182,4157,15.988462,12.238462
3183,4158,15.992308,12.242308
3184,4159,15.996154,12.246154
3185,4160,16.000000,12.250000
3186,4161,16.003846,12.253846
3187,4162,16.007692,12.257692
3188,4163,16.011538,12.261538
3189,4164,16.015385,12.265385
3190,4165,16.019231,12.269231
3191,4166,16.023077,12.273077
3192,4167,16.026923,12.276923
3193,4168,16.030769,12.280769
3194,4169,16.034615,12.284615
3195,4170,16.038462,12.288462
3196,4171,16.042308,12.292308
3197,4172,16.046154,12.296154
3198,4173,16.050000,12.300000
3199,4174,16.053846,12.303846
3200,4175,16.057692,12.307692
3201,4176,16.061538,12.311538
3202,4177,16.065385,12.315385
3203,4178,16.069231,12.319231
3204,4179,16.073077,12.323077
3205,4180,16.076923,12.326923
3206,4181,16.080769,12.330769
3207,4182,16.084615,12.334615
3208,4183,16.088462,12.338462
3209,4184,16.092308,12.342308
3210,4185,16.096154,12.346154
3211,4186,16.100000,12.350000
3212,4187,16.103846,12.353846
3213,4188,16.107692,12.357692
3214,4189,16.111538,12.361538
3215,4190,16.115385,12.365385
3216,4191,16.119231,12.369231
3217,4192,16.123077,12.373077
3218,4193,16.126923,12.376923
3219,4194,16.130769,12.380769
3220,4195,16.134615,12.384615
3221,4196,16.138462,12.388462
3222,4197,16.142308,12.392308
3223,4198,16.146154,12.396154
3224,4199,16.150000,12.400000
3225,4200,16.153846,12.403846
3226,4201,16.157692,12.407692
3227,4202,16.161538,12.411538
3228,4203,16.165385,12.415385
3229,4204,16.169231,12.419231
3230,4205,16.173077,12.423077
3231,4206,16.176923,12.426923
3232,4207,16.180769,12.430769
3233,4208,16.184615,12.434615
3234,4209,16.188462,12.438462
3235,4210,16.192308,12.442308
3236,4211,16.196154,12.446154
3237,4212,16.200000,12.450000
3238,4213,16.203846,12.453846
3239,4214,16.207692,12.457692
3240,4215,16.211538,12.461538
3241,4216,16.215385,12.465385
3242,4217,16.219231,12.469231
3243,4218,16.223077,12.473077
3244,4219,16.226923,12.476923
3245,4220,16.230769,12.480769
3246,4221,16.234615,12.484615
3247,4222,16.238462,12.488462
3248,4223,16.242308,12.492308
3249,4224,16.246154,12.496154
3250,4225,16.250000,12.500000
3251,4226,16.253846,12.503846
3252,4227,16.257692,12.507692
3253,4228,16.261538,12.511538
3254,4229,16.265385,12.515385
3255,4230,16.269231,12.519231
3256,4231,16.273077,12.523077
3257,4232,16.276923,12.526923
3258,4233,16.280769,12.530769
3259,4234,16.284615,12.534615
3260,4235,16.288462,12.538462
3261,4236,16.292308,12.542308
3262,4237,16.296154,12.546154
3263,4238,16.300000,12.550000
3264,4239,16.303846,12.553846
3265,4240,16.307692,12.557692
3266,4241,16.311538,12.561538
3267,4242,16.315385,12.565385
3268,4243,16.319231,12.569231
3269,4244,16.323077,12.573077
3270,4245,16.326923,12.576923
3271,4246,16.330769,12.580769
3272,4247,16.334615,12.584615
3273,4248,16.338462,12.588462
3274,4249,16.342308,12.592308
3275,4250,16.346154,12.596154
3276,4251,16.350000,12.600000
3277,4252,16.353846,12.603846
3278,4253,16.357692,12.607692
3279,4254,16.361538,12.611538
3280,4255,16.365385,12.615385
3281,4256,16.369231,12.619231
3282,4257,16.373077,12.623077
3283,4258,16.376923,12.626923
3284,4259,16.380769,12.630769
3285,4260,16.384615,12.634615
3286,4261,16.388462,12.638462
3287,4262,16.392308,12.642308
3288,4263,16.396154,12.646154
3289,4264,16.400000,12.650000
3290,4265,16.403846,12.653846
3291,4266,16.407692,12.657692
3292,4267,16.411538,12.661538
3293,4268,16.415385,12.665385
3294,4269,16.419231,12.669231
3295,4270,16.423077,12.673077
3296,4271,16.426923,12.676923
3297,4272,16.430769,12.680769
3298,4273,16.434615,12.684615
3299,4274,16.438462,12.688462
3300,4275,16.442308,12.692308
3301,4276,16.446154,12.696154
3302,4277,16.450000,12.700000
3303,4278,16.453846,12.703846
3304,4279,16.457692,12.707692
3305,4280,16.461538,12.711538
3306,4281,16.465385,12.715385
3307,4282,16.469231,12.719231
3308,4283,16.473077,12.723077
3309,4284,16.476923,12.726923
3310,4285,16.480769,12.730769
3311,4286,16.484615,12.734615
3312,4287,16.488462,12.738462
3313,4288,16.492308,12.742308
3314,4289,16.496154,12.746154
3315,4290,16.500000,12.750000
3316,4291,16.503846,12.753846
3317,4292,16.507692,12.757692
3318,4293,16.511538,12.761538
3319,4294,16.515385,12.765385
3320,4295,16.519231,12.769231
3321,4296,16.523077,12.773077
3322,4297,16.526923,12.776923
3323,4298,16.530769,12.780769
3324,4299,16.534615,12.784615
3325,4300,16.538462,12.788462
3326,4301,16.542308,12.792308
3327,4302,16.546154,12.796154
3328,4303,16.550000,12.800000
3329,4304,16.553846,12.803846
3330,4305,16.557692,12.807692
3331,4306,16.561538,12.811538
3332,4307,16.565385,12.815385
3333,4308,16.569231,12.819231
3334,4309,16.573077,12.823077
3335,4310,16.576923,12.826923
3336,4311,16.580769,12.830769
3337,4312,16.584615,12.834615
3338,4313,16.588462,12.838462
3339,4314,16.592308,12.842308
3340,4315,16.596154,12.846154
3341,4316,16.600000,12.850000
3342,4317,16.603846,12.853846
3343,4318,16.607692,12.857692
3344,4319,16.611538,12.861538
3345,4320,16.615385,12.865385
3346,4321,16.619231,12.869231
3347,4322,16.623077,12.873077
3348,4323,16.626923,12.876923
3349,4324,16.630769,12.880769
3350,4325,16.634615,12.884615
3351,4326,16.638462,12.888462
3352,4327,16.642308,12.892308
3353,4328,16.646154,12.896154
3354,4329,16.650000,12.900000
3355,4330,16.653846,12.903846
3356,4331,16.657692,12.907692
3357,4332,16.661538,12.911538
3358,4333,16.665385,12.915385
3359,4334,16.669231,12.919231
3360,4335,16.673077,12.923077
3361,4336,16.676923,12.926923
3362,4337,16.680769,12.930769
3363,4338,16.684615,12.934615
3364,4339,16.688462,12.938462
3365,4340,16.692308,12.942308
3366,4341,16.696154,12.946154
3367,4342,16.700000,12.950000
3368,4343,16.703846,12.953846
3369,4344,16.707692,12.957692
3370,4345,16.711538,12.961538
3371,4346,16.715385,12.965385
3372,4347,16.719231,12.969231
3373,4348,16.723077,12.973077
3374,4349,16.726923,12.976923
3375,4350,16.730769,12.980769
3376,4351,16.734615,12.984615
3377,4352,16.738462,12.988462
3378,4353,16.742308,12.992308
3379,4354,16.746154,12.996154
3380,4355,16.750000,13.000000
3381,4356,16.753846,13.003846
3382,4357,16.757692,13.007692
3383,4358,16.761538,13.011538
3384,4359,16.765385,13.015385
3385,4360,16.769231,13.019231
3386,4361,16.773077,13.023077
3387,4362,16.776923,13.026923
3388,4363,16.780769,13.030769
3389,4364,16.784615,13.034615
3390,4365,16.788462,13.038462
3391,4366,16.792308,13.042308
3392,4367,16.796154,13.046154
3393,4368,16.800000,13.050000
3394,4369,16.803846,13.053846
3395,4370,16.807692,13.057692
3396,4371,16.811538,13.061538
3397,4372,16.815385,13.065385
3398,4373,16.819231,13.069231
3399,4374,16.823077,13.073077
3400,4375,16.826923,13.076923
3401,4376,16.830769,13.080769
3402,4377,16.834615,13.084615
3403,4378,16.838462,13.088462
3404,4379,16.842308,13.092308
3405,4380,16.846154,13.096154
3406,4381,16.850000,13.100000
3407,4382,16.853846,13.103846
3408,4383,16.857692,13.107692
3409,4384,16.861538,13.111538
3410,4385,16.865385,13.115385
3411,4386,16.869231,13.119231
3412,4387,16.873077,13.123077
3413,4388,16.876923,13.126923
3414,4389,16.880769,13.130769
3415,4390,16.884615,13.134615
3416,4391,16.888462,13.138462
3417,4392,16.892308,13.142308
3418,4393,16.896154,13.146154
3419,4394,16.900000,13.150000
3420,4395,16.903846,13.153846
3421,4396,16.907692,13.157692
3422,4397,16.911538,13.161538
3423,4398,16.915385,13.165385
3424,4399,16.919231,13.169231
3425,4400,16.923077,13.173077
3426,4401,16.926923,13.176923
3427,4402,16.930769,13.180769
3428,4403,16.934615,13.184615
3429,4404,16.938462,13.188462
3430,4405,16.942308,13.192308
3431,4406,16.946154,13.196154
3432,4407,16.950000,13.200000
3433,4408,16.953846,13.203846
3434,4409,16.957692,13.207692
3435,4410,16.961538,13.211538
3436,4411,16.965385,13.215385
3437,4412,16.969231,13.219231
3438,4413,16.973077,13.223077
3439,4414,16.976923,13.226923
3440,4415,16.980769,13.230769
3441,4416,16.984615,13.234615
3442,4417,16.988462,13.238462
3443,4418,16.992308,13.242308
3444,4419,16.996154,13.246154
3445,4420,17.000000,13.250000
3446,4421,17.003846,13.253846
3447,4422,17.007692,13.257692
3448,4423,17.011538,13.261538
3449,4424,17.015385,13.265385
3450,4425,17.019231,13.269231
3451,4426,17.023077,13.273077
3452,4427,17.026923,13.276923
3453,4428,17.030769,13.280769
3454,4429,17.034615,13.284615
3455,4430,17.038462,13.288462
3456,4431,17.042308,13.292308
3457,4432,17.046154,13.296154
3458,4433,17.050000,13.300000
3459,4434,17.053846,13.303846
3460,4435,17.057692,13.307692
3461,4436,17.061538,13.311538
3462,4437,17.065385,13.315385
3463,4438,17.069231,13.319231
3464,4439,17.073077,13.323077
3465,4440,17.076923,13.326923
3466,4441,17.080769,13.330769
3467,4442,17.084615,13.334615
3468,4443,17.088462,13.338462
3469,4444,17.092308,13.342308
3470,4445,17.096154,13.346154
3471,4446,17.100000,13.350000
3472,4447,17.103846,13.353846
3473,4448,17.107692,13.357692
3474,4449,17.111538,13.361538
3475,4450,17.115385,13.365385
3476,4451,17.119231,13.369231
3477,4452,17.123077,13.373077
3478,4453,17.126923,13.376923
3479,4454,17.130769,13.380769
3480,4455,17.134615,13.384615
3481,4456,17.138462,13.388462
3482,4457,17.142308,13.392308
3483,4458,17.146154,13.396154
3484,4459,17.150000,13.400000
3485,4460,17.153846,13.403846
3486,4461,17.157692,13.407692
3487,4462,17.161538,13.411538
3488,4463,17.165385,13.415385
3489,4464,17.169231,13.419231
3490,4465,17.173077,13.423077
3491,4466,17.176923,13.426923
3492,4467,17.180769,13.430769
3493,4468,17.184615,13.434615
3494,4469,17.188462,13.438462
3495,4470,17.192308,13.442308
3496,4471,17.196154,13.446154
3497,4472,17.200000,13.450000
3498,4473,17.203846,13.453846
3499,4474,17.207692,13.457692
3500,4475,17.211538,13.461538
3501,4476,17.215385,13.465385
3502,4477,17.219231,13.469231
3503,4478,17.223077,13.473077
3504,4479,17.226923,13.476923
3505,4480,17.230769,13.480769
3506,4481,17.234615,13.484615
3507,4482,17.238462,13.488462
3508,4483,17.242308,13.492308
3509,4484,17.246154,13.496154
3510,4485,17.250000,13.500000
3511,4486,17.253846,13.503846
3512,4487,17.257692,13.507692
3513,4488,17.261538,13.511538
3514,4489,17.265385,13.515385
3515,4490,17.269231,13.519231
3516,4491,17.273077,13.523077
3517,4492,17.276923,13.526923
3518,4493,17.280769,13.530769
3519,4494,17.284615,13.534615
3520,4495,17.288462,13.538462
3521,4496,17.292308,13.542308
3522,4497,17.296154,13.546154
3523,4498,17.300000,13.550000
3524,4499,17.303846,13.553846
3525,4500,17.307692,13.557692
3526,4501,17.311538,13.561538
3527,4502,17.315385,13.565385
3528,4503,17.319231,13.569231
3529,4504,17.323077,13.573077
3530,4505,17.326923,13.576923
3531,4506,17.330769,13.580769
3532,4507,17.334615,13.584615
3533,4508,17.338462,13.588462
3534,4509,17.342308,13.592308
3535,4510,17.346154,13.596154
3536,4511,17.350000,13.600000
3537,4512,17.353846,13.603846
3538,4513,17.357692,13.607692
3539,4514,17.361538,13.611538
3540,4515,17.365385,13.615385
3541,4516,17.369231,13.619231
3542,4517,17.373077,13.623077
3543,4518,17.376923,13.626923
3544,4519,17.380769,13.630769
3545,4520,17.384615,13.634615
3546,4521,17.388462,13.638462
3547,4522,17.392308,13.642308
3548,4523,17.396154,13.646154
3549,4524,17.400000,13.650000
3550,4525,17.403846,13.653846
3551,4526,17.407692,13.657692
3552,4527,17.411538,13.661538
3553,4528,17.415385,13.665385
3554,4529,17.419231,13.669231
3555,4530,17.423077,13.673077
3556,4531,17.426923,13.676923
3557,4532,17.430769,13.680769
3558,4533,17.434615,13.684615
3559,4534,17.438462,13.688462
3560,4535,17.442308,13.692308
3561,4536,17.446154,13.696154
3562,4537,17.450000,13.700000
3563,4538,17.453846,13.703846
3564,4539,17.457692,13.707692
3565,4540,17.461538,13.711538
3566,4541,17.465385,13.715385
3567,4542,17.469231,13.719231
3568,4543,17.473077,13.723077
3569,4544,17.476923,13.726923
3570,4545,17.480769,13.730769
3571,4546,17.484615,13.734615
3572,4547,17.488462,13.738462
3573,4548,17.492308,13.742308
3574,4549,17.496154,13.746154
3575,4550,17.500000,13.750000
3576,4551,17.503846,13.753846
3577,4552,17.507692,13.757692
3578,4553,17.511538,13.761538
3579,4554,17.515385,13.765385
3580,4555,17.519231,13.769231
3581,4556,17.523077,13.773077
3582,4557,17.526923,13.776923
3583,4558,17.530769,13.780769
3584,4559,17.534615,13.784615
3585,4560,17.538462,13.788462
3586,4561,17.542308,13.792308
3587,4562,17.546154,13.796154
3588,4563,17.550000,13.800000
3589,4564,17.553846,13.803846
3590,4565,17.557692,13.807692
3591,4566,17.561538,13.811538
3592,4567,17.565385,13.815385
3593,4568,17.569231,13.819231
3594,4569,17.573077,13.823077
3595,4570,17.576923,13.826923
3596,4571,17.580769,13.830769
3597,4572,17.584615,13.834615
3598,4573,17.588462,13.838462
3599,4574,17.592308,13.842308
3600,4575,17.596154,13.846154
3601,4576,17.600000,13.850000
3602,4577,17.603846,13.853846
3603,4578,17.607692,13.857692
3604,4579,17.611538,13.861538
3605,4580,17.615385,13.865385
3606,4581,17.619231,13.869231
3607,4582,17.623077,13.873077
3608,4583,17.626923,13.876923
3609,4584,17.630769,13.880769
3610,4585,17.634615,13.884615
3611,4586,17.638462,13.888462
3612,4587,17.642308,13.892308
3613,4588,17.646154,13.896154
3614,4589,17.650000,13.900000
3615,4590,17.653846,13.903846
3616,4591,17.657692,13.907692
3617,4592,17.661538,13.911538
3618,4593,17.665385,13.915385
3619,4594,17.669231,13.919231
3620,4595,17.673077,13.923077
3621,4596,17.676923,13.926923
3622,4597,17.680769,13.930769
3623,4598,17.684615,13.934615
3624,4599,17.688462,13.938462
3625,4600,17.692308,13.942308
3626,4601,17.696154,13.946154
3627,4602,17.700000,13.950000
3628,4603,17.703846,13.953846
3629,4604,17.707692,13.957692
3630,4605,17.711538,13.961538
3631,4606,17.715385,13.965385
3632,4607,17.719231,13.969231
3633,4608,17.723077,13.973077
3634,4609,17.726923,13.976923
3635,4610,17.730769,13.980769
3636,4611,17.734615,13.984615
3637,4612,17.738462,13.988462
3638,4613,17.742308,13.992308
3639,4614,17.746154,13.996154
3640,4615,17.750000,14.000000
3641,4616,17.753846,14.003846
3642,4617,17.757692,14.007692
3643,4618,17.761538,14.011538
3644,4619,17.765385,14.015385
3645,4620,17.769231,14.019231
3646,4621,17.773077,14.023077
3647,4622,17.776923,14.026923
3648,4623,17.780769,14.030769
3649,4624,17.784615,14.034615
3650,4625,17.788462,14.038462
3651,4626,17.792308,14.042308
3652,4627,17.796154,14.046154
3653,4628,17.800000,14.050000
3654,4629,17.803846,14.053846
3655,4630,17.807692,14.057692
3656,4631,17.811538,14.061538
3657,4632,17.815385,14.065385
3658,4633,17.819231,14.069231
3659,4634,17.823077,14.073077
3660,4635,17.826923,14.076923
3661,4636,17.830769,14.080769
3662,4637,17.834615,14.084615
3663,4638,17.838462,14.088462
3664,4639,17.842308,14.092308
3665,4640,17.846154,14.096154
3666,4641,17.850000,14.100000
3667,4642,17.853846,14.103846
3668,4643,17.857692,14.107692
3669,4644,17.861538,14.111538
3670,4645,17.865385,14.115385
3671,4646,17.869231,14.119231
3672,4647,17.873077,14.123077
3673,4648,17.876923,14.126923
3674,4649,17.880769,14.130769
3675,4650,17.884615,14.134615
3676,4651,17.888462,14.138462
3677,4652,17.892308,14.142308
3678,4653,17.896154,14.146154
3679,4654,17.900000,14.150000
3680,4655,17.903846,14.153846
3681,4656,17.907692,14.157692
3682,4657,17.911538,14.161538
3683,4658,17.915385,14.165385
3684,4659,17.919231,14.169231
3685,4660,17.923077,14.173077
3686,4661,17.926923,14.176923
3687,4662,17.930769,14.180769
3688,4663,17.934615,14.184615
3689,4664,17.938462,14.188462
3690,4665,17.942308,14.192308
3691,4666,17.946154,14.196154
3692,4667,17.950000,14.200000
3693,4668,17.953846,14.203846
3694,4669,17.957692,14.207692
3695,4670,17.961538,14.211538
3696,4671,17.965385,14.215385
3697,4672,17.969231,14.219231
3698,4673,17.973077,14.223077
3699,4674,17.976923,14.226923
3700,4675,17.980769,14.230769
3701,4676,17.984615,14.234615
3702,4677,17.988462,14.238462
3703,4678,17.992308,14.242308
3704,4679,17.996154,14.246154
3705,4680,18.000000,14.250000
3706,4681,18.003846,14.253846
3707,4682,18.007692,14.257692
3708,4683,18.011538,14.261538
3709,4684,18.015385,14.265385
3710,4685,18.019231,14.269231
3711,4686,18.023077,14.273077
3712,4687,18.026923,14.276923
3713,4688,18.030769,14.280769
3714,4689,18.034615,14.284615
3715,4690,18.038462,14.288462
3716,4691,18.042308,14.292308
3717,4692,18.046154,14.296154
3718,4693,18.050000,14.300000
3719,4694,18.053846,14.303846
3720,4695,18.057692,14.307692
3721,4696,18.061538,14.311538
3722,4697,18.065385,14.315385
3723,4698,18.069231,14.319231
3724,4699,18.073077,14.323077
3725,4700,18.076923,14.326923
3726,4701,18.080769,14.330769
3727,4702,18.084615,14.334615
3728,4703,18.088462,14.338462
3729,4704,18.092308,14.342308
3730,4705,18.096154,14.346154
3731,4706,18.100000,14.350000
3732,4707,18.103846,14.353846
3733,4708,18.107692,14.357692
3734,4709,18.111538,14.361538
3735,4710,18.115385,14.365385
3736,4711,18.119231,14.369231
3737,4712,18.123077,14.373077
3738,4713,18.126923,14.376923
3739,4714,18.130769,14.380769
3740,4715,18.134615,14.384615
3741,4716,18.138462,14.388462
3742,4717,18.142308,14.392308
3743,4718,18.146154,14.396154
3744,4719,18.150000,14.400000
3745,4720,18.153846,14.403846
3746,4721,18.157692,14.407692
3747,4722,18.161538,14.411538
3748,4723,18.165385,14.415385
3749,4724,18.169231,14.419231
3750,4725,18.173077,14.423077
3751,4726,18.176923,14.426923
3752,4727,18.180769,14.430769
3753,4728,18.184615,14.434615
3754,4729,18.188462,14.438462
3755,4730,18.192308,14.442308
3756,4731,18.196154,14.446154
3757,4732,18.200000,14.450000
3758,4733,18.203846,14.453846
3759,4734,18.207692,14.457692
3760,4735,18.211538,14.461538
3761,4736,18.215385,14.465385
3762,4737,18.219231,14.469231
3763,4738,18.223077,14.473077
3764,4739,18.226923,14.476923
3765,4740,18.230769,14.480769
3766,4741,18.234615,14.484615
3767,4742,18.238462,14.488462
3768,4743,18.242308,14.492308
3769,4744,18.246154,14.496154
3770,4745,18.250000,14.500000
3771,4746,18.253846,14.503846
3772,4747,18.257692,14.507692
3773,4748,18.261538,14.511538
3774,4749,18.265385,14.515385
3775,4750,18.269231,14.519231
3776,4751,18.273077,14.523077
3777,4752,18.276923,14.526923
3778,4753,18.280769,14.530769
3779,4754,18.284615,14.534615
3780,4755,18.288462,14.538462
3781,4756,18.292308,14.542308
3782,4757,18.296154,14.546154
3783,4758,18.300000,14.550000
3784,4759,18.303846,14.553846
3785,4760,18.307692,14.557692
3786,4761,18.311538,14.561538
3787,4762,18.315385,14.565385
3788,4763,18.319231,14.569231
3789,4764,18.323077,14.573077
3790,4765,18.326923,14.576923
3791,4766,18.330769,14.580769
3792,4767,18.334615,14.584615
3793,4768,18.338462,14.588462
3794,4769,18.342308,14.592308
3795,4770,18.346154,14.596154
3796,4771,18.350000,14.600000
3797,4772,18.353846,14.603846
3798,4773,18.357692,14.607692
3799,4774,18.361538,14.611538
3800,4775,18.365385,14.615385
3801,4776,18.369231,14.619231
3802,4777,18.373077,14.623077
3803,4778,18.376923,14.626923
3804,4779,18.380769,14.630769
3805,4780,18.384615,14.634615
3806,4781,18.388462,14.638462
3807,4782,18.392308,14.642308
3808,4783,18.396154,14.646154
3809,4784,18.400000,14.650000
3810,4785,18.403846,14.653846
3811,4786,18.407692,14.657692
3812,4787,18.411538,14.661538
3813,4788,18.415385,14.665385
3814,4789,18.419231,14.669231
3815,4790,18.423077,14.673077
3816,4791,18.426923,14.676923
3817,4792,18.430769,14.680769
3818,4793,18.434615,14.684615
3819,4794,18.438462,14.688462
3820,4795,18.442308,14.692308
3821,4796,18.446154,14.696154
3822,4797,18.450000,14.700000
3823,4798,18.453846,14.703846
3824,4799,18.457692,14.707692
3825,4800,18.461538,14.711538
3826,4801,18.465385,14.715385
3827,4802,18.469231,14.719231
3828,4803,18.473077,14.723077
3829,4804,18.476923,14.726923
3830,4805,18.480769,14.730769
3831,4806,18.484615,14.734615
3832,4807,18.488462,14.738462
3833,4808,18.492308,14.742308
3834,4809,18.496154,14.746154
3835,4810,18.500000,14.750000
3836,4811,18.503846,14.753846
3837,4812,18.507692,14.757692
3838,4813,18.511538,14.761538
3839,4814,18.515385,14.765385
3840,4815,18.519231,14.769231
3841,4816,18.523077,14.773077
3842,4817,18.526923,14.776923
3843,4818,18.530769,14.780769
3844,4819,18.534615,14.784615
3845,4820,18.538462,14.788462
3846,4821,18.542308,14.792308
3847,4822,18.546154,14.796154
3848,4823,18.550000,14.800000
3849,4824,18.553846,14.803846
3850,4825,18.557692,14.807692
3851,4826,18.561538,14.811538
3852,4827,18.565385,14.815385
3853,4828,18.569231,14.819231
3854,4829,18.573077,14.823077
3855,4830,18.576923,14.826923
3856,4831,18.580769,14.830769
3857,4832,18.584615,14.834615
3858,4833,18.588462,14.838462
3859,4834,18.592308,14.842308
3860,4835,18.596154,14.846154
3861,4836,18.600000,14.850000
3862,4837,18.603846,14.853846
3863,4838,18.607692,14.857692
3864,4839,18.611538,14.861538
3865,4840,18.615385,14.865385
3866,4841,18.619231,14.869231
3867,4842,18.623077,14.873077
3868,4843,18.626923,14.876923
3869,4844,18.630769,14.880769
3870,4845,18.634615,14.884615
3871,4846,18.638462,14.888462
3872,4847,18.642308,14.892308
3873,4848,18.646154,14.896154
3874,4849,18.650000,14.900000
3875,4850,18.653846,14.903846
3876,4851,18.657692,14.907692
3877,4852,18.661538,14.911538
3878,4853,18.665385,14.915385
3879,4854,18.669231,14.919231
3880,4855,18.673077,14.923077
3881,4856,18.676923,14.926923
3882,4857,18.680769,14.930769
3883,4858,18.684615,14.934615
3884,4859,18.688462,14.938462
3885,4860,18.692308,14.942308
3886,4861,18.696154,14.946154
3887,4862,18.700000,14.950000
3888,4863,18.703846,14.953846
3889,4864,18.707692,14.957692
3890,4865,18.711538,14.961538
3891,4866,18.715385,14.965385
3892,4867,18.719231,14.969231
3893,4868,18.723077,14.973077
3894,4869,18.726923,14.976923
3895,4870,18.730769,14.980769
3896,4871,18.734615,14.984615
3897,4872,18.738462,14.988462
3898,4873,18.742308,14.992308
3899,4874,18.746154,14.996154
3900,4875,18.750000,15.000000
3901,4876,18.753846,15.003846
3902,4877,18.757692,15.007692
3903,4878,18.761538,15.011538
3904,4879,18.765385,15.015385
3905,4880,18.769231,15.019231
3906,4881,18.773077,15.023077
3907,4882,18.776923,15.026923
3908,4883,18.780769,15.030769
3909,4884,18.784615,15.034615
3910,4885,18.788462,15.038462
3911,4886,18.792308,15.042308
3912,4887,18.796154,15.046154
3913,4888,18.800000,15.050000
3914,4889,18.803846,15.053846
3915,4890,18.807692,15.057692
3916,4891,18.811538,15.061538
3917,4892,18.815385,15.065385
3918,4893,18.819231,15.069231
3919,4894,18.823077,15.073077
3920,4895,18.826923,15.076923
3921,4896,18.830769,15.080769
3922,4897,18.834615,15.084615
3923,4898,18.838462,15.088462
3924,4899,18.842308,15.092308
3925,4900,18.846154,15.096154
3926,4901,18.850000,15.100000
3927,4902,18.853846,15.103846
3928,4903,18.857692,15.107692
3929,4904,18.861538,15.111538
3930,4905,18.865385,15.115385
3931,4906,18.869231,15.119231
3932,4907,18.873077,15.123077
3933,4908,18.876923,15.126923
3934,4909,18.880769,15.130769
3935,4910,18.884615,15.134615
3936,4911,18.888462,15.138462
3937,4912,18.892308,15.142308
3938,4913,18.896154,15.146154
3939,4914,18.900000,15.150000
3940,4915,18.903846,15.153846
3941,4916,18.907692,15.157692
3942,4917,18.911538,15.161538
3943,4918,18.915385,15.165385
3944,4919,18.919231,15.169231
3945,4920,18.923077,15.173077
3946,4921,18.926923,15.176923
3947,4922,18.930769,15.180769
3948,4923,18.934615,15.184615
3949,4924,18.938462,15.188462
3950,4925,18.942308,15.192308
3951,4926,18.946154,15.196154
3952,4927,18.950000,15.200000
3953,4928,18.953846,15.203846
3954,4929,18.957692,15.207692
3955,4930,18.961538,15.211538
3956,4931,18.965385,15.215385
3957,4932,18.969231,15.219231
3958,4933,18.973077,15.223077
3959,4934,18.976923,15.226923
3960,4935,18.980769,15.230769
3961,4936,18.984615,15.234615
3962,4937,18.988462,15.238462
3963,4938,18.992308,15.242308
3964,4939,18.996154,15.246154
3965,4940,19.000000,15.250000
3966,4941,19.003846,15.253846
3967,4942,19.007692,15.257692
3968,4943,19.011538,15.261538
3969,4944,19.015385,15.265385
3970,4945,19.019231,15.269231
3971,4946,19.023077,15.273077
3972,4947,19.026923,15.276923
3973,4948,19.030769,15.280769
3974,4949,19.034615,15.284615
3975,4950,19.038462,15.288462
3976,4951,19.042308,15.292308
3977,4952,19.046154,15.296154
3978,4953,19.050000,15.300000
3979,4954,19.053846,15.303846
3980,4955,19.057692,15.307692
3981,4956,19.061538,15.311538
3982,4957,19.065385,15.315385
3983,4958,19.069231,15.319231
3984,4959,19.073077,15.323077
3985,4960,19.076923,15.326923
3986,4961,19.080769,15.330769
3987,4962,19.084615,15.334615
3988,4963,19.088462,15.338462
3989,4964,19.092308,15.342308
3990,4965,19.096154,15.346154
3991,4966,19.100000,15.350000
3992,4967,19.103846,15.353846
3993,4968,19.107692,15.357692
3994,4969,19.111538,15.361538
3995,4970,19.115385,15.365385
3996,4971,19.119231,15.369231
3997,4972,19.123077,15.373077
3998,4973,19.126923,15.376923
3999,4974,19.130769,15.380769
4000,4975,19.134615,15.384615
4001,4976,19.138462,15.388462
4002,4977,19.142308,15.392308
4003,4978,19.146154,15.396154
4004,4979,19.150000,15.400000
4005,4980,19.153846,15.403846
4006,4981,19.157692,15.407692
4007,4982,19.161538,15.411538
4008,4983,19.165385,15.415385
4009,4984,19.169231,15.419231
4010,4985,19.173077,15.423077
4011,4986,19.176923,15.426923
4012,4987,19.180769,15.430769
4013,4988,19.184615,15.434615
4014,4989,19.188462,15.438462
4015,4990,19.192308,15.442308
4016,4991,19.196154,15.446154
4017,4992,19.200000,15.450000
4018,4993,19.203846,15.453846
4019,4994,19.207692,15.457692
4020,4995,19.211538,15.461538
4021,4996,19.215385,15.465385
4022,4997,19.219231,15.469231
4023,4998,19.223077,15.473077
4024,4999,19.226923,15.476923
4025,5000,19.230769,15.480769
4026,5001,19.234615,15.484615
4027,5002,19.238462,15.488462
4028,5003,19.242308,15.492308
4029,5004,19.246154,15.496154
4030,5005,19.250000,15.500000
4031,5006,19.253846,15.503846
4032,5007,19.257692,15.507692
4033,5008,19.261538,15.511538
4034,5009,19.265385,15.515385
4035,5010,19.269231,15.519231
4036,5011,19.273077,15.523077
4037,5012,19.276923,15.526923
4038,5013,19.280769,15.530769
4039,5014,19.284615,15.534615
4040,5015,19.288462,15.538462
4041,5016,19.292308,15.542308
4042,5017,19.296154,15.546154
4043,5018,19.300000,15.550000
4044,5019,19.303846,15.553846
4045,5020,19.307692,15.557692
4046,5021,19.311538,15.561538
4047,5022,19.315385,15.565385
4048,5023,19.319231,15.569231
4049,5024,19.323077,15.573077
4050,5025,19.326923,15.576923
4051,5026,19.330769,15.580769
4052,5027,19.334615,15.584615
4053,5028,19.338462,15.588462
4054,5029,19.342308,15.592308
4055,5030,19.346154,15.596154
4056,5031,19.350000,15.600000
4057,5032,19.353846,15.603846
4058,5033,19.357692,15.607692
4059,5034,19.361538,15.611538
4060,5035,19.365385,15.615385
4061,5036,19.369231,15.619231
4062,5037,19.373077,15.623077
4063,5038,19.376923,15.626923
4064,5039,19.380769,15.630769
4065,5040,19.384615,15.634615
4066,5041,19.388462,15.638462
4067,5042,19.392308,15.642308
4068,5043,19.396154,15.646154
4069,5044,19.400000,15.650000
4070,5045,19.403846,15.653846
4071,5046,19.407692,15.657692
4072,5047,19.411538,15.661538
4073,5048,19.415385,15.665385
4074,5049,19.419231,15.669231
4075,5050,19.423077,15.673077
4076,5051,19.426923,15.676923
4077,5052,19.430769,15.680769
4078,5053,19.434615,15.684615
4079,5054,19.438462,15.688462
4080,5055,19.442308,15.692308
4081,5056,19.446154,15.696154
4082,5057,19.450000,15.700000
4083,5058,19.453846,15.703846
4084,5059,19.457692,15.707692
4085,5060,19.461538,15.711538
4086,5061,19.465385,15.715385
4087,5062,19.469231,15.719231
4088,5063,19.473077,15.723077
4089,5064,19.476923,15.726923
4090,5065,19.480769,15.730769
4091,5066,19.484615,15.734615
4092,5067,19.488462,15.738462
4093,5068,19.492308,15.742308
4094,5069,19.496154,15.746154
4095,5070,19.500000,15.750000
4096,5071,19.503846,15.753846
4097,5072,19.507692,15.757692
4098,5073,19.511538,15.761538
4099,5074,19.515385,15.765385
4100,5075,19.519231,15.769231
4101,5076,19.523077,15.773077
4102,5077,19.526923,15.776923
4103,5078,19.530769,15.780769
4104,5079,19.534615,15.784615
4105,5080,19.538462,15.788462
4106,5081,19.542308,15.792308
4107,5082,19.546154,15.796154
4108,5083,19.550000,15.800000
4109,5084,19.553846,15.803846
4110,5085,19.557692,15.807692
4111,5086,19.561538,15.811538
4112,5087,19.565385,15.815385
4113,5088,19.569231,15.819231
4114,5089,19.573077,15.823077
4115,5090,19.576923,15.826923
4116,5091,19.580769,15.830769
4117,5092,19.584615,15.834615
4118,5093,19.588462,15.838462
4119,5094,19.592308,15.842308
4120,5095,19.596154,15.846154
4121,5096,19.600000,15.850000
4122,5097,19.603846,15.853846
4123,5098,19.607692,15.857692
4124,5099,19.611538,15.861538
4125,5100,19.615385,15.865385
4126,5101,19.619231,15.869231
4127,5102,19.623077,15.873077
4128,5103,19.626923,15.876923
4129,5104,19.630769,15.880769
4130,5105,19.634615,15.884615
4131,5106,19.638462,15.888462
4132,5107,19.642308,15.892308
4133,5108,19.646154,15.896154
4134,5109,19.650000,15.900000
4135,5110,19.653846,15.903846
4136,5111,19.657692,15.907692
4137,5112,19.661538,15.911538
4138,5113,19.665385,15.915385
4139,5114,19.669231,15.919231
4140,5115,19.673077,15.923077
4141,5116,19.676923,15.926923
4142,5117,19.680769,15.930769
4143,5118,19.684615,15.934615
4144,5119,19.688462,15.938462
4145,5120,19.692308,15.942308
4146,5121,19.696154,15.946154
4147,5122,19.700000,15.950000
4148,5123,19.703846,15.953846
4149,5124,19.707692,15.957692
4150,5125,19.711538,15.961538
4151,5126,19.715385,15.965385
4152,5127,19.719231,15.969231
4153,5128,19.723077,15.973077
4154,5129,19.726923,15.976923
4155,5130,19.730769,15.980769
4156,5131,19.734615,15.984615
4157,5132,19.738462,15.988462
4158,5133,19.742308,15.992308
4159,5134,19.746154,15.996154
4160,5135,19.750000,16.000000
4161,5136,19.753846,16.003846
4162,5137,19.757692,16.007692
4163,5138,19.761538,16.011538
4164,5139,19.765385,16.015385
4165,5140,19.769231,16.019231
4166,5141,19.773077,16.023077
4167,5142,19.776923,16.026923
4168,5143,19.780769,16.030769
4169,5144,19.784615,16.034615
4170,5145,19.788462,16.038462
4171,5146,19.792308,16.042308
4172,5147,19.796154,16.046154
4173,5148,19.800000,16.050000
4174,5149,19.803846,16.053846
4175,5150,19.807692,16.057692
4176,5151,19.811538,16.061538
4177,5152,19.815385,16.065385
4178,5153,19.819231,16.069231
4179,5154,19.823077,16.073077
4180,5155,19.826923,16.076923
4181,5156,19.830769,16.080769
4182,5157,19.834615,16.084615
4183,5158,19.838462,16.088462
4184,5159,19.842308,16.092308
4185,5160,19.846154,16.096154
4186,5161,19.850000,16.100000
4187,5162,19.853846,16.103846
4188,5163,19.857692,16.107692
4189,5164,19.861538,16.111538
4190,5165,19.865385,16.115385
4191,5166,19.869231,16.119231
4192,5167,19.873077,16.123077
4193,5168,19.876923,16.126923
4194,5169,19.880769,16.130769
4195,5170,19.884615,16.134615
4196,5171,19.888462,16.138462
4197,5172,19.892308,16.142308
4198,5173,19.896154,16.146154
4199,5174,19.900000,16.150000
4200,5175,19.903846,16.153846
4201,5176,19.907692,16.157692
4202,5177,19.911538,16.161538
4203,5178,19.915385,16.165385
4204,5179,19.919231,16.169231
4205,5180,19.923077,16.173077
4206,5181,19.926923,16.176923
4207,5182,19.930769,16.180769
4208,5183,19.934615,16.184615
4209,5184,19.938462,16.188462
4210,5185,19.942308,16.192308
4211,5186,19.946154,16.196154
4212,5187,19.950000,16.200000
4213,5188,19.953846,16.203846
4214,5189,19.957692,16.207692
4215,5190,19.961538,16.211538
4216,5191,19.965385,16.215385
4217,5192,19.969231,16.219231
4218,5193,19.973077,16.223077
4219,5194,19.976923,16.226923
4220,5195,19.980769,16.230769
4221,5196,19.984615,16.234615
4222,5197,19.988462,16.238462
4223,5198,19.992308,16.242308
4224,5199,19.996154,16.246154
4225,5200,20.000000,16.250000
4226,5201,20.003846,16.253846
4227,5202,20.007692,16.257692
4228,5203,20.011538,16.261538
4229,5204,20.015385,16.265385
4230,5205,20.019231,16.269231
4231,5206,20.023077,16.273077
4232,5207,20.026923,16.276923
4233,5208,20.030769,16.280769
4234,5209,20.034615,16.284615
4235,5210,20.038462,16.288462
4236,5211,20.042308,16.292308
4237,5212,20.046154,16.296154
4238,5213,20.050000,16.300000
4239,5214,20.053846,16.303846
4240,5215,20.057692,16.307692
4241,5216,20.061538,16.311538
4242,5217,20.065385,16.315385
4243,5218,20.069231,16.319231
4244,5219,20.073077,16.323077
4245,5220,20.076923,16.326923
4246,5221,20.080769,16.330769
4247,5222,20.084615,16.334615
4248,5223,20.088462,16.338462
4249,5224,20.092308,16.342308
4250,5225,20.096154,16.346154
4251,5226,20.100000,16.350000
4252,5227,20.103846,16.353846
4253,5228,20.107692,16.357692
4254,5229,20.111538,16.361538
4255,5230,20.115385,16.365385
4256,5231,20.119231,16.369231
4257,5232,20.123077,16.373077
4258,5233,20.126923,16.376923
4259,5234,20.130769,16.380769
4260,5235,20.134615,16.384615
4261,5236,20.138462,16.388462
4262,5237,20.142308,16.392308
4263,5238,20.146154,16.396154
4264,5239,20.150000,16.400000
4265,5240,20.153846,16.403846
4266,5241,20.157692,16.407692
4267,5242,20.161538,16.411538
4268,5243,20.165385,16.415385
4269,5244,20.169231,16.419231
4270,5245,20.173077,16.423077
4271,5246,20.176923,16.426923
4272,5247,20.180769,16.430769
4273,5248,20.184615,16.434615
4274,5249,20.188462,16.438462
4275,5250,20.192308,16.442308
4276,5251,20.196154,16.446154
4277,5252,20.200000,16.450000
4278,5253,20.203846,16.453846
4279,5254,20.207692,16.457692
4280,5255,20.211538,16.461538
4281,5256,20.215385,16.465385
4282,5257,20.219231,16.469231
4283,5258,20.223077,16.473077
4284,5259,20.226923,16.476923
4285,5260,20.230769,16.480769
4286,5261,20.234615,16.484615
4287,5262,20.238462,16.488462
4288,5263,20.242308,16.492308
4289,5264,20.246154,16.496154
4290,5265,20.250000,16.500000
4291,5266,20.253846,16.503846
4292,5267,20.257692,16.507692
4293,5268,20.261538,16.511538
4294,5269,20.265385,16.515385
4295,5270,20.269231,16.519231
4296,5271,20.273077,16.523077
4297,5272,20.276923,16.526923
4298,5273,20.280769,16.530769
4299,5274,20.284615,16.534615
4300,5275,20.288462,16.538462
4301,5276,20.292308,16.542308
4302,5277,20.296154,16.546154
4303,5278,20.300000,16.550000
4304,5279,20.303846,16.553846
4305,5280,20.307692,16.557692
4306,5281,20.311538,16.561538
4307,5282,20.315385,16.565385
4308,5283,20.319231,16.569231
4309,5284,20.323077,16.573077
4310,5285,20.326923,16.576923
4311,5286,20.330769,16.580769
4312,5287,20.334615,16.584615
4313,5288,20.338462,16.588462
4314,5289,20.342308,16.592308
4315,5290,20.346154,16.596154
4316,5291,20.350000,16.600000
4317,5292,20.353846,16.603846
4318,5293,20.357692,16.607692
4319,5294,20.361538,16.611538
4320,5295,20.365385,16.615385
4321,5296,20.369231,16.619231
4322,5297,20.373077,16.623077
4323,5298,20.376923,16.626923
4324,5299,20.380769,16.630769
4325,5300,20.384615,16.634615
4326,5301,20.388462,16.638462
4327,5302,20.392308,16.642308
4328,5303,20.396154,16.646154
4329,5304,20.400000,16.650000
4330,5305,20.403846,16.653846
4331,5306,20.407692,16.657692
4332,5307,20.411538,16.661538
4333,5308,20.415385,16.665385
4334,5309,20.419231,16.669231
4335,5310,20.423077,16.673077
4336,5311,20.426923,16.676923
4337,5312,20.430769,16.680769
4338,5313,20.434615,16.684615
4339,5314,20.438462,16.688462
4340,5315,20.442308,16.692308
4341,5316,20.446154,16.696154
4342,5317,20.450000,16.700000
4343,5318,20.453846,16.703846
4344,5319,20.457692,16.707692
4345,5320,20.461538,16.711538
4346,5321,20.465385,16.715385
4347,5322,20.469231,16.719231
4348,5323,20.473077,16.723077
4349,5324,20.476923,16.726923
4350,5325,20.480769,16.730769
4351,5326,20.484615,16.734615
4352,5327,20.488462,16.738462
4353,5328,20.492308,16.742308
4354,5329,20.496154,16.746154
4355,5330,20.500000,16.750000
4356,5331,20.503846,16.753846
4357,5332,20.507692,16.757692
4358,5333,20.511538,16.761538
4359,5334,20.515385,16.765385
4360,5335,20.519231,16.769231
4361,5336,20.523077,16.773077
4362,5337,20.526923,16.776923
4363,5338,20.530769,16.780769
4364,5339,20.534615,16.784615
4365,5340,20.538462,16.788462
4366,5341,20.542308,16.792308
4367,5342,20.546154,16.796154
4368,5343,20.550000,16.800000
4369,5344,20.553846,16.803846
4370,5345,20.557692,16.807692
4371,5346,20.561538,16.811538
4372,5347,20.565385,16.815385
4373,5348,20.569231,16.819231
4374,5349,20.573077,16.823077
4375,5350,20.576923,16.826923
4376,5351,20.580769,16.830769
4377,5352,20.584615,16.834615
4378,5353,20.588462,16.838462
4379,5354,20.592308,16.842308
4380,5355,20.596154,16.846154
4381,5356,20.600000,16.850000
4382,5357,20.603846,16.853846
4383,5358,20.607692,16.857692
4384,5359,20.611538,16.861538
4385,5360,20.615385,16.865385
4386,5361,20.619231,16.869231
4387,5362,20.623077,16.873077
4388,5363,20.626923,16.876923
4389,5364,20.630769,16.880769
4390,5365,20.634615,16.884615
4391,5366,20.638462,16.888462
4392,5367,20.642308,16.892308
4393,5368,20.646154,16.896154
4394,5369,20.650000,16.900000
4395,5370,20.653846,16.903846
4396,5371,20.657692,16.907692
4397,5372,20.661538,16.911538
4398,5373,20.665385,16.915385
4399,5374,20.669231,16.919231
4400,5375,20.673077,16.923077
4401,5376,20.676923,16.926923
4402,5377,20.680769,16.930769
4403,5378,20.684615,16.934615
4404,5379,20.688462,16.938462
4405,5380,20.692308,16.942308
4406,5381,20.696154,16.946154
4407,5382,20.700000,16.950000
4408,5383,20.703846,16.953846
4409,5384,20.707692,16.957692
4410,5385,20.711538,16.961538
4411,5386,20.715385,16.965385
4412,5387,20.719231,16.969231
4413,5388,20.723077,16.973077
4414,5389,20.726923,16.976923
4415,5390,20.730769,16.980769
4416,5391,20.734615,16.984615
4417,5392,20.738462,16.988462
4418,5393,20.742308,16.992308
4419,5394,20.746154,16.996154
4420,5395,20.750000,17.000000
4421,5396,20.753846,17.003846
4422,5397,20.757692,17.007692
4423,5398,20.761538,17.011538
4424,5399,20.765385,17.015385
4425,5400,20.769231,17.019231
4426,5401,20.773077,17.023077
4427,5402,20.776923,17.026923
4428,5403,20.780769,17.030769
4429,5404,20.784615,17.034615
4430,5405,20.788462,17.038462
4431,5406,20.792308,17.042308
4432,5407,20.796154,17.046154
4433,5408,20.800000,17.050000
4434,5409,20.803846,17.053846
4435,5410,20.807692,17.057692
4436,5411,20.811538,17.061538
4437,5412,20.815385,17.065385
4438,5413,20.819231,17.069231
4439,5414,20.823077,17.073077
4440,5415,20.826923,17.076923
4441,5416,20.830769,17.080769
4442,5417,20.834615,17.084615
4443,5418,20.838462,17.088462
4444,5419,20.842308,17.092308
4445,5420,20.846154,17.096154
4446,5421,20.850000,17.100000
4447,5422,20.853846,17.103846
4448,5423,20.857692,17.107692
4449,5424,20.861538,17.111538
4450,5425,20.865385,17.115385
4451,5426,20.869231,17.119231
4452,5427,20.873077,17.123077
4453,5428,20.876923,17.126923
4454,5429,20.880769,17.130769
4455,5430,20.884615,17.134615
4456,5431,20.888462,17.138462
4457,5432,20.892308,17.142308
4458,5433,20.896154,17.146154
4459,5434,20.900000,17.150000
4460,5435,20.903846,17.153846
4461,5436,20.907692,17.157692
4462,5437,20.911538,17.161538
4463,5438,20.915385,17.165385
4464,5439,20.919231,17.169231
4465,5440,20.923077,17.173077
4466,5441,20.926923,17.176923
4467,5442,20.930769,17.180769
4468,5443,20.934615,17.184615
4469,5444,20.938462,17.188462
4470,5445,20.942308,17.192308
4471,5446,20.946154,17.196154
4472,5447,20.950000,17.200000
4473,5448,20.953846,17.203846
4474,5449,20.957692,17.207692
4475,5450,20.961538,17.211538
4476,5451,20.965385,17.215385
4477,5452,20.969231,17.219231
4478,5453,20.973077,17.223077
4479,5454,20.976923,17.226923
4480,5455,20.980769,17.230769
4481,5456,20.984615,17.234615
4482,5457,20.988462,17.238462
4483,5458,20.992308,17.242308
4484,5459,20.996154,17.246154
4485,5460,21.000000,17.250000
4486,5461,21.003846,17.253846
4487,5462,21.007692,17.257692
4488,5463,21.011538,17.261538
4489,5464,21.015385,17.265385
4490,5465,21.019231,17.269231
4491,5466,21.023077,17.273077
4492,5467,21.026923,17.276923
4493,5468,21.030769,17.280769
4494,5469,21.034615,17.284615
4495,5470,21.038462,17.288462
4496,5471,21.042308,17.292308
4497,5472,21.046154,17.296154
4498,5473,21.050000,17.300000
4499,5474,21.053846,17.303846
4500,5475,21.057692,17.307692
4501,5476,21.061538,17.311538
4502,5477,21.065385,17.315385
4503,5478,21.069231,17.319231
4504,5479,21.073077,17.323077
4505,5480,21.076923,17.326923
4506,5481,21.080769,17.330769
4507,5482,21.084615,17.334615
4508,5483,21.088462,17.338462
4509,5484,21.092308,17.342308
4510,5485,21.096154,17.346154
4511,5486,21.100000,17.350000
4512,5487,21.103846,17.353846
4513,5488,21.107692,17.357692
4514,5489,21.111538,17.361538
4515,5490,21.115385,17.365385
4516,5491,21.119231,17.369231
4517,5492,21.123077,17.373077
4518,5493,21.126923,17.376923
4519,5494,21.130769,17.380769
4520,5495,21.134615,17.384615
4521,5496,21.138462,17.388462
4522,5497,21.142308,17.392308
4523,5498,21.146154,17.396154
4524,5499,21.150000,17.400000
4525,5500,21.153846,17.403846
4526,5501,21.157692,17.407692
4527,5502,21.161538,17.411538
4528,5503,21.165385,17.415385
4529,5504,21.169231,17.419231
4530,5505,21.173077,17.423077
4531,5506,21.176923,17.426923
4532,5507,21.180769,17.430769
4533,5508,21.184615,17.434615
4534,5509,21.188462,17.438462
4535,5510,21.192308,17.442308
4536,5511,21.196154,17.446154
4537,5512,21.200000,17.450000
4538,5513,21.203846,17.453846
4539,5514,21.207692,17.457692
4540,5515,21.211538,17.461538
4541,5516,21.215385,17.465385
4542,5517,21.219231,17.469231
4543,5518,21.223077,17.473077
4544,5519,21.226923,17.476923
4545,5520,21.230769,17.480769
4546,5521,21.234615,17.484615
4547,5522,21.238462,17.488462
4548,5523,21.242308,17.492308
4549,5524,21.246154,17.496154
4550,5525,21.250000,17.500000
4551,5526,21.253846,17.503846
4552,5527,21.257692,17.507692
4553,5528,21.261538,17.511538
4554,5529,21.265385,17.515385
4555,5530,21.269231,17.519231
4556,5531,21.273077,17.523077
4557,5532,21.276923,17.526923
4558,5533,21.280769,17.530769
4559,5534,21.284615,17.534615
4560,5535,21.288462,17.538462
4561,5536,21.292308,17.542308
4562,5537,21.296154,17.546154
4563,5538,21.300000,17.550000
4564,5539,21.303846,17.553846
4565,5540,21.307692,17.557692
4566,5541,21.311538,17.561538
4567,5542,21.315385,17.565385
4568,5543,21.319231,17.569231
4569,5544,21.323077,17.573077
4570,5545,21.326923,17.576923
4571,5546,21.330769,17.580769
4572,5547,21.334615,17.584615
4573,5548,21.338462,17.588462
4574,5549,21.342308,17.592308
4575,5550,21.346154,17.596154
4576,5551,21.350000,17.600000
4577,5552,21.353846,17.603846
4578,5553,21.357692,17.607692
4579,5554,21.361538,17.611538
4580,5555,21.365385,17.615385
4581,5556,21.369231,17.619231
4582,5557,21.373077,17.623077
4583,5558,21.376923,17.626923
4584,5559,21.380769,17.630769
4585,5560,21.384615,17.634615
4586,5561,21.388462,17.638462
4587,5562,21.392308,17.642308
4588,5563,21.396154,17.646154
4589,5564,21.400000,17.650000
4590,5565,21.403846,17.653846
4591,5566,21.407692,17.657692
4592,5567,21.411538,17.661538
4593,5568,21.415385,17.665385
4594,5569,21.419231,17.669231
4595,5570,21.423077,17.673077
4596,5571,21.426923,17.676923
4597,5572,21.430769,17.680769
4598,5573,21.434615,17.684615
4599,5574,21.438462,17.688462
4600,5575,21.442308,17.692308
4601,5576,21.446154,17.696154
4602,5577,21.450000,17.700000
4603,5578,21.453846,17.703846
4604,5579,21.457692,17.707692
4605,5580,21.461538,17.711538
4606,5581,21.465385,17.715385
4607,5582,21.469231,17.719231
4608,5583,21.473077,17.723077
4609,5584,21.476923,17.726923
4610,5585,21.480769,17.730769
4611,5586,21.484615,17.734615
4612,5587,21.488462,17.738462
4613,5588,21.492308,17.742308
4614,5589,21.496154,17.746154
4615,5590,21.500000,17.750000
4616,5591,21.503846,17.753846
4617,5592,21.507692,17.757692
4618,5593,21.511538,17.761538
4619,5594,21.515385,17.765385
4620,5595,21.519231,17.769231
4621,5596,21.523077,17.773077
4622,5597,21.526923,17.776923
4623,5598,21.530769,17.780769
4624,5599,21.534615,17.784615
4625,5600,21.538462,17.788462
4626,5601,21.542308,17.792308
4627,5602,21.546154,17.796154
4628,5603,21.550000,17.800000
4629,5604,21.553846,17.803846
4630,5605,21.557692,17.807692
4631,5606,21.561538,17.811538
4632,5607,21.565385,17.815385
4633,5608,21.569231,17.819231
4634,5609,21.573077,17.823077
4635,5610,21.576923,17.826923
4636,5611,21.580769,17.830769
4637,5612,21.584615,17.834615
4638,5613,21.588462,17.838462
4639,5614,21.592308,17.842308
4640,5615,21.596154,17.846154
4641,5616,21.600000,17.850000
4642,5617,21.603846,17.853846
4643,5618,21.607692,17.857692
4644,5619,21.611538,17.861538
4645,5620,21.615385,17.865385
4646,5621,21.619231,17.869231
4647,5622,21.623077,17.873077
4648,5623,21.626923,17.876923
4649,5624,21.630769,17.880769
4650,5625,21.634615,17.884615
4651,5626,21.638462,17.888462
4652,5627,21.642308,17.892308
4653,5628,21.646154,17.896154
4654,5629,21.650000,17.900000
4655,5630,21.653846,17.903846
4656,5631,21.657692,17.907692
4657,5632,21.661538,17.911538
4658,5633,21.665385,17.915385
4659,5634,21.669231,17.919231
4660,5635,21.673077,17.923077
4661,5636,21.676923,17.926923
4662,5637,21.680769,17.930769
4663,5638,21.684615,17.934615
4664,5639,21.688462,17.938462
4665,5640,21.692308,17.942308
4666,5641,21.696154,17.946154
4667,5642,21.700000,17.950000
4668,5643,21.703846,17.953846
4669,5644,21.707692,17.957692
4670,5645,21.711538,17.961538
4671,5646,21.715385,17.965385
4672,5647,21.719231,17.969231
4673,5648,21.723077,17.973077
4674,5649,21.726923,17.976923
4675,5650,21.730769,17.980769
4676,5651,21.734615,17.984615
4677,5652,21.738462,17.988462
4678,5653,21.742308,17.992308
4679,5654,21.746154,17.996154
4680,5655,21.750000,18.000000
4681,5656,21.753846,18.003846
4682,5657,21.757692,18.007692
4683,5658,21.761538,18.011538
4684,5659,21.765385,18.015385
4685,5660,21.769231,18.019231
4686,5661,21.773077,18.023077
4687,5662,21.776923,18.026923
4688,5663,21.780769,18.030769
4689,5664,21.784615,18.034615
4690,5665,21.788462,18.038462
4691,5666,21.792308,18.042308
4692,5667,21.796154,18.046154
4693,5668,21.800000,18.050000
4694,5669,21.803846,18.053846
4695,5670,21.807692,18.057692
4696,5671,21.811538,18.061538
4697,5672,21.815385,18.065385
4698,5673,21.819231,18.069231
4699,5674,21.823077,18.073077
4700,5675,21.826923,18.076923
4701,5676,21.830769,18.080769
4702,5677,21.834615,18.084615
4703,5678,21.838462,18.088462
4704,5679,21.842308,18.092308
4705,5680,21.846154,18.096154
4706,5681,21.850000,18.100000
4707,5682,21.853846,18.103846
4708,5683,21.857692,18.107692
4709,5684,21.861538,18.111538
4710,5685,21.865385,18.115385
4711,5686,21.869231,18.119231
4712,5687,21.873077,18.123077
4713,5688,21.876923,18.126923
4714,5689,21.880769,18.130769
4715,5690,21.884615,18.134615
4716,5691,21.888462,18.138462
4717,5692,21.892308,18.142308
4718,5693,21.896154,18.146154
4719,5694,21.900000,18.150000
4720,5695,21.903846,18.153846
4721,5696,21.907692,18.157692
4722,5697,21.911538,18.161538
4723,5698,21.915385,18.165385
4724,5699,21.919231,18.169231
4725,5700,21.923077,18.173077
4726,5701,21.926923,18.176923
4727,5702,21.930769,18.180769
4728,5703,21.934615,18.184615
4729,5704,21.938462,18.188462
4730,5705,21.942308,18.192308
4731,5706,21.946154,18.196154
4732,5707,21.950000,18.200000
4733,5708,21.953846,18.203846
4734,5709,21.957692,18.207692
4735,5710,21.961538,18.211538
4736,5711,21.965385,18.215385
4737,5712,21.969231,18.219231
4738,5713,21.973077,18.223077
4739,5714,21.976923,18.226923
4740,5715,21.980769,18.230769
4741,5716,21.984615,18.234615
4742,5717,21.988462,18.238462
4743,5718,21.992308,18.242308
4744,5719,21.996154,18.246154
4745,5720,22.000000,18.250000
4746,5721,22.003846,18.253846
4747,5722,22.007692,18.257692
4748,5723,22.011538,18.261538
4749,5724,22.015385,18.265385
4750,5725,22.019231,18.269231
4751,5726,22.023077,18.273077
4752,5727,22.026923,18.276923
4753,5728,22.030769,18.280769
4754,5729,22.034615,18.284615
4755,5730,22.038462,18.288462
4756,5731,22.042308,18.292308
4757,5732,22.046154,18.296154
4758,5733,22.050000,18.300000
4759,5734,22.053846,18.303846
4760,5735,22.057692,18.307692
4761,5736,22.061538,18.311538
4762,5737,22.065385,18.315385
4763,5738,22.069231,18.319231
4764,5739,22.073077,18.323077
4765,5740,22.076923,18.326923
4766,5741,22.080769,18.330769
4767,5742,22.084615,18.334615
4768,5743,22.088462,18.338462
4769,5744,22.092308,18.342308
4770,5745,22.096154,18.346154
4771,5746,22.100000,18.350000
4772,5747,22.103846,18.353846
4773,5748,22.107692,18.357692
4774,5749,22.111538,18.361538
4775,5750,22.115385,18.365385
4776,5751,22.119231,18.369231
4777,5752,22.123077,18.373077
4778,5753,22.126923,18.376923
4779,5754,22.130769,18.380769
4780,5755,22.134615,18.384615
4781,5756,22.138462,18.388462
4782,5757,22.142308,18.392308
4783,5758,22.146154,18.396154
4784,5759,22.150000,18.400000
4785,5760,22.153846,18.403846
4786,5761,22.157692,18.407692
4787,5762,22.161538,18.411538
4788,5763,22.165385,18.415385
4789,5764,22.169231,18.419231
4790,5765,22.173077,18.423077
4791,5766,22.176923,18.426923
4792,5767,22.180769,18.430769
4793,5768,22.184615,18.434615
4794,5769,22.188462,18.438462
4795,5770,22.192308,18.442308
4796,5771,22.196154,18.446154
4797,5772,22.200000,18.450000
4798,5773,22.203846,18.453846
4799,5774,22.207692,18.457692
4800,5775,22.211538,18.461538
4801,5776,22.215385,18.465385
4802,5777,22.219231,18.469231
4803,5778,22.223077,18.473077
4804,5779,22.226923,18.476923
4805,5780,22.230769,18.480769
4806,5781,22.234615,18.484615
4807,5782,22.238462,18.488462
4808,5783,22.242308,18.492308
4809,5784,22.246154,18.496154
4810,5785,22.250000,18.500000
4811,5786,22.253846,18.503846
4812,5787,22.257692,18.507692
4813,5788,22.261538,18.511538
4814,5789,22.265385,18.515385
4815,5790,22.269231,18.519231
4816,5791,22.273077,18.523077
4817,5792,22.276923,18.526923
4818,5793,22.280769,18.530769
4819,5794,22.284615,18.534615
4820,5795,22.288462,18.538462
4821,5796,22.292308,18.542308
4822,5797,22.296154,18.546154
4823,5798,22.300000,18.550000
4824,5799,22.303846,18.553846
4825,5800,22.307692,18.557692
4826,5801,22.311538,18.561538
4827,5802,22.315385,18.565385
4828,5803,22.319231,18.569231
4829,5804,22.323077,18.573077
4830,5805,22.326923,18.576923
4831,5806,22.330769,18.580769
4832,5807,22.334615,18.584615
4833,5808,22.338462,18.588462
4834,5809,22.342308,18.592308
4835,5810,22.346154,18.596154
4836,5811,22.350000,18.600000
4837,5812,22.353846,18.603846
4838,5813,22.357692,18.607692
4839,5814,22.361538,18.611538
4840,5815,22.365385,18.615385
4841,5816,22.369231,18.619231
4842,5817,22.373077,18.623077
4843,5818,22.376923,18.626923
4844,5819,22.380769,18.630769
4845,5820,22.384615,18.634615
4846,5821,22.388462,18.638462
4847,5822,22.392308,18.642308
4848,5823,22.396154,18.646154
4849,5824,22.400000,18.650000
4850,5825,22.403846,18.653846
4851,5826,22.407692,18.657692
4852,5827,22.411538,18.661538
4853,5828,22.415385,18.665385
4854,5829,22.419231,18.669231
4855,5830,22.423077,18.673077
4856,5831,22.426923,18.676923
4857,5832,22.430769,18.680769
4858,5833,22.434615,18.684615
4859,5834,22.438462,18.688462
4860,5835,22.442308,18.692308
4861,5836,22.446154,18.696154
4862,5837,22.450000,18.700000
4863,5838,22.453846,18.703846
4864,5839,22.457692,18.707692
4865,5840,22.461538,18.711538
4866,5841,22.465385,18.715385
4867,5842,22.469231,18.719231
4868,5843,22.473077,18.723077
4869,5844,22.476923,18.726923
4870,5845,22.480769,18.730769
4871,5846,22.484615,18.734615
4872,5847,22.488462,18.738462
4873,5848,22.492308,18.742308
4874,5849,22.496154,18.746154
4875,5850,22.500000,18.750000
4876,5851,22.503846,18.753846
4877,5852,22.507692,18.757692
4878,5853,22.511538,18.761538
4879,5854,22.515385,18.765385
4880,5855,22.519231,18.769231
4881,5856,22.523077,18.773077
4882,5857,22.526923,18.776923
4883,5858,22.530769,18.780769
4884,5859,22.534615,18.784615
4885,5860,22.538462,18.788462
4886,5861,22.542308,18.792308
4887,5862,22.546154,18.796154
4888,5863,22.550000,18.800000
4889,5864,22.553846,18.803846
4890,5865,22.557692,18.807692
4891,5866,22.561538,18.811538
4892,5867,22.565385,18.815385
4893,5868,22.569231,18.819231
4894,5869,22.573077,18.823077
4895,5870,22.576923,18.826923
4896,5871,22.580769,18.830769
4897,5872,22.584615,18.834615
4898,5873,22.588462,18.838462
4899,5874,22.592308,18.842308
4900,5875,22.596154,18.846154
4901,5876,22.600000,18.850000
4902,5877,22.603846,18.853846
4903,5878,22.607692,18.857692
4904,5879,22.611538,18.861538
4905,5880,22.615385,18.865385
4906,5881,22.619231,18.869231
4907,5882,22.623077,18.873077
4908,5883,22.626923,18.876923
4909,5884,22.630769,18.880769
4910,5885,22.634615,18.884615
4911,5886,22.638462,18.888462
4912,5887,22.642308,18.892308
4913,5888,22.646154,18.896154
4914,5889,22.650000,18.900000
4915,5890,22.653846,18.903846
4916,5891,22.657692,18.907692
4917,5892,22.661538,18.911538
4918,5893,22.665385,18.915385
4919,5894,22.669231,18.919231
4920,5895,22.673077,18.923077
4921,5896,22.676923,18.926923
4922,5897,22.680769,18.930769
4923,5898,22.684615,18.934615
4924,5899,22.688462,18.938462
4925,5900,22.692308,18.942308
4926,5901,22.696154,18.946154
4927,5902,22.700000,18.950000
4928,5903,22.703846,18.953846
4929,5904,22.707692,18.957692
4930,5905,22.711538,18.961538
4931,5906,22.715385,18.965385
4932,5907,22.719231,18.969231
4933,5908,22.723077,18.973077
4934,5909,22.726923,18.976923
4935,5910,22.730769,18.980769
4936,5911,22.734615,18.984615
4937,5912,22.738462,18.988462
4938,5913,22.742308,18.992308
4939,5914,22.746154,18.996154
4940,5915,22.750000,19.000000
4941,5916,22.753846,19.003846
4942,5917,22.757692,19.007692
4943,5918,22.761538,19.011538
4944,5919,22.765385,19.015385
4945,5920,22.769231,19.019231
4946,5921,22.773077,19.023077
4947,5922,22.776923,19.026923
4948,5923,22.780769,19.030769
4949,5924,22.784615,19.034615
4950,5925,22.788462,19.038462
4951,5926,22.792308,19.042308
4952,5927,22.796154,19.046154
4953,5928,22.800000,19.050000
4954,5929,22.803846,19.053846
4955,5930,22.807692,19.057692
4956,5931,22.811538,19.061538
4957,5932,22.815385,19.065385
4958,5933,22.819231,19.069231
4959,5934,22.823077,19.073077
4960,5935,22.826923,19.076923
4961,5936,22.830769,19.080769
4962,5937,22.834615,19.084615
4963,5938,22.838462,19.088462
4964,5939,22.842308,19.092308
4965,5940,22.846154,19.096154
4966,5941,22.850000,19.100000
4967,5942,22.853846,19.103846
4968,5943,22.857692,19.107692
4969,5944,22.861538,19.111538
4970,5945,22.865385,19.115385
4971,5946,22.869231,19.119231
4972,5947,22.873077,19.123077
4973,5948,22.876923,19.126923
4974,5949,22.880769,19.130769
4975,5950,22.884615,19.134615
4976,5951,22.888462,19.138462
4977,5952,22.892308,19.142308
4978,5953,22.896154,19.146154
4979,5954,22.900000,19.150000
4980,5955,22.903846,19.153846
4981,5956,22.907692,19.157692
4982,5957,22.911538,19.161538
4983,5958,22.915385,19.165385
4984,5959,22.919231,19.169231
4985,5960,22.923077,19.173077
4986,5961,22.926923,19.176923
4987,5962,22.930769,19.180769
4988,5963,22.934615,19.184615
4989,5964,22.938462,19.188462
4990,5965,22.942308,19.192308
4991,5966,22.946154,19.196154
4992,5967,22.950000,19.200000
4993,5968,22.953846,19.203846
4994,5969,22.957692,19.207692
4995,5970,22.961538,19.211538
4996,5971,22.965385,19.215385
4997,5972,22.969231,19.219231
4998,5973,22.973077,19.223077
4999,5974,22.976923,19.226923
5000,5975,22.980769,19.230769
5001,5976,22.984615,19.234615
5002,5977,22.988462,19.238462
5003,5978,22.992308,19.242308
5004,5979,22.996154,19.246154
5005,5980,23.000000,19.250000
5006,5981,23.003846,19.253846
5007,5982,23.007692,19.257692
5008,5983,23.011538,19.261538
5009,5984,23.015385,19.265385
5010,5985,23.019231,19.269231
5011,5986,23.023077,19.273077
5012,5987,23.026923,19.276923
5013,5988,23.030769,19.280769
5014,5989,23.034615,19.284615
5015,5990,23.038462,19.288462
5016,5991,23.042308,19.292308
5017,5992,23.046154,19.296154
5018,5993,23.050000,19.300000
5019,5994,23.053846,19.303846
5020,5995,23.057692,19.307692
5021,5996,23.061538,19.311538
5022,5997,23.065385,19.315385
5023,5998,23.069231,19.319231
5024,5999,23.073077,19.323077
5025,6000,23.076923,19.326923
5026,6001,23.080769,19.330769
5027,6002,23.084615,19.334615
5028,6003,23.088462,19.338462
5029,6004,23.092308,19.342308
5030,6005,23.096154,19.346154
5031,6006,23.100000,19.350000
5032,6007,23.103846,19.353846
5033,6008,23.107692,19.357692
5034,6009,23.111538,19.361538
5035,6010,23.115385,19.365385
5036,6011,23.119231,19.369231
5037,6012,23.123077,19.373077
5038,6013,23.126923,19.376923
5039,6014,23.130769,19.380769
5040,6015,23.134615,19.384615
5041,6016,23.138462,19.388462
5042,6017,23.142308,19.392308
5043,6018,23.146154,19.396154
5044,6019,23.150000,19.400000
5045,6020,23.153846,19.403846
5046,6021,23.157692,19.407692
5047,6022,23.161538,19.411538
5048,6023,23.165385,19.415385
5049,6024,23.169231,19.419231
5050,6025,23.173077,19.423077
5051,6026,23.176923,19.426923
5052,6027,23.180769,19.430769
5053,6028,23.184615,19.434615
5054,6029,23.188462,19.438462
5055,6030,23.192308,19.442308
5056,6031,23.196154,19.446154
5057,6032,23.200000,19.450000
5058,6033,23.203846,19.453846
5059,6034,23.207692,19.457692
5060,6035,23.211538,19.461538
5061,6036,23.215385,19.465385
5062,6037,23.219231,19.469231
5063,6038,23.223077,19.473077
5064,6039,23.226923,19.476923
5065,6040,23.230769,19.480769
5066,6041,23.234615,19.484615
5067,6042,23.238462,19.488462
5068,6043,23.242308,19.492308
5069,6044,23.246154,19.496154
5070,6045,23.250000,19.500000
5071,6046,23.253846,19.503846
5072,6047,23.257692,19.507692
5073,6048,23.261538,19.511538
5074,6049,23.265385,19.515385
5075,6050,23.269231,19.519231
5076,6051,23.273077,19.523077
5077,6052,23.276923,19.526923
5078,6053,23.280769,19.530769
5079,6054,23.284615,19.534615
5080,6055,23.288462,19.538462
5081,6056,23.292308,19.542308
5082,6057,23.296154,19.546154
5083,6058,23.300000,19.550000
5084,6059,23.303846,19.553846
5085,6060,23.307692,19.557692
5086,6061,23.311538,19.561538
5087,6062,23.315385,19.565385
5088,6063,23.319231,19.569231
5089,6064,23.323077,19.573077
5090,6065,23.326923,19.576923
5091,6066,23.330769,19.580769
5092,6067,23.334615,19.584615
5093,6068,23.338462,19.588462
5094,6069,23.342308,19.592308
5095,6070,23.346154,19.596154
5096,6071,23.350000,19.600000
5097,6072,23.353846,19.603846
5098,6073,23.357692,19.607692
5099,6074,23.361538,19.611538
5100,6075,23.365385,19.615385
5101,6076,23.369231,19.619231
5102,6077,23.373077,19.623077
5103,6078,23.376923,19.626923
5104,6079,23.380769,19.630769
5105,6080,23.384615,19.634615
5106,6081,23.388462,19.638462
5107,6082,23.392308,19.642308
5108,6083,23.396154,19.646154
5109,6084,23.400000,19.650000
5110,6085,23.403846,19.653846
5111,6086,23.407692,19.657692
5112,6087,23.411538,19.661538
5113,6088,23.415385,19.665385
5114,6089,23.419231,19.669231
5115,6090,23.423077,19.673077
5116,6091,23.426923,19.676923
5117,6092,23.430769,19.680769
5118,6093,23.434615,19.684615
5119,6094,23.438462,19.688462
5120,6095,23.442308,19.692308
5121,6096,23.446154,19.696154
5122,6097,23.450000,19.700000
5123,6098,23.453846,19.703846
5124,6099,23.457692,19.707692
5125,6100,23.461538,19.711538
5126,6101,23.465385,19.715385
5127,6102,23.469231,19.719231
5128,6103,23.473077,19.723077
5129,6104,23.476923,19.726923
5130,6105,23.480769,19.730769
5131,6106,23.484615,19.734615
5132,6107,23.488462,19.738462
5133,6108,23.492308,19.742308
5134,6109,23.496154,19.746154
5135,6110,23.500000,19.750000
5136,6111,23.503846,19.753846
5137,6112,23.507692,19.757692
5138,6113,23.511538,19.761538
5139,6114,23.515385,19.765385
5140,6115,23.519231,19.769231
5141,6116,23.523077,19.773077
5142,6117,23.526923,19.776923
5143,6118,23.530769,19.780769
5144,6119,23.534615,19.784615
5145,6120,23.538462,19.788462
5146,6121,23.542308,19.792308
5147,6122,23.546154,19.796154
5148,6123,23.550000,19.800000
5149,6124,23.553846,19.803846
5150,6125,23.557692,19.807692
5151,6126,23.561538,19.811538
5152,6127,23.565385,19.815385
5153,6128,23.569231,19.819231
5154,6129,23.573077,19.823077
5155,6130,23.576923,19.826923
5156,6131,23.580769,19.830769
5157,6132,23.584615,19.834615
5158,6133,23.588462,19.838462
5159,6134,23.592308,19.842308
5160,6135,23.596154,19.846154
5161,6136,23.600000,19.850000
5162,6137,23.603846,19.853846
5163,6138,23.607692,19.857692
5164,6139,23.611538,19.861538
5165,6140,23.615385,19.865385
5166,6141,23.619231,19.869231
5167,6142,23.623077,19.873077
5168,6143,23.626923,19.876923
5169,6144,23.630769,19.880769
5170,6145,23.634615,19.884615
5171,6146,23.638462,19.888462
5172,6147,23.642308,19.892308
5173,6148,23.646154,19.896154
5174,6149,23.650000,19.900000
5175,6150,23.653846,19.903846
5176,6151,23.657692,19.907692
5177,6152,23.661538,19.911538
5178,6153,23.665385,19.915385
5179,6154,23.669231,19.919231
5180,6155,23.673077,19.923077
5181,6156,23.676923,19.926923
5182,6157,23.680769,19.930769
5183,6158,23.684615,19.934615
5184,6159,23.688462,19.938462
5185,6160,23.692308,19.942308
5186,6161,23.696154,19.946154
5187,6162,23.700000,19.950000
5188,6163,23.703846,19.953846
5189,6164,23.707692,19.957692
5190,6165,23.711538,19.961538
5191,6166,23.715385,19.965385
5192,6167,23.719231,19.969231
5193,6168,23.723077,19.973077
5194,6169,23.726923,19.976923
5195,6170,23.730769,19.980769
5196,6171,23.734615,19.984615
5197,6172,23.738462,19.988462
5198,6173,23.742308,19.992308
5199,6174,23.746154,19.996154
5200,6175,23.750000,20.000000
5201,6176,23.753846,20.003846
5202,6177,23.757692,20.007692
5203,6178,23.761538,20.011538
5204,6179,23.765385,20.015385
5205,6180,23.769231,20.019231
5206,6181,23.773077,20.023077
5207,6182,23.776923,20.026923
5208,6183,23.780769,20.030769
5209,6184,23.784615,20.034615
5210,6185,23.788462,20.038462
5211,6186,23.792308,20.042308
5212,6187,23.796154,20.046154
5213,6188,23.800000,20.050000
5214,6189,23.803846,20.053846
5215,6190,23.807692,20.057692
5216,6191,23.811538,20.061538
5217,6192,23.815385,20.065385
5218,6193,23.819231,20.069231
5219,6194,23.823077,20.073077
5220,6195,23.826923,20.076923
5221,6196,23.830769,20.080769
5222,6197,23.834615,20.084615
5223,6198,23.838462,20.088462
5224,6199,23.842308,20.092308
5225,6200,23.846154,20.096154
5226,6201,23.850000,20.100000
5227,6202,23.853846,20.103846
5228,6203,23.857692,20.107692
5229,6204,23.861538,20.111538
5230,6205,23.865385,20.115385
5231,6206,23.869231,20.119231
5232,6207,23.873077,20.123077
5233,6208,23.876923,20.126923
5234,6209,23.880769,20.130769
5235,6210,23.884615,20.134615
5236,6211,23.888462,20.138462
5237,6212,23.892308,20.142308
5238,6213,23.896154,20.146154
5239,6214,23.900000,20.150000
5240,6215,23.903846,20.153846
5241,6216,23.907692,20.157692
5242,6217,23.911538,20.161538
5243,6218,23.915385,20.165385
5244,6219,23.919231,20.169231
5245,6220,23.923077,20.173077
5246,6221,23.926923,20.176923
5247,6222,23.930769,20.180769
5248,6223,23.934615,20.184615
5249,6224,23.938462,20.188462
5250,6225,23.942308,20.192308
5251,6226,23.946154,20.196154
5252,6227,23.950000,20.200000
5253,6228,23.953846,20.203846
5254,6229,23.957692,20.207692
5255,6230,23.961538,20.211538
5256,6231,23.965385,20.215385
5257,6232,23.969231,20.219231
5258,6233,23.973077,20.223077
5259,6234,23.976923,20.226923
5260,6235,23.980769,20.230769
5261,6236,23.984615,20.234615
5262,6237,23.988462,20.238462
5263,6238,23.992308,20.242308
5264,6239,23.996154,20.246154
5265,6240,24.000000,20.250000
5266,6241,24.003846,20.253846
5267,6242,24.007692,20.257692
5268,6243,24.011538,20.261538
5269,6244,24.015385,20.265385
5270,6245,24.019231,20.269231
5271,6246,24.023077,20.273077
5272,6247,24.026923,20.276923
5273,6248,24.030769,20.280769
5274,6249,24.034615,20.284615
5275,6250,24.038462,20.288462
5276,6251,24.042308,20.292308
5277,6252,24.046154,20.296154
5278,6253,24.050000,20.300000
5279,6254,24.053846,20.303846
5280,6255,24.057692,20.307692
5281,6256,24.061538,20.311538
5282,6257,24.065385,20.315385
5283,6258,24.069231,20.319231
5284,6259,24.073077,20.323077
5285,6260,24.076923,20.326923
5286,6261,24.080769,20.330769
5287,6262,24.084615,20.334615
5288,6263,24.088462,20.338462
5289,6264,24.092308,20.342308
5290,6265,24.096154,20.346154
5291,6266,24.100000,20.350000
5292,6267,24.103846,20.353846
5293,6268,24.107692,20.357692
5294,6269,24.111538,20.361538
5295,6270,24.115385,20.365385
5296,6271,24.119231,20.369231
5297,6272,24.123077,20.373077
5298,6273,24.126923,20.376923
5299,6274,24.130769,20.380769
5300,6275,24.134615,20.384615
5301,6276,24.138462,20.388462
5302,6277,24.142308,20.392308
5303,6278,24.146154,20.396154
5304,6279,24.150000,20.400000
5305,6280,24.153846,20.403846
5306,6281,24.157692,20.407692
5307,6282,24.161538,20.411538
5308,6283,24.165385,20.415385
5309,6284,24.169231,20.419231
5310,6285,24.173077,20.423077
5311,6286,24.176923,20.426923
5312,6287,24.180769,20.430769
5313,6288,24.184615,20.434615
5314,6289,24.188462,20.438462
5315,6290,24.192308,20.442308
5316,6291,24.196154,20.446154
5317,6292,24.200000,20.450000
5318,6293,24.203846,20.453846
5319,6294,24.207692,20.457692
5320,6295,24.211538,20.461538
5321,6296,24.215385,20.465385
5322,6297,24.219231,20.469231
5323,6298,24.223077,20.473077
5324,6299,24.226923,20.476923
5325,6300,24.230769,20.480769
5326,6301,24.234615,20.484615
5327,6302,24.238462,20.488462
5328,6303,24.242308,20.492308
5329,6304,24.246154,20.496154
5330,6305,24.250000,20.500000
5331,6306,24.253846,20.503846
5332,6307,24.257692,20.507692
5333,6308,24.261538,20.511538
5334,6309,24.265385,20.515385
5335,6310,24.269231,20.519231
5336,6311,24.273077,20.523077
5337,6312,24.276923,20.526923
5338,6313,24.280769,20.530769
5339,6314,24.284615,20.534615
5340,6315,24.288462,20.538462
5341,6316,24.292308,20.542308
5342,6317,24.296154,20.546154
5343,6318,24.300000,20.550000
5344,6319,24.303846,20.553846
5345,6320,24.307692,20.557692
5346,6321,24.311538,20.561538
5347,6322,24.315385,20.565385
5348,6323,24.319231,20.569231
5349,6324,24.323077,20.573077
5350,6325,24.326923,20.576923
5351,6326,24.330769,20.580769
5352,6327,24.334615,20.584615
5353,6328,24.338462,20.588462
5354,6329,24.342308,20.592308
5355,6330,24.346154,20.596154
5356,6331,24.350000,20.600000
5357,6332,24.353846,20.603846
5358,6333,24.357692,20.607692
5359,6334,24.361538,20.611538
5360,6335,24.365385,20.615385
5361,6336,24.369231,20.619231
5362,6337,24.373077,20.623077
5363,6338,24.376923,20.626923
5364,6339,24.380769,20.630769
5365,6340,24.384615,20.634615
5366,6341,24.388462,20.638462
5367,6342,24.392308,20.642308
5368,6343,24.396154,20.646154
5369,6344,24.400000,20.650000
5370,6345,24.403846,20.653846
5371,6346,24.407692,20.657692
5372,6347,24.411538,20.661538
5373,6348,24.415385,20.665385
5374,6349,24.419231,20.669231
5375,6350,24.423077,20.673077
5376,6351,24.426923,20.676923
5377,6352,24.430769,20.680769
5378,6353,24.434615,20.684615
5379,6354,24.438462,20.688462
5380,6355,24.442308,20.692308
5381,6356,24.446154,20.696154
5382,6357,24.450000,20.700000
5383,6358,24.453846,20.703846
5384,6359,24.457692,20.707692
5385,6360,24.461538,20.711538
5386,6361,24.465385,20.715385
5387,6362,24.469231,20.719231
5388,6363,24.473077,20.723077
5389,6364,24.476923,20.726923
5390,6365,24.480769,20.730769
5391,6366,24.484615,20.734615
5392,6367,24.488462,20.738462
5393,6368,24.492308,20.742308
5394,6369,24.496154,20.746154
5395,6370,24.500000,20.750000
5396,6371,24.503846,20.753846
5397,6372,24.507692,20.757692
5398,6373,24.511538,20.761538
5399,6374,24.515385,20.765385
5400,6375,24.519231,20.769231
5401,6376,24.523077,20.773077
5402,6377,24.526923,20.776923
5403,6378,24.530769,20.780769
5404,6379,24.534615,20.784615
5405,6380,24.538462,20.788462
5406,6381,24.542308,20.792308
5407,6382,24.546154,20.796154
5408,6383,24.550000,20.800000
5409,6384,24.553846,20.803846
5410,6385,24.557692,20.807692
5411,6386,24.561538,20.811538
5412,6387,24.565385,20.815385
5413,6388,24.569231,20.819231
5414,6389,24.573077,20.823077
5415,6390,24.576923,20.826923
5416,6391,24.580769,20.830769
5417,6392,24.584615,20.834615
5418,6393,24.588462,20.838462
5419,6394,24.592308,20.842308
5420,6395,24.596154,20.846154
5421,6396,24.600000,20.850000
5422,6397,24.603846,20.853846
5423,6398,24.607692,20.857692
5424,6399,24.611538,20.861538
5425,6400,24.615385,20.865385
5426,6401,24.619231,20.869231
5427,6402,24.623077,20.873077
5428,6403,24.626923,20.876923
5429,6404,24.630769,20.880769
5430,6405,24.634615,20.884615
5431,6406,24.638462,20.888462
5432,6407,24.642308,20.892308
5433,6408,24.646154,20.896154
5434,6409,24.650000,20.900000
5435,6410,24.653846,20.903846
5436,6411,24.657692,20.907692
5437,6412,24.661538,20.911538
5438,6413,24.665385,20.915385
5439,6414,24.669231,20.919231
5440,6415,24.673077,20.923077
5441,6416,24.676923,20.926923
5442,6417,24.680769,20.930769
5443,6418,24.684615,20.934615
5444,6419,24.688462,20.938462
5445,6420,24.692308,20.942308
5446,6421,24.696154,20.946154
5447,6422,24.700000,20.950000
5448,6423,24.703846,20.953846
5449,6424,24.707692,20.957692
5450,6425,24.711538,20.961538
5451,6426,24.715385,20.965385
5452,6427,24.719231,20.969231
5453,6428,24.723077,20.973077
5454,6429,24.726923,20.976923
5455,6430,24.730769,20.980769
5456,6431,24.734615,20.984615
5457,6432,24.738462,20.988462
5458,6433,24.742308,20.992308
5459,6434,24.746154,20.996154
5460,6435,24.750000,21.000000
5461,6436,24.753846,21.003846
5462,6437,24.757692,21.007692
5463,6438,24.761538,21.011538
5464,6439,24.765385,21.015385
5465,6440,24.769231,21.019231
5466,6441,24.773077,21.023077
5467,6442,24.776923,21.026923
5468,6443,24.780769,21.030769
5469,6444,24.784615,21.034615
5470,6445,24.788462,21.038462
5471,6446,24.792308,21.042308
5472,6447,24.796154,21.046154
5473,6448,24.800000,21.050000
5474,6449,24.803846,21.053846
5475,6450,24.807692,21.057692
5476,6451,24.811538,21.061538
5477,6452,24.815385,21.065385
5478,6453,24.819231,21.069231
5479,6454,24.823077,21.073077
5480,6455,24.826923,21.076923
5481,6456,24.830769,21.080769
5482,6457,24.834615,21.084615
5483,6458,24.838462,21.088462
5484,6459,24.842308,21.092308
5485,6460,24.846154,21.096154
5486,6461,24.850000,21.100000
5487,6462,24.853846,21.103846
5488,6463,24.857692,21.107692
5489,6464,24.861538,21.111538
5490,6465,24.865385,21.115385
5491,6466,24.869231,21.119231
5492,6467,24.873077,21.123077
5493,6468,24.876923,21.126923
5494,6469,24.880769,21.130769
5495,6470,24.884615,21.134615
5496,6471,24.888462,21.138462
5497,6472,24.892308,21.142308
5498,6473,24.896154,21.146154
5499,6474,24.900000,21.150000
5500,6475,24.903846,21.153846
5501,6476,24.907692,21.157692
5502,6477,24.911538,21.161538
5503,6478,24.915385,21.165385
5504,6479,24.919231,21.169231
5505,6480,24.923077,21.173077
5506,6481,24.926923,21.176923
5507,6482,24.930769,21.180769
5508,6483,24.934615,21.184615
5509,6484,24.938462,21.188462
5510,6485,24.942308,21.192308
5511,6486,24.946154,21.196154
5512,6487,24.950000,21.200000
5513,6488,24.953846,21.203846
5514,6489,24.957692,21.207692
5515,6490,24.961538,21.211538
5516,6491,24.965385,21.215385
5517,6492,24.969231,21.219231
5518,6493,24.973077,21.223077
5519,6494,24.976923,21.226923
5520,6495,24.980769,21.230769
5521,6496,24.984615,21.234615
5522,6497,24.988462,21.238462
5523,6498,24.992308,21.242308
5524,6499,24.996154,21.246154
5525,6500,25.000000,21.250000
5526,6501,25.003846,21.253846
5527,6502,25.007692,21.257692
5528,6503,25.011538,21.261538
5529,6504,25.015385,21.265385
5530,6505,25.019231,21.269231
5531,6506,25.023077,21.273077
5532,6507,25.026923,21.276923
5533,6508,25.030769,21.280769
5534,6509,25.034615,21.284615
5535,6510,25.038462,21.288462
5536,6511,25.042308,21.292308
5537,6512,25.046154,21.296154
5538,6513,25.050000,21.300000
5539,6514,25.053846,21.303846
5540,6515,25.057692,21.307692
5541,6516,25.061538,21.311538
5542,6517,25.065385,21.315385
5543,6518,25.069231,21.319231
5544,6519,25.073077,21.323077
5545,6520,25.076923,21.326923
5546,6521,25.080769,21.330769
5547,6522,25.084615,21.334615
5548,6523,25.088462,21.338462
5549,6524,25.092308,21.342308
5550,6525,25.096154,21.346154
5551,6526,25.100000,21.350000
5552,6527,25.103846,21.353846
5553,6528,25.107692,21.357692
5554,6529,25.111538,21.361538
5555,6530,25.115385,21.365385
5556,6531,25.119231,21.369231
5557,6532,25.123077,21.373077
5558,6533,25.126923,21.376923
5559,6534,25.130769,21.380769
5560,6535,25.134615,21.384615
5561,6536,25.138462,21.388462
5562,6537,25.142308,21.392308
5563,6538,25.146154,21.396154
5564,6539,25.150000,21.400000
5565,6540,25.153846,21.403846
5566,6541,25.157692,21.407692
5567,6542,25.161538,21.411538
5568,6543,25.165385,21.415385
5569,6544,25.169231,21.419231
5570,6545,25.173077,21.423077
5571,6546,25.176923,21.426923
5572,6547,25.180769,21.430769
5573,6548,25.184615,21.434615
5574,6549,25.188462,21.438462
5575,6550,25.192308,21.442308
5576,6551,25.196154,21.446154
5577,6552,25.200000,21.450000
5578,6553,25.203846,21.453846
5579,6554,25.207692,21.457692
5580,6555,25.211538,21.461538
5581,6556,25.215385,21.465385
5582,6557,25.219231,21.469231
5583,6558,25.223077,21.473077
5584,6559,25.226923,21.476923
5585,6560,25.230769,21.480769
5586,6561,25.234615,21.484615
5587,6562,25.238462,21.488462
5588,6563,25.242308,21.492308
5589,6564,25.246154,21.496154
5590,6565,25.250000,21.500000
5591,6566,25.253846,21.503846
5592,6567,25.257692,21.507692
5593,6568,25.261538,21.511538
5594,6569,25.265385,21.515385
5595,6570,25.269231,21.519231
5596,6571,25.273077,21.523077
5597,6572,25.276923,21.526923
5598,6573,25.280769,21.530769
5599,6574,25.284615,21.534615
5600,6575,25.288462,21.538462
5601,6576,25.292308,21.542308
5602,6577,25.296154,21.546154
5603,6578,25.300000,21.550000
5604,6579,25.303846,21.553846
5605,6580,25.307692,21.557692
5606,6581,25.311538,21.561538
5607,6582,25.315385,21.565385
5608,6583,25.319231,21.569231
5609,6584,25.323077,21.573077
5610,6585,25.326923,21.576923
5611,6586,25.330769,21.580769
5612,6587,25.334615,21.584615
5613,6588,25.338462,21.588462
5614,6589,25.342308,21.592308
5615,6590,25.346154,21.596154
5616,6591,25.350000,21.600000
5617,6592,25.353846,21.603846
5618,6593,25.357692,21.607692
5619,6594,25.361538,21.611538
5620,6595,25.365385,21.615385
5621,6596,25.369231,21.619231
5622,6597,25.373077,21.623077
5623,6598,25.376923,21.626923
5624,6599,25.380769,21.630769
5625,6600,25.384615,21.634615
5626,6601,25.388462,21.638462
5627,6602,25.392308,21.642308
5628,6603,25.396154,21.646154
5629,6604,25.400000,21.650000
5630,6605,25.403846,21.653846
5631,6606,25.407692,21.657692
5632,6607,25.411538,21.661538
5633,6608,25.415385,21.665385
5634,6609,25.419231,21.669231
5635,6610,25.423077,21.673077
5636,6611,25.426923,21.676923
5637,6612,25.430769,21.680769
5638,6613,25.434615,21.684615
5639,6614,25.438462,21.688462
5640,6615,25.442308,21.692308
5641,6616,25.446154,21.696154
5642,6617,25.450000,21.700000
5643,6618,25.453846,21.703846
5644,6619,25.457692,21.707692
5645,6620,25.461538,21.711538
5646,6621,25.465385,21.715385
5647,6622,25.469231,21.719231
5648,6623,25.473077,21.723077
5649,6624,25.476923,21.726923
5650,6625,25.480769,21.730769
5651,6626,25.484615,21.734615
5652,6627,25.488462,21.738462
5653,6628,25.492308,21.742308
5654,6629,25.496154,21.746154
5655,6630,25.500000,21.750000
5656,6631,25.503846,21.753846
5657,6632,25.507692,21.757692
5658,6633,25.511538,21.761538
5659,6634,25.515385,21.765385
5660,6635,25.519231,21.769231
5661,6636,25.523077,21.773077
5662,6637,25.526923,21.776923
5663,6638,25.530769,21.780769
5664,6639,25.534615,21.784615
5665,6640,25.538462,21.788462
5666,6641,25.542308,21.792308
5667,6642,25.546154,21.796154
5668,6643,25.550000,21.800000
5669,6644,25.553846,21.803846
5670,6645,25.557692,21.807692
5671,6646,25.561538,21.811538
5672,6647,25.565385,21.815385
5673,6648,25.569231,21.819231
5674,6649,25.573077,21.823077
5675,6650,25.576923,21.826923
5676,6651,25.580769,21.830769
5677,6652,25.584615,21.834615
5678,6653,25.588462,21.838462
5679,6654,25.592308,21.842308
5680,6655,25.596154,21.846154
5681,6656,25.600000,21.850000
5682,6657,25.603846,21.853846
5683,6658,25.607692,21.857692
5684,6659,25.611538,21.861538
5685,6660,25.615385,21.865385
5686,6661,25.619231,21.869231
5687,6662,25.623077,21.873077
5688,6663,25.626923,21.876923
5689,6664,25.630769,21.880769
5690,6665,25.634615,21.884615
5691,6666,25.638462,21.888462
5692,6667,25.642308,21.892308
5693,6668,25.646154,21.896154
5694,6669,25.650000,21.900000
5695,6670,25.653846,21.903846
5696,6671,25.657692,21.907692
5697,6672,25.661538,21.911538
5698,6673,25.665385,21.915385
5699,6674,25.669231,21.919231
5700,6675,25.673077,21.923077
5701,6676,25.676923,21.926923
5702,6677,25.680769,21.930769
5703,6678,25.684615,21.934615
5704,6679,25.688462,21.938462
5705,6680,25.692308,21.942308
5706,6681,25.696154,21.946154
5707,6682,25.700000,21.950000
5708,6683,25.703846,21.953846
5709,6684,25.707692,21.957692
5710,6685,25.711538,21.961538
5711,6686,25.715385,21.965385
5712,6687,25.719231,21.969231
5713,6688,25.723077,21.973077
5714,6689,25.726923,21.976923
5715,6690,25.730769,21.980769
5716,6691,25.734615,21.984615
5717,6692,25.738462,21.988462
5718,6693,25.742308,21.992308
5719,6694,25.746154,21.996154
5720,6695,25.750000,22.000000
5721,6696,25.753846,22.003846
5722,6697,25.757692,22.007692
5723,6698,25.761538,22.011538
5724,6699,25.765385,22.015385
5725,6700,25.769231,22.019231
5726,6701,25.773077,22.023077
5727,6702,25.776923,22.026923
5728,6703,25.780769,22.030769
5729,6704,25.784615,22.034615
5730,6705,25.788462,22.038462
5731,6706,25.792308,22.042308
5732,6707,25.796154,22.046154
5733,6708,25.800000,22.050000
5734,6709,25.803846,22.053846
5735,6710,25.807692,22.057692
5736,6711,25.811538,22.061538
5737,6712,25.815385,22.065385
5738,6713,25.819231,22.069231
5739,6714,25.823077,22.073077
5740,6715,25.826923,22.076923
5741,6716,25.830769,22.080769
5742,6717,25.834615,22.084615
5743,6718,25.838462,22.088462
5744,6719,25.842308,22.092308
5745,6720,25.846154,22.096154
5746,6721,25.850000,22.100000
5747,6722,25.853846,22.103846
5748,6723,25.857692,22.107692
5749,6724,25.861538,22.111538
5750,6725,25.865385,22.115385
5751,6726,25.869231,22.119231
5752,6727,25.873077,22.123077
5753,6728,25.876923,22.126923
5754,6729,25.880769,22.130769
5755,6730,25.884615,22.134615
5756,6731,25.888462,22.138462
5757,6732,25.892308,22.142308
5758,6733,25.896154,22.146154
5759,6734,25.900000,22.150000
5760,6735,25.903846,22.153846
5761,6736,25.907692,22.157692
5762,6737,25.911538,22.161538
5763,6738,25.915385,22.165385
5764,6739,25.919231,22.169231
5765,6740,25.923077,22.173077
5766,6741,25.926923,22.176923
5767,6742,25.930769,22.180769
5768,6743,25.934615,22.184615
5769,6744,25.938462,22.188462
5770,6745,25.942308,22.192308
5771,6746,25.946154,22.196154
5772,6747,25.950000,22.200000
5773,6748,25.953846,22.203846
5774,6749,25.957692,22.207692
5775,6750,25.961538,22.211538
5776,6751,25.965385,22.215385
5777,6752,25.969231,22.219231
5778,6753,25.973077,22.223077
5779,6754,25.976923,22.226923
5780,6755,25.980769,22.230769
5781,6756,25.984615,22.234615
5782,6757,25.988462,22.238462
5783,6758,25.992308,22.242308
5784,6759,25.996154,22.246154
5785,6760,26.000000,22.250000
5786,6761,26.003846,22.253846
5787,6762,26.007692,22.257692
5788,6763,26.011538,22.261538
5789,6764,26.015385,22.265385
5790,6765,26.019231,22.269231
5791,6766,26.023077,22.273077
5792,6767,26.026923,22.276923
5793,6768,26.030769,22.280769
5794,6769,26.034615,22.284615
5795,6770,26.038462,22.288462
5796,6771,26.042308,22.292308
5797,6772,26.046154,22.296154
5798,6773,26.050000,22.300000
5799,6774,26.053846,22.303846
5800,6775,26.057692,22.307692
5801,6776,26.061538,22.311538
5802,6777,26.065385,22.315385
5803,6778,26.069231,22.319231
5804,6779,26.073077,22.323077
5805,6780,26.076923,22.326923
5806,6781,26.080769,22.330769
5807,6782,26.084615,22.334615
5808,6783,26.088462,22.338462
5809,6784,26.092308,22.342308
5810,6785,26.096154,22.346154
5811,6786,26.100000,22.350000
5812,6787,26.103846,22.353846
5813,6788,26.107692,22.357692
5814,6789,26.111538,22.361538
5815,6790,26.115385,22.365385
5816,6791,26.119231,22.369231
5817,6792,26.123077,22.373077
5818,6793,26.126923,22.376923
5819,6794,26.130769,22.380769
5820,6795,26.134615,22.384615
5821,6796,26.138462,22.388462
5822,6797,26.142308,22.392308
5823,6798,26.146154,22.396154
5824,6799,26.150000,22.400000
5825,6800,26.153846,22.403846
5826,6801,26.157692,22.407692
5827,6802,26.161538,22.411538
5828,6803,26.165385,22.415385
5829,6804,26.169231,22.419231
5830,6805,26.173077,22.423077
5831,6806,26.176923,22.426923
5832,6807,26.180769,22.430769
5833,6808,26.184615,22.434615
5834,6809,26.188462,22.438462
5835,6810,26.192308,22.442308
5836,6811,26.196154,22.446154
5837,6812,26.200000,22.450000
5838,6813,26.203846,22.453846
5839,6814,26.207692,22.457692
5840,6815,26.211538,22.461538
5841,6816,26.215385,22.465385
5842,6817,26.219231,22.469231
5843,6818,26.223077,22.473077
5844,6819,26.226923,22.476923
5845,6820,26.230769,22.480769
5846,6821,26.234615,22.484615
5847,6822,26.238462,22.488462
5848,6823,26.242308,22.492308
5849,6824,26.246154,22.496154
5850,6825,26.250000,22.500000
5851,6826,26.253846,22.503846
5852,6827,26.257692,22.507692
5853,6828,26.261538,22.511538
5854,6829,26.265385,22.515385
5855,6830,26.269231,22.519231
5856,6831,26.273077,22.523077
5857,6832,26.276923,22.526923
5858,6833,26.280769,22.530769
5859,6834,26.284615,22.534615
5860,6835,26.288462,22.538462
5861,6836,26.292308,22.542308
5862,6837,26.296154,22.546154
5863,6838,26.300000,22.550000
5864,6839,26.303846,22.553846
5865,6840,26.307692,22.557692
5866,6841,26.311538,22.561538
5867,6842,26.315385,22.565385
5868,6843,26.319231,22.569231
5869,6844,26.323077,22.573077
5870,6845,26.326923,22.576923
5871,6846,26.330769,22.580769
5872,6847,26.334615,22.584615
5873,6848,26.338462,22.588462
5874,6849,26.342308,22.592308
5875,6850,26.346154,22.596154
5876,6851,26.350000,22.600000
5877,6852,26.353846,22.603846
5878,6853,26.357692,22.607692
5879,6854,26.361538,22.611538
5880,6855,26.365385,22.615385
5881,6856,26.369231,22.619231
5882,6857,26.373077,22.623077
5883,6858,26.376923,22.626923
5884,6859,26.380769,22.630769
5885,6860,26.384615,22.634615
5886,6861,26.388462,22.638462
5887,6862,26.392308,22.642308
5888,6863,26.396154,22.646154
5889,6864,26.400000,22.650000
5890,6865,26.403846,22.653846
5891,6866,26.407692,22.657692
5892,6867,26.411538,22.661538
5893,6868,26.415385,22.665385
5894,6869,26.419231,22.669231
5895,6870,26.423077,22.673077
5896,6871,26.426923,22.676923
5897,6872,26.430769,22.680769
5898,6873,26.434615,22.684615
5899,6874,26.438462,22.688462
5900,6875,26.442308,22.692308
5901,6876,26.446154,22.696154
5902,6877,26.450000,22.700000
5903,6878,26.453846,22.703846
5904,6879,26.457692,22.707692
5905,6880,26.461538,22.711538
5906,6881,26.465385,22.715385
5907,6882,26.469231,22.719231
5908,6883,26.473077,22.723077
5909,6884,26.476923,22.726923
5910,6885,26.480769,22.730769
5911,6886,26.484615,22.734615
5912,6887,26.488462,22.738462
5913,6888,26.492308,22.742308
5914,6889,26.496154,22.746154
5915,6890,26.500000,22.750000
5916,6891,26.503846,22.753846
5917,6892,26.507692,22.757692
5918,6893,26.511538,22.761538
5919,6894,26.515385,22.765385
5920,6895,26.519231,22.769231
5921,6896,26.523077,22.773077
5922,6897,26.526923,22.776923
5923,6898,26.530769,22.780769
5924,6899,26.534615,22.784615
5925,6900,26.538462,22.788462
5926,6901,26.542308,22.792308
5927,6902,26.546154,22.796154
5928,6903,26.550000,22.800000
5929,6904,26.553846,22.803846
5930,6905,26.557692,22.807692
5931,6906,26.561538,22.811538
5932,6907,26.565385,22.815385
5933,6908,26.569231,22.819231
5934,6909,26.573077,22.823077
5935,6910,26.576923,22.826923
5936,6911,26.580769,22.830769
5937,6912,26.584615,22.834615
5938,6913,26.588462,22.838462
5939,6914,26.592308,22.842308
5940,6915,26.596154,22.846154
5941,6916,26.600000,22.850000
5942,6917,26.603846,22.853846
5943,6918,26.607692,22.857692
5944,6919,26.611538,22.861538
5945,6920,26.615385,22.865385
5946,6921,26.619231,22.869231
5947,6922,26.623077,22.873077
5948,6923,26.626923,22.876923
5949,6924,26.630769,22.880769
5950,6925,26.634615,22.884615
5951,6926,26.638462,22.888462
5952,6927,26.642308,22.892308
5953,6928,26.646154,22.896154
5954,6929,26.650000,22.900000
5955,6930,26.653846,22.903846
5956,6931,26.657692,22.907692
5957,6932,26.661538,22.911538
5958,6933,26.665385,22.915385
5959,6934,26.669231,22.919231
5960,6935,26.673077,22.923077
5961,6936,26.676923,22.926923
5962,6937,26.680769,22.930769
5963,6938,26.684615,22.934615
5964,6939,26.688462,22.938462
5965,6940,26.692308,22.942308
5966,6941,26.696154,22.946154
5967,6942,26.700000,22.950000
5968,6943,26.703846,22.953846
5969,6944,26.707692,22.957692
5970,6945,26.711538,22.961538
5971,6946,26.715385,22.965385
5972,6947,26.719231,22.969231
5973,6948,26.723077,22.973077
5974,6949,26.726923,22.976923
5975,6950,26.730769,22.980769
5976,6951,26.734615,22.984615
5977,6952,26.738462,22.988462
5978,6953,26.742308,22.992308
5979,6954,26.746154,22.996154
5980,6955,26.750000,23.000000
5981,6956,26.753846,23.003846
5982,6957,26.757692,23.007692
5983,6958,26.761538,23.011538
5984,6959,26.765385,23.015385
5985,6960,26.769231,23.019231
5986,6961,26.773077,23.023077
5987,6962,26.776923,23.026923
5988,6963,26.780769,23.030769
5989,6964,26.784615,23.034615
5990,6965,26.788462,23.038462
5991,6966,26.792308,23.042308
5992,6967,26.796154,23.046154
5993,6968,26.800000,23.050000
5994,6969,26.803846,23.053846
5995,6970,26.807692,23.057692
5996,6971,26.811538,23.061538
5997,6972,26.815385,23.065385
5998,6973,26.819231,23.069231
5999,6974,26.823077,23.073077
6000,6975,26.826923,23.076923
6001,6976,26.830769,23.080769
6002,6977,26.834615,23.084615
6003,6978,26.838462,23.088462
6004,6979,26.842308,23.092308
6005,6980,26.846154,23.096154
6006,6981,26.850000,23.100000
6007,6982,26.853846,23.103846
6008,6983,26.857692,23.107692
6009,6984,26.861538,23.111538
6010,6985,26.865385,23.115385
6011,6986,26.869231,23.119231
6012,6987,26.873077,23.123077
6013,6988,26.876923,23.126923
6014,6989,26.880769,23.130769
6015,6990,26.884615,23.134615
6016,6991,26.888462,23.138462
6017,6992,26.892308,23.142308
6018,6993,26.896154,23.146154
6019,6994,26.900000,23.150000
6020,6995,26.903846,23.153846
6021,6996,26.907692,23.157692
6022,6997,26.911538,23.161538
6023,6998,26.915385,23.165385
6024,6999,26.919231,23.169231
6025,7000,26.923077,23.173077
6026,7001,26.926923,23.176923
6027,7002,26.930769,23.180769
6028,7003,26.934615,23.184615
6029,7004,26.938462,23.188462
6030,7005,26.942308,23.192308
6031,7006,26.946154,23.196154
6032,7007,26.950000,23.200000
6033,7008,26.953846,23.203846
6034,7009,26.957692,23.207692
6035,7010,26.961538,23.211538
6036,7011,26.965385,23.215385
6037,7012,26.969231,23.219231
6038,7013,26.973077,23.223077
6039,7014,26.976923,23.226923
6040,7015,26.980769,23.230769
6041,7016,26.984615,23.234615
6042,7017,26.988462,23.238462
6043,7018,26.992308,23.242308
6044,7019,26.996154,23.246154
6045,7020,27.000000,23.250000
6046,7021,27.003846,23.253846
6047,7022,27.007692,23.257692
6048,7023,27.011538,23.261538
6049,7024,27.015385,23.265385
6050,7025,27.019231,23.269231
6051,7026,27.023077,23.273077
6052,7027,27.026923,23.276923
6053,7028,27.030769,23.280769
6054,7029,27.034615,23.284615
6055,7030,27.038462,23.288462
6056,7031,27.042308,23.292308
6057,7032,27.046154,23.296154
6058,7033,27.050000,23.300000
6059,7034,27.053846,23.303846
6060,7035,27.057692,23.307692
6061,7036,27.061538,23.311538
6062,7037,27.065385,23.315385
6063,7038,27.069231,23.319231
6064,7039,27.073077,23.323077
6065,7040,27.076923,23.326923
6066,7041,27.080769,23.330769
6067,7042,27.084615,23.334615
6068,7043,27.088462,23.338462
6069,7044,27.092308,23.342308
6070,7045,27.096154,23.346154
6071,7046,27.100000,23.350000
6072,7047,27.103846,23.353846
6073,7048,27.107692,23.357692
6074,7049,27.111538,23.361538
6075,7050,27.115385,23.365385
6076,7051,27.119231,23.369231
6077,7052,27.123077,23.373077
6078,7053,27.126923,23.376923
6079,7054,27.130769,23.380769
6080,7055,27.134615,23.384615
6081,7056,27.138462,23.388462
6082,7057,27.142308,23.392308
6083,7058,27.146154,23.396154
6084,7059,27.150000,23.400000
6085,7060,27.153846,23.403846
6086,7061,27.157692,23.407692
6087,7062,27.161538,23.411538
6088,7063,27.165385,23.415385
6089,7064,27.169231,23.419231
6090,7065,27.173077,23.423077
6091,7066,27.176923,23.426923
6092,7067,27.180769,23.430769
6093,7068,27.184615,23.434615
6094,7069,27.188462,23.438462
6095,7070,27.192308,23.442308
6096,7071,27.196154,23.446154
6097,7072,27.200000,23.450000
6098,7073,27.203846,23.453846
6099,7074,27.207692,23.457692
6100,7075,27.211538,23.461538
6101,7076,27.215385,23.465385
6102,7077,27.219231,23.469231
6103,7078,27.223077,23.473077
6104,7079,27.226923,23.476923
6105,7080,27.230769,23.480769
6106,7081,27.234615,23.484615
6107,7082,27.238462,23.488462
6108,7083,27.242308,23.492308
6109,7084,27.246154,23.496154
6110,7085,27.250000,23.500000
6111,7086,27.253846,23.503846
6112,7087,27.257692,23.507692
6113,7088,27.261538,23.511538
6114,7089,27.265385,23.515385
6115,7090,27.269231,23.519231
6116,7091,27.273077,23.523077
6117,7092,27.276923,23.526923
6118,7093,27.280769,23.530769
6119,7094,27.284615,23.534615
6120,7095,27.288462,23.538462
6121,7096,27.292308,23.542308
6122,7097,27.296154,23.546154
6123,7098,27.300000,23.550000
6124,7099,27.303846,23.553846
6125,7100,27.307692,23.557692
6126,7101,27.311538,23.561538
6127,7102,27.315385,23.565385
6128,7103,27.319231,23.569231
6129,7104,27.323077,23.573077
6130,7105,27.326923,23.576923
6131,7106,27.330769,23.580769
6132,7107,27.334615,23.584615
6133,7108,27.338462,23.588462
6134,7109,27.342308,23.592308
6135,7110,27.346154,23.596154
6136,7111,27.350000,23.600000
6137,7112,27.353846,23.603846
6138,7113,27.357692,23.607692
6139,7114,27.361538,23.611538
6140,7115,27.365385,23.615385
6141,7116,27.369231,23.619231
6142,7117,27.373077,23.623077
6143,7118,27.376923,23.626923
6144,7119,27.380769,23.630769
6145,7120,27.384615,23.634615
6146,7121,27.388462,23.638462
6147,7122,27.392308,23.642308
6148,7123,27.396154,23.646154
6149,7124,27.400000,23.650000
6150,7125,27.403846,23.653846
6151,7126,27.407692,23.657692
6152,7127,27.411538,23.661538
6153,7128,27.415385,23.665385
6154,7129,27.419231,23.669231
6155,7130,27.423077,23.673077
6156,7131,27.426923,23.676923
6157,7132,27.430769,23.680769
6158,7133,27.434615,23.684615
6159,7134,27.438462,23.688462
6160,7135,27.442308,23.692308
6161,7136,27.446154,23.696154
6162,7137,27.450000,23.700000
6163,7138,27.453846,23.703846
6164,7139,27.457692,23.707692
6165,7140,27.461538,23.711538
6166,7141,27.465385,23.715385
6167,7142,27.469231,23.719231
6168,7143,27.473077,23.723077
6169,7144,27.476923,23.726923
6170,7145,27.480769,23.730769
6171,7146,27.484615,23.734615
6172,7147,27.488462,23.738462
6173,7148,27.492308,23.742308
6174,7149,27.496154,23.746154
6175,7150,27.500000,23.750000
6176,7151,27.503846,23.753846
6177,7152,27.507692,23.757692
6178,7153,27.511538,23.761538
6179,7154,27.515385,23.765385
6180,7155,27.519231,23.769231
6181,7156,27.523077,23.773077
6182,7157,27.526923,23.776923
6183,7158,27.530769,23.780769
6184,7159,27.534615,23.784615
6185,7160,27.538462,23.788462
6186,7161,27.542308,23.792308
6187,7162,27.546154,23.796154
6188,7163,27.550000,23.800000
6189,7164,27.553846,23.803846
6190,7165,27.557692,23.807692
6191,7166,27.561538,23.811538
6192,7167,27.565385,23.815385
6193,7168,27.569231,23.819231
6194,7169,27.573077,23.823077
6195,7170,27.576923,23.826923
6196,7171,27.580769,23.830769
6197,7172,27.584615,23.834615
6198,7173,27.588462,23.838462
6199,7174,27.592308,23.842308
6200,7175,27.596154,23.846154
6201,7176,27.600000,23.850000
6202,7177,27.603846,23.853846
6203,7178,27.607692,23.857692
6204,7179,27.611538,23.861538
6205,7180,27.615385,23.865385
6206,7181,27.619231,23.869231
6207,7182,27.623077,23.873077
6208,7183,27.626923,23.876923
6209,7184,27.630769,23.880769
6210,7185,27.634615,23.884615
6211,7186,27.638462,23.888462
6212,7187,27.642308,23.892308
6213,7188,27.646154,23.896154
6214,7189,27.650000,23.900000
6215,7190,27.653846,23.903846
6216,7191,27.657692,23.907692
6217,7192,27.661538,23.911538
6218,7193,27.665385,23.915385
6219,7194,27.669231,23.919231
6220,7195,27.673077,23.923077
6221,7196,27.676923,23.926923
6222,7197,27.680769,23.930769
6223,7198,27.684615,23.934615
6224,7199,27.688462,23.938462
6225,7200,27.692308,23.942308
6226,7201,27.696154,23.946154
6227,7202,27.700000,23.950000
6228,7203,27.703846,23.953846
6229,7204,27.707692,23.957692
6230,7205,27.711538,23.961538
6231,7206,27.715385,23.965385
6232,7207,27.719231,23.969231
6233,7208,27.723077,23.973077
6234,7209,27.726923,23.976923
6235,7210,27.730769,23.980769
6236,7211,27.734615,23.984615
6237,7212,27.738462,23.988462
6238,7213,27.742308,23.992308
6239,7214,27.746154,23.996154
6240,7215,27.750000,24.000000
6241,7216,27.753846,24.003846
6242,7217,27.757692,24.007692
6243,7218,27.761538,24.011538
6244,7219,27.765385,24.015385
6245,7220,27.769231,24.019231
6246,7221,27.773077,24.023077
6247,7222,27.776923,24.026923
6248,7223,27.780769,24.030769
6249,7224,27.784615,24.034615
6250,7225,27.788462,24.038462
6251,7226,27.792308,24.042308
6252,7227,27.796154,24.046154
6253,7228,27.800000,24.050000
6254,7229,27.803846,24.053846
6255,7230,27.807692,24.057692
6256,7231,27.811538,24.061538
6257,7232,27.815385,24.065385
6258,7233,27.819231,24.069231
6259,7234,27.823077,24.073077
6260,7235,27.826923,24.076923
6261,7236,27.830769,24.080769
6262,7237,27.834615,24.084615
6263,7238,27.838462,24.088462
6264,7239,27.842308,24.092308
6265,7240,27.846154,24.096154
6266,7241,27.850000,24.100000
6267,7242,27.853846,24.103846
6268,7243,27.857692,24.107692
6269,7244,27.861538,24.111538
6270,7245,27.865385,24.115385
6271,7246,27.869231,24.119231
6272,7247,27.873077,24.123077
6273,7248,27.876923,24.126923
6274,7249,27.880769,24.130769
6275,7250,27.884615,24.134615
6276,7251,27.888462,24.138462
6277,7252,27.892308,24.142308
6278,7253,27.896154,24.146154
6279,7254,27.900000,24.150000
6280,7255,27.903846,24.153846
6281,7256,27.907692,24.157692
6282,7257,27.911538,24.161538
6283,7258,27.915385,24.165385
6284,7259,27.919231,24.169231
6285,7260,27.923077,24.173077
6286,7261,27.926923,24.176923
6287,7262,27.930769,24.180769
6288,7263,27.934615,24.184615
6289,7264,27.938462,24.188462
6290,7265,27.942308,24.192308
6291,7266,27.946154,24.196154
6292,7267,27.950000,24.200000
6293,7268,27.953846,24.203846
6294,7269,27.957692,24.207692
6295,7270,27.961538,24.211538
6296,7271,27.965385,24.215385
6297,7272,27.969231,24.219231
6298,7273,27.973077,24.223077
6299,7274,27.976923,24.226923
6300,7275,27.980769,24.230769
6301,7276,27.984615,24.234615
6302,7277,27.988462,24.238462
6303,7278,27.992308,24.242308
6304,7279,27.996154,24.246154
6305,7280,28.000000,24.250000
6306,7281,28.003846,24.253846
6307,7282,28.007692,24.257692
6308,7283,28.011538,24.261538
6309,7284,28.015385,24.265385
6310,7285,28.019231,24.269231
6311,7286,28.023077,24.273077
6312,7287,28.026923,24.276923
6313,7288,28.030769,24.280769
6314,7289,28.034615,24.284615
6315,7290,28.038462,24.288462
6316,7291,28.042308,24.292308
6317,7292,28.046154,24.296154
6318,7293,28.050000,24.300000
6319,7294,28.053846,24.303846
6320,7295,28.057692,24.307692
6321,7296,28.061538,24.311538
6322,7297,28.065385,24.315385
6323,7298,28.069231,24.319231
6324,7299,28.073077,24.323077
6325,7300,28.076923,24.326923
6326,7301,28.080769,24.330769
6327,7302,28.084615,24.334615
6328,7303,28.088462,24.338462
6329,7304,28.092308,24.342308
6330,7305,28.096154,24.346154
6331,7306,28.100000,24.350000
6332,7307,28.103846,24.353846
6333,7308,28.107692,24.357692
6334,7309,28.111538,24.361538
6335,7310,28.115385,24.365385
6336,7311,28.119231,24.369231
6337,7312,28.123077,24.373077
6338,7313,28.126923,24.376923
6339,7314,28.130769,24.380769
6340,7315,28.134615,24.384615
6341,7316,28.138462,24.388462
6342,7317,28.142308,24.392308
6343,7318,28.146154,24.396154
6344,7319,28.150000,24.400000
6345,7320,28.153846,24.403846
6346,7321,28.157692,24.407692
6347,7322,28.161538,24.411538
6348,7323,28.165385,24.415385
6349,7324,28.169231,24.419231
6350,7325,28.173077,24.423077
6351,7326,28.176923,24.426923
6352,7327,28.180769,24.430769
6353,7328,28.184615,24.434615
6354,7329,28.188462,24.438462
6355,7330,28.192308,24.442308
6356,7331,28.196154,24.446154
6357,7332,28.200000,24.450000
6358,7333,28.203846,24.453846
6359,7334,28.207692,24.457692
6360,7335,28.211538,24.461538
6361,7336,28.215385,24.465385
6362,7337,28.219231,24.469231
6363,7338,28.223077,24.473077
6364,7339,28.226923,24.476923
6365,7340,28.230769,24.480769
6366,7341,28.234615,24.484615
6367,7342,28.238462,24.488462
6368,7343,28.242308,24.492308
6369,7344,28.246154,24.496154
6370,7345,28.250000,24.500000
6371,7346,28.253846,24.503846
6372,7347,28.257692,24.507692
6373,7348,28.261538,24.511538
6374,7349,28.265385,24.515385
6375,7350,28.269231,24.519231
6376,7351,28.273077,24.523077
6377,7352,28.276923,24.526923
6378,7353,28.280769,24.530769
6379,7354,28.284615,24.534615
6380,7355,28.288462,24.538462
6381,7356,28.292308,24.542308
6382,7357,28.296154,24.546154
6383,7358,28.300000,24.550000
6384,7359,28.303846,24.553846
6385,7360,28.307692,24.557692
6386,7361,28.311538,24.561538
6387,7362,28.315385,24.565385
6388,7363,28.319231,24.569231
6389,7364,28.323077,24.573077
6390,7365,28.326923,24.576923
6391,7366,28.330769,24.580769
6392,7367,28.334615,24.584615
6393,7368,28.338462,24.588462
6394,7369,28.342308,24.592308
6395,7370,28.346154,24.596154
6396,7371,28.350000,24.600000
6397,7372,28.353846,24.603846
6398,7373,28.357692,24.607692
6399,7374,28.361538,24.611538
6400,7375,28.365385,24.615385
6401,7376,28.369231,24.619231
6402,7377,28.373077,24.623077
6403,7378,28.376923,24.626923
6404,7379,28.380769,24.630769
6405,7380,28.384615,24.634615
6406,7381,28.388462,24.638462
6407,7382,28.392308,24.642308
6408,7383,28.396154,24.646154
6409,7384,28.400000,24.650000
6410,7385,28.403846,24.653846
6411,7386,28.407692,24.657692
6412,7387,28.411538,24.661538
6413,7388,28.415385,24.665385
6414,7389,28.419231,24.669231
6415,7390,28.423077,24.673077
6416,7391,28.426923,24.676923
6417,7392,28.430769,24.680769
6418,7393,28.434615,24.684615
6419,7394,28.438462,24.688462
6420,7395,28.442308,24.692308
6421,7396,28.446154,24.696154
6422,7397,28.450000,24.700000
6423,7398,28.453846,24.703846
6424,7399,28.457692,24.707692
6425,7400,28.461538,24.711538
6426,7401,28.465385,24.715385
6427,7402,28.469231,24.719231
6428,7403,28.473077,24.723077
6429,7404,28.476923,24.726923
6430,7405,28.480769,24.730769
6431,7406,28.484615,24.734615
6432,7407,28.488462,24.738462
6433,7408,28.492308,24.742308
6434,7409,28.496154,24.746154
6435,7410,28.500000,24.750000
6436,7411,28.503846,24.753846
6437,7412,28.507692,24.757692
6438,7413,28.511538,24.761538
6439,7414,28.515385,24.765385
6440,7415,28.519231,24.769231
6441,7416,28.523077,24.773077
6442,7417,28.526923,24.776923
6443,7418,28.530769,24.780769
6444,7419,28.534615,24.784615
6445,7420,28.538462,24.788462
6446,7421,28.542308,24.792308
6447,7422,28.546154,24.796154
6448,7423,28.550000,24.800000
6449,7424,28.553846,24.803846
6450,7425,28.557692,24.807692
6451,7426,28.561538,24.811538
6452,7427,28.565385,24.815385
6453,7428,28.569231,24.819231
6454,7429,28.573077,24.823077
6455,7430,28.576923,24.826923
6456,7431,28.580769,24.830769
6457,7432,28.584615,24.834615
6458,7433,28.588462,24.838462
6459,7434,28.592308,24.842308
6460,7435,28.596154,24.846154
6461,7436,28.600000,24.850000
6462,7437,28.603846,24.853846
6463,7438,28.607692,24.857692
6464,7439,28.611538,24.861538
6465,7440,28.615385,24.865385
6466,7441,28.619231,24.869231
6467,7442,28.623077,24.873077
6468,7443,28.626923,24.876923
6469,7444,28.630769,24.880769
6470,7445,28.634615,24.884615
6471,7446,28.638462,24.888462
6472,7447,28.642308,24.892308
6473,7448,28.646154,24.896154
6474,7449,28.650000,24.900000
6475,7450,28.653846,24.903846
6476,7451,28.657692,24.907692
6477,7452,28.661538,24.911538
6478,7453,28.665385,24.915385
6479,7454,28.669231,24.919231
6480,7455,28.673077,24.923077
6481,7456,28.676923,24.926923
6482,7457,28.680769,24.930769
6483,7458,28.684615,24.934615
6484,7459,28.688462,24.938462
6485,7460,28.692308,24.942308
6486,7461,28.696154,24.946154
6487,7462,28.700000,24.950000
6488,7463,28.703846,24.953846
6489,7464,28.707692,24.957692
6490,7465,28.711538,24.961538
6491,7466,28.715385,24.965385
6492,7467,28.719231,24.969231
6493,7468,28.723077,24.973077
6494,7469,28.726923,24.976923
6495,7470,28.730769,24.980769
6496,7471,28.734615,24.984615
6497,7472,28.738462,24.988462
6498,7473,28.742308,24.992308
6499,7474,28.746154,24.996154
6500,7475,28.750000,25.000000
6501,7476,28.753846,25.003846
6502,7477,28.757692,25.007692
6503,7478,28.761538,25.011538
6504,7479,28.765385,25.015385
6505,7480,28.769231,25.019231
6506,7481,28.773077,25.023077
6507,7482,28.776923,25.026923
6508,7483,28.780769,25.030769
6509,7484,28.784615,25.034615
6510,7485,28.788462,25.038462
6511,7486,28.792308,25.042308
6512,7487,28.796154,25.046154
6513,7488,28.800000,25.050000
6514,7489,28.803846,25.053846
6515,7490,28.807692,25.057692
6516,7491,28.811538,25.061538
6517,7492,28.815385,25.065385
6518,7493,28.819231,25.069231
6519,7494,28.823077,25.073077
6520,7495,28.826923,25.076923
6521,7496,28.830769,25.080769
6522,7497,28.834615,25.084615
6523,7498,28.838462,25.088462
6524,7499,28.842308,25.092308
6525,7500,28.846154,25.096154
6526,7501,28.850000,25.100000
6527,7502,28.853846,25.103846
6528,7503,28.857692,25.107692
6529,7504,28.861538,25.111538
6530,7505,28.865385,25.115385
6531,7506,28.869231,25.119231
6532,7507,28.873077,25.123077
6533,7508,28.876923,25.126923
6534,7509,28.880769,25.130769
6535,7510,28.884615,25.134615
6536,7511,28.888462,25.138462
6537,7512,28.892308,25.142308
6538,7513,28.896154,25.146154
6539,7514,28.900000,25.150000
6540,7515,28.903846,25.153846
6541,7516,28.907692,25.157692
6542,7517,28.911538,25.161538
6543,7518,28.915385,25.165385
6544,7519,28.919231,25.169231
6545,7520,28.923077,25.173077
6546,7521,28.926923,25.176923
6547,7522,28.930769,25.180769
6548,7523,28.934615,25.184615
6549,7524,28.938462,25.188462
6550,7525,28.942308,25.192308
6551,7526,28.946154,25.196154
6552,7527,28.950000,25.200000
6553,7528,28.953846,25.203846
6554,7529,28.957692,25.207692
6555,7530,28.961538,25.211538
6556,7531,28.965385,25.215385
6557,7532,28.969231,25.219231
6558,7533,28.973077,25.223077
6559,7534,28.976923,25.226923
6560,7535,28.980769,25.230769
6561,7536,28.984615,25.234615
6562,7537,28.988462,25.238462
6563,7538,28.992308,25.242308
6564,7539,28.996154,25.246154
6565,7540,29.000000,25.250000
6566,7541,29.003846,25.253846
6567,7542,29.007692,25.257692
6568,7543,29.011538,25.261538
6569,7544,29.015385,25.265385
6570,7545,29.019231,25.269231
6571,7546,29.023077,25.273077
6572,7547,29.026923,25.276923
6573,7548,29.030769,25.280769
6574,7549,29.034615,25.284615
6575,7550,29.038462,25.288462
6576,7551,29.042308,25.292308
6577,7552,29.046154,25.296154
6578,7553,29.050000,25.300000
6579,7554,29.053846,25.303846
6580,7555,29.057692,25.307692
6581,7556,29.061538,25.311538
6582,7557,29.065385,25.315385
6583,7558,29.069231,25.319231
6584,7559,29.073077,25.323077
6585,7560,29.076923,25.326923
6586,7561,29.080769,25.330769
6587,7562,29.084615,25.334615
6588,7563,29.088462,25.338462
6589,7564,29.092308,25.342308
6590,7565,29.096154,25.346154
6591,7566,29.100000,25.350000
6592,7567,29.103846,25.353846
6593,7568,29.107692,25.357692
6594,7569,29.111538,25.361538
6595,7570,29.115385,25.365385
6596,7571,29.119231,25.369231
6597,7572,29.123077,25.373077
6598,7573,29.126923,25.376923
6599,7574,29.130769,25.380769
6600,7575,29.134615,25.384615
6601,7576,29.138462,25.388462
6602,7577,29.142308,25.392308
6603,7578,29.146154,25.396154
6604,7579,29.150000,25.400000
6605,7580,29.153846,25.403846
6606,7581,29.157692,25.407692
6607,7582,29.161538,25.411538
6608,7583,29.165385,25.415385
6609,7584,29.169231,25.419231
6610,7585,29.173077,25.423077
6611,7586,29.176923,25.426923
6612,7587,29.180769,25.430769
6613,7588,29.184615,25.434615
6614,7589,29.188462,25.438462
6615,7590,29.192308,25.442308
6616,7591,29.196154,25.446154
6617,7592,29.200000,25.450000
6618,7593,29.203846,25.453846
6619,7594,29.207692,25.457692
6620,7595,29.211538,25.461538
6621,7596,29.215385,25.465385
6622,7597,29.219231,25.469231
6623,7598,29.223077,25.473077
6624,7599,29.226923,25.476923
6625,7600,29.230769,25.480769
6626,7601,29.234615,25.484615
6627,7602,29.238462,25.488462
6628,7603,29.242308,25.492308
6629,7604,29.246154,25.496154
6630,7605,29.250000,25.500000
6631,7606,29.253846,25.503846
6632,7607,29.257692,25.507692
6633,7608,29.261538,25.511538
6634,7609,29.265385,25.515385
6635,7610,29.269231,25.519231
6636,7611,29.273077,25.523077
6637,7612,29.276923,25.526923
6638,7613,29.280769,25.530769
6639,7614,29.284615,25.534615
6640,7615,29.288462,25.538462
6641,7616,29.292308,25.542308
6642,7617,29.296154,25.546154
6643,7618,29.300000,25.550000
6644,7619,29.303846,25.553846
6645,7620,29.307692,25.557692
6646,7621,29.311538,25.561538
6647,7622,29.315385,25.565385
6648,7623,29.319231,25.569231
6649,7624,29.323077,25.573077
6650,7625,29.326923,25.576923
6651,7626,29.330769,25.580769
6652,7627,29.334615,25.584615
6653,7628,29.338462,25.588462
6654,7629,29.342308,25.592308
6655,7630,29.346154,25.596154
6656,7631,29.350000,25.600000
6657,7632,29.353846,25.603846
6658,7633,29.357692,25.607692
6659,7634,29.361538,25.611538
6660,7635,29.365385,25.615385
6661,7636,29.369231,25.619231
6662,7637,29.373077,25.623077
6663,7638,29.376923,25.626923
6664,7639,29.380769,25.630769
6665,7640,29.384615,25.634615
6666,7641,29.388462,25.638462
6667,7642,29.392308,25.642308
6668,7643,29.396154,25.646154
6669,7644,29.400000,25.650000
6670,7645,29.403846,25.653846
6671,7646,29.407692,25.657692
6672,7647,29.411538,25.661538
6673,7648,29.415385,25.665385
6674,7649,29.419231,25.669231
6675,7650,29.423077,25.673077
6676,7651,29.426923,25.676923
6677,7652,29.430769,25.680769
6678,7653,29.434615,25.684615
6679,7654,29.438462,25.688462
6680,7655,29.442308,25.692308
6681,7656,29.446154,25.696154
6682,7657,29.450000,25.700000
6683,7658,29.453846,25.703846
6684,7659,29.457692,25.707692
6685,7660,29.461538,25.711538
6686,7661,29.465385,25.715385
6687,7662,29.469231,25.719231
6688,7663,29.473077,25.723077
6689,7664,29.476923,25.726923
6690,7665,29.480769,25.730769
6691,7666,29.484615,25.734615
6692,7667,29.488462,25.738462
6693,7668,29.492308,25.742308
6694,7669,29.496154,25.746154
6695,7670,29.500000,25.750000
6696,7671,29.503846,25.753846
6697,7672,29.507692,25.757692
6698,7673,29.511538,25.761538
6699,7674,29.515385,25.765385
6700,7675,29.519231,25.769231
6701,7676,29.523077,25.773077
6702,7677,29.526923,25.776923
6703,7678,29.530769,25.780769
6704,7679,29.534615,25.784615
6705,7680,29.538462,25.788462
6706,7681,29.542308,25.792308
6707,7682,29.546154,25.796154
6708,7683,29.550000,25.800000
6709,7684,29.553846,25.803846
6710,7685,29.557692,25.807692
6711,7686,29.561538,25.811538
6712,7687,29.565385,25.815385
6713,7688,29.569231,25.819231
6714,7689,29.573077,25.823077
6715,7690,29.576923,25.826923
6716,7691,29.580769,25.830769
6717,7692,29.584615,25.834615
6718,7693,29.588462,25.838462
6719,7694,29.592308,25.842308
6720,7695,29.596154,25.846154
6721,7696,29.600000,25.850000
6722,7697,29.603846,25.853846
6723,7698,29.607692,25.857692
6724,7699,29.611538,25.861538
6725,7700,29.615385,25.865385
6726,7701,29.619231,25.869231
6727,7702,29.623077,25.873077
6728,7703,29.626923,25.876923
6729,7704,29.630769,25.880769
6730,7705,29.634615,25.884615
6731,7706,29.638462,25.888462
6732,7707,29.642308,25.892308
6733,7708,29.646154,25.896154
6734,7709,29.650000,25.900000
6735,7710,29.653846,25.903846
6736,7711,29.657692,25.907692
6737,7712,29.661538,25.911538
6738,7713,29.665385,25.915385
6739,7714,29.669231,25.919231
6740,7715,29.673077,25.923077
6741,7716,29.676923,25.926923
6742,7717,29.680769,25.930769
6743,7718,29.684615,25.934615
6744,7719,29.688462,25.938462
6745,7720,29.692308,25.942308
6746,7721,29.696154,25.946154
6747,7722,29.700000,25.950000
6748,7723,29.703846,25.953846
6749,7724,29.707692,25.957692
6750,7725,29.711538,25.961538
6751,7726,29.715385,25.965385
6752,7727,29.719231,25.969231
6753,7728,29.723077,25.973077
6754,7729,29.726923,25.976923
6755,7730,29.730769,25.980769
6756,7731,29.734615,25.984615
6757,7732,29.738462,25.988462
6758,7733,29.742308,25.992308
6759,7734,29.746154,25.996154
6760,7735,29.750000,26.000000
6761,7736,29.753846,26.003846
6762,7737,29.757692,26.007692
6763,7738,29.761538,26.011538
6764,7739,29.765385,26.015385
6765,7740,29.769231,26.019231
6766,7741,29.773077,26.023077
6767,7742,29.776923,26.026923
6768,7743,29.780769,26.030769
6769,7744,29.784615,26.034615
6770,7745,29.788462,26.038462
6771,7746,29.792308,26.042308
6772,7747,29.796154,26.046154
6773,7748,29.800000,26.050000
6774,7749,29.803846,26.053846
6775,7750,29.807692,26.057692
6776,7751,29.811538,26.061538
6777,7752,29.815385,26.065385
6778,7753,29.819231,26.069231
6779,7754,29.823077,26.073077
6780,7755,29.826923,26.076923
6781,7756,29.830769,26.080769
6782,7757,29.834615,26.084615
6783,7758,29.838462,26.088462
6784,7759,29.842308,26.092308
6785,7760,29.846154,26.096154
6786,7761,29.850000,26.100000
6787,7762,29.853846,26.103846
6788,7763,29.857692,26.107692
6789,7764,29.861538,26.111538
6790,7765,29.865385,26.115385
6791,7766,29.869231,26.119231
6792,7767,29.873077,26.123077
6793,7768,29.876923,26.126923
6794,7769,29.880769,26.130769
6795,7770,29.884615,26.134615
6796,7771,29.888462,26.138462
6797,7772,29.892308,26.142308
6798,7773,29.896154,26.146154
6799,7774,29.900000,26.150000
6800,7775,29.903846,26.153846
6801,7776,29.907692,26.157692
6802,7777,29.911538,26.161538
6803,7778,29.915385,26.165385
6804,7779,29.919231,26.169231
6805,7780,29.923077,26.173077
6806,7781,29.926923,26.176923
6807,7782,29.930769,26.180769
6808,7783,29.934615,26.184615
6809,7784,29.938462,26.188462
6810,7785,29.942308,26.192308
6811,7786,29.946154,26.196154
6812,7787,29.950000,26.200000
6813,7788,29.953846,26.203846
6814,7789,29.957692,26.207692
6815,7790,29.961538,26.211538
6816,7791,29.965385,26.215385
6817,7792,29.969231,26.219231
6818,7793,29.973077,26.223077
6819,7794,29.976923,26.226923
6820,7795,29.980769,26.230769
6821,7796,29.984615,26.234615
6822,7797,29.988462,26.238462
6823,7798,29.992308,26.242308
6824,7799,29.996154,26.246154
6825,7800,30.000000,26.250000
6826,7801,30.003846,26.253846
6827,7802,30.007692,26.257692
6828,7803,30.011538,26.261538
6829,7804,30.015385,26.265385
6830,7805,30.019231,26.269231
6831,7806,30.023077,26.273077
6832,7807,30.026923,26.276923
6833,7808,30.030769,26.280769
6834,7809,30.034615,26.284615
6835,7810,30.038462,26.288462
6836,7811,30.042308,26.292308
6837,7812,30.046154,26.296154
6838,7813,30.050000,26.300000
6839,7814,30.053846,26.303846
6840,7815,30.057692,26.307692
6841,7816,30.061538,26.311538
6842,7817,30.065385,26.315385
6843,7818,30.069231,26.319231
6844,7819,30.073077,26.323077
6845,7820,30.076923,26.326923
6846,7821,30.080769,26.330769
6847,7822,30.084615,26.334615
6848,7823,30.088462,26.338462
6849,7824,30.092308,26.342308
6850,7825,30.096154,26.346154
6851,7826,30.100000,26.350000
6852,7827,30.103846,26.353846
6853,7828,30.107692,26.357692
6854,7829,30.111538,26.361538
6855,7830,30.115385,26.365385
6856,7831,30.119231,26.369231
6857,7832,30.123077,26.373077
6858,7833,30.126923,26.376923
6859,7834,30.130769,26.380769
6860,7835,30.134615,26.384615
6861,7836,30.138462,26.388462
6862,7837,30.142308,26.392308
6863,7838,30.146154,26.396154
6864,7839,30.150000,26.400000
6865,7840,30.153846,26.403846
6866,7841,30.157692,26.407692
6867,7842,30.161538,26.411538
6868,7843,30.165385,26.415385
6869,7844,30.169231,26.419231
6870,7845,30.173077,26.423077
6871,7846,30.176923,26.426923
6872,7847,30.180769,26.430769
6873,7848,30.184615,26.434615
6874,7849,30.188462,26.438462
6875,7850,30.192308,26.442308
6876,7851,30.196154,26.446154
6877,7852,30.200000,26.450000
6878,7853,30.203846,26.453846
6879,7854,30.207692,26.457692
6880,7855,30.211538,26.461538
6881,7856,30.215385,26.465385
6882,7857,30.219231,26.469231
6883,7858,30.223077,26.473077
6884,7859,30.226923,26.476923
6885,7860,30.230769,26.480769
6886,7861,30.234615,26.484615
6887,7862,30.238462,26.488462
6888,7863,30.242308,26.492308
6889,7864,30.246154,26.496154
6890,7865,30.250000,26.500000
6891,7866,30.253846,26.503846
6892,7867,30.257692,26.507692
6893,7868,30.261538,26.511538
6894,7869,30.265385,26.515385
6895,7870,30.269231,26.519231
6896,7871,30.273077,26.523077
6897,7872,30.276923,26.526923
6898,7873,30.280769,26.530769
6899,7874,30.284615,26.534615
6900,7875,30.288462,26.538462
6901,7876,30.292308,26.542308
6902,7877,30.296154,26.546154
6903,7878,30.300000,26.550000
6904,7879,30.303846,26.553846
6905,7880,30.307692,26.557692
6906,7881,30.311538,26.561538
6907,7882,30.315385,26.565385
6908,7883,30.319231,26.569231
6909,7884,30.323077,26.573077
6910,7885,30.326923,26.576923
6911,7886,30.330769,26.580769
6912,7887,30.334615,26.584615
6913,7888,30.338462,26.588462
6914,7889,30.342308,26.592308
6915,7890,30.346154,26.596154
6916,7891,30.350000,26.600000
6917,7892,30.353846,26.603846
6918,7893,30.357692,26.607692
6919,7894,30.361538,26.611538
6920,7895,30.365385,26.615385
6921,7896,30.369231,26.619231
6922,7897,30.373077,26.623077
6923,7898,30.376923,26.626923
6924,7899,30.380769,26.630769
6925,7900,30.384615,26.634615
6926,7901,30.388462,26.638462
6927,7902,30.392308,26.642308
6928,7903,30.396154,26.646154
6929,7904,30.400000,26.650000
6930,7905,30.403846,26.653846
6931,7906,30.407692,26.657692
6932,7907,30.411538,26.661538
6933,7908,30.415385,26.665385
6934,7909,30.419231,26.669231
6935,7910,30.423077,26.673077
6936,7911,30.426923,26.676923
6937,7912,30.430769,26.680769
6938,7913,30.434615,26.684615
6939,7914,30.438462,26.688462
6940,7915,30.442308,26.692308
6941,7916,30.446154,26.696154
6942,7917,30.450000,26.700000
6943,7918,30.453846,26.703846
6944,7919,30.457692,26.707692
6945,7920,30.461538,26.711538
6946,7921,30.465385,26.715385
6947,7922,30.469231,26.719231
6948,7923,30.473077,26.723077
6949,7924,30.476923,26.726923
6950,7925,30.480769,26.730769
6951,7926,30.484615,26.734615
6952,7927,30.488462,26.738462
6953,7928,30.492308,26.742308
6954,7929,30.496154,26.746154
6955,7930,30.500000,26.750000
6956,7931,30.503846,26.753846
6957,7932,30.507692,26.757692
6958,7933,30.511538,26.761538
6959,7934,30.515385,26.765385
6960,7935,30.519231,26.769231
6961,7936,30.523077,26.773077
6962,7937,30.526923,26.776923
6963,7938,30.530769,26.780769
6964,7939,30.534615,26.784615
6965,7940,30.538462,26.788462
6966,7941,30.542308,26.792308
6967,7942,30.546154,26.796154
6968,7943,30.550000,26.800000
6969,7944,30.553846,26.803846
6970,7945,30.557692,26.807692
6971,7946,30.561538,26.811538
6972,7947,30.565385,26.815385
6973,7948,30.569231,26.819231
6974,7949,30.573077,26.823077
6975,7950,30.576923,26.826923
6976,7951,30.580769,26.830769
6977,7952,30.584615,26.834615
6978,7953,30.588462,26.838462
6979,7954,30.592308,26.842308
6980,7955,30.596154,26.846154
6981,7956,30.600000,26.850000
6982,7957,30.603846,26.853846
6983,7958,30.607692,26.857692
6984,7959,30.611538,26.861538
6985,7960,30.615385,26.865385
6986,7961,30.619231,26.869231
6987,7962,30.623077,26.873077
6988,7963,30.626923,26.876923
6989,7964,30.630769,26.880769
6990,7965,30.634615,26.884615
6991,7966,30.638462,26.888462
6992,7967,30.642308,26.892308
6993,7968,30.646154,26.896154
6994,7969,30.650000,26.900000
6995,7970,30.653846,26.903846
6996,7971,30.657692,26.907692
6997,7972,30.661538,26.911538
6998,7973,30.665385,26.915385
6999,7974,30.669231,26.919231
7000,7975,30.673077,26.923077
7001,7976,30.676923,26.926923
7002,7977,30.680769,26.930769
7003,7978,30.684615,26.934615
7004,7979,30.688462,26.938462
7005,7980,30.692308,26.942308
7006,7981,30.696154,26.946154
7007,7982,30.700000,26.950000
7008,7983,30.703846,26.953846
7009,7984,30.707692,26.957692
7010,7985,30.711538,26.961538
7011,7986,30.715385,26.965385
7012,7987,30.719231,26.969231
7013,7988,30.723077,26.973077
7014,7989,30.726923,26.976923
7015,7990,30.730769,26.980769
7016,7991,30.734615,26.984615
7017,7992,30.738462,26.988462
7018,7993,30.742308,26.992308
7019,7994,30.746154,26.996154
7020,7995,30.750000,27.000000
7021,7996,30.753846,27.003846
7022,7997,30.757692,27.007692
7023,7998,30.761538,27.011538
7024,7999,30.765385,27.015385
7025,8000,30.769231,27.019231
7026,8001,30.773077,27.023077
7027,8002,30.776923,27.026923
7028,8003,30.780769,27.030769
7029,8004,30.784615,27.034615
7030,8005,30.788462,27.038462
7031,8006,30.792308,27.042308
7032,8007,30.796154,27.046154
7033,8008,30.800000,27.050000
7034,8009,30.803846,27.053846
7035,8010,30.807692,27.057692
7036,8011,30.811538,27.061538
7037,8012,30.815385,27.065385
7038,8013,30.819231,27.069231
7039,8014,30.823077,27.073077
7040,8015,30.826923,27.076923
7041,8016,30.830769,27.080769
7042,8017,30.834615,27.084615
7043,8018,30.838462,27.088462
7044,8019,30.842308,27.092308
7045,8020,30.846154,27.096154
7046,8021,30.850000,27.100000
7047,8022,30.853846,27.103846
7048,8023,30.857692,27.107692
7049,8024,30.861538,27.111538
7050,8025,30.865385,27.115385
7051,8026,30.869231,27.119231
7052,8027,30.873077,27.123077
7053,8028,30.876923,27.126923
7054,8029,30.880769,27.130769
7055,8030,30.884615,27.134615
7056,8031,30.888462,27.138462
7057,8032,30.892308,27.142308
7058,8033,30.896154,27.146154
7059,8034,30.900000,27.150000
7060,8035,30.903846,27.153846
7061,8036,30.907692,27.157692
7062,8037,30.911538,27.161538
7063,8038,30.915385,27.165385
7064,8039,30.919231,27.169231
7065,8040,30.923077,27.173077
7066,8041,30.926923,27.176923
7067,8042,30.930769,27.180769
7068,8043,30.934615,27.184615
7069,8044,30.938462,27.188462
7070,8045,30.942308,27.192308
7071,8046,30.946154,27.196154
7072,8047,30.950000,27.200000
7073,8048,30.953846,27.203846
7074,8049,30.957692,27.207692
7075,8050,30.961538,27.211538
7076,8051,30.965385,27.215385
7077,8052,30.969231,27.219231
7078,8053,30.973077,27.223077
7079,8054,30.976923,27.226923
7080,8055,30.980769,27.230769
7081,8056,30.984615,27.234615
7082,8057,30.988462,27.238462
7083,8058,30.992308,27.242308
7084,8059,30.996154,27.246154
7085,8060,31.000000,27.250000
7086,8061,31.003846,27.253846
7087,8062,31.007692,27.257692
7088,8063,31.011538,27.261538
7089,8064,31.015385,27.265385
7090,8065,31.019231,27.269231
7091,8066,31.023077,27.273077
7092,8067,31.026923,27.276923
7093,8068,31.030769,27.280769
7094,8069,31.034615,27.284615
7095,8070,31.038462,27.288462
7096,8071,31.042308,27.292308
7097,8072,31.046154,27.296154
7098,8073,31.050000,27.300000
7099,8074,31.053846,27.303846
7100,8075,31.057692,27.307692
7101,8076,31.061538,27.311538
7102,8077,31.065385,27.315385
7103,8078,31.069231,27.319231
7104,8079,31.073077,27.323077
7105,8080,31.076923,27.326923
7106,8081,31.080769,27.330769
7107,8082,31.084615,27.334615
7108,8083,31.088462,27.338462
7109,8084,31.092308,27.342308
7110,8085,31.096154,27.346154
7111,8086,31.100000,27.350000
7112,8087,31.103846,27.353846
7113,8088,31.107692,27.357692
7114,8089,31.111538,27.361538
7115,8090,31.115385,27.365385
7116,8091,31.119231,27.369231
7117,8092,31.123077,27.373077
7118,8093,31.126923,27.376923
7119,8094,31.130769,27.380769
7120,8095,31.134615,27.384615
7121,8096,31.138462,27.388462
7122,8097,31.142308,27.392308
7123,8098,31.146154,27.396154
7124,8099,31.150000,27.400000
7125,8100,31.153846,27.403846
7126,8101,31.157692,27.407692
7127,8102,31.161538,27.411538
7128,8103,31.165385,27.415385
7129,8104,31.169231,27.419231
7130,8105,31.173077,27.423077
7131,8106,31.176923,27.426923
7132,8107,31.180769,27.430769
7133,8108,31.184615,27.434615
7134,8109,31.188462,27.438462
7135,8110,31.192308,27.442308
7136,8111,31.196154,27.446154
7137,8112,31.200000,27.450000
7138,8113,31.203846,27.453846
7139,8114,31.207692,27.457692
7140,8115,31.211538,27.461538
7141,8116,31.215385,27.465385
7142,8117,31.219231,27.469231
7143,8118,31.223077,27.473077
7144,8119,31.226923,27.476923
7145,8120,31.230769,27.480769
7146,8121,31.234615,27.484615
7147,8122,31.238462,27.488462
7148,8123,31.242308,27.492308
7149,8124,31.246154,27.496154
7150,8125,31.250000,27.500000
7151,8126,31.253846,27.503846
7152,8127,31.257692,27.507692
7153,8128,31.261538,27.511538
7154,8129,31.265385,27.515385
7155,8130,31.269231,27.519231
7156,8131,31.273077,27.523077
7157,8132,31.276923,27.526923
7158,8133,31.280769,27.530769
7159,8134,31.284615,27.534615
7160,8135,31.288462,27.538462
7161,8136,31.292308,27.542308
7162,8137,31.296154,27.546154
7163,8138,31.300000,27.550000
7164,8139,31.303846,27.553846
7165,8140,31.307692,27.557692
7166,8141,31.311538,27.561538
7167,8142,31.315385,27.565385
7168,8143,31.319231,27.569231
7169,8144,31.323077,27.573077
7170,8145,31.326923,27.576923
7171,8146,31.330769,27.580769
7172,8147,31.334615,27.584615
7173,8148,31.338462,27.588462
7174,8149,31.342308,27.592308
7175,8150,31.346154,27.596154
7176,8151,31.350000,27.600000
7177,8152,31.353846,27.603846
7178,8153,31.357692,27.607692
7179,8154,31.361538,27.611538
7180,8155,31.365385,27.615385
7181,8156,31.369231,27.619231
7182,8157,31.373077,27.623077
7183,8158,31.376923,27.626923
7184,8159,31.380769,27.630769
7185,8160,31.384615,27.634615
7186,8161,31.388462,27.638462
7187,8162,31.392308,27.642308
7188,8163,31.396154,27.646154
7189,8164,31.400000,27.650000
7190,8165,31.403846,27.653846
7191,8166,31.407692,27.657692
7192,8167,31.411538,27.661538
7193,8168,31.415385,27.665385
7194,8169,31.419231,27.669231
7195,8170,31.423077,27.673077
7196,8171,31.426923,27.676923
7197,8172,31.430769,27.680769
7198,8173,31.434615,27.684615
7199,8174,31.438462,27.688462
7200,8175,31.442308,27.692308
7201,8176,31.446154,27.696154
7202,8177,31.450000,27.700000
7203,8178,31.453846,27.703846
7204,8179,31.457692,27.707692
7205,8180,31.461538,27.711538
7206,8181,31.465385,27.715385
7207,8182,31.469231,27.719231
7208,8183,31.473077,27.723077
7209,8184,31.476923,27.726923
7210,8185,31.480769,27.730769
7211,8186,31.484615,27.734615
7212,8187,31.488462,27.738462
7213,8188,31.492308,27.742308
7214,8189,31.496154,27.746154
7215,8190,31.500000,27.750000
7216,8191,31.503846,27.753846
7217,8192,31.507692,27.757692
7218,8193,31.511538,27.761538
7219,8194,31.515385,27.765385
7220,8195,31.519231,27.769231
7221,8196,31.523077,27.773077
7222,8197,31.526923,27.776923
7223,8198,31.530769,27.780769
7224,8199,31.534615,27.784615
7225,8200,31.538462,27.788462
7226,8201,31.542308,27.792308
7227,8202,31.546154,27.796154
7228,8203,31.550000,27.800000
7229,8204,31.553846,27.803846
7230,8205,31.557692,27.807692
7231,8206,31.561538,27.811538
7232,8207,31.565385,27.815385
7233,8208,31.569231,27.819231
7234,8209,31.573077,27.823077
7235,8210,31.576923,27.826923
7236,8211,31.580769,27.830769
7237,8212,31.584615,27.834615
7238,8213,31.588462,27.838462
7239,8214,31.592308,27.842308
7240,8215,31.596154,27.846154
7241,8216,31.600000,27.850000
7242,8217,31.603846,27.853846
7243,8218,31.607692,27.857692
7244,8219,31.611538,27.861538
7245,8220,31.615385,27.865385
7246,8221,31.619231,27.869231
7247,8222,31.623077,27.873077
7248,8223,31.626923,27.876923
7249,8224,31.630769,27.880769
7250,8225,31.634615,27.884615
7251,8226,31.638462,27.888462
7252,8227,31.642308,27.892308
7253,8228,31.646154,27.896154
7254,8229,31.650000,27.900000
7255,8230,31.653846,27.903846
7256,8231,31.657692,27.907692
7257,8232,31.661538,27.911538
7258,8233,31.665385,27.915385
7259,8234,31.669231,27.919231
7260,8235,31.673077,27.923077
7261,8236,31.676923,27.926923
7262,8237,31.680769,27.930769
7263,8238,31.684615,27.934615
7264,8239,31.688462,27.938462
7265,8240,31.692308,27.942308
7266,8241,31.696154,27.946154
7267,8242,31.700000,27.950000
7268,8243,31.703846,27.953846
7269,8244,31.707692,27.957692
7270,8245,31.711538,27.961538
7271,8246,31.715385,27.965385
7272,8247,31.719231,27.969231
7273,8248,31.723077,27.973077
7274,8249,31.726923,27.976923
7275,8250,31.730769,27.980769
7276,8251,31.734615,27.984615
7277,8252,31.738462,27.988462
7278,8253,31.742308,27.992308
7279,8254,31.746154,27.996154
7280,8255,31.750000,28.000000
7281,8256,31.753846,28.003846
7282,8257,31.757692,28.007692
7283,8258,31.761538,28.011538
7284,8259,31.765385,28.015385
7285,8260,31.769231,28.019231
7286,8261,31.773077,28.023077
7287,8262,31.776923,28.026923
7288,8263,31.780769,28.030769
7289,8264,31.784615,28.034615
7290,8265,31.788462,28.038462
7291,8266,31.792308,28.042308
7292,8267,31.796154,28.046154
7293,8268,31.800000,28.050000
7294,8269,31.803846,28.053846
7295,8270,31.807692,28.057692
7296,8271,31.811538,28.061538
7297,8272,31.815385,28.065385
7298,8273,31.819231,28.069231
7299,8274,31.823077,28.073077
7300,8275,31.826923,28.076923
7301,8276,31.830769,28.080769
7302,8277,31.834615,28.084615
7303,8278,31.838462,28.088462
7304,8279,31.842308,28.092308
7305,8280,31.846154,28.096154
7306,8281,31.850000,28.100000
7307,8282,31.853846,28.103846
7308,8283,31.857692,28.107692
7309,8284,31.861538,28.111538
7310,8285,31.865385,28.115385
7311,8286,31.869231,28.119231
7312,8287,31.873077,28.123077
7313,8288,31.876923,28.126923
7314,8289,31.880769,28.130769
7315,8290,31.884615,28.134615
7316,8291,31.888462,28.138462
7317,8292,31.892308,28.142308
7318,8293,31.896154,28.146154
7319,8294,31.900000,28.150000
7320,8295,31.903846,28.153846
7321,8296,31.907692,28.157692
7322,8297,31.911538,28.161538
7323,8298,31.915385,28.165385
7324,8299,31.919231,28.169231
7325,8300,31.923077,28.173077
7326,8301,31.926923,28.176923
7327,8302,31.930769,28.180769
7328,8303,31.934615,28.184615
7329,8304,31.938462,28.188462
7330,8305,31.942308,28.192308
7331,8306,31.946154,28.196154
7332,8307,31.950000,28.200000
7333,8308,31.953846,28.203846
7334,8309,31.957692,28.207692
7335,8310,31.961538,28.211538
7336,8311,31.965385,28.215385
7337,8312,31.969231,28.219231
7338,8313,31.973077,28.223077
7339,8314,31.976923,28.226923
7340,8315,31.980769,28.230769
7341,8316,31.984615,28.234615
7342,8317,31.988462,28.238462
7343,8318,31.992308,28.242308
7344,8319,31.996154,28.246154
7345,8320,32.000000,28.250000
7346,8321,32.003846,28.253846
7347,8322,32.007692,28.257692
7348,8323,32.011538,28.261538
7349,8324,32.015385,28.265385
7350,8325,32.019231,28.269231
7351,8326,32.023077,28.273077
7352,8327,32.026923,28.276923
7353,8328,32.030769,28.280769
7354,8329,32.034615,28.284615
7355,8330,32.038462,28.288462
7356,8331,32.042308,28.292308
7357,8332,32.046154,28.296154
7358,8333,32.050000,28.300000
7359,8334,32.053846,28.303846
7360,8335,32.057692,28.307692
7361,8336,32.061538,28.311538
7362,8337,32.065385,28.315385
7363,8338,32.069231,28.319231
7364,8339,32.073077,28.323077
7365,8340,32.076923,28.326923
7366,8341,32.080769,28.330769
7367,8342,32.084615,28.334615
7368,8343,32.088462,28.338462
7369,8344,32.092308,28.342308
7370,8345,32.096154,28.346154
7371,8346,32.100000,28.350000
7372,8347,32.103846,28.353846
7373,8348,32.107692,28.357692
7374,8349,32.111538,28.361538
7375,8350,32.115385,28.365385
7376,8351,32.119231,28.369231
7377,8352,32.123077,28.373077
7378,8353,32.126923,28.376923
7379,8354,32.130769,28.380769
7380,8355,32.134615,28.384615
7381,8356,32.138462,28.388462
7382,8357,32.142308,28.392308
7383,8358,32.146154,28.396154
7384,8359,32.150000,28.400000
7385,8360,32.153846,28.403846
7386,8361,32.157692,28.407692
7387,8362,32.161538,28.411538
7388,8363,32.165385,28.415385
7389,8364,32.169231,28.419231
7390,8365,32.173077,28.423077
7391,8366,32.176923,28.426923
7392,8367,32.180769,28.430769
7393,8368,32.184615,28.434615
7394,8369,32.188462,28.438462
7395,8370,32.192308,28.442308
7396,8371,32.196154,28.446154
7397,8372,32.200000,28.450000
7398,8373,32.203846,28.453846
7399,8374,32.207692,28.457692
7400,8375,32.211538,28.461538
7401,8376,32.215385,28.465385
7402,8377,32.219231,28.469231
7403,8378,32.223077,28.473077
7404,8379,32.226923,28.476923
7405,8380,32.230769,28.480769
7406,8381,32.234615,28.484615
7407,8382,32.238462,28.488462
7408,8383,32.242308,28.492308
7409,8384,32.246154,28.496154
7410,8385,32.250000,28.500000
7411,8386,32.253846,28.503846
7412,8387,32.257692,28.507692
7413,8388,32.261538,28.511538
7414,8389,32.265385,28.515385
7415,8390,32.269231,28.519231
7416,8391,32.273077,28.523077
7417,8392,32.276923,28.526923
7418,8393,32.280769,28.530769
7419,8394,32.284615,28.534615
7420,8395,32.288462,28.538462
7421,8396,32.292308,28.542308
7422,8397,32.296154,28.546154
7423,8398,32.300000,28.550000
7424,8399,32.303846,28.553846
7425,8400,32.307692,28.557692
7426,8401,32.311538,28.561538
7427,8402,32.315385,28.565385
7428,8403,32.319231,28.569231
7429,8404,32.323077,28.573077
7430,8405,32.326923,28.576923
7431,8406,32.330769,28.580769
7432,8407,32.334615,28.584615
7433,8408,32.338462,28.588462
7434,8409,32.342308,28.592308
7435,8410,32.346154,28.596154
7436,8411,32.350000,28.600000
7437,8412,32.353846,28.603846
7438,8413,32.357692,28.607692
7439,8414,32.361538,28.611538
7440,8415,32.365385,28.615385
7441,8416,32.369231,28.619231
7442,8417,32.373077,28.623077
7443,8418,32.376923,28.626923
7444,8419,32.380769,28.630769
7445,8420,32.384615,28.634615
7446,8421,32.388462,28.638462
7447,8422,32.392308,28.642308
7448,8423,32.396154,28.646154
7449,8424,32.400000,28.650000
7450,8425,32.403846,28.653846
7451,8426,32.407692,28.657692
7452,8427,32.411538,28.661538
7453,8428,32.415385,28.665385
7454,8429,32.419231,28.669231
7455,8430,32.423077,28.673077
7456,8431,32.426923,28.676923
7457,8432,32.430769,28.680769
7458,8433,32.434615,28.684615
7459,8434,32.438462,28.688462
7460,8435,32.442308,28.692308
7461,8436,32.446154,28.696154
7462,8437,32.450000,28.700000
7463,8438,32.453846,28.703846
7464,8439,32.457692,28.707692
7465,8440,32.461538,28.711538
7466,8441,32.465385,28.715385
7467,8442,32.469231,28.719231
7468,8443,32.473077,28.723077
7469,8444,32.476923,28.726923
7470,8445,32.480769,28.730769
7471,8446,32.484615,28.734615
7472,8447,32.488462,28.738462
7473,8448,32.492308,28.742308
7474,8449,32.496154,28.746154
7475,8450,32.500000,28.750000
7476,8451,32.503846,28.753846
7477,8452,32.507692,28.757692
7478,8453,32.511538,28.761538
7479,8454,32.515385,28.765385
7480,8455,32.519231,28.769231
7481,8456,32.523077,28.773077
7482,8457,32.526923,28.776923
7483,8458,32.530769,28.780769
7484,8459,32.534615,28.784615
7485,8460,32.538462,28.788462
7486,8461,32.542308,28.792308
7487,8462,32.546154,28.796154
7488,8463,32.550000,28.800000
7489,8464,32.553846,28.803846
7490,8465,32.557692,28.807692
7491,8466,32.561538,28.811538
7492,8467,32.565385,28.815385
7493,8468,32.569231,28.819231
7494,8469,32.573077,28.823077
7495,8470,32.576923,28.826923
7496,8471,32.580769,28.830769
7497,8472,32.584615,28.834615
7498,8473,32.588462,28.838462
7499,8474,32.592308,28.842308
7500,8475,32.596154,28.846154
7501,8476,32.600000,28.850000
7502,8477,32.603846,28.853846
7503,8478,32.607692,28.857692
7504,8479,32.611538,28.861538
7505,8480,32.615385,28.865385
7506,8481,32.619231,28.869231
7507,8482,32.623077,28.873077
7508,8483,32.626923,28.876923
7509,8484,32.630769,28.880769
7510,8485,32.634615,28.884615
7511,8486,32.638462,28.888462
7512,8487,32.642308,28.892308
7513,8488,32.646154,28.896154
7514,8489,32.650000,28.900000
7515,8490,32.653846,28.903846
7516,8491,32.657692,28.907692
7517,8492,32.661538,28.911538
7518,8493,32.665385,28.915385
7519,8494,32.669231,28.919231
7520,8495,32.673077,28.923077
7521,8496,32.676923,28.926923
7522,8497,32.680769,28.930769
7523,8498,32.684615,28.934615
7524,8499,32.688462,28.938462
7525,8500,32.692308,28.942308
7526,8501,32.696154,28.946154
7527,8502,32.700000,28.950000
7528,8503,32.703846,28.953846
7529,8504,32.707692,28.957692
7530,8505,32.711538,28.961538
7531,8506,32.715385,28.965385
7532,8507,32.719231,28.969231
7533,8508,32.723077,28.973077
7534,8509,32.726923,28.976923
7535,8510,32.730769,28.980769
7536,8511,32.734615,28.984615
7537,8512,32.738462,28.988462
7538,8513,32.742308,28.992308
7539,8514,32.746154,28.996154
7540,8515,32.750000,29.000000
7541,8516,32.753846,29.003846
7542,8517,32.757692,29.007692
7543,8518,32.761538,29.011538
7544,8519,32.765385,29.015385
7545,8520,32.769231,29.019231
7546,8521,32.773077,29.023077
7547,8522,32.776923,29.026923
7548,8523,32.780769,29.030769
7549,8524,32.784615,29.034615
7550,8525,32.788462,29.038462
7551,8526,32.792308,29.042308
7552,8527,32.796154,29.046154
7553,8528,32.800000,29.050000
7554,8529,32.803846,29.053846
7555,8530,32.807692,29.057692
7556,8531,32.811538,29.061538
7557,8532,32.815385,29.065385
7558,8533,32.819231,29.069231
7559,8534,32.823077,29.073077
7560,8535,32.826923,29.076923
7561,8536,32.830769,29.080769
7562,8537,32.834615,29.084615
7563,8538,32.838462,29.088462
7564,8539,32.842308,29.092308
7565,8540,32.846154,29.096154
7566,8541,32.850000,29.100000
7567,8542,32.853846,29.103846
7568,8543,32.857692,29.107692
7569,8544,32.861538,29.111538
7570,8545,32.865385,29.115385
7571,8546,32.869231,29.119231
7572,8547,32.873077,29.123077
7573,8548,32.876923,29.126923
7574,8549,32.880769,29.130769
7575,8550,32.884615,29.134615
7576,8551,32.888462,29.138462
7577,8552,32.892308,29.142308
7578,8553,32.896154,29.146154
7579,8554,32.900000,29.150000
7580,8555,32.903846,29.153846
7581,8556,32.907692,29.157692
7582,8557,32.911538,29.161538
7583,8558,32.915385,29.165385
7584,8559,32.919231,29.169231
7585,8560,32.923077,29.173077
7586,8561,32.926923,29.176923
7587,8562,32.930769,29.180769
7588,8563,32.934615,29.184615
7589,8564,32.938462,29.188462
7590,8565,32.942308,29.192308
7591,8566,32.946154,29.196154
7592,8567,32.950000,29.200000
7593,8568,32.953846,29.203846
7594,8569,32.957692,29.207692
7595,8570,32.961538,29.211538
7596,8571,32.965385,29.215385
7597,8572,32.969231,29.219231
7598,8573,32.973077,29.223077
7599,8574,32.976923,29.226923
7600,8575,32.980769,29.230769
7601,8576,32.984615,29.234615
7602,8577,32.988462,29.238462
7603,8578,32.992308,29.242308
7604,8579,32.996154,29.246154
7605,8580,33.000000,29.250000
7606,8581,33.003846,29.253846
7607,8582,33.007692,29.257692
7608,8583,33.011538,29.261538
7609,8584,33.015385,29.265385
7610,8585,33.019231,29.269231
7611,8586,33.023077,29.273077
7612,8587,33.026923,29.276923
7613,8588,33.030769,29.280769
7614,8589,33.034615,29.284615
7615,8590,33.038462,29.288462
7616,8591,33.042308,29.292308
7617,8592,33.046154,29.296154
7618,8593,33.050000,29.300000
7619,8594,33.053846,29.303846
7620,8595,33.057692,29.307692
7621,8596,33.061538,29.311538
7622,8597,33.065385,29.315385
7623,8598,33.069231,29.319231
7624,8599,33.073077,29.323077
7625,8600,33.076923,29.326923
7626,8601,33.080769,29.330769
7627,8602,33.084615,29.334615
7628,8603,33.088462,29.338462
7629,8604,33.092308,29.342308
7630,8605,33.096154,29.346154
7631,8606,33.100000,29.350000
7632,8607,33.103846,29.353846
7633,8608,33.107692,29.357692
7634,8609,33.111538,29.361538
7635,8610,33.115385,29.365385
7636,8611,33.119231,29.369231
7637,8612,33.123077,29.373077
7638,8613,33.126923,29.376923
7639,8614,33.130769,29.380769
7640,8615,33.134615,29.384615
7641,8616,33.138462,29.388462
7642,8617,33.142308,29.392308
7643,8618,33.146154,29.396154
7644,8619,33.150000,29.400000
7645,8620,33.153846,29.403846
7646,8621,33.157692,29.407692
7647,8622,33.161538,29.411538
7648,8623,33.165385,29.415385
7649,8624,33.169231,29.419231
7650,8625,33.173077,29.423077
7651,8626,33.176923,29.426923
7652,8627,33.180769,29.430769
7653,8628,33.184615,29.434615
7654,8629,33.188462,29.438462
7655,8630,33.192308,29.442308
7656,8631,33.196154,29.446154
7657,8632,33.200000,29.450000
7658,8633,33.203846,29.453846
7659,8634,33.207692,29.457692
7660,8635,33.211538,29.461538
7661,8636,33.215385,29.465385
7662,8637,33.219231,29.469231
7663,8638,33.223077,29.473077
7664,8639,33.226923,29.476923
7665,8640,33.230769,29.480769
7666,8641,33.234615,29.484615
7667,8642,33.238462,29.488462
7668,8643,33.242308,29.492308
7669,8644,33.246154,29.496154
7670,8645,33.250000,29.500000
7671,8646,33.253846,29.503846
7672,8647,33.257692,29.507692
7673,8648,33.261538,29.511538
7674,8649,33.265385,29.515385
7675,8650,33.269231,29.519231
7676,8651,33.273077,29.523077
7677,8652,33.276923,29.526923
7678,8653,33.280769,29.530769
7679,8654,33.284615,29.534615
7680,8655,33.288462,29.538462
7681,8656,33.292308,29.542308
7682,8657,33.296154,29.546154
7683,8658,33.300000,29.550000
7684,8659,33.303846,29.553846
7685,8660,33.307692,29.557692
7686,8661,33.311538,29.561538
7687,8662,33.315385,29.565385
7688,8663,33.319231,29.569231
7689,8664,33.323077,29.573077
7690,8665,33.326923,29.576923
7691,8666,33.330769,29.580769
7692,8667,33.334615,29.584615
7693,8668,33.338462,29.588462
7694,8669,33.342308,29.592308
7695,8670,33.346154,29.596154
7696,8671,33.350000,29.600000
7697,8672,33.353846,29.603846
7698,8673,33.357692,29.607692
7699,8674,33.361538,29.611538
7700,8675,33.365385,29.615385
7701,8676,33.369231,29.619231
7702,8677,33.373077,29.623077
7703,8678,33.376923,29.626923
7704,8679,33.380769,29.630769
7705,8680,33.384615,29.634615
7706,8681,33.388462,29.638462
7707,8682,33.392308,29.642308
7708,8683,33.396154,29.646154
7709,8684,33.400000,29.650000
7710,8685,33.403846,29.653846
7711,8686,33.407692,29.657692
7712,8687,33.411538,29.661538
7713,8688,33.415385,29.665385
7714,8689,33.419231,29.669231
7715,8690,33.423077,29.673077
7716,8691,33.426923,29.676923
7717,8692,33.430769,29.680769
7718,8693,33.434615,29.684615
7719,8694,33.438462,29.688462
7720,8695,33.442308,29.692308
7721,8696,33.446154,29.696154
7722,8697,33.450000,29.700000
7723,8698,33.453846,29.703846
7724,8699,33.457692,29.707692
7725,8700,33.461538,29.711538
7726,8701,33.465385,29.715385
7727,8702,33.469231,29.719231
7728,8703,33.473077,29.723077
7729,8704,33.476923,29.726923
7730,8705,33.480769,29.730769
7731,8706,33.484615,29.734615
7732,8707,33.488462,29.738462
7733,8708,33.492308,29.742308
7734,8709,33.496154,29.746154
7735,8710,33.500000,29.750000
7736,8711,33.503846,29.753846
7737,8712,33.507692,29.757692
7738,8713,33.511538,29.761538
7739,8714,33.515385,29.765385
7740,8715,33.519231,29.769231
7741,8716,33.523077,29.773077
7742,8717,33.526923,29.776923
7743,8718,33.530769,29.780769
7744,8719,33.534615,29.784615
7745,8720,33.538462,29.788462
7746,8721,33.542308,29.792308
7747,8722,33.546154,29.796154
7748,8723,33.550000,29.800000
7749,8724,33.553846,29.803846
7750,8725,33.557692,29.807692
7751,8726,33.561538,29.811538
7752,8727,33.565385,29.815385
7753,8728,33.569231,29.819231
7754,8729,33.573077,29.823077
7755,8730,33.576923,29.826923
7756,8731,33.580769,29.830769
7757,8732,33.584615,29.834615
7758,8733,33.588462,29.838462
7759,8734,33.592308,29.842308
7760,8735,33.596154,29.846154
7761,8736,33.600000,29.850000
7762,8737,33.603846,29.853846
7763,8738,33.607692,29.857692
7764,8739,33.611538,29.861538
7765,8740,33.615385,29.865385
7766,8741,33.619231,29.869231
7767,8742,33.623077,29.873077
7768,8743,33.626923,29.876923
7769,8744,33.630769,29.880769
7770,8745,33.634615,29.884615
7771,8746,33.638462,29.888462
7772,8747,33.642308,29.892308
7773,8748,33.646154,29.896154
7774,8749,33.650000,29.900000
7775,8750,33.653846,29.903846
7776,8751,33.657692,29.907692
7777,8752,33.661538,29.911538
7778,8753,33.665385,29.915385
7779,8754,33.669231,29.919231
7780,8755,33.673077,29.923077
7781,8756,33.676923,29.926923
7782,8757,33.680769,29.930769
7783,8758,33.684615,29.934615
7784,8759,33.688462,29.938462
7785,8760,33.692308,29.942308
7786,8761,33.696154,29.946154
7787,8762,33.700000,29.950000
7788,8763,33.703846,29.953846
7789,8764,33.707692,29.957692
7790,8765,33.711538,29.961538
7791,8766,33.715385,29.965385
7792,8767,33.719231,29.969231
7793,8768,33.723077,29.973077
7794,8769,33.726923,29.976923
7795,8770,33.730769,29.980769
7796,8771,33.734615,29.984615
7797,8772,33.738462,29.988462
7798,8773,33.742308,29.992308
7799,8774,33.746154,29.996154
7800,8775,33.750000,30.000000
7801,8776,33.753846,30.003846
7802,8777,33.757692,30.007692
7803,8778,33.761538,30.011538
7804,8779,33.765385,30.015385
7805,8780,33.769231,30.019231
7806,8781,33.773077,30.023077
7807,8782,33.776923,30.026923
7808,8783,33.780769,30.030769
7809,8784,33.784615,30.034615
7810,8785,33.788462,30.038462
7811,8786,33.792308,30.042308
7812,8787,33.796154,30.046154
7813,8788,33.800000,30.050000
7814,8789,33.803846,30.053846
7815,8790,33.807692,30.057692
7816,8791,33.811538,30.061538
7817,8792,33.815385,30.065385
7818,8793,33.819231,30.069231
7819,8794,33.823077,30.073077
7820,8795,33.826923,30.076923
7821,8796,33.830769,30.080769
7822,8797,33.834615,30.084615
7823,8798,33.838462,30.088462
7824,8799,33.842308,30.092308
7825,8800,33.846154,30.096154
7826,8801,33.850000,30.100000
7827,8802,33.853846,30.103846
7828,8803,33.857692,30.107692
7829,8804,33.861538,30.111538
7830,8805,33.865385,30.115385
7831,8806,33.869231,30.119231
7832,8807,33.873077,30.123077
7833,8808,33.876923,30.126923
7834,8809,33.880769,30.130769
7835,8810,33.884615,30.134615
7836,8811,33.888462,30.138462
7837,8812,33.892308,30.142308
7838,8813,33.896154,30.146154
7839,8814,33.900000,30.150000
7840,8815,33.903846,30.153846
7841,8816,33.907692,30.157692
7842,8817,33.911538,30.161538
7843,8818,33.915385,30.165385
7844,8819,33.919231,30.169231
7845,8820,33.923077,30.173077
7846,8821,33.926923,30.176923
7847,8822,33.930769,30.180769
7848,8823,33.934615,30.184615
7849,8824,33.938462,30.188462
7850,8825,33.942308,30.192308
7851,8826,33.946154,30.196154
7852,8827,33.950000,30.200000
7853,8828,33.953846,30.203846
7854,8829,33.957692,30.207692
7855,8830,33.961538,30.211538
7856,8831,33.965385,30.215385
7857,8832,33.969231,30.219231
7858,8833,33.973077,30.223077
7859,8834,33.976923,30.226923
7860,8835,33.980769,30.230769
7861,8836,33.984615,30.234615
7862,8837,33.988462,30.238462
7863,8838,33.992308,30.242308
7864,8839,33.996154,30.246154
7865,8840,34.000000,30.250000
7866,8841,34.003846,30.253846
7867,8842,34.007692,30.257692
7868,8843,34.011538,30.261538
7869,8844,34.015385,30.265385
7870,8845,34.019231,30.269231
7871,8846,34.023077,30.273077
7872,8847,34.026923,30.276923
7873,8848,34.030769,30.280769
7874,8849,34.034615,30.284615
7875,8850,34.038462,30.288462
7876,8851,34.042308,30.292308
7877,8852,34.046154,30.296154
7878,8853,34.050000,30.300000
7879,8854,34.053846,30.303846
7880,8855,34.057692,30.307692
7881,8856,34.061538,30.311538
7882,8857,34.065385,30.315385
7883,8858,34.069231,30.319231
7884,8859,34.073077,30.323077
7885,8860,34.076923,30.326923
7886,8861,34.080769,30.330769
7887,8862,34.084615,30.334615
7888,8863,34.088462,30.338462
7889,8864,34.092308,30.342308
7890,8865,34.096154,30.346154
7891,8866,34.100000,30.350000
7892,8867,34.103846,30.353846
7893,8868,34.107692,30.357692
7894,8869,34.111538,30.361538
7895,8870,34.115385,30.365385
7896,8871,34.119231,30.369231
7897,8872,34.123077,30.373077
7898,8873,34.126923,30.376923
7899,8874,34.130769,30.380769
7900,8875,34.134615,30.384615
7901,8876,34.138462,30.388462
7902,8877,34.142308,30.392308
7903,8878,34.146154,30.396154
7904,8879,34.150000,30.400000
7905,8880,34.153846,30.403846
7906,8881,34.157692,30.407692
7907,8882,34.161538,30.411538
7908,8883,34.165385,30.415385
7909,8884,34.169231,30.419231
7910,8885,34.173077,30.423077
7911,8886,34.176923,30.426923
7912,8887,34.180769,30.430769
7913,8888,34.184615,30.434615
7914,8889,34.188462,30.438462
7915,8890,34.192308,30.442308
7916,8891,34.196154,30.446154
7917,8892,34.200000,30.450000
7918,8893,34.203846,30.453846
7919,8894,34.207692,30.457692
7920,8895,34.211538,30.461538
7921,8896,34.215385,30.465385
7922,8897,34.219231,30.469231
7923,8898,34.223077,30.473077
7924,8899,34.226923,30.476923
7925,8900,34.230769,30.480769
7926,8901,34.234615,30.484615
7927,8902,34.238462,30.488462
7928,8903,34.242308,30.492308
7929,8904,34.246154,30.496154
7930,8905,34.250000,30.500000
7931,8906,34.253846,30.503846
7932,8907,34.257692,30.507692
7933,8908,34.261538,30.511538
7934,8909,34.265385,30.515385
7935,8910,34.269231,30.519231
7936,8911,34.273077,30.523077
7937,8912,34.276923,30.526923
7938,8913,34.280769,30.530769
7939,8914,34.284615,30.534615
7940,8915,34.288462,30.538462
7941,8916,34.292308,30.542308
7942,8917,34.296154,30.546154
7943,8918,34.300000,30.550000
7944,8919,34.303846,30.553846
7945,8920,34.307692,30.557692
7946,8921,34.311538,30.561538
7947,8922,34.315385,30.565385
7948,8923,34.319231,30.569231
7949,8924,34.323077,30.573077
7950,8925,34.326923,30.576923
7951,8926,34.330769,30.580769
7952,8927,34.334615,30.584615
7953,8928,34.338462,30.588462
7954,8929,34.342308,30.592308
7955,8930,34.346154,30.596154
7956,8931,34.350000,30.600000
7957,8932,34.353846,30.603846
7958,8933,34.357692,30.607692
7959,8934,34.361538,30.611538
7960,8935,34.365385,30.615385
7961,8936,34.369231,30.619231
7962,8937,34.373077,30.623077
7963,8938,34.376923,30.626923
7964,8939,34.380769,30.630769
7965,8940,34.384615,30.634615
7966,8941,34.388462,30.638462
7967,8942,34.392308,30.642308
7968,8943,34.396154,30.646154
7969,8944,34.400000,30.650000
7970,8945,34.403846,30.653846
7971,8946,34.407692,30.657692
7972,8947,34.411538,30.661538
7973,8948,34.415385,30.665385
7974,8949,34.419231,30.669231
7975,8950,34.423077,30.673077
7976,8951,34.426923,30.676923
7977,8952,34.430769,30.680769
7978,8953,34.434615,30.684615
7979,8954,34.438462,30.688462
7980,8955,34.442308,30.692308
7981,8956,34.446154,30.696154
7982,8957,34.450000,30.700000
7983,8958,34.453846,30.703846
7984,8959,34.457692,30.707692
7985,8960,34.461538,30.711538
7986,8961,34.465385,30.715385
7987,8962,34.469231,30.719231
7988,8963,34.473077,30.723077
7989,8964,34.476923,30.726923
7990,8965,34.480769,30.730769
7991,8966,34.484615,30.734615
7992,8967,34.488462,30.738462
7993,8968,34.492308,30.742308
7994,8969,34.496154,30.746154
7995,8970,34.500000,30.750000
7996,8971,34.503846,30.753846
7997,8972,34.507692,30.757692
7998,8973,34.511538,30.761538
7999,8974,34.515385,30.765385
8000,8975,34.519231,30.769231
8001,8976,34.523077,30.773077
8002,8977,34.526923,30.776923
8003,8978,34.530769,30.780769
8004,8979,34.534615,30.784615
8005,8980,34.538462,30.788462
8006,8981,34.542308,30.792308
8007,8982,34.546154,30.796154
8008,8983,34.550000,30.800000
8009,8984,34.553846,30.803846
8010,8985,34.557692,30.807692
8011,8986,34.561538,30.811538
8012,8987,34.565385,30.815385
8013,8988,34.569231,30.819231
8014,8989,34.573077,30.823077
8015,8990,34.576923,30.826923
8016,8991,34.580769,30.830769
8017,8992,34.584615,30.834615
8018,8993,34.588462,30.838462
8019,8994,34.592308,30.842308
8020,8995,34.596154,30.846154
8021,8996,34.600000,30.850000
8022,8997,34.603846,30.853846
8023,8998,34.607692,30.857692
8024,8999,34.611538,30.861538
8025,9000,34.615385,30.865385
8026,9001,34.619231,30.869231
8027,9002,34.623077,30.873077
8028,9003,34.626923,30.876923
8029,9004,34.630769,30.880769
8030,9005,34.634615,30.884615
8031,9006,34.638462,30.888462
8032,9007,34.642308,30.892308
8033,9008,34.646154,30.896154
8034,9009,34.650000,30.900000
8035,9010,34.653846,30.903846
8036,9011,34.657692,30.907692
8037,9012,34.661538,30.911538
8038,9013,34.665385,30.915385
8039,9014,34.669231,30.919231
8040,9015,34.673077,30.923077
8041,9016,34.676923,30.926923
8042,9017,34.680769,30.930769
8043,9018,34.684615,30.934615
8044,9019,34.688462,30.938462
8045,9020,34.692308,30.942308
8046,9021,34.696154,30.946154
8047,9022,34.700000,30.950000
8048,9023,34.703846,30.953846
8049,9024,34.707692,30.957692
8050,9025,34.711538,30.961538
8051,9026,34.715385,30.965385
8052,9027,34.719231,30.969231
8053,9028,34.723077,30.973077
8054,9029,34.726923,30.976923
8055,9030,34.730769,30.980769
8056,9031,34.734615,30.984615
8057,9032,34.738462,30.988462
8058,9033,34.742308,30.992308
8059,9034,34.746154,30.996154
8060,9035,34.750000,31.000000
8061,9036,34.753846,31.003846
8062,9037,34.757692,31.007692
8063,9038,34.761538,31.011538
8064,9039,34.765385,31.015385
8065,9040,34.769231,31.019231
8066,9041,34.773077,31.023077
8067,9042,34.776923,31.026923
8068,9043,34.780769,31.030769
8069,9044,34.784615,31.034615
8070,9045,34.788462,31.038462
8071,9046,34.792308,31.042308
8072,9047,34.796154,31.046154
8073,9048,34.800000,31.050000
8074,9049,34.803846,31.053846
8075,9050,34.807692,31.057692
8076,9051,34.811538,31.061538
8077,9052,34.815385,31.065385
8078,9053,34.819231,31.069231
8079,9054,34.823077,31.073077
8080,9055,34.826923,31.076923
8081,9056,34.830769,31.080769
8082,9057,34.834615,31.084615
8083,9058,34.838462,31.088462
8084,9059,34.842308,31.092308
8085,9060,34.846154,31.096154
8086,9061,34.850000,31.100000
8087,9062,34.853846,31.103846
8088,9063,34.857692,31.107692
8089,9064,34.861538,31.111538
8090,9065,34.865385,31.115385
8091,9066,34.869231,31.119231
8092,9067,34.873077,31.123077
8093,9068,34.876923,31.126923
8094,9069,34.880769,31.130769
8095,9070,34.884615,31.134615
8096,9071,34.888462,31.138462
8097,9072,34.892308,31.142308
8098,9073,34.896154,31.146154
8099,9074,34.900000,31.150000
8100,9075,34.903846,31.153846
8101,9076,34.907692,31.157692
8102,9077,34.911538,31.161538
8103,9078,34.915385,31.165385
8104,9079,34.919231,31.169231
8105,9080,34.923077,31.173077
8106,9081,34.926923,31.176923
8107,9082,34.930769,31.180769
8108,9083,34.934615,31.184615
8109,9084,34.938462,31.188462
8110,9085,34.942308,31.192308
8111,9086,34.946154,31.196154
8112,9087,34.950000,31.200000
8113,9088,34.953846,31.203846
8114,9089,34.957692,31.207692
8115,9090,34.961538,31.211538
8116,9091,34.965385,31.215385
8117,9092,34.969231,31.219231
8118,9093,34.973077,31.223077
8119,9094,34.976923,31.226923
8120,9095,34.980769,31.230769
8121,9096,34.984615,31.234615
8122,9097,34.988462,31.238462
8123,9098,34.992308,31.242308
8124,9099,34.996154,31.246154
8125,9100,35.000000,31.250000
8126,9101,35.003846,31.253846
8127,9102,35.007692,31.257692
8128,9103,35.011538,31.261538
8129,9104,35.015385,31.265385
8130,9105,35.019231,31.269231
8131,9106,35.023077,31.273077
8132,9107,35.026923,31.276923
8133,9108,35.030769,31.280769
8134,9109,35.034615,31.284615
8135,9110,35.038462,31.288462
8136,9111,35.042308,31.292308
8137,9112,35.046154,31.296154
8138,9113,35.050000,31.300000
8139,9114,35.053846,31.303846
8140,9115,35.057692,31.307692
8141,9116,35.061538,31.311538
8142,9117,35.065385,31.315385
8143,9118,35.069231,31.319231
8144,9119,35.073077,31.323077
8145,9120,35.076923,31.326923
8146,9121,35.080769,31.330769
8147,9122,35.084615,31.334615
8148,9123,35.088462,31.338462
8149,9124,35.092308,31.342308
8150,9125,35.096154,31.346154
8151,9126,35.100000,31.350000
8152,9127,35.103846,31.353846
8153,9128,35.107692,31.357692
8154,9129,35.111538,31.361538
8155,9130,35.115385,31.365385
8156,9131,35.119231,31.369231
8157,9132,35.123077,31.373077
8158,9133,35.126923,31.376923
8159,9134,35.130769,31.380769
8160,9135,35.134615,31.384615
8161,9136,35.138462,31.388462
8162,9137,35.142308,31.392308
8163,9138,35.146154,31.396154
8164,9139,35.150000,31.400000
8165,9140,35.153846,31.403846
8166,9141,35.157692,31.407692
8167,9142,35.161538,31.411538
8168,9143,35.165385,31.415385
8169,9144,35.169231,31.419231
8170,9145,35.173077,31.423077
8171,9146,35.176923,31.426923
8172,9147,35.180769,31.430769
8173,9148,35.184615,31.434615
8174,9149,35.188462,31.438462
8175,9150,35.192308,31.442308
8176,9151,35.196154,31.446154
8177,9152,35.200000,31.450000
8178,9153,35.203846,31.453846
8179,9154,35.207692,31.457692
8180,9155,35.211538,31.461538
8181,9156,35.215385,31.465385
8182,9157,35.219231,31.469231
8183,9158,35.223077,31.473077
8184,9159,35.226923,31.476923
8185,9160,35.230769,31.480769
8186,9161,35.234615,31.484615
8187,9162,35.238462,31.488462
8188,9163,35.242308,31.492308
8189,9164,35.246154,31.496154
8190,9165,35.250000,31.500000
8191,9166,35.253846,31.503846
8192,9167,35.257692,31.507692
8193,9168,35.261538,31.511538
8194,9169,35.265385,31.515385
8195,9170,35.269231,31.519231
8196,9171,35.273077,31.523077
8197,9172,35.276923,31.526923
8198,9173,35.280769,31.530769
8199,9174,35.284615,31.534615
8200,9175,35.288462,31.538462
8201,9176,35.292308,31.542308
8202,9177,35.296154,31.546154
8203,9178,35.300000,31.550000
8204,9179,35.303846,31.553846
8205,9180,35.307692,31.557692
8206,9181,35.311538,31.561538
8207,9182,35.315385,31.565385
8208,9183,35.319231,31.569231
8209,9184,35.323077,31.573077
8210,9185,35.326923,31.576923
8211,9186,35.330769,31.580769
8212,9187,35.334615,31.584615
8213,9188,35.338462,31.588462
8214,9189,35.342308,31.592308
8215,9190,35.346154,31.596154
8216,9191,35.350000,31.600000
8217,9192,35.353846,31.603846
8218,9193,35.357692,31.607692
8219,9194,35.361538,31.611538
8220,9195,35.365385,31.615385
8221,9196,35.369231,31.619231
8222,9197,35.373077,31.623077
8223,9198,35.376923,31.626923
8224,9199,35.380769,31.630769
8225,9200,35.384615,31.634615
8226,9201,35.388462,31.638462
8227,9202,35.392308,31.642308
8228,9203,35.396154,31.646154
8229,9204,35.400000,31.650000
8230,9205,35.403846,31.653846
8231,9206,35.407692,31.657692
8232,9207,35.411538,31.661538
8233,9208,35.415385,31.665385
8234,9209,35.419231,31.669231
8235,9210,35.423077,31.673077
8236,9211,35.426923,31.676923
8237,9212,35.430769,31.680769
8238,9213,35.434615,31.684615
8239,9214,35.438462,31.688462
8240,9215,35.442308,31.692308
8241,9216,35.446154,31.696154
8242,9217,35.450000,31.700000
8243,9218,35.453846,31.703846
8244,9219,35.457692,31.707692
8245,9220,35.461538,31.711538
8246,9221,35.465385,31.715385
8247,9222,35.469231,31.719231
8248,9223,35.473077,31.723077
8249,9224,35.476923,31.726923
8250,9225,35.480769,31.730769
8251,9226,35.484615,31.734615
8252,9227,35.488462,31.738462
8253,9228,35.492308,31.742308
8254,9229,35.496154,31.746154
8255,9230,35.500000,31.750000
8256,9231,35.503846,31.753846
8257,9232,35.507692,31.757692
8258,9233,35.511538,31.761538
8259,9234,35.515385,31.765385
8260,9235,35.519231,31.769231
8261,9236,35.523077,31.773077
8262,9237,35.526923,31.776923
8263,9238,35.530769,31.780769
8264,9239,35.534615,31.784615
8265,9240,35.538462,31.788462
8266,9241,35.542308,31.792308
8267,9242,35.546154,31.796154
8268,9243,35.550000,31.800000
8269,9244,35.553846,31.803846
8270,9245,35.557692,31.807692
8271,9246,35.561538,31.811538
8272,9247,35.565385,31.815385
8273,9248,35.569231,31.819231
8274,9249,35.573077,31.823077
8275,9250,35.576923,31.826923
8276,9251,35.580769,31.830769
8277,9252,35.584615,31.834615
8278,9253,35.588462,31.838462
8279,9254,35.592308,31.842308
8280,9255,35.596154,31.846154
8281,9256,35.600000,31.850000
8282,9257,35.603846,31.853846
8283,9258,35.607692,31.857692
8284,9259,35.611538,31.861538
8285,9260,35.615385,31.865385
8286,9261,35.619231,31.869231
8287,9262,35.623077,31.873077
8288,9263,35.626923,31.876923
8289,9264,35.630769,31.880769
8290,9265,35.634615,31.884615
8291,9266,35.638462,31.888462
8292,9267,35.642308,31.892308
8293,9268,35.646154,31.896154
8294,9269,35.650000,31.900000
8295,9270,35.653846,31.903846
8296,9271,35.657692,31.907692
8297,9272,35.661538,31.911538
8298,9273,35.665385,31.915385
8299,9274,35.669231,31.919231
8300,9275,35.673077,31.923077
8301,9276,35.676923,31.926923
8302,9277,35.680769,31.930769
8303,9278,35.684615,31.934615
8304,9279,35.688462,31.938462
8305,9280,35.692308,31.942308
8306,9281,35.696154,31.946154
8307,9282,35.700000,31.950000
8308,9283,35.703846,31.953846
8309,9284,35.707692,31.957692
8310,9285,35.711538,31.961538
8311,9286,35.715385,31.965385
8312,9287,35.719231,31.969231
8313,9288,35.723077,31.973077
8314,9289,35.726923,31.976923
8315,9290,35.730769,31.980769
8316,9291,35.734615,31.984615
8317,9292,35.738462,31.988462
8318,9293,35.742308,31.992308
8319,9294,35.746154,31.996154
8320,9295,35.750000,32.000000
8321,9296,35.753846,32.003846
8322,9297,35.757692,32.007692
8323,9298,35.761538,32.011538
8324,9299,35.765385,32.015385
8325,9300,35.769231,32.019231
8326,9301,35.773077,32.023077
8327,9302,35.776923,32.026923
8328,9303,35.780769,32.030769
8329,9304,35.784615,32.034615
8330,9305,35.788462,32.038462
8331,9306,35.792308,32.042308
8332,9307,35.796154,32.046154
8333,9308,35.800000,32.050000
8334,9309,35.803846,32.053846
8335,9310,35.807692,32.057692
8336,9311,35.811538,32.061538
8337,9312,35.815385,32.065385
8338,9313,35.819231,32.069231
8339,9314,35.823077,32.073077
8340,9315,35.826923,32.076923
8341,9316,35.830769,32.080769
8342,9317,35.834615,32.084615
8343,9318,35.838462,32.088462
8344,9319,35.842308,32.092308
8345,9320,35.846154,32.096154
8346,9321,35.850000,32.100000
8347,9322,35.853846,32.103846
8348,9323,35.857692,32.107692
8349,9324,35.861538,32.111538
8350,9325,35.865385,32.115385
8351,9326,35.869231,32.119231
8352,9327,35.873077,32.123077
8353,9328,35.876923,32.126923
8354,9329,35.880769,32.130769
8355,9330,35.884615,32.134615
8356,9331,35.888462,32.138462
8357,9332,35.892308,32.142308
8358,9333,35.896154,32.146154
8359,9334,35.900000,32.150000
8360,9335,35.903846,32.153846
8361,9336,35.907692,32.157692
8362,9337,35.911538,32.161538
8363,9338,35.915385,32.165385
8364,9339,35.919231,32.169231
8365,9340,35.923077,32.173077
8366,9341,35.926923,32.176923
8367,9342,35.930769,32.180769
8368,9343,35.934615,32.184615
8369,9344,35.938462,32.188462
8370,9345,35.942308,32.192308
8371,9346,35.946154,32.196154
8372,9347,35.950000,32.200000
8373,9348,35.953846,32.203846
8374,9349,35.957692,32.207692
8375,9350,35.961538,32.211538
8376,9351,35.965385,32.215385
8377,9352,35.969231,32.219231
8378,9353,35.973077,32.223077
8379,9354,35.976923,32.226923
8380,9355,35.980769,32.230769
8381,9356,35.984615,32.234615
8382,9357,35.988462,32.238462
8383,9358,35.992308,32.242308
8384,9359,35.996154,32.246154
8385,9360,36.000000,32.250000
8386,9361,36.003846,32.253846
8387,9362,36.007692,32.257692
8388,9363,36.011538,32.261538
8389,9364,36.015385,32.265385
8390,9365,36.019231,32.269231
8391,9366,36.023077,32.273077
8392,9367,36.026923,32.276923
8393,9368,36.030769,32.280769
8394,9369,36.034615,32.284615
8395,9370,36.038462,32.288462
8396,9371,36.042308,32.292308
8397,9372,36.046154,32.296154
8398,9373,36.050000,32.300000
8399,9374,36.053846,32.303846
8400,9375,36.057692,32.307692
8401,9376,36.061538,32.311538
8402,9377,36.065385,32.315385
8403,9378,36.069231,32.319231
8404,9379,36.073077,32.323077
8405,9380,36.076923,32.326923
8406,9381,36.080769,32.330769
8407,9382,36.084615,32.334615
8408,9383,36.088462,32.338462
8409,9384,36.092308,32.342308
8410,9385,36.096154,32.346154
8411,9386,36.100000,32.350000
8412,9387,36.103846,32.353846
8413,9388,36.107692,32.357692
8414,9389,36.111538,32.361538
8415,9390,36.115385,32.365385
8416,9391,36.119231,32.369231
8417,9392,36.123077,32.373077
8418,9393,36.126923,32.376923
8419,9394,36.130769,32.380769
8420,9395,36.134615,32.384615
8421,9396,36.138462,32.388462
8422,9397,36.142308,32.392308
8423,9398,36.146154,32.396154
8424,9399,36.150000,32.400000
8425,9400,36.153846,32.403846
8426,9401,36.157692,32.407692
8427,9402,36.161538,32.411538
8428,9403,36.165385,32.415385
8429,9404,36.169231,32.419231
8430,9405,36.173077,32.423077
8431,9406,36.176923,32.426923
8432,9407,36.180769,32.430769
8433,9408,36.184615,32.434615
8434,9409,36.188462,32.438462
8435,9410,36.192308,32.442308
8436,9411,36.196154,32.446154
8437,9412,36.200000,32.450000
8438,9413,36.203846,32.453846
8439,9414,36.207692,32.457692
8440,9415,36.211538,32.461538
8441,9416,36.215385,32.465385
8442,9417,36.219231,32.469231
8443,9418,36.223077,32.473077
8444,9419,36.226923,32.476923
8445,9420,36.230769,32.480769
8446,9421,36.234615,32.484615
8447,9422,36.238462,32.488462
8448,9423,36.242308,32.492308
8449,9424,36.246154,32.496154
8450,9425,36.250000,32.500000
8451,9426,36.253846,32.503846
8452,9427,36.257692,32.507692
8453,9428,36.261538,32.511538
8454,9429,36.265385,32.515385
8455,9430,36.269231,32.519231
8456,9431,36.273077,32.523077
8457,9432,36.276923,32.526923
8458,9433,36.280769,32.530769
8459,9434,36.284615,32.534615
8460,9435,36.288462,32.538462
8461,9436,36.292308,32.542308
8462,9437,36.296154,32.546154
8463,9438,36.300000,32.550000
8464,9439,36.303846,32.553846
8465,9440,36.307692,32.557692
8466,9441,36.311538,32.561538
8467,9442,36.315385,32.565385
8468,9443,36.319231,32.569231
8469,9444,36.323077,32.573077
8470,9445,36.326923,32.576923
8471,9446,36.330769,32.580769
8472,9447,36.334615,32.584615
8473,9448,36.338462,32.588462
8474,9449,36.342308,32.592308
8475,9450,36.346154,32.596154
8476,9451,36.350000,32.600000
8477,9452,36.353846,32.603846
8478,9453,36.357692,32.607692
8479,9454,36.361538,32.611538
8480,9455,36.365385,32.615385
8481,9456,36.369231,32.619231
8482,9457,36.373077,32.623077
8483,9458,36.376923,32.626923
8484,9459,36.380769,32.630769
8485,9460,36.384615,32.634615
8486,9461,36.388462,32.638462
8487,9462,36.392308,32.642308
8488,9463,36.396154,32.646154
8489,9464,36.400000,32.650000
8490,9465,36.403846,32.653846
8491,9466,36.407692,32.657692
8492,9467,36.411538,32.661538
8493,9468,36.415385,32.665385
8494,9469,36.419231,32.669231
8495,9470,36.423077,32.673077
8496,9471,36.426923,32.676923
8497,9472,36.430769,32.680769
8498,9473,36.434615,32.684615
8499,9474,36.438462,32.688462
8500,9475,36.442308,32.692308
8501,9476,36.446154,32.696154
8502,9477,36.450000,32.700000
8503,9478,36.453846,32.703846
8504,9479,36.457692,32.707692
8505,9480,36.461538,32.711538
8506,9481,36.465385,32.715385
8507,9482,36.469231,32.719231
8508,9483,36.473077,32.723077
8509,9484,36.476923,32.726923
8510,9485,36.480769,32.730769
8511,9486,36.484615,32.734615
8512,9487,36.488462,32.738462
8513,9488,36.492308,32.742308
8514,9489,36.496154,32.746154
8515,9490,36.500000,32.750000
8516,9491,36.503846,32.753846
8517,9492,36.507692,32.757692
8518,9493,36.511538,32.761538
8519,9494,36.515385,32.765385
8520,9495,36.519231,32.769231
8521,9496,36.523077,32.773077
8522,9497,36.526923,32.776923
8523,9498,36.530769,32.780769
8524,9499,36.534615,32.784615
8525,9500,36.538462,32.788462
8526,9501,36.542308,32.792308
8527,9502,36.546154,32.796154
8528,9503,36.550000,32.800000
8529,9504,36.553846,32.803846
8530,9505,36.557692,32.807692
8531,9506,36.561538,32.811538
8532,9507,36.565385,32.815385
8533,9508,36.569231,32.819231
8534,9509,36.573077,32.823077
8535,9510,36.576923,32.826923
8536,9511,36.580769,32.830769
8537,9512,36.584615,32.834615
8538,9513,36.588462,32.838462
8539,9514,36.592308,32.842308
8540,9515,36.596154,32.846154
8541,9516,36.600000,32.850000
8542,9517,36.603846,32.853846
8543,9518,36.607692,32.857692
8544,9519,36.611538,32.861538
8545,9520,36.615385,32.865385
8546,9521,36.619231,32.869231
8547,9522,36.623077,32.873077
8548,9523,36.626923,32.876923
8549,9524,36.630769,32.880769
8550,9525,36.634615,32.884615
8551,9526,36.638462,32.888462
8552,9527,36.642308,32.892308
8553,9528,36.646154,32.896154
8554,9529,36.650000,32.900000
8555,9530,36.653846,32.903846
8556,9531,36.657692,32.907692
8557,9532,36.661538,32.911538
8558,9533,36.665385,32.915385
8559,9534,36.669231,32.919231
8560,9535,36.673077,32.923077
8561,9536,36.676923,32.926923
8562,9537,36.680769,32.930769
8563,9538,36.684615,32.934615
8564,9539,36.688462,32.938462
8565,9540,36.692308,32.942308
8566,9541,36.696154,32.946154
8567,9542,36.700000,32.950000
8568,9543,36.703846,32.953846
8569,9544,36.707692,32.957692
8570,9545,36.711538,32.961538
8571,9546,36.715385,32.965385
8572,9547,36.719231,32.969231
8573,9548,36.723077,32.973077
8574,9549,36.726923,32.976923
8575,9550,36.730769,32.980769
8576,9551,36.734615,32.984615
8577,9552,36.738462,32.988462
8578,9553,36.742308,32.992308
8579,9554,36.746154,32.996154
8580,9555,36.750000,33.000000
8581,9556,36.753846,33.003846
8582,9557,36.757692,33.007692
8583,9558,36.761538,33.011538
8584,9559,36.765385,33.015385
8585,9560,36.769231,33.019231
8586,9561,36.773077,33.023077
8587,9562,36.776923,33.026923
8588,9563,36.780769,33.030769
8589,9564,36.784615,33.034615
8590,9565,36.788462,33.038462
8591,9566,36.792308,33.042308
8592,9567,36.796154,33.046154
8593,9568,36.800000,33.050000
8594,9569,36.803846,33.053846
8595,9570,36.807692,33.057692
8596,9571,36.811538,33.061538
8597,9572,36.815385,33.065385
8598,9573,36.819231,33.069231
8599,9574,36.823077,33.073077
8600,9575,36.826923,33.076923
8601,9576,36.830769,33.080769
8602,9577,36.834615,33.084615
8603,9578,36.838462,33.088462
8604,9579,36.842308,33.092308
8605,9580,36.846154,33.096154
8606,9581,36.850000,33.100000
8607,9582,36.853846,33.103846
8608,9583,36.857692,33.107692
8609,9584,36.861538,33.111538
8610,9585,36.865385,33.115385
8611,9586,36.869231,33.119231
8612,9587,36.873077,33.123077
8613,9588,36.876923,33.126923
8614,9589,36.880769,33.130769
8615,9590,36.884615,33.134615
8616,9591,36.888462,33.138462
8617,9592,36.892308,33.142308
8618,9593,36.896154,33.146154
8619,9594,36.900000,33.150000
8620,9595,36.903846,33.153846
8621,9596,36.907692,33.157692
8622,9597,36.911538,33.161538
8623,9598,36.915385,33.165385
8624,9599,36.919231,33.169231
8625,9600,36.923077,33.173077
8626,9601,36.926923,33.176923
8627,9602,36.930769,33.180769
8628,9603,36.934615,33.184615
8629,9604,36.938462,33.188462
8630,9605,36.942308,33.192308
8631,9606,36.946154,33.196154
8632,9607,36.950000,33.200000
8633,9608,36.953846,33.203846
8634,9609,36.957692,33.207692
8635,9610,36.961538,33.211538
8636,9611,36.965385,33.215385
8637,9612,36.969231,33.219231
8638,9613,36.973077,33.223077
8639,9614,36.976923,33.226923
8640,9615,36.980769,33.230769
8641,9616,36.984615,33.234615
8642,9617,36.988462,33.238462
8643,9618,36.992308,33.242308
8644,9619,36.996154,33.246154
8645,9620,37.000000,33.250000
8646,9621,37.003846,33.253846
8647,9622,37.007692,33.257692
8648,9623,37.011538,33.261538
8649,9624,37.015385,33.265385
8650,9625,37.019231,33.269231
8651,9626,37.023077,33.273077
8652,9627,37.026923,33.276923
8653,9628,37.030769,33.280769
8654,9629,37.034615,33.284615
8655,9630,37.038462,33.288462
8656,9631,37.042308,33.292308
8657,9632,37.046154,33.296154
8658,9633,37.050000,33.300000
8659,9634,37.053846,33.303846
8660,9635,37.057692,33.307692
8661,9636,37.061538,33.311538
8662,9637,37.065385,33.315385
8663,9638,37.069231,33.319231
8664,9639,37.073077,33.323077
8665,9640,37.076923,33.326923
8666,9641,37.080769,33.330769
8667,9642,37.084615,33.334615
8668,9643,37.088462,33.338462
8669,9644,37.092308,33.342308
8670,9645,37.096154,33.346154
8671,9646,37.100000,33.350000
8672,9647,37.103846,33.353846
8673,9648,37.107692,33.357692
8674,9649,37.111538,33.361538
8675,9650,37.115385,33.365385
8676,9651,37.119231,33.369231
8677,9652,37.123077,33.373077
8678,9653,37.126923,33.376923
8679,9654,37.130769,33.380769
8680,9655,37.134615,33.384615
8681,9656,37.138462,33.388462
8682,9657,37.142308,33.392308
8683,9658,37.146154,33.396154
8684,9659,37.150000,33.400000
8685,9660,37.153846,33.403846
8686,9661,37.157692,33.407692
8687,9662,37.161538,33.411538
8688,9663,37.165385,33.415385
8689,9664,37.169231,33.419231
8690,9665,37.173077,33.423077
8691,9666,37.176923,33.426923
8692,9667,37.180769,33.430769
8693,9668,37.184615,33.434615
8694,9669,37.188462,33.438462
8695,9670,37.192308,33.442308
8696,9671,37.196154,33.446154
8697,9672,37.200000,33.450000
8698,9673,37.203846,33.453846
8699,9674,37.207692,33.457692
8700,9675,37.211538,33.461538
8701,9676,37.215385,33.465385
8702,9677,37.219231,33.469231
8703,9678,37.223077,33.473077
8704,9679,37.226923,33.476923
8705,9680,37.230769,33.480769
8706,9681,37.234615,33.484615
8707,9682,37.238462,33.488462
8708,9683,37.242308,33.492308
8709,9684,37.246154,33.496154
8710,9685,37.250000,33.500000
8711,9686,37.253846,33.503846
8712,9687,37.257692,33.507692
8713,9688,37.261538,33.511538
8714,9689,37.265385,33.515385
8715,9690,37.269231,33.519231
8716,9691,37.273077,33.523077
8717,9692,37.276923,33.526923
8718,9693,37.280769,33.530769
8719,9694,37.284615,33.534615
8720,9695,37.288462,33.538462
8721,9696,37.292308,33.542308
8722,9697,37.296154,33.546154
8723,9698,37.300000,33.550000
8724,9699,37.303846,33.553846
8725,9700,37.307692,33.557692
8726,9701,37.311538,33.561538
8727,9702,37.315385,33.565385
8728,9703,37.319231,33.569231
8729,9704,37.323077,33.573077
8730,9705,37.326923,33.576923
8731,9706,37.330769,33.580769
8732,9707,37.334615,33.584615
8733,9708,37.338462,33.588462
8734,9709,37.342308,33.592308
8735,9710,37.346154,33.596154
8736,9711,37.350000,33.600000
8737,9712,37.353846,33.603846
8738,9713,37.357692,33.607692
8739,9714,37.361538,33.611538
8740,9715,37.365385,33.615385
8741,9716,37.369231,33.619231
8742,9717,37.373077,33.623077
8743,9718,37.376923,33.626923
8744,9719,37.380769,33.630769
8745,9720,37.384615,33.634615
8746,9721,37.388462,33.638462
8747,9722,37.392308,33.642308
8748,9723,37.396154,33.646154
8749,9724,37.400000,33.650000
8750,9725,37.403846,33.653846
8751,9726,37.407692,33.657692
8752,9727,37.411538,33.661538
8753,9728,37.415385,33.665385
8754,9729,37.419231,33.669231
8755,9730,37.423077,33.673077
8756,9731,37.426923,33.676923
8757,9732,37.430769,33.680769
8758,9733,37.434615,33.684615
8759,9734,37.438462,33.688462
8760,9735,37.442308,33.692308
8761,9736,37.446154,33.696154
8762,9737,37.450000,33.700000
8763,9738,37.453846,33.703846
8764,9739,37.457692,33.707692
8765,9740,37.461538,33.711538
8766,9741,37.465385,33.715385
8767,9742,37.469231,33.719231
8768,9743,37.473077,33.723077
8769,9744,37.476923,33.726923
8770,9745,37.480769,33.730769
8771,9746,37.484615,33.734615
8772,9747,37.488462,33.738462
8773,9748,37.492308,33.742308
8774,9749,37.496154,33.746154
8775,9750,37.500000,33.750000
8776,9751,37.503846,33.753846
8777,9752,37.507692,33.757692
8778,9753,37.511538,33.761538
8779,9754,37.515385,33.765385
8780,9755,37.519231,33.769231
8781,9756,37.523077,33.773077
8782,9757,37.526923,33.776923
8783,9758,37.530769,33.780769
8784,9759,37.534615,33.784615
8785,9760,37.538462,33.788462
8786,9761,37.542308,33.792308
8787,9762,37.546154,33.796154
8788,9763,37.550000,33.800000
8789,9764,37.553846,33.803846
8790,9765,37.557692,33.807692
8791,9766,37.561538,33.811538
8792,9767,37.565385,33.815385
8793,9768,37.569231,33.819231
8794,9769,37.573077,33.823077
8795,9770,37.576923,33.826923
8796,9771,37.580769,33.830769
8797,9772,37.584615,33.834615
8798,9773,37.588462,33.838462
8799,9774,37.592308,33.842308
8800,9775,37.596154,33.846154
8801,9776,37.600000,33.850000
8802,9777,37.603846,33.853846
8803,9778,37.607692,33.857692
8804,9779,37.611538,33.861538
8805,9780,37.615385,33.865385
8806,9781,37.619231,33.869231
8807,9782,37.623077,33.873077
8808,9783,37.626923,33.876923
8809,9784,37.630769,33.880769
8810,9785,37.634615,33.884615
8811,9786,37.638462,33.888462
8812,9787,37.642308,33.892308
8813,9788,37.646154,33.896154
8814,9789,37.650000,33.900000
8815,9790,37.653846,33.903846
8816,9791,37.657692,33.907692
8817,9792,37.661538,33.911538
8818,9793,37.665385,33.915385
8819,9794,37.669231,33.919231
8820,9795,37.673077,33.923077
8821,9796,37.676923,33.926923
8822,9797,37.680769,33.930769
8823,9798,37.684615,33.934615
8824,9799,37.688462,33.938462
8825,9800,37.692308,33.942308
8826,9801,37.696154,33.946154
8827,9802,37.700000,33.950000
8828,9803,37.703846,33.953846
8829,9804,37.707692,33.957692
8830,9805,37.711538,33.961538
8831,9806,37.715385,33.965385
8832,9807,37.719231,33.969231
8833,9808,37.723077,33.973077
8834,9809,37.726923,33.976923
8835,9810,37.730769,33.980769
8836,9811,37.734615,33.984615
8837,9812,37.738462,33.988462
8838,9813,37.742308,33.992308
8839,9814,37.746154,33.996154
8840,9815,37.750000,34.000000
8841,9816,37.753846,34.003846
8842,9817,37.757692,34.007692
8843,9818,37.761538,34.011538
8844,9819,37.765385,34.015385
8845,9820,37.769231,34.019231
8846,9821,37.773077,34.023077
8847,9822,37.776923,34.026923
8848,9823,37.780769,34.030769
8849,9824,37.784615,34.034615
8850,9825,37.788462,34.038462
8851,9826,37.792308,34.042308
8852,9827,37.796154,34.046154
8853,9828,37.800000,34.050000
8854,9829,37.803846,34.053846
8855,9830,37.807692,34.057692
8856,9831,37.811538,34.061538
8857,9832,37.815385,34.065385
8858,9833,37.819231,34.069231
8859,9834,37.823077,34.073077
8860,9835,37.826923,34.076923
8861,9836,37.830769,34.080769
8862,9837,37.834615,34.084615
8863,9838,37.838462,34.088462
8864,9839,37.842308,34.092308
8865,9840,37.846154,34.096154
8866,9841,37.850000,34.100000
8867,9842,37.853846,34.103846
8868,9843,37.857692,34.107692
8869,9844,37.861538,34.111538
8870,9845,37.865385,34.115385
8871,9846,37.869231,34.119231
8872,9847,37.873077,34.123077
8873,9848,37.876923,34.126923
8874,9849,37.880769,34.130769
8875,9850,37.884615,34.134615
8876,9851,37.888462,34.138462
8877,9852,37.892308,34.142308
8878,9853,37.896154,34.146154
8879,9854,37.900000,34.150000
8880,9855,37.903846,34.153846
8881,9856,37.907692,34.157692
8882,9857,37.911538,34.161538
8883,9858,37.915385,34.165385
8884,9859,37.919231,34.169231
8885,9860,37.923077,34.173077
8886,9861,37.926923,34.176923
8887,9862,37.930769,34.180769
8888,9863,37.934615,34.184615
8889,9864,37.938462,34.188462
8890,9865,37.942308,34.192308
8891,9866,37.946154,34.196154
8892,9867,37.950000,34.200000
8893,9868,37.953846,34.203846
8894,9869,37.957692,34.207692
8895,9870,37.961538,34.211538
8896,9871,37.965385,34.215385
8897,9872,37.969231,34.219231
8898,9873,37.973077,34.223077
8899,9874,37.976923,34.226923
8900,9875,37.980769,34.230769
8901,9876,37.984615,34.234615
8902,9877,37.988462,34.238462
8903,9878,37.992308,34.242308
8904,9879,37.996154,34.246154
8905,9880,38.000000,34.250000
8906,9881,38.003846,34.253846
8907,9882,38.007692,34.257692
8908,9883,38.011538,34.261538
8909,9884,38.015385,34.265385
8910,9885,38.019231,34.269231
8911,9886,38.023077,34.273077
8912,9887,38.026923,34.276923
8913,9888,38.030769,34.280769
8914,9889,38.034615,34.284615
8915,9890,38.038462,34.288462
8916,9891,38.042308,34.292308
8917,9892,38.046154,34.296154
8918,9893,38.050000,34.300000
8919,9894,38.053846,34.303846
8920,9895,38.057692,34.307692
8921,9896,38.061538,34.311538
8922,9897,38.065385,34.315385
8923,9898,38.069231,34.319231
8924,9899,38.073077,34.323077
8925,9900,38.076923,34.326923
8926,9901,38.080769,34.330769
8927,9902,38.084615,34.334615
8928,9903,38.088462,34.338462
8929,9904,38.092308,34.342308
8930,9905,38.096154,34.346154
8931,9906,38.100000,34.350000
8932,9907,38.103846,34.353846
8933,9908,38.107692,34.357692
8934,9909,38.111538,34.361538
8935,9910,38.115385,34.365385
8936,9911,38.119231,34.369231
8937,9912,38.123077,34.373077
8938,9913,38.126923,34.376923
8939,9914,38.130769,34.380769
8940,9915,38.134615,34.384615
8941,9916,38.138462,34.388462
8942,9917,38.142308,34.392308
8943,9918,38.146154,34.396154
8944,9919,38.150000,34.400000
8945,9920,38.153846,34.403846
8946,9921,38.157692,34.407692
8947,9922,38.161538,34.411538
8948,9923,38.165385,34.415385
8949,9924,38.169231,34.419231
8950,9925,38.173077,34.423077
8951,9926,38.176923,34.426923
8952,9927,38.180769,34.430769
8953,9928,38.184615,34.434615
8954,9929,38.188462,34.438462
8955,9930,38.192308,34.442308
8956,9931,38.196154,34.446154
8957,9932,38.200000,34.450000
8958,9933,38.203846,34.453846
8959,9934,38.207692,34.457692
8960,9935,38.211538,34.461538
8961,9936,38.215385,34.465385
8962,9937,38.219231,34.469231
8963,9938,38.223077,34.473077
8964,9939,38.226923,34.476923
8965,9940,38.230769,34.480769
8966,9941,38.234615,34.484615
8967,9942,38.238462,34.488462
8968,9943,38.242308,34.492308
8969,9944,38.246154,34.496154
8970,9945,38.250000,34.500000
8971,9946,38.253846,34.503846
8972,9947,38.257692,34.507692
8973,9948,38.261538,34.511538
8974,9949,38.265385,34.515385
8975,9950,38.269231,34.519231
8976,9951,38.273077,34.523077
8977,9952,38.276923,34.526923
8978,9953,38.280769,34.530769
8979,9954,38.284615,34.534615
8980,9955,38.288462,34.538462
8981,9956,38.292308,34.542308
8982,9957,38.296154,34.546154
8983,9958,38.300000,34.550000
8984,9959,38.303846,34.553846
8985,9960,38.307692,34.557692
8986,9961,38.311538,34.561538
8987,9962,38.315385,34.565385
8988,9963,38.319231,34.569231
8989,9964,38.323077,34.573077
8990,9965,38.326923,34.576923
8991,9966,38.330769,34.580769
8992,9967,38.334615,34.584615
8993,9968,38.338462,34.588462
8994,9969,38.342308,34.592308
8995,9970,38.346154,34.596154
8996,9971,38.350000,34.600000
8997,9972,38.353846,34.603846
8998,9973,38.357692,34.607692
8999,9974,38.361538,34.611538
9000,9975,38.365385,34.615385
9001,9976,38.369231,34.619231
9002,9977,38.373077,34.623077
9003,9978,38.376923,34.626923
9004,9979,38.380769,34.630769
9005,9980,38.384615,34.634615
9006,9981,38.388462,34.638462
9007,9982,38.392308,34.642308
9008,9983,38.396154,34.646154
9009,9984,38.400000,34.650000
9010,9985,38.403846,34.653846
9011,9986,38.407692,34.657692
9012,9987,38.411538,34.661538
9013,9988,38.415385,34.665385
9014,9989,38.419231,34.669231
9015,9990,38.423077,34.673077
9016,9991,38.426923,34.676923
9017,9992,38.430769,34.680769
9018,9993,38.434615,34.684615
9019,9994,38.438462,34.688462
9020,9995,38.442308,34.692308
9021,9996,38.446154,34.696154
9022,9997,38.450000,34.700000
9023,9998,38.453846,34.703846
9024,9999,38.457692,34.707692
9025,10000,38.461538,34.711538
9026,10001,38.465385,34.715385
9027,10002,38.469231,34.719231
9028,10003,38.473077,34.723077
9029,10004,38.476923,34.726923
9030,10005,38.480769,34.730769
9031,10006,38.484615,34.734615
9032,10007,38.488462,34.738462
9033,10008,38.492308,34.742308
9034,10009,38.496154,34.746154
9035,10010,38.500000,34.750000
9036,10011,38.503846,34.753846
9037,10012,38.507692,34.757692
9038,10013,38.511538,34.761538
9039,10014,38.515385,34.765385
9040,10015,38.519231,34.769231
9041,10016,38.523077,34.773077
9042,10017,38.526923,34.776923
9043,10018,38.530769,34.780769
9044,10019,38.534615,34.784615
9045,10020,38.538462,34.788462
9046,10021,38.542308,34.792308
9047,10022,38.546154,34.796154
9048,10023,38.550000,34.800000
9049,10024,38.553846,34.803846
9050,10025,38.557692,34.807692
9051,10026,38.561538,34.811538
9052,10027,38.565385,34.815385
9053,10028,38.569231,34.819231
9054,10029,38.573077,34.823077
9055,10030,38.576923,34.826923
9056,10031,38.580769,34.830769
9057,10032,38.584615,34.834615
9058,10033,38.588462,34.838462
9059,10034,38.592308,34.842308
9060,10035,38.596154,34.846154
9061,10036,38.600000,34.850000
9062,10037,38.603846,34.853846
9063,10038,38.607692,34.857692
9064,10039,38.611538,34.861538
9065,10040,38.615385,34.865385
9066,10041,38.619231,34.869231
9067,10042,38.623077,34.873077
9068,10043,38.626923,34.876923
9069,10044,38.630769,34.880769
9070,10045,38.634615,34.884615
9071,10046,38.638462,34.888462
9072,10047,38.642308,34.892308
9073,10048,38.646154,34.896154
9074,10049,38.650000,34.900000
9075,10050,38.653846,34.903846
9076,10051,38.657692,34.907692
9077,10052,38.661538,34.911538
9078,10053,38.665385,34.915385
9079,10054,38.669231,34.919231
9080,10055,38.673077,34.923077
9081,10056,38.676923,34.926923
9082,10057,38.680769,34.930769
9083,10058,38.684615,34.934615
9084,10059,38.688462,34.938462
9085,10060,38.692308,34.942308
9086,10061,38.696154,34.946154
9087,10062,38.700000,34.950000
9088,10063,38.703846,34.953846
9089,10064,38.707692,34.957692
9090,10065,38.711538,34.961538
9091,10066,38.715385,34.965385
9092,10067,38.719231,34.969231
9093,10068,38.723077,34.973077
9094,10069,38.726923,34.976923
9095,10070,38.730769,34.980769
9096,10071,38.734615,34.984615
9097,10072,38.738462,34.988462
9098,10073,38.742308,34.992308
9099,10074,38.746154,34.996154
9100,10075,38.750000,35.000000
9101,10076,38.753846,35.003846
9102,10077,38.757692,35.007692
9103,10078,38.761538,35.011538
9104,10079,38.765385,35.015385
9105,10080,38.769231,35.019231
9106,10081,38.773077,35.023077
9107,10082,38.776923,35.026923
9108,10083,38.780769,35.030769
9109,10084,38.784615,35.034615
9110,10085,38.788462,35.038462
9111,10086,38.792308,35.042308
9112,10087,38.796154,35.046154
9113,10088,38.800000,35.050000
9114,10089,38.803846,35.053846
9115,10090,38.807692,35.057692
9116,10091,38.811538,35.061538
9117,10092,38.815385,35.065385
9118,10093,38.819231,35.069231
9119,10094,38.823077,35.073077
9120,10095,38.826923,35.076923
9121,10096,38.830769,35.080769
9122,10097,38.834615,35.084615
9123,10098,38.838462,35.088462
9124,10099,38.842308,35.092308
9125,10100,38.846154,35.096154
9126,10101,38.850000,35.100000
9127,10102,38.853846,35.103846
9128,10103,38.857692,35.107692
9129,10104,38.861538,35.111538
9130,10105,38.865385,35.115385
9131,10106,38.869231,35.119231
9132,10107,38.873077,35.123077
9133,10108,38.876923,35.126923
9134,10109,38.880769,35.130769
9135,10110,38.884615,35.134615
9136,10111,38.888462,35.138462
9137,10112,38.892308,35.142308
9138,10113,38.896154,35.146154
9139,10114,38.900000,35.150000
9140,10115,38.903846,35.153846
9141,10116,38.907692,35.157692
9142,10117,38.911538,35.161538
9143,10118,38.915385,35.165385
9144,10119,38.919231,35.169231
9145,10120,38.923077,35.173077
9146,10121,38.926923,35.176923
9147,10122,38.930769,35.180769
9148,10123,38.934615,35.184615
9149,10124,38.938462,35.188462
9150,10125,38.942308,35.192308
9151,10126,38.946154,35.196154
9152,10127,38.950000,35.200000
9153,10128,38.953846,35.203846
9154,10129,38.957692,35.207692
9155,10130,38.961538,35.211538
9156,10131,38.965385,35.215385
9157,10132,38.969231,35.219231
9158,10133,38.973077,35.223077
9159,10134,38.976923,35.226923
9160,10135,38.980769,35.230769
9161,10136,38.984615,35.234615
9162,10137,38.988462,35.238462
9163,10138,38.992308,35.242308
9164,10139,38.996154,35.246154
9165,10140,39.000000,35.250000
9166,10141,39.003846,35.253846
9167,10142,39.007692,35.257692
9168,10143,39.011538,35.261538
9169,10144,39.015385,35.265385
9170,10145,39.019231,35.269231
9171,10146,39.023077,35.273077
9172,10147,39.026923,35.276923
9173,10148,39.030769,35.280769
9174,10149,39.034615,35.284615
9175,10150,39.038462,35.288462
9176,10151,39.042308,35.292308
9177,10152,39.046154,35.296154
9178,10153,39.050000,35.300000
9179,10154,39.053846,35.303846
9180,10155,39.057692,35.307692
9181,10156,39.061538,35.311538
9182,10157,39.065385,35.315385
9183,10158,39.069231,35.319231
9184,10159,39.073077,35.323077
9185,10160,39.076923,35.326923
9186,10161,39.080769,35.330769
9187,10162,39.084615,35.334615
9188,10163,39.088462,35.338462
9189,10164,39.092308,35.342308
9190,10165,39.096154,35.346154
9191,10166,39.100000,35.350000
9192,10167,39.103846,35.353846
9193,10168,39.107692,35.357692
9194,10169,39.111538,35.361538
9195,10170,39.115385,35.365385
9196,10171,39.119231,35.369231
9197,10172,39.123077,35.373077
9198,10173,39.126923,35.376923
9199,10174,39.130769,35.380769
9200,10175,39.134615,35.384615
9201,10176,39.138462,35.388462
9202,10177,39.142308,35.392308
9203,10178,39.146154,35.396154
9204,10179,39.150000,35.400000
9205,10180,39.153846,35.403846
9206,10181,39.157692,35.407692
9207,10182,39.161538,35.411538
9208,10183,39.165385,35.415385
9209,10184,39.169231,35.419231
9210,10185,39.173077,35.423077
9211,10186,39.176923,35.426923
9212,10187,39.180769,35.430769
9213,10188,39.184615,35.434615
9214,10189,39.188462,35.438462
9215,10190,39.192308,35.442308
9216,10191,39.196154,35.446154
9217,10192,39.200000,35.450000
9218,10193,39.203846,35.453846
9219,10194,39.207692,35.457692
9220,10195,39.211538,35.461538
9221,10196,39.215385,35.465385
9222,10197,39.219231,35.469231
9223,10198,39.223077,35.473077
9224,10199,39.226923,35.476923
9225,10200,39.230769,35.480769
9226,10201,39.234615,35.484615
9227,10202,39.238462,35.488462
9228,10203,39.242308,35.492308
9229,10204,39.246154,35.496154
9230,10205,39.250000,35.500000
9231,10206,39.253846,35.503846
9232,10207,39.257692,35.507692
9233,10208,39.261538,35.511538
9234,10209,39.265385,35.515385
9235,10210,39.269231,35.519231
9236,10211,39.273077,35.523077
9237,10212,39.276923,35.526923
9238,10213,39.280769,35.530769
9239,10214,39.284615,35.534615
9240,10215,39.288462,35.538462
9241,10216,39.292308,35.542308
9242,10217,39.296154,35.546154
9243,10218,39.300000,35.550000
9244,10219,39.303846,35.553846
9245,10220,39.307692,35.557692
9246,10221,39.311538,35.561538
9247,10222,39.315385,35.565385
9248,10223,39.319231,35.569231
9249,10224,39.323077,35.573077
9250,10225,39.326923,35.576923
9251,10226,39.330769,35.580769
9252,10227,39.334615,35.584615
9253,10228,39.338462,35.588462
9254,10229,39.342308,35.592308
9255,10230,39.346154,35.596154
9256,10231,39.350000,35.600000
9257,10232,39.353846,35.603846
9258,10233,39.357692,35.607692
9259,10234,39.361538,35.611538
9260,10235,39.365385,35.615385
9261,10236,39.369231,35.619231
9262,10237,39.373077,35.623077
9263,10238,39.376923,35.626923
9264,10239,39.380769,35.630769
9265,10240,39.384615,35.634615
9266,10241,39.388462,35.638462
9267,10242,39.392308,35.642308
9268,10243,39.396154,35.646154
9269,10244,39.400000,35.650000
9270,10245,39.403846,35.653846
9271,10246,39.407692,35.657692
9272,10247,39.411538,35.661538
9273,10248,39.415385,35.665385
9274,10249,39.419231,35.669231
9275,10250,39.423077,35.673077
9276,10251,39.426923,35.676923
9277,10252,39.430769,35.680769
9278,10253,39.434615,35.684615
9279,10254,39.438462,35.688462
9280,10255,39.442308,35.692308
9281,10256,39.446154,35.696154
9282,10257,39.450000,35.700000
9283,10258,39.453846,35.703846
9284,10259,39.457692,35.707692
9285,10260,39.461538,35.711538
9286,10261,39.465385,35.715385
9287,10262,39.469231,35.719231
9288,10263,39.473077,35.723077
9289,10264,39.476923,35.726923
9290,10265,39.480769,35.730769
9291,10266,39.484615,35.734615
9292,10267,39.488462,35.738462
9293,10268,39.492308,35.742308
9294,10269,39.496154,35.746154
9295,10270,39.500000,35.750000
9296,10271,39.503846,35.753846
9297,10272,39.507692,35.757692
9298,10273,39.511538,35.761538
9299,10274,39.515385,35.765385
9300,10275,39.519231,35.769231
9301,10276,39.523077,35.773077
9302,10277,39.526923,35.776923
9303,10278,39.530769,35.780769
9304,10279,39.534615,35.784615
9305,10280,39.538462,35.788462
9306,10281,39.542308,35.792308
9307,10282,39.546154,35.796154
9308,10283,39.550000,35.800000
9309,10284,39.553846,35.803846
9310,10285,39.557692,35.807692
9311,10286,39.561538,35.811538
9312,10287,39.565385,35.815385
9313,10288,39.569231,35.819231
9314,10289,39.573077,35.823077
9315,10290,39.576923,35.826923
9316,10291,39.580769,35.830769
9317,10292,39.584615,35.834615
9318,10293,39.588462,35.838462
9319,10294,39.592308,35.842308
9320,10295,39.596154,35.846154
9321,10296,39.600000,35.850000
9322,10297,39.603846,35.853846
9323,10298,39.607692,35.857692
9324,10299,39.611538,35.861538
9325,10300,39.615385,35.865385
9326,10301,39.619231,35.869231
9327,10302,39.623077,35.873077
9328,10303,39.626923,35.876923
9329,10304,39.630769,35.880769
9330,10305,39.634615,35.884615
9331,10306,39.638462,35.888462
9332,10307,39.642308,35.892308
9333,10308,39.646154,35.896154
9334,10309,39.650000,35.900000
9335,10310,39.653846,35.903846
9336,10311,39.657692,35.907692
9337,10312,39.661538,35.911538
9338,10313,39.665385,35.915385
9339,10314,39.669231,35.919231
9340,10315,39.673077,35.923077
9341,10316,39.676923,35.926923
9342,10317,39.680769,35.930769
9343,10318,39.684615,35.934615
9344,10319,39.688462,35.938462
9345,10320,39.692308,35.942308
9346,10321,39.696154,35.946154
9347,10322,39.700000,35.950000
9348,10323,39.703846,35.953846
9349,10324,39.707692,35.957692
9350,10325,39.711538,35.961538
9351,10326,39.715385,35.965385
9352,10327,39.719231,35.969231
9353,10328,39.723077,35.973077
9354,10329,39.726923,35.976923
9355,10330,39.730769,35.980769
9356,10331,39.734615,35.984615
9357,10332,39.738462,35.988462
9358,10333,39.742308,35.992308
9359,10334,39.746154,35.996154
9360,10335,39.750000,36.000000
9361,10336,39.753846,36.003846
9362,10337,39.757692,36.007692
9363,10338,39.761538,36.011538
9364,10339,39.765385,36.015385
9365,10340,39.769231,36.019231
9366,10341,39.773077,36.023077
9367,10342,39.776923,36.026923
9368,10343,39.780769,36.030769
9369,10344,39.784615,36.034615
9370,10345,39.788462,36.038462
9371,10346,39.792308,36.042308
9372,10347,39.796154,36.046154
9373,10348,39.800000,36.050000
9374,10349,39.803846,36.053846
9375,10350,39.807692,36.057692
9376,10351,39.811538,36.061538
9377,10352,39.815385,36.065385
9378,10353,39.819231,36.069231
9379,10354,39.823077,36.073077
9380,10355,39.826923,36.076923
9381,10356,39.830769,36.080769
9382,10357,39.834615,36.084615
9383,10358,39.838462,36.088462
9384,10359,39.842308,36.092308
9385,10360,39.846154,36.096154
9386,10361,39.850000,36.100000
9387,10362,39.853846,36.103846
9388,10363,39.857692,36.107692
9389,10364,39.861538,36.111538
9390,10365,39.865385,36.115385
9391,10366,39.869231,36.119231
9392,10367,39.873077,36.123077
9393,10368,39.876923,36.126923
9394,10369,39.880769,36.130769
9395,10370,39.884615,36.134615
9396,10371,39.888462,36.138462
9397,10372,39.892308,36.142308
9398,10373,39.896154,36.146154
9399,10374,39.900000,36.150000
9400,10375,39.903846,36.153846
9401,10376,39.907692,36.157692
9402,10377,39.911538,36.161538
9403,10378,39.915385,36.165385
9404,10379,39.919231,36.169231
9405,10380,39.923077,36.173077
9406,10381,39.926923,36.176923
9407,10382,39.930769,36.180769
9408,10383,39.934615,36.184615
9409,10384,39.938462,36.188462
9410,10385,39.942308,36.192308
9411,10386,39.946154,36.196154
9412,10387,39.950000,36.200000
9413,10388,39.953846,36.203846
9414,10389,39.957692,36.207692
9415,10390,39.961538,36.211538
9416,10391,39.965385,36.215385
9417,10392,39.969231,36.219231
9418,10393,39.973077,36.223077
9419,10394,39.976923,36.226923
9420,10395,39.980769,36.230769
9421,10396,39.984615,36.234615
9422,10397,39.988462,36.238462
9423,10398,39.992308,36.242308
9424,10399,39.996154,36.246154
9425,10400,40.000000,36.250000
9426,10401,40.003846,36.253846
9427,10402,40.007692,36.257692
9428,10403,40.011538,36.261538
9429,10404,40.015385,36.265385
9430,10405,40.019231,36.269231
9431,10406,40.023077,36.273077
9432,10407,40.026923,36.276923
9433,10408,40.030769,36.280769
9434,10409,40.034615,36.284615
9435,10410,40.038462,36.288462
9436,10411,40.042308,36.292308
9437,10412,40.046154,36.296154
9438,10413,40.050000,36.300000
9439,10414,40.053846,36.303846
9440,10415,40.057692,36.307692
9441,10416,40.061538,36.311538
9442,10417,40.065385,36.315385
9443,10418,40.069231,36.319231
9444,10419,40.073077,36.323077
9445,10420,40.076923,36.326923
9446,10421,40.080769,36.330769
9447,10422,40.084615,36.334615
9448,10423,40.088462,36.338462
9449,10424,40.092308,36.342308
9450,10425,40.096154,36.346154
9451,10426,40.100000,36.350000
9452,10427,40.103846,36.353846
9453,10428,40.107692,36.357692
9454,10429,40.111538,36.361538
9455,10430,40.115385,36.365385
9456,10431,40.119231,36.369231
9457,10432,40.123077,36.373077
9458,10433,40.126923,36.376923
9459,10434,40.130769,36.380769
9460,10435,40.134615,36.384615
9461,10436,40.138462,36.388462
9462,10437,40.142308,36.392308
9463,10438,40.146154,36.396154
9464,10439,40.150000,36.400000
9465,10440,40.153846,36.403846
9466,10441,40.157692,36.407692
9467,10442,40.161538,36.411538
9468,10443,40.165385,36.415385
9469,10444,40.169231,36.419231
9470,10445,40.173077,36.423077
9471,10446,40.176923,36.426923
9472,10447,40.180769,36.430769
9473,10448,40.184615,36.434615
9474,10449,40.188462,36.438462
9475,10450,40.192308,36.442308
9476,10451,40.196154,36.446154
9477,10452,40.200000,36.450000
9478,10453,40.203846,36.453846
9479,10454,40.207692,36.457692
9480,10455,40.211538,36.461538
9481,10456,40.215385,36.465385
9482,10457,40.219231,36.469231
9483,10458,40.223077,36.473077
9484,10459,40.226923,36.476923
9485,10460,40.230769,36.480769
9486,10461,40.234615,36.484615
9487,10462,40.238462,36.488462
9488,10463,40.242308,36.492308
9489,10464,40.246154,36.496154
9490,10465,40.250000,36.500000
9491,10466,40.253846,36.503846
9492,10467,40.257692,36.507692
9493,10468,40.261538,36.511538
9494,10469,40.265385,36.515385
9495,10470,40.269231,36.519231
9496,10471,40.273077,36.523077
9497,10472,40.276923,36.526923
9498,10473,40.280769,36.530769
9499,10474,40.284615,36.534615
9500,10475,40.288462,36.538462
9501,10476,40.292308,36.542308
9502,10477,40.296154,36.546154
9503,10478,40.300000,36.550000
9504,10479,40.303846,36.553846
9505,10480,40.307692,36.557692
9506,10481,40.311538,36.561538
9507,10482,40.315385,36.565385
9508,10483,40.319231,36.569231
9509,10484,40.323077,36.573077
9510,10485,40.326923,36.576923
9511,10486,40.330769,36.580769
9512,10487,40.334615,36.584615
9513,10488,40.338462,36.588462
9514,10489,40.342308,36.592308
9515,10490,40.346154,36.596154
9516,10491,40.350000,36.600000
9517,10492,40.353846,36.603846
9518,10493,40.357692,36.607692
9519,10494,40.361538,36.611538
9520,10495,40.365385,36.615385
9521,10496,40.369231,36.619231
9522,10497,40.373077,36.623077
9523,10498,40.376923,36.626923
9524,10499,40.380769,36.630769
9525,10500,40.384615,36.634615
9526,10501,40.388462,36.638462
9527,10502,40.392308,36.642308
9528,10503,40.396154,36.646154
9529,10504,40.400000,36.650000
9530,10505,40.403846,36.653846
9531,10506,40.407692,36.657692
9532,10507,40.411538,36.661538
9533,10508,40.415385,36.665385
9534,10509,40.419231,36.669231
9535,10510,40.423077,36.673077
9536,10511,40.426923,36.676923
9537,10512,40.430769,36.680769
9538,10513,40.434615,36.684615
9539,10514,40.438462,36.688462
9540,10515,40.442308,36.692308
9541,10516,40.446154,36.696154
9542,10517,40.450000,36.700000
9543,10518,40.453846,36.703846
9544,10519,40.457692,36.707692
9545,10520,40.461538,36.711538
9546,10521,40.465385,36.715385
9547,10522,40.469231,36.719231
9548,10523,40.473077,36.723077
9549,10524,40.476923,36.726923
9550,10525,40.480769,36.730769
9551,10526,40.484615,36.734615
9552,10527,40.488462,36.738462
9553,10528,40.492308,36.742308
9554,10529,40.496154,36.746154
9555,10530,40.500000,36.750000
9556,10531,40.503846,36.753846
9557,10532,40.507692,36.757692
9558,10533,40.511538,36.761538
9559,10534,40.515385,36.765385
9560,10535,40.519231,36.769231
9561,10536,40.523077,36.773077
9562,10537,40.526923,36.776923
9563,10538,40.530769,36.780769
9564,10539,40.534615,36.784615
9565,10540,40.538462,36.788462
9566,10541,40.542308,36.792308
9567,10542,40.546154,36.796154
9568,10543,40.550000,36.800000
9569,10544,40.553846,36.803846
9570,10545,40.557692,36.807692
9571,10546,40.561538,36.811538
9572,10547,40.565385,36.815385
9573,10548,40.569231,36.819231
9574,10549,40.573077,36.823077
9575,10550,40.576923,36.826923
9576,10551,40.580769,36.830769
9577,10552,40.584615,36.834615
9578,10553,40.588462,36.838462
9579,10554,40.592308,36.842308
9580,10555,40.596154,36.846154
9581,10556,40.600000,36.850000
9582,10557,40.603846,36.853846
9583,10558,40.607692,36.857692
9584,10559,40.611538,36.861538
9585,10560,40.615385,36.865385
9586,10561,40.619231,36.869231
9587,10562,40.623077,36.873077
9588,10563,40.626923,36.876923
9589,10564,40.630769,36.880769
9590,10565,40.634615,36.884615
9591,10566,40.638462,36.888462
9592,10567,40.642308,36.892308
9593,10568,40.646154,36.896154
9594,10569,40.650000,36.900000
9595,10570,40.653846,36.903846
9596,10571,40.657692,36.907692
9597,10572,40.661538,36.911538
9598,10573,40.665385,36.915385
9599,10574,40.669231,36.919231
9600,10575,40.673077,36.923077
9601,10576,40.676923,36.926923
9602,10577,40.680769,36.930769
9603,10578,40.684615,36.934615
9604,10579,40.688462,36.938462
9605,10580,40.692308,36.942308
9606,10581,40.696154,36.946154
9607,10582,40.700000,36.950000
9608,10583,40.703846,36.953846
9609,10584,40.707692,36.957692
9610,10585,40.711538,36.961538
9611,10586,40.715385,36.965385
9612,10587,40.719231,36.969231
9613,10588,40.723077,36.973077
9614,10589,40.726923,36.976923
9615,10590,40.730769,36.980769
9616,10591,40.734615,36.984615
9617,10592,40.738462,36.988462
9618,10593,40.742308,36.992308
9619,10594,40.746154,36.996154
9620,10595,40.750000,37.000000
9621,10596,40.753846,37.003846
9622,10597,40.757692,37.007692
9623,10598,40.761538,37.011538
9624,10599,40.765385,37.015385
9625,10600,40.769231,37.019231
9626,10601,40.773077,37.023077
9627,10602,40.776923,37.026923
9628,10603,40.780769,37.030769
9629,10604,40.784615,37.034615
9630,10605,40.788462,37.038462
9631,10606,40.792308,37.042308
9632,10607,40.796154,37.046154
9633,10608,40.800000,37.050000
9634,10609,40.803846,37.053846
9635,10610,40.807692,37.057692
9636,10611,40.811538,37.061538
9637,10612,40.815385,37.065385
9638,10613,40.819231,37.069231
9639,10614,40.823077,37.073077
9640,10615,40.826923,37.076923
9641,10616,40.830769,37.080769
9642,10617,40.834615,37.084615
9643,10618,40.838462,37.088462
9644,10619,40.842308,37.092308
9645,10620,40.846154,37.096154
9646,10621,40.850000,37.100000
9647,10622,40.853846,37.103846
9648,10623,40.857692,37.107692
9649,10624,40.861538,37.111538
9650,10625,40.865385,37.115385
9651,10626,40.869231,37.119231
9652,10627,40.873077,37.123077
9653,10628,40.876923,37.126923
9654,10629,40.880769,37.130769
9655,10630,40.884615,37.134615
9656,10631,40.888462,37.138462
9657,10632,40.892308,37.142308
9658,10633,40.896154,37.146154
9659,10634,40.900000,37.150000
9660,10635,40.903846,37.153846
9661,10636,40.907692,37.157692
9662,10637,40.911538,37.161538
9663,10638,40.915385,37.165385
9664,10639,40.919231,37.169231
9665,10640,40.923077,37.173077
9666,10641,40.926923,37.176923
9667,10642,40.930769,37.180769
9668,10643,40.934615,37.184615
9669,10644,40.938462,37.188462
9670,10645,40.942308,37.192308
9671,10646,40.946154,37.196154
9672,10647,40.950000,37.200000
9673,10648,40.953846,37.203846
9674,10649,40.957692,37.207692
9675,10650,40.961538,37.211538
9676,10651,40.965385,37.215385
9677,10652,40.969231,37.219231
9678,10653,40.973077,37.223077
9679,10654,40.976923,37.226923
9680,10655,40.980769,37.230769
9681,10656,40.984615,37.234615
9682,10657,40.988462,37.238462
9683,10658,40.992308,37.242308
9684,10659,40.996154,37.246154
9685,10660,41.000000,37.250000
9686,10661,41.003846,37.253846
9687,10662,41.007692,37.257692
9688,10663,41.011538,37.261538
9689,10664,41.015385,37.265385
9690,10665,41.019231,37.269231
9691,10666,41.023077,37.273077
9692,10667,41.026923,37.276923
9693,10668,41.030769,37.280769
9694,10669,41.034615,37.284615
9695,10670,41.038462,37.288462
9696,10671,41.042308,37.292308
9697,10672,41.046154,37.296154
9698,10673,41.050000,37.300000
9699,10674,41.053846,37.303846
9700,10675,41.057692,37.307692
9701,10676,41.061538,37.311538
9702,10677,41.065385,37.315385
9703,10678,41.069231,37.319231
9704,10679,41.073077,37.323077
9705,10680,41.076923,37.326923
9706,10681,41.080769,37.330769
9707,10682,41.084615,37.334615
9708,10683,41.088462,37.338462
9709,10684,41.092308,37.342308
9710,10685,41.096154,37.346154
9711,10686,41.100000,37.350000
9712,10687,41.103846,37.353846
9713,10688,41.107692,37.357692
9714,10689,41.111538,37.361538
9715,10690,41.115385,37.365385
9716,10691,41.119231,37.369231
9717,10692,41.123077,37.373077
9718,10693,41.126923,37.376923
9719,10694,41.130769,37.380769
9720,10695,41.134615,37.384615
9721,10696,41.138462,37.388462
9722,10697,41.142308,37.392308
9723,10698,41.146154,37.396154
9724,10699,41.150000,37.400000
9725,10700,41.153846,37.403846
9726,10701,41.157692,37.407692
9727,10702,41.161538,37.411538
9728,10703,41.165385,37.415385
9729,10704,41.169231,37.419231
9730,10705,41.173077,37.423077
9731,10706,41.176923,37.426923
9732,10707,41.180769,37.430769
9733,10708,41.184615,37.434615
9734,10709,41.188462,37.438462
9735,10710,41.192308,37.442308
9736,10711,41.196154,37.446154
9737,10712,41.200000,37.450000
9738,10713,41.203846,37.453846
9739,10714,41.207692,37.457692
9740,10715,41.211538,37.461538
9741,10716,41.215385,37.465385
9742,10717,41.219231,37.469231
9743,10718,41.223077,37.473077
9744,10719,41.226923,37.476923
9745,10720,41.230769,37.480769
9746,10721,41.234615,37.484615
9747,10722,41.238462,37.488462
9748,10723,41.242308,37.492308
9749,10724,41.246154,37.496154
9750,10725,41.250000,37.500000
9751,10726,41.253846,37.503846
9752,10727,41.257692,37.507692
9753,10728,41.261538,37.511538
9754,10729,41.265385,37.515385
9755,10730,41.269231,37.519231
9756,10731,41.273077,37.523077
9757,10732,41.276923,37.526923
9758,10733,41.280769,37.530769
9759,10734,41.284615,37.534615
9760,10735,41.288462,37.538462
9761,10736,41.292308,37.542308
9762,10737,41.296154,37.546154
9763,10738,41.300000,37.550000
9764,10739,41.303846,37.553846
9765,10740,41.307692,37.557692
9766,10741,41.311538,37.561538
9767,10742,41.315385,37.565385
9768,10743,41.319231,37.569231
9769,10744,41.323077,37.573077
9770,10745,41.326923,37.576923
9771,10746,41.330769,37.580769
9772,10747,41.334615,37.584615
9773,10748,41.338462,37.588462
9774,10749,41.342308,37.592308
9775,10750,41.346154,37.596154
9776,10751,41.350000,37.600000
9777,10752,41.353846,37.603846
9778,10753,41.357692,37.607692
9779,10754,41.361538,37.611538
9780,10755,41.365385,37.615385
9781,10756,41.369231,37.619231
9782,10757,41.373077,37.623077
9783,10758,41.376923,37.626923
9784,10759,41.380769,37.630769
9785,10760,41.384615,37.634615
9786,10761,41.388462,37.638462
9787,10762,41.392308,37.642308
9788,10763,41.396154,37.646154
9789,10764,41.400000,37.650000
9790,10765,41.403846,37.653846
9791,10766,41.407692,37.657692
9792,10767,41.411538,37.661538
9793,10768,41.415385,37.665385
9794,10769,41.419231,37.669231
9795,10770,41.423077,37.673077
9796,10771,41.426923,37.676923
9797,10772,41.430769,37.680769
9798,10773,41.434615,37.684615
9799,10774,41.438462,37.688462
9800,10775,41.442308,37.692308
9801,10776,41.446154,37.696154
9802,10777,41.450000,37.700000
9803,10778,41.453846,37.703846
9804,10779,41.457692,37.707692
9805,10780,41.461538,37.711538
9806,10781,41.465385,37.715385
9807,10782,41.469231,37.719231
9808,10783,41.473077,37.723077
9809,10784,41.476923,37.726923
9810,10785,41.480769,37.730769
9811,10786,41.484615,37.734615
9812,10787,41.488462,37.738462
9813,10788,41.492308,37.742308
9814,10789,41.496154,37.746154
9815,10790,41.500000,37.750000
9816,10791,41.503846,37.753846
9817,10792,41.507692,37.757692
9818,10793,41.511538,37.761538
9819,10794,41.515385,37.765385
9820,10795,41.519231,37.769231
9821,10796,41.523077,37.773077
9822,10797,41.526923,37.776923
9823,10798,41.530769,37.780769
9824,10799,41.534615,37.784615
9825,10800,41.538462,37.788462
9826,10801,41.542308,37.792308
9827,10802,41.546154,37.796154
9828,10803,41.550000,37.800000
9829,10804,41.553846,37.803846
9830,10805,41.557692,37.807692
9831,10806,41.561538,37.811538
9832,10807,41.565385,37.815385
9833,10808,41.569231,37.819231
9834,10809,41.573077,37.823077
9835,10810,41.576923,37.826923
9836,10811,41.580769,37.830769
9837,10812,41.584615,37.834615
9838,10813,41.588462,37.838462
9839,10814,41.592308,37.842308
9840,10815,41.596154,37.846154
9841,10816,41.600000,37.850000
9842,10817,41.603846,37.853846
9843,10818,41.607692,37.857692
9844,10819,41.611538,37.861538
9845,10820,41.615385,37.865385
9846,10821,41.619231,37.869231
9847,10822,41.623077,37.873077
9848,10823,41.626923,37.876923
9849,10824,41.630769,37.880769
9850,10825,41.634615,37.884615
9851,10826,41.638462,37.888462
9852,10827,41.642308,37.892308
9853,10828,41.646154,37.896154
9854,10829,41.650000,37.900000
9855,10830,41.653846,37.903846
9856,10831,41.657692,37.907692
9857,10832,41.661538,37.911538
9858,10833,41.665385,37.915385
9859,10834,41.669231,37.919231
9860,10835,41.673077,37.923077
9861,10836,41.676923,37.926923
9862,10837,41.680769,37.930769
9863,10838,41.684615,37.934615
9864,10839,41.688462,37.938462
9865,10840,41.692308,37.942308
9866,10841,41.696154,37.946154
9867,10842,41.700000,37.950000
9868,10843,41.703846,37.953846
9869,10844,41.707692,37.957692
9870,10845,41.711538,37.961538
9871,10846,41.715385,37.965385
9872,10847,41.719231,37.969231
9873,10848,41.723077,37.973077
9874,10849,41.726923,37.976923
9875,10850,41.730769,37.980769
9876,10851,41.734615,37.984615
9877,10852,41.738462,37.988462
9878,10853,41.742308,37.992308
9879,10854,41.746154,37.996154
9880,10855,41.750000,38.000000
9881,10856,41.753846,38.003846
9882,10857,41.757692,38.007692
9883,10858,41.761538,38.011538
9884,10859,41.765385,38.015385
9885,10860,41.769231,38.019231
9886,10861,41.773077,38.023077
9887,10862,41.776923,38.026923
9888,10863,41.780769,38.030769
9889,10864,41.784615,38.034615
9890,10865,41.788462,38.038462
9891,10866,41.792308,38.042308
9892,10867,41.796154,38.046154
9893,10868,41.800000,38.050000
9894,10869,41.803846,38.053846
9895,10870,41.807692,38.057692
9896,10871,41.811538,38.061538
9897,10872,41.815385,38.065385
9898,10873,41.819231,38.069231
9899,10874,41.823077,38.073077
9900,10875,41.826923,38.076923
9901,10876,41.830769,38.080769
9902,10877,41.834615,38.084615
9903,10878,41.838462,38.088462
9904,10879,41.842308,38.092308
9905,10880,41.846154,38.096154
9906,10881,41.850000,38.100000
9907,10882,41.853846,38.103846
9908,10883,41.857692,38.107692
9909,10884,41.861538,38.111538
9910,10885,41.865385,38.115385
9911,10886,41.869231,38.119231
9912,10887,41.873077,38.123077
9913,10888,41.876923,38.126923
9914,10889,41.880769,38.130769
9915,10890,41.884615,38.134615
9916,10891,41.888462,38.138462
9917,10892,41.892308,38.142308
9918,10893,41.896154,38.146154
9919,10894,41.900000,38.150000
9920,10895,41.903846,38.153846
9921,10896,41.907692,38.157692
9922,10897,41.911538,38.161538
9923,10898,41.915385,38.165385
9924,10899,41.919231,38.169231
9925,10900,41.923077,38.173077
9926,10901,41.926923,38.176923
9927,10902,41.930769,38.180769
9928,10903,41.934615,38.184615
9929,10904,41.938462,38.188462
9930,10905,41.942308,38.192308
9931,10906,41.946154,38.196154
9932,10907,41.950000,38.200000
9933,10908,41.953846,38.203846
9934,10909,41.957692,38.207692
9935,10910,41.961538,38.211538
9936,10911,41.965385,38.215385
9937,10912,41.969231,38.219231
9938,10913,41.973077,38.223077
9939,10914,41.976923,38.226923
9940,10915,41.980769,38.230769
9941,10916,41.984615,38.234615
9942,10917,41.988462,38.238462
9943,10918,41.992308,38.242308
9944,10919,41.996154,38.246154
9945,10920,42.000000,38.250000
9946,10921,42.003846,38.253846
9947,10922,42.007692,38.257692
9948,10923,42.011538,38.261538
9949,10924,42.015385,38.265385
9950,10925,42.019231,38.269231
9951,10926,42.023077,38.273077
9952,10927,42.026923,38.276923
9953,10928,42.030769,38.280769
9954,10929,42.034615,38.284615
9955,10930,42.038462,38.288462
9956,10931,42.042308,38.292308
9957,10932,42.046154,38.296154
9958,10933,42.050000,38.300000
9959,10934,42.053846,38.303846
9960,10935,42.057692,38.307692
9961,10936,42.061538,38.311538
9962,10937,42.065385,38.315385
9963,10938,42.069231,38.319231
9964,10939,42.073077,38.323077
9965,10940,42.076923,38.326923
9966,10941,42.080769,38.330769
9967,10942,42.084615,38.334615
9968,10943,42.088462,38.338462
9969,10944,42.092308,38.342308
9970,10945,42.096154,38.346154
9971,10946,42.100000,38.350000
9972,10947,42.103846,38.353846
9973,10948,42.107692,38.357692
9974,10949,42.111538,38.361538
9975,10950,42.115385,38.365385
9976,10951,42.119231,38.369231
9977,10952,42.123077,38.373077
9978,10953,42.126923,38.376923
9979,10954,42.130769,38.380769
9980,10955,42.134615,38.384615
9981,10956,42.138462,38.388462
9982,10957,42.142308,38.392308
9983,10958,42.146154,38.396154
9984,10959,42.150000,38.400000
9985,10960,42.153846,38.403846
9986,10961,42.157692,38.407692
9987,10962,42.161538,38.411538
9988,10963,42.165385,38.415385
9989,10964,42.169231,38.419231
9990,10965,42.173077,38.423077
9991,10966,42.176923,38.426923
9992,10967,42.180769,38.430769
9993,10968,42.184615,38.434615
9994,10969,42.188462,38.438462
9995,10970,42.192308,38.442308
9996,10971,42.196154,38.446154
9997,10972,42.200000,38.450000
9998,10973,42.203846,38.453846
9999,10974,42.207692,38.457692
10000,10975,42.211538,38.461538
10001,10976,42.215385,38.465385
10002,10977,42.219231,38.469231
10003,10978,42.223077,38.473077
10004,10979,42.226923,38.476923
10005,10980,42.230769,38.480769
10006,10981,42.234615,38.484615
10007,10982,42.238462,38.488462
10008,10983,42.242308,38.492308
10009,10984,42.246154,38.496154
10010,10985,42.250000,38.500000
10011,10986,42.253846,38.503846
10012,10987,42.257692,38.507692
10013,10988,42.261538,38.511538
10014,10989,42.265385,38.515385
10015,10990,42.269231,38.519231
10016,10991,42.273077,38.523077
10017,10992,42.276923,38.526923
10018,10993,42.280769,38.530769
10019,10994,42.284615,38.534615
10020,10995,42.288462,38.538462
10021,10996,42.292308,38.542308
10022,10997,42.296154,38.546154
10023,10998,42.300000,38.550000
10024,10999,42.303846,38.553846
10025,11000,42.307692,38.557692
10026,11001,42.311538,38.561538
10027,11002,42.315385,38.565385
10028,11003,42.319231,38.569231
10029,11004,42.323077,38.573077
10030,11005,42.326923,38.576923
10031,11006,42.330769,38.580769
10032,11007,42.334615,38.584615
10033,11008,42.338462,38.588462
10034,11009,42.342308,38.592308
10035,11010,42.346154,38.596154
10036,11011,42.350000,38.600000
10037,11012,42.353846,38.603846
10038,11013,42.357692,38.607692
10039,11014,42.361538,38.611538
10040,11015,42.365385,38.615385
10041,11016,42.369231,38.619231
10042,11017,42.373077,38.623077
10043,11018,42.376923,38.626923
10044,11019,42.380769,38.630769
10045,11020,42.384615,38.634615
10046,11021,42.388462,38.638462
10047,11022,42.392308,38.642308
10048,11023,42.396154,38.646154
10049,11024,42.400000,38.650000
10050,11025,42.403846,38.653846
10051,11026,42.407692,38.657692
10052,11027,42.411538,38.661538
10053,11028,42.415385,38.665385
10054,11029,42.419231,38.669231
10055,11030,42.423077,38.673077
10056,11031,42.426923,38.676923
10057,11032,42.430769,38.680769
10058,11033,42.434615,38.684615
10059,11034,42.438462,38.688462
10060,11035,42.442308,38.692308
10061,11036,42.446154,38.696154
10062,11037,42.450000,38.700000
10063,11038,42.453846,38.703846
10064,11039,42.457692,38.707692
10065,11040,42.461538,38.711538
10066,11041,42.465385,38.715385
10067,11042,42.469231,38.719231
10068,11043,42.473077,38.723077
10069,11044,42.476923,38.726923
10070,11045,42.480769,38.730769
10071,11046,42.484615,38.734615
10072,11047,42.488462,38.738462
10073,11048,42.492308,38.742308
10074,11049,42.496154,38.746154
10075,11050,42.500000,38.750000
10076,11051,42.503846,38.753846
10077,11052,42.507692,38.757692
10078,11053,42.511538,38.761538
10079,11054,42.515385,38.765385
10080,11055,42.519231,38.769231
10081,11056,42.523077,38.773077
10082,11057,42.526923,38.776923
10083,11058,42.530769,38.780769
10084,11059,42.534615,38.784615
10085,11060,42.538462,38.788462
10086,11061,42.542308,38.792308
10087,11062,42.546154,38.796154
10088,11063,42.550000,38.800000
10089,11064,42.553846,38.803846
10090,11065,42.557692,38.807692
10091,11066,42.561538,38.811538
10092,11067,42.565385,38.815385
10093,11068,42.569231,38.819231
10094,11069,42.573077,38.823077
10095,11070,42.576923,38.826923
10096,11071,42.580769,38.830769
10097,11072,42.584615,38.834615
10098,11073,42.588462,38.838462
10099,11074,42.592308,38.842308
10100,11075,42.596154,38.846154
10101,11076,42.600000,38.850000
10102,11077,42.603846,38.853846
10103,11078,42.607692,38.857692
10104,11079,42.611538,38.861538
10105,11080,42.615385,38.865385
10106,11081,42.619231,38.869231
10107,11082,42.623077,38.873077
10108,11083,42.626923,38.876923
10109,11084,42.630769,38.880769
10110,11085,42.634615,38.884615
10111,11086,42.638462,38.888462
10112,11087,42.642308,38.892308
10113,11088,42.646154,38.896154
10114,11089,42.650000,38.900000
10115,11090,42.653846,38.903846
10116,11091,42.657692,38.907692
10117,11092,42.661538,38.911538
10118,11093,42.665385,38.915385
10119,11094,42.669231,38.919231
10120,11095,42.673077,38.923077
10121,11096,42.676923,38.926923
10122,11097,42.680769,38.930769
10123,11098,42.684615,38.934615
10124,11099,42.688462,38.938462
10125,11100,42.692308,38.942308
10126,11101,42.696154,38.946154
10127,11102,42.700000,38.950000
10128,11103,42.703846,38.953846
10129,11104,42.707692,38.957692
10130,11105,42.711538,38.961538
10131,11106,42.715385,38.965385
10132,11107,42.719231,38.969231
10133,11108,42.723077,38.973077
10134,11109,42.726923,38.976923
10135,11110,42.730769,38.980769
10136,11111,42.734615,38.984615
10137,11112,42.738462,38.988462
10138,11113,42.742308,38.992308
10139,11114,42.746154,38.996154
10140,11115,42.750000,39.000000
10141,11116,42.753846,39.003846
10142,11117,42.757692,39.007692
10143,11118,42.761538,39.011538
10144,11119,42.765385,39.015385
10145,11120,42.769231,39.019231
10146,11121,42.773077,39.023077
10147,11122,42.776923,39.026923
10148,11123,42.780769,39.030769
10149,11124,42.784615,39.034615
10150,11125,42.788462,39.038462
10151,11126,42.792308,39.042308
10152,11127,42.796154,39.046154
10153,11128,42.800000,39.050000
10154,11129,42.803846,39.053846
10155,11130,42.807692,39.057692
10156,11131,42.811538,39.061538
10157,11132,42.815385,39.065385
10158,11133,42.819231,39.069231
10159,11134,42.823077,39.073077
10160,11135,42.826923,39.076923
10161,11136,42.830769,39.080769
10162,11137,42.834615,39.084615
10163,11138,42.838462,39.088462
10164,11139,42.842308,39.092308
10165,11140,42.846154,39.096154
10166,11141,42.850000,39.100000
10167,11142,42.853846,39.103846
10168,11143,42.857692,39.107692
10169,11144,42.861538,39.111538
10170,11145,42.865385,39.115385
10171,11146,42.869231,39.119231
10172,11147,42.873077,39.123077
10173,11148,42.876923,39.126923
10174,11149,42.880769,39.130769
10175,11150,42.884615,39.134615
10176,11151,42.888462,39.138462
10177,11152,42.892308,39.142308
10178,11153,42.896154,39.146154
10179,11154,42.900000,39.150000
10180,11155,42.903846,39.153846
10181,11156,42.907692,39.157692
10182,11157,42.911538,39.161538
10183,11158,42.915385,39.165385
10184,11159,42.919231,39.169231
10185,11160,42.923077,39.173077
10186,11161,42.926923,39.176923
10187,11162,42.930769,39.180769
10188,11163,42.934615,39.184615
10189,11164,42.938462,39.188462
10190,11165,42.942308,39.192308
10191,11166,42.946154,39.196154
10192,11167,42.950000,39.200000
10193,11168,42.953846,39.203846
10194,11169,42.957692,39.207692
10195,11170,42.961538,39.211538
10196,11171,42.965385,39.215385
10197,11172,42.969231,39.219231
10198,11173,42.973077,39.223077
10199,11174,42.976923,39.226923
10200,11175,42.980769,39.230769
10201,11176,42.984615,39.234615
10202,11177,42.988462,39.238462
10203,11178,42.992308,39.242308
10204,11179,42.996154,39.246154
10205,11180,43.000000,39.250000
10206,11181,43.003846,39.253846
10207,11182,43.007692,39.257692
10208,11183,43.011538,39.261538
10209,11184,43.015385,39.265385
10210,11185,43.019231,39.269231
10211,11186,43.023077,39.273077
10212,11187,43.026923,39.276923
10213,11188,43.030769,39.280769
10214,11189,43.034615,39.284615
10215,11190,43.038462,39.288462
10216,11191,43.042308,39.292308
10217,11192,43.046154,39.296154
10218,11193,43.050000,39.300000
10219,11194,43.053846,39.303846
10220,11195,43.057692,39.307692
10221,11196,43.061538,39.311538
10222,11197,43.065385,39.315385
10223,11198,43.069231,39.319231
10224,11199,43.073077,39.323077
10225,11200,43.076923,39.326923
10226,11201,43.080769,39.330769
10227,11202,43.084615,39.334615
10228,11203,43.088462,39.338462
10229,11204,43.092308,39.342308
10230,11205,43.096154,39.346154
10231,11206,43.100000,39.350000
10232,11207,43.103846,39.353846
10233,11208,43.107692,39.357692
10234,11209,43.111538,39.361538
10235,11210,43.115385,39.365385
10236,11211,43.119231,39.369231
10237,11212,43.123077,39.373077
10238,11213,43.126923,39.376923
10239,11214,43.130769,39.380769
10240,11215,43.134615,39.384615
10241,11216,43.138462,39.388462
10242,11217,43.142308,39.392308
10243,11218,43.146154,39.396154
10244,11219,43.150000,39.400000
10245,11220,43.153846,39.403846
10246,11221,43.157692,39.407692
10247,11222,43.161538,39.411538
10248,11223,43.165385,39.415385
10249,11224,43.169231,39.419231
10250,11225,43.173077,39.423077
10251,11226,43.176923,39.426923
10252,11227,43.180769,39.430769
10253,11228,43.184615,39.434615
10254,11229,43.188462,39.438462
10255,11230,43.192308,39.442308
10256,11231,43.196154,39.446154
10257,11232,43.200000,39.450000
10258,11233,43.203846,39.453846
10259,11234,43.207692,39.457692
10260,11235,43.211538,39.461538
10261,11236,43.215385,39.465385
10262,11237,43.219231,39.469231
10263,11238,43.223077,39.473077
10264,11239,43.226923,39.476923
10265,11240,43.230769,39.480769
10266,11241,43.234615,39.484615
10267,11242,43.238462,39.488462
10268,11243,43.242308,39.492308
10269,11244,43.246154,39.496154
10270,11245,43.250000,39.500000
10271,11246,43.253846,39.503846
10272,11247,43.257692,39.507692
10273,11248,43.261538,39.511538
10274,11249,43.265385,39.515385
10275,11250,43.269231,39.519231
10276,11251,43.273077,39.523077
10277,11252,43.276923,39.526923
10278,11253,43.280769,39.530769
10279,11254,43.284615,39.534615
10280,11255,43.288462,39.538462
10281,11256,43.292308,39.542308
10282,11257,43.296154,39.546154
10283,11258,43.300000,39.550000
10284,11259,43.303846,39.553846
10285,11260,43.307692,39.557692
10286,11261,43.311538,39.561538
10287,11262,43.315385,39.565385
10288,11263,43.319231,39.569231
10289,11264,43.323077,39.573077
10290,11265,43.326923,39.576923
10291,11266,43.330769,39.580769
10292,11267,43.334615,39.584615
10293,11268,43.338462,39.588462
10294,11269,43.342308,39.592308
10295,11270,43.346154,39.596154
10296,11271,43.350000,39.600000
10297,11272,43.353846,39.603846
10298,11273,43.357692,39.607692
10299,11274,43.361538,39.611538
10300,11275,43.365385,39.615385
10301,11276,43.369231,39.619231
10302,11277,43.373077,39.623077
10303,11278,43.376923,39.626923
10304,11279,43.380769,39.630769
10305,11280,43.384615,39.634615
10306,11281,43.388462,39.638462
10307,11282,43.392308,39.642308
10308,11283,43.396154,39.646154
10309,11284,43.400000,39.650000
10310,11285,43.403846,39.653846
10311,11286,43.407692,39.657692
10312,11287,43.411538,39.661538
10313,11288,43.415385,39.665385
10314,11289,43.419231,39.669231
10315,11290,43.423077,39.673077
10316,11291,43.426923,39.676923
10317,11292,43.430769,39.680769
10318,11293,43.434615,39.684615
10319,11294,43.438462,39.688462
10320,11295,43.442308,39.692308
10321,11296,43.446154,39.696154
10322,11297,43.450000,39.700000
10323,11298,43.453846,39.703846
10324,11299,43.457692,39.707692
10325,11300,43.461538,39.711538
10326,11301,43.465385,39.715385
10327,11302,43.469231,39.719231
10328,11303,43.473077,39.723077
10329,11304,43.476923,39.726923
10330,11305,43.480769,39.730769
10331,11306,43.484615,39.734615
10332,11307,43.488462,39.738462
10333,11308,43.492308,39.742308
10334,11309,43.496154,39.746154
10335,11310,43.500000,39.750000
10336,11311,43.503846,39.753846
10337,11312,43.507692,39.757692
10338,11313,43.511538,39.761538
10339,11314,43.515385,39.765385
10340,11315,43.519231,39.769231
10341,11316,43.523077,39.773077
10342,11317,43.526923,39.776923
10343,11318,43.530769,39.780769
10344,11319,43.534615,39.784615
10345,11320,43.538462,39.788462
10346,11321,43.542308,39.792308
10347,11322,43.546154,39.796154
10348,11323,43.550000,39.800000
10349,11324,43.553846,39.803846
10350,11325,43.557692,39.807692
10351,11326,43.561538,39.811538
10352,11327,43.565385,39.815385
10353,11328,43.569231,39.819231
10354,11329,43.573077,39.823077
10355,11330,43.576923,39.826923
10356,11331,43.580769,39.830769
10357,11332,43.584615,39.834615
10358,11333,43.588462,39.838462
10359,11334,43.592308,39.842308
10360,11335,43.596154,39.846154
10361,11336,43.600000,39.850000
10362,11337,43.603846,39.853846
10363,11338,43.607692,39.857692
10364,11339,43.611538,39.861538
10365,11340,43.615385,39.865385
10366,11341,43.619231,39.869231
10367,11342,43.623077,39.873077
10368,11343,43.626923,39.876923
10369,11344,43.630769,39.880769
10370,11345,43.634615,39.884615
10371,11346,43.638462,39.888462
10372,11347,43.642308,39.892308
10373,11348,43.646154,39.896154
10374,11349,43.650000,39.900000
10375,11350,43.653846,39.903846
10376,11351,43.657692,39.907692
10377,11352,43.661538,39.911538
10378,11353,43.665385,39.915385
10379,11354,43.669231,39.919231
10380,11355,43.673077,39.923077
10381,11356,43.676923,39.926923
10382,11357,43.680769,39.930769
10383,11358,43.684615,39.934615
10384,11359,43.688462,39.938462
10385,11360,43.692308,39.942308
10386,11361,43.696154,39.946154
10387,11362,43.700000,39.950000
10388,11363,43.703846,39.953846
10389,11364,43.707692,39.957692
10390,11365,43.711538,39.961538
10391,11366,43.715385,39.965385
10392,11367,43.719231,39.969231
10393,11368,43.723077,39.973077
10394,11369,43.726923,39.976923
10395,11370,43.730769,39.980769
10396,11371,43.734615,39.984615
10397,11372,43.738462,39.988462
10398,11373,43.742308,39.992308
10399,11374,43.746154,39.996154
10400,11375,43.750000,40.000000
10401,11376,43.753846,40.003846
10402,11377,43.757692,40.007692
10403,11378,43.761538,40.011538
10404,11379,43.765385,40.015385
10405,11380,43.769231,40.019231
10406,11381,43.773077,40.023077
10407,11382,43.776923,40.026923
10408,11383,43.780769,40.030769
10409,11384,43.784615,40.034615
10410,11385,43.788462,40.038462
10411,11386,43.792308,40.042308
10412,11387,43.796154,40.046154
10413,11388,43.800000,40.050000
10414,11389,43.803846,40.053846
10415,11390,43.807692,40.057692
10416,11391,43.811538,40.061538
10417,11392,43.815385,40.065385
10418,11393,43.819231,40.069231
10419,11394,43.823077,40.073077
10420,11395,43.826923,40.076923
10421,11396,43.830769,40.080769
10422,11397,43.834615,40.084615
10423,11398,43.838462,40.088462
10424,11399,43.842308,40.092308
10425,11400,43.846154,40.096154
10426,11401,43.850000,40.100000
10427,11402,43.853846,40.103846
10428,11403,43.857692,40.107692
10429,11404,43.861538,40.111538
10430,11405,43.865385,40.115385
10431,11406,43.869231,40.119231
10432,11407,43.873077,40.123077
10433,11408,43.876923,40.126923
10434,11409,43.880769,40.130769
10435,11410,43.884615,40.134615
10436,11411,43.888462,40.138462
10437,11412,43.892308,40.142308
10438,11413,43.896154,40.146154
10439,11414,43.900000,40.150000
10440,11415,43.903846,40.153846
10441,11416,43.907692,40.157692
10442,11417,43.911538,40.161538
10443,11418,43.915385,40.165385
10444,11419,43.919231,40.169231
10445,11420,43.923077,40.173077
10446,11421,43.926923,40.176923
10447,11422,43.930769,40.180769
10448,11423,43.934615,40.184615
10449,11424,43.938462,40.188462
10450,11425,43.942308,40.192308
10451,11426,43.946154,40.196154
10452,11427,43.950000,40.200000
10453,11428,43.953846,40.203846
10454,11429,43.957692,40.207692
10455,11430,43.961538,40.211538
10456,11431,43.965385,40.215385
10457,11432,43.969231,40.219231
10458,11433,43.973077,40.223077
10459,11434,43.976923,40.226923
10460,11435,43.980769,40.230769
10461,11436,43.984615,40.234615
10462,11437,43.988462,40.238462
10463,11438,43.992308,40.242308
10464,11439,43.996154,40.246154
10465,11440,44.000000,40.250000
10466,11441,44.003846,40.253846
10467,11442,44.007692,40.257692
10468,11443,44.011538,40.261538
10469,11444,44.015385,40.265385
10470,11445,44.019231,40.269231
10471,11446,44.023077,40.273077
10472,11447,44.026923,40.276923
10473,11448,44.030769,40.280769
10474,11449,44.034615,40.284615
10475,11450,44.038462,40.288462
10476,11451,44.042308,40.292308
10477,11452,44.046154,40.296154
10478,11453,44.050000,40.300000
10479,11454,44.053846,40.303846
10480,11455,44.057692,40.307692
10481,11456,44.061538,40.311538
10482,11457,44.065385,40.315385
10483,11458,44.069231,40.319231
10484,11459,44.073077,40.323077
10485,11460,44.076923,40.326923
10486,11461,44.080769,40.330769
10487,11462,44.084615,40.334615
10488,11463,44.088462,40.338462
10489,11464,44.092308,40.342308
10490,11465,44.096154,40.346154
10491,11466,44.100000,40.350000
10492,11467,44.103846,40.353846
10493,11468,44.107692,40.357692
10494,11469,44.111538,40.361538
10495,11470,44.115385,40.365385
10496,11471,44.119231,40.369231
10497,11472,44.123077,40.373077
10498,11473,44.126923,40.376923
10499,11474,44.130769,40.380769
10500,11475,44.134615,40.384615
10501,11476,44.138462,40.388462
10502,11477,44.142308,40.392308
10503,11478,44.146154,40.396154
10504,11479,44.150000,40.400000
10505,11480,44.153846,40.403846
10506,11481,44.157692,40.407692
10507,11482,44.161538,40.411538
10508,11483,44.165385,40.415385
10509,11484,44.169231,40.419231
10510,11485,44.173077,40.423077
10511,11486,44.176923,40.426923
10512,11487,44.180769,40.430769
10513,11488,44.184615,40.434615
10514,11489,44.188462,40.438462
10515,11490,44.192308,40.442308
10516,11491,44.196154,40.446154
10517,11492,44.200000,40.450000
10518,11493,44.203846,40.453846
10519,11494,44.207692,40.457692
10520,11495,44.211538,40.461538
10521,11496,44.215385,40.465385
10522,11497,44.219231,40.469231
10523,11498,44.223077,40.473077
10524,11499,44.226923,40.476923
10525,11500,44.230769,40.480769
10526,11501,44.234615,40.484615
10527,11502,44.238462,40.488462
10528,11503,44.242308,40.492308
10529,11504,44.246154,40.496154
10530,11505,44.250000,40.500000
10531,11506,44.253846,40.503846
10532,11507,44.257692,40.507692
10533,11508,44.261538,40.511538
10534,11509,44.265385,40.515385
10535,11510,44.269231,40.519231
10536,11511,44.273077,40.523077
10537,11512,44.276923,40.526923
10538,11513,44.280769,40.530769
10539,11514,44.284615,40.534615
10540,11515,44.288462,40.538462
10541,11516,44.292308,40.542308
10542,11517,44.296154,40.546154
10543,11518,44.300000,40.550000
10544,11519,44.303846,40.553846
10545,11520,44.307692,40.557692
10546,11521,44.311538,40.561538
10547,11522,44.315385,40.565385
10548,11523,44.319231,40.569231
10549,11524,44.323077,40.573077
10550,11525,44.326923,40.576923
10551,11526,44.330769,40.580769
10552,11527,44.334615,40.584615
10553,11528,44.338462,40.588462
10554,11529,44.342308,40.592308
10555,11530,44.346154,40.596154
10556,11531,44.350000,40.600000
10557,11532,44.353846,40.603846
10558,11533,44.357692,40.607692
10559,11534,44.361538,40.611538
10560,11535,44.365385,40.615385
10561,11536,44.369231,40.619231
10562,11537,44.373077,40.623077
10563,11538,44.376923,40.626923
10564,11539,44.380769,40.630769
10565,11540,44.384615,40.634615
10566,11541,44.388462,40.638462
10567,11542,44.392308,40.642308
10568,11543,44.396154,40.646154
10569,11544,44.400000,40.650000
10570,11545,44.403846,40.653846
10571,11546,44.407692,40.657692
10572,11547,44.411538,40.661538
10573,11548,44.415385,40.665385
10574,11549,44.419231,40.669231
10575,11550,44.423077,40.673077
10576,11551,44.426923,40.676923
10577,11552,44.430769,40.680769
10578,11553,44.434615,40.684615
10579,11554,44.438462,40.688462
10580,11555,44.442308,40.692308
10581,11556,44.446154,40.696154
10582,11557,44.450000,40.700000
10583,11558,44.453846,40.703846
10584,11559,44.457692,40.707692
10585,11560,44.461538,40.711538
10586,11561,44.465385,40.715385
10587,11562,44.469231,40.719231
10588,11563,44.473077,40.723077
10589,11564,44.476923,40.726923
10590,11565,44.480769,40.730769
10591,11566,44.484615,40.734615
10592,11567,44.488462,40.738462
10593,11568,44.492308,40.742308
10594,11569,44.496154,40.746154
10595,11570,44.500000,40.750000
10596,11571,44.503846,40.753846
10597,11572,44.507692,40.757692
10598,11573,44.511538,40.761538
10599,11574,44.515385,40.765385
10600,11575,44.519231,40.769231
10601,11576,44.523077,40.773077
10602,11577,44.526923,40.776923
10603,11578,44.530769,40.780769
10604,11579,44.534615,40.784615
10605,11580,44.538462,40.788462
10606,11581,44.542308,40.792308
10607,11582,44.546154,40.796154
10608,11583,44.550000,40.800000
10609,11584,44.553846,40.803846
10610,11585,44.557692,40.807692
10611,11586,44.561538,40.811538
10612,11587,44.565385,40.815385
10613,11588,44.569231,40.819231
10614,11589,44.573077,40.823077
10615,11590,44.576923,40.826923
10616,11591,44.580769,40.830769
10617,11592,44.584615,40.834615
10618,11593,44.588462,40.838462
10619,11594,44.592308,40.842308
10620,11595,44.596154,40.846154
10621,11596,44.600000,40.850000
10622,11597,44.603846,40.853846
10623,11598,44.607692,40.857692
10624,11599,44.611538,40.861538
10625,11600,44.615385,40.865385
10626,11601,44.619231,40.869231
10627,11602,44.623077,40.873077
10628,11603,44.626923,40.876923
10629,11604,44.630769,40.880769
10630,11605,44.634615,40.884615
10631,11606,44.638462,40.888462
10632,11607,44.642308,40.892308
10633,11608,44.646154,40.896154
10634,11609,44.650000,40.900000
10635,11610,44.653846,40.903846
10636,11611,44.657692,40.907692
10637,11612,44.661538,40.911538
10638,11613,44.665385,40.915385
10639,11614,44.669231,40.919231
10640,11615,44.673077,40.923077
10641,11616,44.676923,40.926923
10642,11617,44.680769,40.930769
10643,11618,44.684615,40.934615
10644,11619,44.688462,40.938462
10645,11620,44.692308,40.942308
10646,11621,44.696154,40.946154
10647,11622,44.700000,40.950000
10648,11623,44.703846,40.953846
10649,11624,44.707692,40.957692
10650,11625,44.711538,40.961538
10651,11626,44.715385,40.965385
10652,11627,44.719231,40.969231
10653,11628,44.723077,40.973077
10654,11629,44.726923,40.976923
10655,11630,44.730769,40.980769
10656,11631,44.734615,40.984615
10657,11632,44.738462,40.988462
10658,11633,44.742308,40.992308
10659,11634,44.746154,40.996154
10660,11635,44.750000,41.000000
10661,11636,44.753846,41.003846
10662,11637,44.757692,41.007692
10663,11638,44.761538,41.011538
10664,11639,44.765385,41.015385
10665,11640,44.769231,41.019231
10666,11641,44.773077,41.023077
10667,11642,44.776923,41.026923
10668,11643,44.780769,41.030769
10669,11644,44.784615,41.034615
10670,11645,44.788462,41.038462
10671,11646,44.792308,41.042308
10672,11647,44.796154,41.046154
10673,11648,44.800000,41.050000
10674,11649,44.803846,41.053846
10675,11650,44.807692,41.057692
10676,11651,44.811538,41.061538
10677,11652,44.815385,41.065385
10678,11653,44.819231,41.069231
10679,11654,44.823077,41.073077
10680,11655,44.826923,41.076923
10681,11656,44.830769,41.080769
10682,11657,44.834615,41.084615
10683,11658,44.838462,41.088462
10684,11659,44.842308,41.092308
10685,11660,44.846154,41.096154
10686,11661,44.850000,41.100000
10687,11662,44.853846,41.103846
10688,11663,44.857692,41.107692
10689,11664,44.861538,41.111538
10690,11665,44.865385,41.115385
10691,11666,44.869231,41.119231
10692,11667,44.873077,41.123077
10693,11668,44.876923,41.126923
10694,11669,44.880769,41.130769
10695,11670,44.884615,41.134615
10696,11671,44.888462,41.138462
10697,11672,44.892308,41.142308
10698,11673,44.896154,41.146154
10699,11674,44.900000,41.150000
10700,11675,44.903846,41.153846
10701,11676,44.907692,41.157692
10702,11677,44.911538,41.161538
10703,11678,44.915385,41.165385
10704,11679,44.919231,41.169231
10705,11680,44.923077,41.173077
10706,11681,44.926923,41.176923
10707,11682,44.930769,41.180769
10708,11683,44.934615,41.184615
10709,11684,44.938462,41.188462
10710,11685,44.942308,41.192308
10711,11686,44.946154,41.196154
10712,11687,44.950000,41.200000
10713,11688,44.953846,41.203846
10714,11689,44.957692,41.207692
10715,11690,44.961538,41.211538
10716,11691,44.965385,41.215385
10717,11692,44.969231,41.219231
10718,11693,44.973077,41.223077
10719,11694,44.976923,41.226923
10720,11695,44.980769,41.230769
10721,11696,44.984615,41.234615
10722,11697,44.988462,41.238462
10723,11698,44.992308,41.242308
10724,11699,44.996154,41.246154
10725,11700,45.000000,41.250000
10726,11701,45.003846,41.253846
10727,11702,45.007692,41.257692
10728,11703,45.011538,41.261538
10729,11704,45.015385,41.265385
10730,11705,45.019231,41.269231
10731,11706,45.023077,41.273077
10732,11707,45.026923,41.276923
10733,11708,45.030769,41.280769
10734,11709,45.034615,41.284615
10735,11710,45.038462,41.288462
10736,11711,45.042308,41.292308
10737,11712,45.046154,41.296154
10738,11713,45.050000,41.300000
10739,11714,45.053846,41.303846
10740,11715,45.057692,41.307692
10741,11716,45.061538,41.311538
10742,11717,45.065385,41.315385
10743,11718,45.069231,41.319231
10744,11719,45.073077,41.323077
10745,11720,45.076923,41.326923
10746,11721,45.080769,41.330769
10747,11722,45.084615,41.334615
10748,11723,45.088462,41.338462
10749,11724,45.092308,41.342308
10750,11725,45.096154,41.346154
10751,11726,45.100000,41.350000
10752,11727,45.103846,41.353846
10753,11728,45.107692,41.357692
10754,11729,45.111538,41.361538
10755,11730,45.115385,41.365385
10756,11731,45.119231,41.369231
10757,11732,45.123077,41.373077
10758,11733,45.126923,41.376923
10759,11734,45.130769,41.380769
10760,11735,45.134615,41.384615
10761,11736,45.138462,41.388462
10762,11737,45.142308,41.392308
10763,11738,45.146154,41.396154
10764,11739,45.150000,41.400000
10765,11740,45.153846,41.403846
10766,11741,45.157692,41.407692
10767,11742,45.161538,41.411538
10768,11743,45.165385,41.415385
10769,11744,45.169231,41.419231
10770,11745,45.173077,41.423077
10771,11746,45.176923,41.426923
10772,11747,45.180769,41.430769
10773,11748,45.184615,41.434615
10774,11749,45.188462,41.438462
10775,11750,45.192308,41.442308
10776,11751,45.196154,41.446154
10777,11752,45.200000,41.450000
10778,11753,45.203846,41.453846
10779,11754,45.207692,41.457692
10780,11755,45.211538,41.461538
10781,11756,45.215385,41.465385
10782,11757,45.219231,41.469231
10783,11758,45.223077,41.473077
10784,11759,45.226923,41.476923
10785,11760,45.230769,41.480769
10786,11761,45.234615,41.484615
10787,11762,45.238462,41.488462
10788,11763,45.242308,41.492308
10789,11764,45.246154,41.496154
10790,11765,45.250000,41.500000
10791,11766,45.253846,41.503846
10792,11767,45.257692,41.507692
10793,11768,45.261538,41.511538
10794,11769,45.265385,41.515385
10795,11770,45.269231,41.519231
10796,11771,45.273077,41.523077
10797,11772,45.276923,41.526923
10798,11773,45.280769,41.530769
10799,11774,45.284615,41.534615
10800,11775,45.288462,41.538462
10801,11776,45.292308,41.542308
10802,11777,45.296154,41.546154
10803,11778,45.300000,41.550000
10804,11779,45.303846,41.553846
10805,11780,45.307692,41.557692
10806,11781,45.311538,41.561538
10807,11782,45.315385,41.565385
10808,11783,45.319231,41.569231
10809,11784,45.323077,41.573077
10810,11785,45.326923,41.576923
10811,11786,45.330769,41.580769
10812,11787,45.334615,41.584615
10813,11788,45.338462,41.588462
10814,11789,45.342308,41.592308
10815,11790,45.346154,41.596154
10816,11791,45.350000,41.600000
10817,11792,45.353846,41.603846
10818,11793,45.357692,41.607692
10819,11794,45.361538,41.611538
10820,11795,45.365385,41.615385
10821,11796,45.369231,41.619231
10822,11797,45.373077,41.623077
10823,11798,45.376923,41.626923
10824,11799,45.380769,41.630769
10825,11800,45.384615,41.634615
10826,11801,45.388462,41.638462
10827,11802,45.392308,41.642308
10828,11803,45.396154,41.646154
10829,11804,45.400000,41.650000
10830,11805,45.403846,41.653846
10831,11806,45.407692,41.657692
10832,11807,45.411538,41.661538
10833,11808,45.415385,41.665385
10834,11809,45.419231,41.669231
10835,11810,45.423077,41.673077
10836,11811,45.426923,41.676923
10837,11812,45.430769,41.680769
10838,11813,45.434615,41.684615
10839,11814,45.438462,41.688462
10840,11815,45.442308,41.692308
10841,11816,45.446154,41.696154
10842,11817,45.450000,41.700000
10843,11818,45.453846,41.703846
10844,11819,45.457692,41.707692
10845,11820,45.461538,41.711538
10846,11821,45.465385,41.715385
10847,11822,45.469231,41.719231
10848,11823,45.473077,41.723077
10849,11824,45.476923,41.726923
10850,11825,45.480769,41.730769
10851,11826,45.484615,41.734615
10852,11827,45.488462,41.738462
10853,11828,45.492308,41.742308
10854,11829,45.496154,41.746154
10855,11830,45.500000,41.750000
10856,11831,45.503846,41.753846
10857,11832,45.507692,41.757692
10858,11833,45.511538,41.761538
10859,11834,45.515385,41.765385
10860,11835,45.519231,41.769231
10861,11836,45.523077,41.773077
10862,11837,45.526923,41.776923
10863,11838,45.530769,41.780769
10864,11839,45.534615,41.784615
10865,11840,45.538462,41.788462
10866,11841,45.542308,41.792308
10867,11842,45.546154,41.796154
10868,11843,45.550000,41.800000
10869,11844,45.553846,41.803846
10870,11845,45.557692,41.807692
10871,11846,45.561538,41.811538
10872,11847,45.565385,41.815385
10873,11848,45.569231,41.819231
10874,11849,45.573077,41.823077
10875,11850,45.576923,41.826923
10876,11851,45.580769,41.830769
10877,11852,45.584615,41.834615
10878,11853,45.588462,41.838462
10879,11854,45.592308,41.842308
10880,11855,45.596154,41.846154
10881,11856,45.600000,41.850000
10882,11857,45.603846,41.853846
10883,11858,45.607692,41.857692
10884,11859,45.611538,41.861538
10885,11860,45.615385,41.865385
10886,11861,45.619231,41.869231
10887,11862,45.623077,41.873077
10888,11863,45.626923,41.876923
10889,11864,45.630769,41.880769
10890,11865,45.634615,41.884615
10891,11866,45.638462,41.888462
10892,11867,45.642308,41.892308
10893,11868,45.646154,41.896154
10894,11869,45.650000,41.900000
10895,11870,45.653846,41.903846
10896,11871,45.657692,41.907692
10897,11872,45.661538,41.911538
10898,11873,45.665385,41.915385
10899,11874,45.669231,41.919231
10900,11875,45.673077,41.923077
10901,11876,45.676923,41.926923
10902,11877,45.680769,41.930769
10903,11878,45.684615,41.934615
10904,11879,45.688462,41.938462
10905,11880,45.692308,41.942308
10906,11881,45.696154,41.946154
10907,11882,45.700000,41.950000
10908,11883,45.703846,41.953846
10909,11884,45.707692,41.957692
10910,11885,45.711538,41.961538
10911,11886,45.715385,41.965385
10912,11887,45.719231,41.969231
10913,11888,45.723077,41.973077
10914,11889,45.726923,41.976923
10915,11890,45.730769,41.980769
10916,11891,45.734615,41.984615
10917,11892,45.738462,41.988462
10918,11893,45.742308,41.992308
10919,11894,45.746154,41.996154
10920,11895,45.750000,42.000000
10921,11896,45.753846,42.003846
10922,11897,45.757692,42.007692
10923,11898,45.761538,42.011538
10924,11899,45.765385,42.015385
10925,11900,45.769231,42.019231
10926,11901,45.773077,42.023077
10927,11902,45.776923,42.026923
10928,11903,45.780769,42.030769
10929,11904,45.784615,42.034615
10930,11905,45.788462,42.038462
10931,11906,45.792308,42.042308
10932,11907,45.796154,42.046154
10933,11908,45.800000,42.050000
10934,11909,45.803846,42.053846
10935,11910,45.807692,42.057692
10936,11911,45.811538,42.061538
10937,11912,45.815385,42.065385
10938,11913,45.819231,42.069231
10939,11914,45.823077,42.073077
10940,11915,45.826923,42.076923
10941,11916,45.830769,42.080769
10942,11917,45.834615,42.084615
10943,11918,45.838462,42.088462
10944,11919,45.842308,42.092308
10945,11920,45.846154,42.096154
10946,11921,45.850000,42.100000
10947,11922,45.853846,42.103846
10948,11923,45.857692,42.107692
10949,11924,45.861538,42.111538
10950,11925,45.865385,42.115385
10951,11926,45.869231,42.119231
10952,11927,45.873077,42.123077
10953,11928,45.876923,42.126923
10954,11929,45.880769,42.130769
10955,11930,45.884615,42.134615
10956,11931,45.888462,42.138462
10957,11932,45.892308,42.142308
10958,11933,45.896154,42.146154
10959,11934,45.900000,42.150000
10960,11935,45.903846,42.153846
10961,11936,45.907692,42.157692
10962,11937,45.911538,42.161538
10963,11938,45.915385,42.165385
10964,11939,45.919231,42.169231
10965,11940,45.923077,42.173077
10966,11941,45.926923,42.176923
10967,11942,45.930769,42.180769
10968,11943,45.934615,42.184615
10969,11944,45.938462,42.188462
10970,11945,45.942308,42.192308
10971,11946,45.946154,42.196154
10972,11947,45.950000,42.200000
10973,11948,45.953846,42.203846
10974,11949,45.957692,42.207692
10975,11950,45.961538,42.211538
10976,11951,45.965385,42.215385
10977,11952,45.969231,42.219231
10978,11953,45.973077,42.223077
10979,11954,45.976923,42.226923
10980,11955,45.980769,42.230769
10981,11956,45.984615,42.234615
10982,11957,45.988462,42.238462
10983,11958,45.992308,42.242308
10984,11959,45.996154,42.246154
10985,11960,46.000000,42.250000
10986,11961,46.003846,42.253846
10987,11962,46.007692,42.257692
10988,11963,46.011538,42.261538
10989,11964,46.015385,42.265385
10990,11965,46.019231,42.269231
10991,11966,46.023077,42.273077
10992,11967,46.026923,42.276923
10993,11968,46.030769,42.280769
10994,11969,46.034615,42.284615
10995,11970,46.038462,42.288462
10996,11971,46.042308,42.292308
10997,11972,46.046154,42.296154
10998,11973,46.050000,42.300000
10999,11974,46.053846,42.303846
11000,11975,46.057692,42.307692
11001,11976,46.061538,42.311538
11002,11977,46.065385,42.315385
11003,11978,46.069231,42.319231
11004,11979,46.073077,42.323077
11005,11980,46.076923,42.326923
11006,11981,46.080769,42.330769
11007,11982,46.084615,42.334615
11008,11983,46.088462,42.338462
11009,11984,46.092308,42.342308
11010,11985,46.096154,42.346154
11011,11986,46.100000,42.350000
11012,11987,46.103846,42.353846
11013,11988,46.107692,42.357692
11014,11989,46.111538,42.361538
11015,11990,46.115385,42.365385
11016,11991,46.119231,42.369231
11017,11992,46.123077,42.373077
11018,11993,46.126923,42.376923
11019,11994,46.130769,42.380769
11020,11995,46.134615,42.384615
11021,11996,46.138462,42.388462
11022,11997,46.142308,42.392308
11023,11998,46.146154,42.396154
11024,11999,46.150000,42.400000
11025,12000,46.153846,42.403846
11026,12001,46.157692,42.407692
11027,12002,46.161538,42.411538
11028,12003,46.165385,42.415385
11029,12004,46.169231,42.419231
11030,12005,46.173077,42.423077
11031,12006,46.176923,42.426923
11032,12007,46.180769,42.430769
11033,12008,46.184615,42.434615
11034,12009,46.188462,42.438462
11035,12010,46.192308,42.442308
11036,12011,46.196154,42.446154
11037,12012,46.200000,42.450000
11038,12013,46.203846,42.453846
11039,12014,46.207692,42.457692
11040,12015,46.211538,42.461538
11041,12016,46.215385,42.465385
11042,12017,46.219231,42.469231
11043,12018,46.223077,42.473077
11044,12019,46.226923,42.476923
11045,12020,46.230769,42.480769
11046,12021,46.234615,42.484615
11047,12022,46.238462,42.488462
11048,12023,46.242308,42.492308
11049,12024,46.246154,42.496154
11050,12025,46.250000,42.500000
11051,12026,46.253846,42.503846
11052,12027,46.257692,42.507692
11053,12028,46.261538,42.511538
11054,12029,46.265385,42.515385
11055,12030,46.269231,42.519231
11056,12031,46.273077,42.523077
11057,12032,46.276923,42.526923
11058,12033,46.280769,42.530769
11059,12034,46.284615,42.534615
11060,12035,46.288462,42.538462
11061,12036,46.292308,42.542308
11062,12037,46.296154,42.546154
11063,12038,46.300000,42.550000
11064,12039,46.303846,42.553846
11065,12040,46.307692,42.557692
11066,12041,46.311538,42.561538
11067,12042,46.315385,42.565385
11068,12043,46.319231,42.569231
11069,12044,46.323077,42.573077
11070,12045,46.326923,42.576923
11071,12046,46.330769,42.580769
11072,12047,46.334615,42.584615
11073,12048,46.338462,42.588462
11074,12049,46.342308,42.592308
11075,12050,46.346154,42.596154
11076,12051,46.350000,42.600000
11077,12052,46.353846,42.603846
11078,12053,46.357692,42.607692
11079,12054,46.361538,42.611538
11080,12055,46.365385,42.615385
11081,12056,46.369231,42.619231
11082,12057,46.373077,42.623077
11083,12058,46.376923,42.626923
11084,12059,46.380769,42.630769
11085,12060,46.384615,42.634615
11086,12061,46.388462,42.638462
11087,12062,46.392308,42.642308
11088,12063,46.396154,42.646154
11089,12064,46.400000,42.650000
11090,12065,46.403846,42.653846
11091,12066,46.407692,42.657692
11092,12067,46.411538,42.661538
11093,12068,46.415385,42.665385
11094,12069,46.419231,42.669231
11095,12070,46.423077,42.673077
11096,12071,46.426923,42.676923
11097,12072,46.430769,42.680769
11098,12073,46.434615,42.684615
11099,12074,46.438462,42.688462
11100,12075,46.442308,42.692308
11101,12076,46.446154,42.696154
11102,12077,46.450000,42.700000
11103,12078,46.453846,42.703846
11104,12079,46.457692,42.707692
11105,12080,46.461538,42.711538
11106,12081,46.465385,42.715385
11107,12082,46.469231,42.719231
11108,12083,46.473077,42.723077
11109,12084,46.476923,42.726923
11110,12085,46.480769,42.730769
11111,12086,46.484615,42.734615
11112,12087,46.488462,42.738462
11113,12088,46.492308,42.742308
11114,12089,46.496154,42.746154
11115,12090,46.500000,42.750000
11116,12091,46.503846,42.753846
11117,12092,46.507692,42.757692
11118,12093,46.511538,42.761538
11119,12094,46.515385,42.765385
11120,12095,46.519231,42.769231
11121,12096,46.523077,42.773077
11122,12097,46.526923,42.776923
11123,12098,46.530769,42.780769
11124,12099,46.534615,42.784615
11125,12100,46.538462,42.788462
11126,12101,46.542308,42.792308
11127,12102,46.546154,42.796154
11128,12103,46.550000,42.800000
11129,12104,46.553846,42.803846
11130,12105,46.557692,42.807692
11131,12106,46.561538,42.811538
11132,12107,46.565385,42.815385
11133,12108,46.569231,42.819231
11134,12109,46.573077,42.823077
11135,12110,46.576923,42.826923
11136,12111,46.580769,42.830769
11137,12112,46.584615,42.834615
11138,12113,46.588462,42.838462
11139,12114,46.592308,42.842308
11140,12115,46.596154,42.846154
11141,12116,46.600000,42.850000
11142,12117,46.603846,42.853846
11143,12118,46.607692,42.857692
11144,12119,46.611538,42.861538
11145,12120,46.615385,42.865385
11146,12121,46.619231,42.869231
11147,12122,46.623077,42.873077
11148,12123,46.626923,42.876923
11149,12124,46.630769,42.880769
11150,12125,46.634615,42.884615
11151,12126,46.638462,42.888462
11152,12127,46.642308,42.892308
11153,12128,46.646154,42.896154
11154,12129,46.650000,42.900000
11155,12130,46.653846,42.903846
11156,12131,46.657692,42.907692
11157,12132,46.661538,42.911538
11158,12133,46.665385,42.915385
11159,12134,46.669231,42.919231
11160,12135,46.673077,42.923077
11161,12136,46.676923,42.926923
11162,12137,46.680769,42.930769
11163,12138,46.684615,42.934615
11164,12139,46.688462,42.938462
11165,12140,46.692308,42.942308
11166,12141,46.696154,42.946154
11167,12142,46.700000,42.950000
11168,12143,46.703846,42.953846
11169,12144,46.707692,42.957692
11170,12145,46.711538,42.961538
11171,12146,46.715385,42.965385
11172,12147,46.719231,42.969231
11173,12148,46.723077,42.973077
11174,12149,46.726923,42.976923
11175,12150,46.730769,42.980769
11176,12151,46.734615,42.984615
11177,12152,46.738462,42.988462
11178,12153,46.742308,42.992308
11179,12154,46.746154,42.996154
11180,12155,46.750000,43.000000
11181,12156,46.753846,43.003846
11182,12157,46.757692,43.007692
11183,12158,46.761538,43.011538
11184,12159,46.765385,43.015385
11185,12160,46.769231,43.019231
11186,12161,46.773077,43.023077
11187,12162,46.776923,43.026923
11188,12163,46.780769,43.030769
11189,12164,46.784615,43.034615
11190,12165,46.788462,43.038462
11191,12166,46.792308,43.042308
11192,12167,46.796154,43.046154
11193,12168,46.800000,43.050000
11194,12169,46.803846,43.053846
11195,12170,46.807692,43.057692
11196,12171,46.811538,43.061538
11197,12172,46.815385,43.065385
11198,12173,46.819231,43.069231
11199,12174,46.823077,43.073077
11200,12175,46.826923,43.076923
11201,12176,46.830769,43.080769
11202,12177,46.834615,43.084615
11203,12178,46.838462,43.088462
11204,12179,46.842308,43.092308
11205,12180,46.846154,43.096154
11206,12181,46.850000,43.100000
11207,12182,46.853846,43.103846
11208,12183,46.857692,43.107692
11209,12184,46.861538,43.111538
11210,12185,46.865385,43.115385
11211,12186,46.869231,43.119231
11212,12187,46.873077,43.123077
11213,12188,46.876923,43.126923
11214,12189,46.880769,43.130769
11215,12190,46.884615,43.134615
11216,12191,46.888462,43.138462
11217,12192,46.892308,43.142308
11218,12193,46.896154,43.146154
11219,12194,46.900000,43.150000
11220,12195,46.903846,43.153846
11221,12196,46.907692,43.157692
11222,12197,46.911538,43.161538
11223,12198,46.915385,43.165385
11224,12199,46.919231,43.169231
11225,12200,46.923077,43.173077
11226,12201,46.926923,43.176923
11227,12202,46.930769,43.180769
11228,12203,46.934615,43.184615
11229,12204,46.938462,43.188462
11230,12205,46.942308,43.192308
11231,12206,46.946154,43.196154
11232,12207,46.950000,43.200000
11233,12208,46.953846,43.203846
11234,12209,46.957692,43.207692
11235,12210,46.961538,43.211538
11236,12211,46.965385,43.215385
11237,12212,46.969231,43.219231
11238,12213,46.973077,43.223077
11239,12214,46.976923,43.226923
11240,12215,46.980769,43.230769
11241,12216,46.984615,43.234615
11242,12217,46.988462,43.238462
11243,12218,46.992308,43.242308
11244,12219,46.996154,43.246154
11245,12220,47.000000,43.250000
11246,12221,47.003846,43.253846
11247,12222,47.007692,43.257692
11248,12223,47.011538,43.261538
11249,12224,47.015385,43.265385
11250,12225,47.019231,43.269231
11251,12226,47.023077,43.273077
11252,12227,47.026923,43.276923
11253,12228,47.030769,43.280769
11254,12229,47.034615,43.284615
11255,12230,47.038462,43.288462
11256,12231,47.042308,43.292308
11257,12232,47.046154,43.296154
11258,12233,47.050000,43.300000
11259,12234,47.053846,43.303846
11260,12235,47.057692,43.307692
11261,12236,47.061538,43.311538
11262,12237,47.065385,43.315385
11263,12238,47.069231,43.319231
11264,12239,47.073077,43.323077
11265,12240,47.076923,43.326923
11266,12241,47.080769,43.330769
11267,12242,47.084615,43.334615
11268,12243,47.088462,43.338462
11269,12244,47.092308,43.342308
11270,12245,47.096154,43.346154
11271,12246,47.100000,43.350000
11272,12247,47.103846,43.353846
11273,12248,47.107692,43.357692
11274,12249,47.111538,43.361538
11275,12250,47.115385,43.365385
11276,12251,47.119231,43.369231
11277,12252,47.123077,43.373077
11278,12253,47.126923,43.376923
11279,12254,47.130769,43.380769
11280,12255,47.134615,43.384615
11281,12256,47.138462,43.388462
11282,12257,47.142308,43.392308
11283,12258,47.146154,43.396154
11284,12259,47.150000,43.400000
11285,12260,47.153846,43.403846
11286,12261,47.157692,43.407692
11287,12262,47.161538,43.411538
11288,12263,47.165385,43.415385
11289,12264,47.169231,43.419231
11290,12265,47.173077,43.423077
11291,12266,47.176923,43.426923
11292,12267,47.180769,43.430769
11293,12268,47.184615,43.434615
11294,12269,47.188462,43.438462
11295,12270,47.192308,43.442308
11296,12271,47.196154,43.446154
11297,12272,47.200000,43.450000
11298,12273,47.203846,43.453846
11299,12274,47.207692,43.457692
11300,12275,47.211538,43.461538
11301,12276,47.215385,43.465385
11302,12277,47.219231,43.469231
11303,12278,47.223077,43.473077
11304,12279,47.226923,43.476923
11305,12280,47.230769,43.480769
11306,12281,47.234615,43.484615
11307,12282,47.238462,43.488462
11308,12283,47.242308,43.492308
11309,12284,47.246154,43.496154
11310,12285,47.250000,43.500000
11311,12286,47.253846,43.503846
11312,12287,47.257692,43.507692
11313,12288,47.261538,43.511538
11314,12289,47.265385,43.515385
11315,12290,47.269231,43.519231
11316,12291,47.273077,43.523077
11317,12292,47.276923,43.526923
11318,12293,47.280769,43.530769
11319,12294,47.284615,43.534615
11320,12295,47.288462,43.538462
11321,12296,47.292308,43.542308
11322,12297,47.296154,43.546154
11323,12298,47.300000,43.550000
11324,12299,47.303846,43.553846
11325,12300,47.307692,43.557692
11326,12301,47.311538,43.561538
11327,12302,47.315385,43.565385
11328,12303,47.319231,43.569231
11329,12304,47.323077,43.573077
11330,12305,47.326923,43.576923
11331,12306,47.330769,43.580769
11332,12307,47.334615,43.584615
11333,12308,47.338462,43.588462
11334,12309,47.342308,43.592308
11335,12310,47.346154,43.596154
11336,12311,47.350000,43.600000
11337,12312,47.353846,43.603846
11338,12313,47.357692,43.607692
11339,12314,47.361538,43.611538
11340,12315,47.365385,43.615385
11341,12316,47.369231,43.619231
11342,12317,47.373077,43.623077
11343,12318,47.376923,43.626923
11344,12319,47.380769,43.630769
11345,12320,47.384615,43.634615
11346,12321,47.388462,43.638462
11347,12322,47.392308,43.642308
11348,12323,47.396154,43.646154
11349,12324,47.400000,43.650000
11350,12325,47.403846,43.653846
11351,12326,47.407692,43.657692
11352,12327,47.411538,43.661538
11353,12328,47.415385,43.665385
11354,12329,47.419231,43.669231
11355,12330,47.423077,43.673077
11356,12331,47.426923,43.676923
11357,12332,47.430769,43.680769
11358,12333,47.434615,43.684615
11359,12334,47.438462,43.688462
11360,12335,47.442308,43.692308
11361,12336,47.446154,43.696154
11362,12337,47.450000,43.700000
11363,12338,47.453846,43.703846
11364,12339,47.457692,43.707692
11365,12340,47.461538,43.711538
11366,12341,47.465385,43.715385
11367,12342,47.469231,43.719231
11368,12343,47.473077,43.723077
11369,12344,47.476923,43.726923
11370,12345,47.480769,43.730769
11371,12346,47.484615,43.734615
11372,12347,47.488462,43.738462
11373,12348,47.492308,43.742308
11374,12349,47.496154,43.746154
11375,12350,47.500000,43.750000
11376,12351,47.503846,43.753846
11377,12352,47.507692,43.757692
11378,12353,47.511538,43.761538
11379,12354,47.515385,43.765385
11380,12355,47.519231,43.769231
11381,12356,47.523077,43.773077
11382,12357,47.526923,43.776923
11383,12358,47.530769,43.780769
11384,12359,47.534615,43.784615
11385,12360,47.538462,43.788462
11386,12361,47.542308,43.792308
11387,12362,47.546154,43.796154
11388,12363,47.550000,43.800000
11389,12364,47.553846,43.803846
11390,12365,47.557692,43.807692
11391,12366,47.561538,43.811538
11392,12367,47.565385,43.815385
11393,12368,47.569231,43.819231
11394,12369,47.573077,43.823077
11395,12370,47.576923,43.826923
11396,12371,47.580769,43.830769
11397,12372,47.584615,43.834615
11398,12373,47.588462,43.838462
11399,12374,47.592308,43.842308
11400,12375,47.596154,43.846154
11401,12376,47.600000,43.850000
11402,12377,47.603846,43.853846
11403,12378,47.607692,43.857692
11404,12379,47.611538,43.861538
11405,12380,47.615385,43.865385
11406,12381,47.619231,43.869231
11407,12382,47.623077,43.873077
11408,12383,47.626923,43.876923
11409,12384,47.630769,43.880769
11410,12385,47.634615,43.884615
11411,12386,47.638462,43.888462
11412,12387,47.642308,43.892308
11413,12388,47.646154,43.896154
11414,12389,47.650000,43.900000
11415,12390,47.653846,43.903846
11416,12391,47.657692,43.907692
11417,12392,47.661538,43.911538
11418,12393,47.665385,43.915385
11419,12394,47.669231,43.919231
11420,12395,47.673077,43.923077
11421,12396,47.676923,43.926923
11422,12397,47.680769,43.930769
11423,12398,47.684615,43.934615
11424,12399,47.688462,43.938462
11425,12400,47.692308,43.942308
11426,12401,47.696154,43.946154
11427,12402,47.700000,43.950000
11428,12403,47.703846,43.953846
11429,12404,47.707692,43.957692
11430,12405,47.711538,43.961538
11431,12406,47.715385,43.965385
11432,12407,47.719231,43.969231
11433,12408,47.723077,43.973077
11434,12409,47.726923,43.976923
11435,12410,47.730769,43.980769
11436,12411,47.734615,43.984615
11437,12412,47.738462,43.988462
11438,12413,47.742308,43.992308
11439,12414,47.746154,43.996154
11440,12415,47.750000,44.000000
11441,12416,47.753846,44.003846
11442,12417,47.757692,44.007692
11443,12418,47.761538,44.011538
11444,12419,47.765385,44.015385
11445,12420,47.769231,44.019231
11446,12421,47.773077,44.023077
11447,12422,47.776923,44.026923
11448,12423,47.780769,44.030769
11449,12424,47.784615,44.034615
11450,12425,47.788462,44.038462
11451,12426,47.792308,44.042308
11452,12427,47.796154,44.046154
11453,12428,47.800000,44.050000
11454,12429,47.803846,44.053846
11455,12430,47.807692,44.057692
11456,12431,47.811538,44.061538
11457,12432,47.815385,44.065385
11458,12433,47.819231,44.069231
11459,12434,47.823077,44.073077
11460,12435,47.826923,44.076923
11461,12436,47.830769,44.080769
11462,12437,47.834615,44.084615
11463,12438,47.838462,44.088462
11464,12439,47.842308,44.092308
11465,12440,47.846154,44.096154
11466,12441,47.850000,44.100000
11467,12442,47.853846,44.103846
11468,12443,47.857692,44.107692
11469,12444,47.861538,44.111538
11470,12445,47.865385,44.115385
11471,12446,47.869231,44.119231
11472,12447,47.873077,44.123077
11473,12448,47.876923,44.126923
11474,12449,47.880769,44.130769
11475,12450,47.884615,44.134615
11476,12451,47.888462,44.138462
11477,12452,47.892308,44.142308
11478,12453,47.896154,44.146154
11479,12454,47.900000,44.150000
11480,12455,47.903846,44.153846
11481,12456,47.907692,44.157692
11482,12457,47.911538,44.161538
11483,12458,47.915385,44.165385
11484,12459,47.919231,44.169231
11485,12460,47.923077,44.173077
11486,12461,47.926923,44.176923
11487,12462,47.930769,44.180769
11488,12463,47.934615,44.184615
11489,12464,47.938462,44.188462
11490,12465,47.942308,44.192308
11491,12466,47.946154,44.196154
11492,12467,47.950000,44.200000
11493,12468,47.953846,44.203846
11494,12469,47.957692,44.207692
11495,12470,47.961538,44.211538
11496,12471,47.965385,44.215385
11497,12472,47.969231,44.219231
11498,12473,47.973077,44.223077
11499,12474,47.976923,44.226923
11500,12475,47.980769,44.230769
11501,12476,47.984615,44.234615
11502,12477,47.988462,44.238462
11503,12478,47.992308,44.242308
11504,12479,47.996154,44.246154
11505,12480,48.000000,44.250000
11506,12481,48.003846,44.253846
11507,12482,48.007692,44.257692
11508,12483,48.011538,44.261538
11509,12484,48.015385,44.265385
11510,12485,48.019231,44.269231
11511,12486,48.023077,44.273077
11512,12487,48.026923,44.276923
11513,12488,48.030769,44.280769
11514,12489,48.034615,44.284615
11515,12490,48.038462,44.288462
11516,12491,48.042308,44.292308
11517,12492,48.046154,44.296154
11518,12493,48.050000,44.300000
11519,12494,48.053846,44.303846
11520,12495,48.057692,44.307692
11521,12496,48.061538,44.311538
11522,12497,48.065385,44.315385
11523,12498,48.069231,44.319231
11524,12499,48.073077,44.323077
11525,12500,48.076923,44.326923
11526,12501,48.080769,44.330769
11527,12502,48.084615,44.334615
11528,12503,48.088462,44.338462
11529,12504,48.092308,44.342308
11530,12505,48.096154,44.346154
11531,12506,48.100000,44.350000
11532,12507,48.103846,44.353846
11533,12508,48.107692,44.357692
11534,12509,48.111538,44.361538
11535,12510,48.115385,44.365385
11536,12511,48.119231,44.369231
11537,12512,48.123077,44.373077
11538,12513,48.126923,44.376923
11539,12514,48.130769,44.380769
11540,12515,48.134615,44.384615
11541,12516,48.138462,44.388462
11542,12517,48.142308,44.392308
11543,12518,48.146154,44.396154
11544,12519,48.150000,44.400000
11545,12520,48.153846,44.403846
11546,12521,48.157692,44.407692
11547,12522,48.161538,44.411538
11548,12523,48.165385,44.415385
11549,12524,48.169231,44.419231
11550,12525,48.173077,44.423077
11551,12526,48.176923,44.426923
11552,12527,48.180769,44.430769
11553,12528,48.184615,44.434615
11554,12529,48.188462,44.438462
11555,12530,48.192308,44.442308
11556,12531,48.196154,44.446154
11557,12532,48.200000,44.450000
11558,12533,48.203846,44.453846
11559,12534,48.207692,44.457692
11560,12535,48.211538,44.461538
11561,12536,48.215385,44.465385
11562,12537,48.219231,44.469231
11563,12538,48.223077,44.473077
11564,12539,48.226923,44.476923
11565,12540,48.230769,44.480769
11566,12541,48.234615,44.484615
11567,12542,48.238462,44.488462
11568,12543,48.242308,44.492308
11569,12544,48.246154,44.496154
11570,12545,48.250000,44.500000
11571,12546,48.253846,44.503846
11572,12547,48.257692,44.507692
11573,12548,48.261538,44.511538
11574,12549,48.265385,44.515385
11575,12550,48.269231,44.519231
11576,12551,48.273077,44.523077
11577,12552,48.276923,44.526923
11578,12553,48.280769,44.530769
11579,12554,48.284615,44.534615
11580,12555,48.288462,44.538462
11581,12556,48.292308,44.542308
11582,12557,48.296154,44.546154
11583,12558,48.300000,44.550000
11584,12559,48.303846,44.553846
11585,12560,48.307692,44.557692
11586,12561,48.311538,44.561538
11587,12562,48.315385,44.565385
11588,12563,48.319231,44.569231
11589,12564,48.323077,44.573077
11590,12565,48.326923,44.576923
11591,12566,48.330769,44.580769
11592,12567,48.334615,44.584615
11593,12568,48.338462,44.588462
11594,12569,48.342308,44.592308
11595,12570,48.346154,44.596154
11596,12571,48.350000,44.600000
11597,12572,48.353846,44.603846
11598,12573,48.357692,44.607692
11599,12574,48.361538,44.611538
11600,12575,48.365385,44.615385
11601,12576,48.369231,44.619231
11602,12577,48.373077,44.623077
11603,12578,48.376923,44.626923
11604,12579,48.380769,44.630769
11605,12580,48.384615,44.634615
11606,12581,48.388462,44.638462
11607,12582,48.392308,44.642308
11608,12583,48.396154,44.646154
11609,12584,48.400000,44.650000
11610,12585,48.403846,44.653846
11611,12586,48.407692,44.657692
11612,12587,48.411538,44.661538
11613,12588,48.415385,44.665385
11614,12589,48.419231,44.669231
11615,12590,48.423077,44.673077
11616,12591,48.426923,44.676923
11617,12592,48.430769,44.680769
11618,12593,48.434615,44.684615
11619,12594,48.438462,44.688462
11620,12595,48.442308,44.692308
11621,12596,48.446154,44.696154
11622,12597,48.450000,44.700000
11623,12598,48.453846,44.703846
11624,12599,48.457692,44.707692
11625,12600,48.461538,44.711538
11626,12601,48.465385,44.715385
11627,12602,48.469231,44.719231
11628,12603,48.473077,44.723077
11629,12604,48.476923,44.726923
11630,12605,48.480769,44.730769
11631,12606,48.484615,44.734615
11632,12607,48.488462,44.738462
11633,12608,48.492308,44.742308
11634,12609,48.496154,44.746154
11635,12610,48.500000,44.750000
11636,12611,48.503846,44.753846
11637,12612,48.507692,44.757692
11638,12613,48.511538,44.761538
11639,12614,48.515385,44.765385
11640,12615,48.519231,44.769231
11641,12616,48.523077,44.773077
11642,12617,48.526923,44.776923
11643,12618,48.530769,44.780769
11644,12619,48.534615,44.784615
11645,12620,48.538462,44.788462
11646,12621,48.542308,44.792308
11647,12622,48.546154,44.796154
11648,12623,48.550000,44.800000
11649,12624,48.553846,44.803846
11650,12625,48.557692,44.807692
11651,12626,48.561538,44.811538
11652,12627,48.565385,44.815385
11653,12628,48.569231,44.819231
11654,12629,48.573077,44.823077
11655,12630,48.576923,44.826923
11656,12631,48.580769,44.830769
11657,12632,48.584615,44.834615
11658,12633,48.588462,44.838462
11659,12634,48.592308,44.842308
11660,12635,48.596154,44.846154
11661,12636,48.600000,44.850000
11662,12637,48.603846,44.853846
11663,12638,48.607692,44.857692
11664,12639,48.611538,44.861538
11665,12640,48.615385,44.865385
11666,12641,48.619231,44.869231
11667,12642,48.623077,44.873077
11668,12643,48.626923,44.876923
11669,12644,48.630769,44.880769
11670,12645,48.634615,44.884615
11671,12646,48.638462,44.888462
11672,12647,48.642308,44.892308
11673,12648,48.646154,44.896154
11674,12649,48.650000,44.900000
11675,12650,48.653846,44.903846
11676,12651,48.657692,44.907692
11677,12652,48.661538,44.911538
11678,12653,48.665385,44.915385
11679,12654,48.669231,44.919231
11680,12655,48.673077,44.923077
11681,12656,48.676923,44.926923
11682,12657,48.680769,44.930769
11683,12658,48.684615,44.934615
11684,12659,48.688462,44.938462
11685,12660,48.692308,44.942308
11686,12661,48.696154,44.946154
11687,12662,48.700000,44.950000
11688,12663,48.703846,44.953846
11689,12664,48.707692,44.957692
11690,12665,48.711538,44.961538
11691,12666,48.715385,44.965385
11692,12667,48.719231,44.969231
11693,12668,48.723077,44.973077
11694,12669,48.726923,44.976923
11695,12670,48.730769,44.980769
11696,12671,48.734615,44.984615
11697,12672,48.738462,44.988462
11698,12673,48.742308,44.992308
11699,12674,48.746154,44.996154
11700,12675,48.750000,45.000000
11701,12676,48.753846,45.003846
11702,12677,48.757692,45.007692
11703,12678,48.761538,45.011538
11704,12679,48.765385,45.015385
11705,12680,48.769231,45.019231
11706,12681,48.773077,45.023077
11707,12682,48.776923,45.026923
11708,12683,48.780769,45.030769
11709,12684,48.784615,45.034615
11710,12685,48.788462,45.038462
11711,12686,48.792308,45.042308
11712,12687,48.796154,45.046154
11713,12688,48.800000,45.050000
11714,12689,48.803846,45.053846
11715,12690,48.807692,45.057692
11716,12691,48.811538,45.061538
11717,12692,48.815385,45.065385
11718,12693,48.819231,45.069231
11719,12694,48.823077,45.073077
11720,12695,48.826923,45.076923
11721,12696,48.830769,45.080769
11722,12697,48.834615,45.084615
11723,12698,48.838462,45.088462
11724,12699,48.842308,45.092308
11725,12700,48.846154,45.096154
11726,12701,48.850000,45.100000
11727,12702,48.853846,45.103846
11728,12703,48.857692,45.107692
11729,12704,48.861538,45.111538
11730,12705,48.865385,45.115385
11731,12706,48.869231,45.119231
11732,12707,48.873077,45.123077
11733,12708,48.876923,45.126923
11734,12709,48.880769,45.130769
11735,12710,48.884615,45.134615
11736,12711,48.888462,45.138462
11737,12712,48.892308,45.142308
11738,12713,48.896154,45.146154
11739,12714,48.900000,45.150000
11740,12715,48.903846,45.153846
11741,12716,48.907692,45.157692
11742,12717,48.911538,45.161538
11743,12718,48.915385,45.165385
11744,12719,48.919231,45.169231
11745,12720,48.923077,45.173077
11746,12721,48.926923,45.176923
11747,12722,48.930769,45.180769
11748,12723,48.934615,45.184615
11749,12724,48.938462,45.188462
11750,12725,48.942308,45.192308
11751,12726,48.946154,45.196154
11752,12727,48.950000,45.200000
11753,12728,48.953846,45.203846
11754,12729,48.957692,45.207692
11755,12730,48.961538,45.211538
11756,12731,48.965385,45.215385
11757,12732,48.969231,45.219231
11758,12733,48.973077,45.223077
11759,12734,48.976923,45.226923
11760,12735,48.980769,45.230769
11761,12736,48.984615,45.234615
11762,12737,48.988462,45.238462
11763,12738,48.992308,45.242308
11764,12739,48.996154,45.246154
11765,12740,49.000000,45.250000
11766,12741,49.003846,45.253846
11767,12742,49.007692,45.257692
11768,12743,49.011538,45.261538
11769,12744,49.015385,45.265385
11770,12745,49.019231,45.269231
11771,12746,49.023077,45.273077
11772,12747,49.026923,45.276923
11773,12748,49.030769,45.280769
11774,12749,49.034615,45.284615
11775,12750,49.038462,45.288462
11776,12751,49.042308,45.292308
11777,12752,49.046154,45.296154
11778,12753,49.050000,45.300000
11779,12754,49.053846,45.303846
11780,12755,49.057692,45.307692
11781,12756,49.061538,45.311538
11782,12757,49.065385,45.315385
11783,12758,49.069231,45.319231
11784,12759,49.073077,45.323077
11785,12760,49.076923,45.326923
11786,12761,49.080769,45.330769
11787,12762,49.084615,45.334615
11788,12763,49.088462,45.338462
11789,12764,49.092308,45.342308
11790,12765,49.096154,45.346154
11791,12766,49.100000,45.350000
11792,12767,49.103846,45.353846
11793,12768,49.107692,45.357692
11794,12769,49.111538,45.361538
11795,12770,49.115385,45.365385
11796,12771,49.119231,45.369231
11797,12772,49.123077,45.373077
11798,12773,49.126923,45.376923
11799,12774,49.130769,45.380769
11800,12775,49.134615,45.384615
11801,12776,49.138462,45.388462
11802,12777,49.142308,45.392308
11803,12778,49.146154,45.396154
11804,12779,49.150000,45.400000
11805,12780,49.153846,45.403846
11806,12781,49.157692,45.407692
11807,12782,49.161538,45.411538
11808,12783,49.165385,45.415385
11809,12784,49.169231,45.419231
11810,12785,49.173077,45.423077
11811,12786,49.176923,45.426923
11812,12787,49.180769,45.430769
11813,12788,49.184615,45.434615
11814,12789,49.188462,45.438462
11815,12790,49.192308,45.442308
11816,12791,49.196154,45.446154
11817,12792,49.200000,45.450000
11818,12793,49.203846,45.453846
11819,12794,49.207692,45.457692
11820,12795,49.211538,45.461538
11821,12796,49.215385,45.465385
11822,12797,49.219231,45.469231
11823,12798,49.223077,45.473077
11824,12799,49.226923,45.476923
11825,12800,49.230769,45.480769
11826,12801,49.234615,45.484615
11827,12802,49.238462,45.488462
11828,12803,49.242308,45.492308
11829,12804,49.246154,45.496154
11830,12805,49.250000,45.500000
11831,12806,49.253846,45.503846
11832,12807,49.257692,45.507692
11833,12808,49.261538,45.511538
11834,12809,49.265385,45.515385
11835,12810,49.269231,45.519231
11836,12811,49.273077,45.523077
11837,12812,49.276923,45.526923
11838,12813,49.280769,45.530769
11839,12814,49.284615,45.534615
11840,12815,49.288462,45.538462
11841,12816,49.292308,45.542308
11842,12817,49.296154,45.546154
11843,12818,49.300000,45.550000
11844,12819,49.303846,45.553846
11845,12820,49.307692,45.557692
11846,12821,49.311538,45.561538
11847,12822,49.315385,45.565385
11848,12823,49.319231,45.569231
11849,12824,49.323077,45.573077
11850,12825,49.326923,45.576923
11851,12826,49.330769,45.580769
11852,12827,49.334615,45.584615
11853,12828,49.338462,45.588462
11854,12829,49.342308,45.592308
11855,12830,49.346154,45.596154
11856,12831,49.350000,45.600000
11857,12832,49.353846,45.603846
11858,12833,49.357692,45.607692
11859,12834,49.361538,45.611538
11860,12835,49.365385,45.615385
11861,12836,49.369231,45.619231
11862,12837,49.373077,45.623077
11863,12838,49.376923,45.626923
11864,12839,49.380769,45.630769
11865,12840,49.384615,45.634615
11866,12841,49.388462,45.638462
11867,12842,49.392308,45.642308
11868,12843,49.396154,45.646154
11869,12844,49.400000,45.650000
11870,12845,49.403846,45.653846
11871,12846,49.407692,45.657692
11872,12847,49.411538,45.661538
11873,12848,49.415385,45.665385
11874,12849,49.419231,45.669231
11875,12850,49.423077,45.673077
11876,12851,49.426923,45.676923
11877,12852,49.430769,45.680769
11878,12853,49.434615,45.684615
11879,12854,49.438462,45.688462
11880,12855,49.442308,45.692308
11881,12856,49.446154,45.696154
11882,12857,49.450000,45.700000
11883,12858,49.453846,45.703846
11884,12859,49.457692,45.707692
11885,12860,49.461538,45.711538
11886,12861,49.465385,45.715385
11887,12862,49.469231,45.719231
11888,12863,49.473077,45.723077
11889,12864,49.476923,45.726923
11890,12865,49.480769,45.730769
11891,12866,49.484615,45.734615
11892,12867,49.488462,45.738462
11893,12868,49.492308,45.742308
11894,12869,49.496154,45.746154
11895,12870,49.500000,45.750000
11896,12871,49.503846,45.753846
11897,12872,49.507692,45.757692
11898,12873,49.511538,45.761538
11899,12874,49.515385,45.765385
11900,12875,49.519231,45.769231
11901,12876,49.523077,45.773077
11902,12877,49.526923,45.776923
11903,12878,49.530769,45.780769
11904,12879,49.534615,45.784615
11905,12880,49.538462,45.788462
11906,12881,49.542308,45.792308
11907,12882,49.546154,45.796154
11908,12883,49.550000,45.800000
11909,12884,49.553846,45.803846
11910,12885,49.557692,45.807692
11911,12886,49.561538,45.811538
11912,12887,49.565385,45.815385
11913,12888,49.569231,45.819231
11914,12889,49.573077,45.823077
11915,12890,49.576923,45.826923
11916,12891,49.580769,45.830769
11917,12892,49.584615,45.834615
11918,12893,49.588462,45.838462
11919,12894,49.592308,45.842308
11920,12895,49.596154,45.846154
11921,12896,49.600000,45.850000
11922,12897,49.603846,45.853846
11923,12898,49.607692,45.857692
11924,12899,49.611538,45.861538
11925,12900,49.615385,45.865385
11926,12901,49.619231,45.869231
11927,12902,49.623077,45.873077
11928,12903,49.626923,45.876923
11929,12904,49.630769,45.880769
11930,12905,49.634615,45.884615
11931,12906,49.638462,45.888462
11932,12907,49.642308,45.892308
11933,12908,49.646154,45.896154
11934,12909,49.650000,45.900000
11935,12910,49.653846,45.903846
11936,12911,49.657692,45.907692
11937,12912,49.661538,45.911538
11938,12913,49.665385,45.915385
11939,12914,49.669231,45.919231
11940,12915,49.673077,45.923077
11941,12916,49.676923,45.926923
11942,12917,49.680769,45.930769
11943,12918,49.684615,45.934615
11944,12919,49.688462,45.938462
11945,12920,49.692308,45.942308
11946,12921,49.696154,45.946154
11947,12922,49.700000,45.950000
11948,12923,49.703846,45.953846
11949,12924,49.707692,45.957692
11950,12925,49.711538,45.961538
11951,12926,49.715385,45.965385
11952,12927,49.719231,45.969231
11953,12928,49.723077,45.973077
11954,12929,49.726923,45.976923
11955,12930,49.730769,45.980769
11956,12931,49.734615,45.984615
11957,12932,49.738462,45.988462
11958,12933,49.742308,45.992308
11959,12934,49.746154,45.996154
11960,12935,49.750000,46.000000
11961,12936,49.753846,46.003846
11962,12937,49.757692,46.007692
11963,12938,49.761538,46.011538
11964,12939,49.765385,46.015385
11965,12940,49.769231,46.019231
11966,12941,49.773077,46.023077
11967,12942,49.776923,46.026923
11968,12943,49.780769,46.030769
11969,12944,49.784615,46.034615
11970,12945,49.788462,46.038462
11971,12946,49.792308,46.042308
11972,12947,49.796154,46.046154
11973,12948,49.800000,46.050000
11974,12949,49.803846,46.053846
11975,12950,49.807692,46.057692
11976,12951,49.811538,46.061538
11977,12952,49.815385,46.065385
11978,12953,49.819231,46.069231
11979,12954,49.823077,46.073077
11980,12955,49.826923,46.076923
11981,12956,49.830769,46.080769
11982,12957,49.834615,46.084615
11983,12958,49.838462,46.088462
11984,12959,49.842308,46.092308
11985,12960,49.846154,46.096154
11986,12961,49.850000,46.100000
11987,12962,49.853846,46.103846
11988,12963,49.857692,46.107692
11989,12964,49.861538,46.111538
11990,12965,49.865385,46.115385
11991,12966,49.869231,46.119231
11992,12967,49.873077,46.123077
11993,12968,49.876923,46.126923
11994,12969,49.880769,46.130769
11995,12970,49.884615,46.134615
11996,12971,49.888462,46.138462
11997,12972,49.892308,46.142308
11998,12973,49.896154,46.146154
11999,12974,49.900000,46.150000
12000,12975,49.903846,46.153846
12001,12976,49.907692,46.157692
12002,12977,49.911538,46.161538
12003,12978,49.915385,46.165385
12004,12979,49.919231,46.169231
12005,12980,49.923077,46.173077
12006,12981,49.926923,46.176923
12007,12982,49.930769,46.180769
12008,12983,49.934615,46.184615
12009,12984,49.938462,46.188462
12010,12985,49.942308,46.192308
12011,12986,49.946154,46.196154
12012,12987,49.950000,46.200000
12013,12988,49.953846,46.203846
12014,12989,49.957692,46.207692
12015,12990,49.961538,46.211538
12016,12991,49.965385,46.215385
12017,12992,49.969231,46.219231
12018,12993,49.973077,46.223077
12019,12994,49.976923,46.226923
12020,12995,49.980769,46.230769
12021,12996,49.984615,46.234615
12022,12997,49.988462,46.238462
12023,12998,49.992308,46.242308
12024,12999,49.996154,46.246154
12025,13000,50.000000,46.250000
12026,13001,50.003846,46.253846
12027,13002,50.007692,46.257692
12028,13003,50.011538,46.261538
12029,13004,50.015385,46.265385
12030,13005,50.019231,46.269231
12031,13006,50.023077,46.273077
12032,13007,50.026923,46.276923
12033,13008,50.030769,46.280769
12034,13009,50.034615,46.284615
12035,13010,50.038462,46.288462
12036,13011,50.042308,46.292308
12037,13012,50.046154,46.296154
12038,13013,50.050000,46.300000
12039,13014,50.053846,46.303846
12040,13015,50.057692,46.307692
12041,13016,50.061538,46.311538
12042,13017,50.065385,46.315385
12043,13018,50.069231,46.319231
12044,13019,50.073077,46.323077
12045,13020,50.076923,46.326923
12046,13021,50.080769,46.330769
12047,13022,50.084615,46.334615
12048,13023,50.088462,46.338462
12049,13024,50.092308,46.342308
12050,13025,50.096154,46.346154
12051,13026,50.100000,46.350000
12052,13027,50.103846,46.353846
12053,13028,50.107692,46.357692
12054,13029,50.111538,46.361538
12055,13030,50.115385,46.365385
12056,13031,50.119231,46.369231
12057,13032,50.123077,46.373077
12058,13033,50.126923,46.376923
12059,13034,50.130769,46.380769
12060,13035,50.134615,46.384615
12061,13036,50.138462,46.388462
12062,13037,50.142308,46.392308
12063,13038,50.146154,46.396154
12064,13039,50.150000,46.400000
12065,13040,50.153846,46.403846
12066,13041,50.157692,46.407692
12067,13042,50.161538,46.411538
12068,13043,50.165385,46.415385
12069,13044,50.169231,46.419231
12070,13045,50.173077,46.423077
12071,13046,50.176923,46.426923
12072,13047,50.180769,46.430769
12073,13048,50.184615,46.434615
12074,13049,50.188462,46.438462
12075,13050,50.192308,46.442308
12076,13051,50.196154,46.446154
12077,13052,50.200000,46.450000
12078,13053,50.203846,46.453846
12079,13054,50.207692,46.457692
12080,13055,50.211538,46.461538
12081,13056,50.215385,46.465385
12082,13057,50.219231,46.469231
12083,13058,50.223077,46.473077
12084,13059,50.226923,46.476923
12085,13060,50.230769,46.480769
12086,13061,50.234615,46.484615
12087,13062,50.238462,46.488462
12088,13063,50.242308,46.492308
12089,13064,50.246154,46.496154
12090,13065,50.250000,46.500000
12091,13066,50.253846,46.503846
12092,13067,50.257692,46.507692
12093,13068,50.261538,46.511538
12094,13069,50.265385,46.515385
12095,13070,50.269231,46.519231
12096,13071,50.273077,46.523077
12097,13072,50.276923,46.526923
12098,13073,50.280769,46.530769
12099,13074,50.284615,46.534615
12100,13075,50.288462,46.538462
12101,13076,50.292308,46.542308
12102,13077,50.296154,46.546154
12103,13078,50.300000,46.550000
12104,13079,50.303846,46.553846
12105,13080,50.307692,46.557692
12106,13081,50.311538,46.561538
12107,13082,50.315385,46.565385
12108,13083,50.319231,46.569231
12109,13084,50.323077,46.573077
12110,13085,50.326923,46.576923
12111,13086,50.330769,46.580769
12112,13087,50.334615,46.584615
12113,13088,50.338462,46.588462
12114,13089,50.342308,46.592308
12115,13090,50.346154,46.596154
12116,13091,50.350000,46.600000
12117,13092,50.353846,46.603846
12118,13093,50.357692,46.607692
12119,13094,50.361538,46.611538
12120,13095,50.365385,46.615385
12121,13096,50.369231,46.619231
12122,13097,50.373077,46.623077
12123,13098,50.376923,46.626923
12124,13099,50.380769,46.630769
12125,13100,50.384615,46.634615
12126,13101,50.388462,46.638462
12127,13102,50.392308,46.642308
12128,13103,50.396154,46.646154
12129,13104,50.400000,46.650000
12130,13105,50.403846,46.653846
12131,13106,50.407692,46.657692
12132,13107,50.411538,46.661538
12133,13108,50.415385,46.665385
12134,13109,50.419231,46.669231
12135,13110,50.423077,46.673077
12136,13111,50.426923,46.676923
12137,13112,50.430769,46.680769
12138,13113,50.434615,46.684615
12139,13114,50.438462,46.688462
12140,13115,50.442308,46.692308
12141,13116,50.446154,46.696154
12142,13117,50.450000,46.700000
12143,13118,50.453846,46.703846
12144,13119,50.457692,46.707692
12145,13120,50.461538,46.711538
12146,13121,50.465385,46.715385
12147,13122,50.469231,46.719231
12148,13123,50.473077,46.723077
12149,13124,50.476923,46.726923
12150,13125,50.480769,46.730769
12151,13126,50.484615,46.734615
12152,13127,50.488462,46.738462
12153,13128,50.492308,46.742308
12154,13129,50.496154,46.746154
12155,13130,50.500000,46.750000
12156,13131,50.503846,46.753846
12157,13132,50.507692,46.757692
12158,13133,50.511538,46.761538
12159,13134,50.515385,46.765385
12160,13135,50.519231,46.769231
12161,13136,50.523077,46.773077
12162,13137,50.526923,46.776923
12163,13138,50.530769,46.780769
12164,13139,50.534615,46.784615
12165,13140,50.538462,46.788462
12166,13141,50.542308,46.792308
12167,13142,50.546154,46.796154
12168,13143,50.550000,46.800000
12169,13144,50.553846,46.803846
12170,13145,50.557692,46.807692
12171,13146,50.561538,46.811538
12172,13147,50.565385,46.815385
12173,13148,50.569231,46.819231
12174,13149,50.573077,46.823077
12175,13150,50.576923,46.826923
12176,13151,50.580769,46.830769
12177,13152,50.584615,46.834615
12178,13153,50.588462,46.838462
12179,13154,50.592308,46.842308
12180,13155,50.596154,46.846154
12181,13156,50.600000,46.850000
12182,13157,50.603846,46.853846
12183,13158,50.607692,46.857692
12184,13159,50.611538,46.861538
12185,13160,50.615385,46.865385
12186,13161,50.619231,46.869231
12187,13162,50.623077,46.873077
12188,13163,50.626923,46.876923
12189,13164,50.630769,46.880769
12190,13165,50.634615,46.884615
12191,13166,50.638462,46.888462
12192,13167,50.642308,46.892308
12193,13168,50.646154,46.896154
12194,13169,50.650000,46.900000
12195,13170,50.653846,46.903846
12196,13171,50.657692,46.907692
12197,13172,50.661538,46.911538
12198,13173,50.665385,46.915385
12199,13174,50.669231,46.919231
12200,13175,50.673077,46.923077
12201,13176,50.676923,46.926923
12202,13177,50.680769,46.930769
12203,13178,50.684615,46.934615
12204,13179,50.688462,46.938462
12205,13180,50.692308,46.942308
12206,13181,50.696154,46.946154
12207,13182,50.700000,46.950000
12208,13183,50.703846,46.953846
12209,13184,50.707692,46.957692
12210,13185,50.711538,46.961538
12211,13186,50.715385,46.965385
12212,13187,50.719231,46.969231
12213,13188,50.723077,46.973077
12214,13189,50.726923,46.976923
12215,13190,50.730769,46.980769
12216,13191,50.734615,46.984615
12217,13192,50.738462,46.988462
12218,13193,50.742308,46.992308
12219,13194,50.746154,46.996154
12220,13195,50.750000,47.000000
12221,13196,50.753846,47.003846
12222,13197,50.757692,47.007692
12223,13198,50.761538,47.011538
12224,13199,50.765385,47.015385
12225,13200,50.769231,47.019231
12226,13201,50.773077,47.023077
12227,13202,50.776923,47.026923
12228,13203,50.780769,47.030769
12229,13204,50.784615,47.034615
12230,13205,50.788462,47.038462
12231,13206,50.792308,47.042308
12232,13207,50.796154,47.046154
12233,13208,50.800000,47.050000
12234,13209,50.803846,47.053846
12235,13210,50.807692,47.057692
12236,13211,50.811538,47.061538
12237,13212,50.815385,47.065385
12238,13213,50.819231,47.069231
12239,13214,50.823077,47.073077
12240,13215,50.826923,47.076923
12241,13216,50.830769,47.080769
12242,13217,50.834615,47.084615
12243,13218,50.838462,47.088462
12244,13219,50.842308,47.092308
12245,13220,50.846154,47.096154
12246,13221,50.850000,47.100000
12247,13222,50.853846,47.103846
12248,13223,50.857692,47.107692
12249,13224,50.861538,47.111538
12250,13225,50.865385,47.115385
12251,13226,50.869231,47.119231
12252,13227,50.873077,47.123077
12253,13228,50.876923,47.126923
12254,13229,50.880769,47.130769
12255,13230,50.884615,47.134615
12256,13231,50.888462,47.138462
12257,13232,50.892308,47.142308
12258,13233,50.896154,47.146154
12259,13234,50.900000,47.150000
12260,13235,50.903846,47.153846
12261,13236,50.907692,47.157692
12262,13237,50.911538,47.161538
12263,13238,50.915385,47.165385
12264,13239,50.919231,47.169231
12265,13240,50.923077,47.173077
12266,13241,50.926923,47.176923
12267,13242,50.930769,47.180769
12268,13243,50.934615,47.184615
12269,13244,50.938462,47.188462
12270,13245,50.942308,47.192308
12271,13246,50.946154,47.196154
12272,13247,50.950000,47.200000
12273,13248,50.953846,47.203846
12274,13249,50.957692,47.207692
12275,13250,50.961538,47.211538
12276,13251,50.965385,47.215385
12277,13252,50.969231,47.219231
12278,13253,50.973077,47.223077
12279,13254,50.976923,47.226923
12280,13255,50.980769,47.230769
12281,13256,50.984615,47.234615
12282,13257,50.988462,47.238462
12283,13258,50.992308,47.242308
12284,13259,50.996154,47.246154
12285,13260,51.000000,47.250000
12286,13261,51.003846,47.253846
12287,13262,51.007692,47.257692
12288,13263,51.011538,47.261538
12289,13264,51.015385,47.265385
12290,13265,51.019231,47.269231
12291,13266,51.023077,47.273077
12292,13267,51.026923,47.276923
12293,13268,51.030769,47.280769
12294,13269,51.034615,47.284615
12295,13270,51.038462,47.288462
12296,13271,51.042308,47.292308
12297,13272,51.046154,47.296154
12298,13273,51.050000,47.300000
12299,13274,51.053846,47.303846
12300,13275,51.057692,47.307692
12301,13276,51.061538,47.311538
12302,13277,51.065385,47.315385
12303,13278,51.069231,47.319231
12304,13279,51.073077,47.323077
12305,13280,51.076923,47.326923
12306,13281,51.080769,47.330769
12307,13282,51.084615,47.334615
12308,13283,51.088462,47.338462
12309,13284,51.092308,47.342308
12310,13285,51.096154,47.346154
12311,13286,51.100000,47.350000
12312,13287,51.103846,47.353846
12313,13288,51.107692,47.357692
12314,13289,51.111538,47.361538
12315,13290,51.115385,47.365385
12316,13291,51.119231,47.369231
12317,13292,51.123077,47.373077
12318,13293,51.126923,47.376923
12319,13294,51.130769,47.380769
12320,13295,51.134615,47.384615
12321,13296,51.138462,47.388462
12322,13297,51.142308,47.392308
12323,13298,51.146154,47.396154
12324,13299,51.150000,47.400000
12325,13300,51.153846,47.403846
12326,13301,51.157692,47.407692
12327,13302,51.161538,47.411538
12328,13303,51.165385,47.415385
12329,13304,51.169231,47.419231
12330,13305,51.173077,47.423077
12331,13306,51.176923,47.426923
12332,13307,51.180769,47.430769
12333,13308,51.184615,47.434615
12334,13309,51.188462,47.438462
12335,13310,51.192308,47.442308
12336,13311,51.196154,47.446154
12337,13312,51.200000,47.450000
12338,13313,51.203846,47.453846
12339,13314,51.207692,47.457692
12340,13315,51.211538,47.461538
12341,13316,51.215385,47.465385
12342,13317,51.219231,47.469231
12343,13318,51.223077,47.473077
12344,13319,51.226923,47.476923
12345,13320,51.230769,47.480769
12346,13321,51.234615,47.484615
12347,13322,51.238462,47.488462
12348,13323,51.242308,47.492308
12349,13324,51.246154,47.496154
12350,13325,51.250000,47.500000
12351,13326,51.253846,47.503846
12352,13327,51.257692,47.507692
12353,13328,51.261538,47.511538
12354,13329,51.265385,47.515385
12355,13330,51.269231,47.519231
12356,13331,51.273077,47.523077
12357,13332,51.276923,47.526923
12358,13333,51.280769,47.530769
12359,13334,51.284615,47.534615
12360,13335,51.288462,47.538462
12361,13336,51.292308,47.542308
12362,13337,51.296154,47.546154
12363,13338,51.300000,47.550000
12364,13339,51.303846,47.553846
12365,13340,51.307692,47.557692
12366,13341,51.311538,47.561538
12367,13342,51.315385,47.565385
12368,13343,51.319231,47.569231
12369,13344,51.323077,47.573077
12370,13345,51.326923,47.576923
12371,13346,51.330769,47.580769
12372,13347,51.334615,47.584615
12373,13348,51.338462,47.588462
12374,13349,51.342308,47.592308
12375,13350,51.346154,47.596154
12376,13351,51.350000,47.600000
12377,13352,51.353846,47.603846
12378,13353,51.357692,47.607692
12379,13354,51.361538,47.611538
12380,13355,51.365385,47.615385
12381,13356,51.369231,47.619231
12382,13357,51.373077,47.623077
12383,13358,51.376923,47.626923
12384,13359,51.380769,47.630769
12385,13360,51.384615,47.634615
12386,13361,51.388462,47.638462
12387,13362,51.392308,47.642308
12388,13363,51.396154,47.646154
12389,13364,51.400000,47.650000
12390,13365,51.403846,47.653846
12391,13366,51.407692,47.657692
12392,13367,51.411538,47.661538
12393,13368,51.415385,47.665385
12394,13369,51.419231,47.669231
12395,13370,51.423077,47.673077
12396,13371,51.426923,47.676923
12397,13372,51.430769,47.680769
12398,13373,51.434615,47.684615
12399,13374,51.438462,47.688462
12400,13375,51.442308,47.692308
12401,13376,51.446154,47.696154
12402,13377,51.450000,47.700000
12403,13378,51.453846,47.703846
12404,13379,51.457692,47.707692
12405,13380,51.461538,47.711538
12406,13381,51.465385,47.715385
12407,13382,51.469231,47.719231
12408,13383,51.473077,47.723077
12409,13384,51.476923,47.726923
12410,13385,51.480769,47.730769
12411,13386,51.484615,47.734615
12412,13387,51.488462,47.738462
12413,13388,51.492308,47.742308
12414,13389,51.496154,47.746154
12415,13390,51.500000,47.750000
12416,13391,51.503846,47.753846
12417,13392,51.507692,47.757692
12418,13393,51.511538,47.761538
12419,13394,51.515385,47.765385
12420,13395,51.519231,47.769231
12421,13396,51.523077,47.773077
12422,13397,51.526923,47.776923
12423,13398,51.530769,47.780769
12424,13399,51.534615,47.784615
12425,13400,51.538462,47.788462
12426,13401,51.542308,47.792308
12427,13402,51.546154,47.796154
12428,13403,51.550000,47.800000
12429,13404,51.553846,47.803846
12430,13405,51.557692,47.807692
12431,13406,51.561538,47.811538
12432,13407,51.565385,47.815385
12433,13408,51.569231,47.819231
12434,13409,51.573077,47.823077
12435,13410,51.576923,47.826923
12436,13411,51.580769,47.830769
12437,13412,51.584615,47.834615
12438,13413,51.588462,47.838462
12439,13414,51.592308,47.842308
12440,13415,51.596154,47.846154
12441,13416,51.600000,47.850000
12442,13417,51.603846,47.853846
12443,13418,51.607692,47.857692
12444,13419,51.611538,47.861538
12445,13420,51.615385,47.865385
12446,13421,51.619231,47.869231
12447,13422,51.623077,47.873077
12448,13423,51.626923,47.876923
12449,13424,51.630769,47.880769
12450,13425,51.634615,47.884615
12451,13426,51.638462,47.888462
12452,13427,51.642308,47.892308
12453,13428,51.646154,47.896154
12454,13429,51.650000,47.900000
12455,13430,51.653846,47.903846
12456,13431,51.657692,47.907692
12457,13432,51.661538,47.911538
12458,13433,51.665385,47.915385
12459,13434,51.669231,47.919231
12460,13435,51.673077,47.923077
12461,13436,51.676923,47.926923
12462,13437,51.680769,47.930769
12463,13438,51.684615,47.934615
12464,13439,51.688462,47.938462
12465,13440,51.692308,47.942308
12466,13441,51.696154,47.946154
12467,13442,51.700000,47.950000
12468,13443,51.703846,47.953846
12469,13444,51.707692,47.957692
12470,13445,51.711538,47.961538
12471,13446,51.715385,47.965385
12472,13447,51.719231,47.969231
12473,13448,51.723077,47.973077
12474,13449,51.726923,47.976923
12475,13450,51.730769,47.980769
12476,13451,51.734615,47.984615
12477,13452,51.738462,47.988462
12478,13453,51.742308,47.992308
12479,13454,51.746154,47.996154
12480,13455,51.750000,48.000000
12481,13456,51.753846,48.003846
12482,13457,51.757692,48.007692
12483,13458,51.761538,48.011538
12484,13459,51.765385,48.015385
12485,13460,51.769231,48.019231
12486,13461,51.773077,48.023077
12487,13462,51.776923,48.026923
12488,13463,51.780769,48.030769
12489,13464,51.784615,48.034615
12490,13465,51.788462,48.038462
12491,13466,51.792308,48.042308
12492,13467,51.796154,48.046154
12493,13468,51.800000,48.050000
12494,13469,51.803846,48.053846
12495,13470,51.807692,48.057692
12496,13471,51.811538,48.061538
12497,13472,51.815385,48.065385
12498,13473,51.819231,48.069231
12499,13474,51.823077,48.073077
12500,13475,51.826923,48.076923
12501,13476,51.830769,48.080769
12502,13477,51.834615,48.084615
12503,13478,51.838462,48.088462
12504,13479,51.842308,48.092308
12505,13480,51.846154,48.096154
12506,13481,51.850000,48.100000
12507,13482,51.853846,48.103846
12508,13483,51.857692,48.107692
12509,13484,51.861538,48.111538
12510,13485,51.865385,48.115385
12511,13486,51.869231,48.119231
12512,13487,51.873077,48.123077
12513,13488,51.876923,48.126923
12514,13489,51.880769,48.130769
12515,13490,51.884615,48.134615
12516,13491,51.888462,48.138462
12517,13492,51.892308,48.142308
12518,13493,51.896154,48.146154
12519,13494,51.900000,48.150000
12520,13495,51.903846,48.153846
12521,13496,51.907692,48.157692
12522,13497,51.911538,48.161538
12523,13498,51.915385,48.165385
12524,13499,51.919231,48.169231
12525,13500,51.923077,48.173077
12526,13501,51.926923,48.176923
12527,13502,51.930769,48.180769
12528,13503,51.934615,48.184615
12529,13504,51.938462,48.188462
12530,13505,51.942308,48.192308
12531,13506,51.946154,48.196154
12532,13507,51.950000,48.200000
12533,13508,51.953846,48.203846
12534,13509,51.957692,48.207692
12535,13510,51.961538,48.211538
12536,13511,51.965385,48.215385
12537,13512,51.969231,48.219231
12538,13513,51.973077,48.223077
12539,13514,51.976923,48.226923
12540,13515,51.980769,48.230769
12541,13516,51.984615,48.234615
12542,13517,51.988462,48.238462
12543,13518,51.992308,48.242308
12544,13519,51.996154,48.246154
12545,13520,52.000000,48.250000
12546,13521,52.003846,48.253846
12547,13522,52.007692,48.257692
12548,13523,52.011538,48.261538
12549,13524,52.015385,48.265385
12550,13525,52.019231,48.269231
12551,13526,52.023077,48.273077
12552,13527,52.026923,48.276923
12553,13528,52.030769,48.280769
12554,13529,52.034615,48.284615
12555,13530,52.038462,48.288462
12556,13531,52.042308,48.292308
12557,13532,52.046154,48.296154
12558,13533,52.050000,48.300000
12559,13534,52.053846,48.303846
12560,13535,52.057692,48.307692
12561,13536,52.061538,48.311538
12562,13537,52.065385,48.315385
12563,13538,52.069231,48.319231
12564,13539,52.073077,48.323077
12565,13540,52.076923,48.326923
12566,13541,52.080769,48.330769
12567,13542,52.084615,48.334615
12568,13543,52.088462,48.338462
12569,13544,52.092308,48.342308
12570,13545,52.096154,48.346154
12571,13546,52.100000,48.350000
12572,13547,52.103846,48.353846
12573,13548,52.107692,48.357692
12574,13549,52.111538,48.361538
12575,13550,52.115385,48.365385
12576,13551,52.119231,48.369231
12577,13552,52.123077,48.373077
12578,13553,52.126923,48.376923
12579,13554,52.130769,48.380769
12580,13555,52.134615,48.384615
12581,13556,52.138462,48.388462
12582,13557,52.142308,48.392308
12583,13558,52.146154,48.396154
12584,13559,52.150000,48.400000
12585,13560,52.153846,48.403846
12586,13561,52.157692,48.407692
12587,13562,52.161538,48.411538
12588,13563,52.165385,48.415385
12589,13564,52.169231,48.419231
12590,13565,52.173077,48.423077
12591,13566,52.176923,48.426923
12592,13567,52.180769,48.430769
12593,13568,52.184615,48.434615
12594,13569,52.188462,48.438462
12595,13570,52.192308,48.442308
12596,13571,52.196154,48.446154
12597,13572,52.200000,48.450000
12598,13573,52.203846,48.453846
12599,13574,52.207692,48.457692
12600,13575,52.211538,48.461538
12601,13576,52.215385,48.465385
12602,13577,52.219231,48.469231
12603,13578,52.223077,48.473077
12604,13579,52.226923,48.476923
12605,13580,52.230769,48.480769
12606,13581,52.234615,48.484615
12607,13582,52.238462,48.488462
12608,13583,52.242308,48.492308
12609,13584,52.246154,48.496154
12610,13585,52.250000,48.500000
12611,13586,52.253846,48.503846
12612,13587,52.257692,48.507692
12613,13588,52.261538,48.511538
12614,13589,52.265385,48.515385
12615,13590,52.269231,48.519231
12616,13591,52.273077,48.523077
12617,13592,52.276923,48.526923
12618,13593,52.280769,48.530769
12619,13594,52.284615,48.534615
12620,13595,52.288462,48.538462
12621,13596,52.292308,48.542308
12622,13597,52.296154,48.546154
12623,13598,52.300000,48.550000
12624,13599,52.303846,48.553846
12625,13600,52.307692,48.557692
12626,13601,52.311538,48.561538
12627,13602,52.315385,48.565385
12628,13603,52.319231,48.569231
12629,13604,52.323077,48.573077
12630,13605,52.326923,48.576923
12631,13606,52.330769,48.580769
12632,13607,52.334615,48.584615
12633,13608,52.338462,48.588462
12634,13609,52.342308,48.592308
12635,13610,52.346154,48.596154
12636,13611,52.350000,48.600000
12637,13612,52.353846,48.603846
12638,13613,52.357692,48.607692
12639,13614,52.361538,48.611538
12640,13615,52.365385,48.615385
12641,13616,52.369231,48.619231
12642,13617,52.373077,48.623077
12643,13618,52.376923,48.626923
12644,13619,52.380769,48.630769
12645,13620,52.384615,48.634615
12646,13621,52.388462,48.638462
12647,13622,52.392308,48.642308
12648,13623,52.396154,48.646154
12649,13624,52.400000,48.650000
12650,13625,52.403846,48.653846
12651,13626,52.407692,48.657692
12652,13627,52.411538,48.661538
12653,13628,52.415385,48.665385
12654,13629,52.419231,48.669231
12655,13630,52.423077,48.673077
12656,13631,52.426923,48.676923
12657,13632,52.430769,48.680769
12658,13633,52.434615,48.684615
12659,13634,52.438462,48.688462
12660,13635,52.442308,48.692308
12661,13636,52.446154,48.696154
12662,13637,52.450000,48.700000
12663,13638,52.453846,48.703846
12664,13639,52.457692,48.707692
12665,13640,52.461538,48.711538
12666,13641,52.465385,48.715385
12667,13642,52.469231,48.719231
12668,13643,52.473077,48.723077
12669,13644,52.476923,48.726923
12670,13645,52.480769,48.730769
12671,13646,52.484615,48.734615
12672,13647,52.488462,48.738462
12673,13648,52.492308,48.742308
12674,13649,52.496154,48.746154
12675,13650,52.500000,48.750000
12676,13651,52.503846,48.753846
12677,13652,52.507692,48.757692
12678,13653,52.511538,48.761538
12679,13654,52.515385,48.765385
12680,13655,52.519231,48.769231
12681,13656,52.523077,48.773077
12682,13657,52.526923,48.776923
12683,13658,52.530769,48.780769
12684,13659,52.534615,48.784615
12685,13660,52.538462,48.788462
12686,13661,52.542308,48.792308
12687,13662,52.546154,48.796154
12688,13663,52.550000,48.800000
12689,13664,52.553846,48.803846
12690,13665,52.557692,48.807692
12691,13666,52.561538,48.811538
12692,13667,52.565385,48.815385
12693,13668,52.569231,48.819231
12694,13669,52.573077,48.823077
12695,13670,52.576923,48.826923
12696,13671,52.580769,48.830769
12697,13672,52.584615,48.834615
12698,13673,52.588462,48.838462
12699,13674,52.592308,48.842308
12700,13675,52.596154,48.846154
12701,13676,52.600000,48.850000
12702,13677,52.603846,48.853846
12703,13678,52.607692,48.857692
12704,13679,52.611538,48.861538
12705,13680,52.615385,48.865385
12706,13681,52.619231,48.869231
12707,13682,52.623077,48.873077
12708,13683,52.626923,48.876923
12709,13684,52.630769,48.880769
12710,13685,52.634615,48.884615
12711,13686,52.638462,48.888462
12712,13687,52.642308,48.892308
12713,13688,52.646154,48.896154
12714,13689,52.650000,48.900000
12715,13690,52.653846,48.903846
12716,13691,52.657692,48.907692
12717,13692,52.661538,48.911538
12718,13693,52.665385,48.915385
12719,13694,52.669231,48.919231
12720,13695,52.673077,48.923077
12721,13696,52.676923,48.926923
12722,13697,52.680769,48.930769
12723,13698,52.684615,48.934615
12724,13699,52.688462,48.938462
12725,13700,52.692308,48.942308
12726,13701,52.696154,48.946154
12727,13702,52.700000,48.950000
12728,13703,52.703846,48.953846
12729,13704,52.707692,48.957692
12730,13705,52.711538,48.961538
12731,13706,52.715385,48.965385
12732,13707,52.719231,48.969231
12733,13708,52.723077,48.973077
12734,13709,52.726923,48.976923
12735,13710,52.730769,48.980769
12736,13711,52.734615,48.984615
12737,13712,52.738462,48.988462
12738,13713,52.742308,48.992308
12739,13714,52.746154,48.996154
12740,13715,52.750000,49.000000
12741,13716,52.753846,49.003846
12742,13717,52.757692,49.007692
12743,13718,52.761538,49.011538
12744,13719,52.765385,49.015385
12745,13720,52.769231,49.019231
12746,13721,52.773077,49.023077
12747,13722,52.776923,49.026923
12748,13723,52.780769,49.030769
12749,13724,52.784615,49.034615
12750,13725,52.788462,49.038462
12751,13726,52.792308,49.042308
12752,13727,52.796154,49.046154
12753,13728,52.800000,49.050000
12754,13729,52.803846,49.053846
12755,13730,52.807692,49.057692
12756,13731,52.811538,49.061538
12757,13732,52.815385,49.065385
12758,13733,52.819231,49.069231
12759,13734,52.823077,49.073077
12760,13735,52.826923,49.076923
12761,13736,52.830769,49.080769
12762,13737,52.834615,49.084615
12763,13738,52.838462,49.088462
12764,13739,52.842308,49.092308
12765,13740,52.846154,49.096154
12766,13741,52.850000,49.100000
12767,13742,52.853846,49.103846
12768,13743,52.857692,49.107692
12769,13744,52.861538,49.111538
12770,13745,52.865385,49.115385
12771,13746,52.869231,49.119231
12772,13747,52.873077,49.123077
12773,13748,52.876923,49.126923
12774,13749,52.880769,49.130769
12775,13750,52.884615,49.134615
12776,13751,52.888462,49.138462
12777,13752,52.892308,49.142308
12778,13753,52.896154,49.146154
12779,13754,52.900000,49.150000
12780,13755,52.903846,49.153846
12781,13756,52.907692,49.157692
12782,13757,52.911538,49.161538
12783,13758,52.915385,49.165385
12784,13759,52.919231,49.169231
12785,13760,52.923077,49.173077
12786,13761,52.926923,49.176923
12787,13762,52.930769,49.180769
12788,13763,52.934615,49.184615
12789,13764,52.938462,49.188462
12790,13765,52.942308,49.192308
12791,13766,52.946154,49.196154
12792,13767,52.950000,49.200000
12793,13768,52.953846,49.203846
12794,13769,52.957692,49.207692
12795,13770,52.961538,49.211538
12796,13771,52.965385,49.215385
12797,13772,52.969231,49.219231
12798,13773,52.973077,49.223077
12799,13774,52.976923,49.226923
12800,13775,52.980769,49.230769
12801,13776,52.984615,49.234615
12802,13777,52.988462,49.238462
12803,13778,52.992308,49.242308
12804,13779,52.996154,49.246154
12805,13780,53.000000,49.250000
12806,13781,53.003846,49.253846
12807,13782,53.007692,49.257692
12808,13783,53.011538,49.261538
12809,13784,53.015385,49.265385
12810,13785,53.019231,49.269231
12811,13786,53.023077,49.273077
12812,13787,53.026923,49.276923
12813,13788,53.030769,49.280769
12814,13789,53.034615,49.284615
12815,13790,53.038462,49.288462
12816,13791,53.042308,49.292308
12817,13792,53.046154,49.296154
12818,13793,53.050000,49.300000
12819,13794,53.053846,49.303846
12820,13795,53.057692,49.307692
12821,13796,53.061538,49.311538
12822,13797,53.065385,49.315385
12823,13798,53.069231,49.319231
12824,13799,53.073077,49.323077
12825,13800,53.076923,49.326923
12826,13801,53.080769,49.330769
12827,13802,53.084615,49.334615
12828,13803,53.088462,49.338462
12829,13804,53.092308,49.342308
12830,13805,53.096154,49.346154
12831,13806,53.100000,49.350000
12832,13807,53.103846,49.353846
12833,13808,53.107692,49.357692
12834,13809,53.111538,49.361538
12835,13810,53.115385,49.365385
12836,13811,53.119231,49.369231
12837,13812,53.123077,49.373077
12838,13813,53.126923,49.376923
12839,13814,53.130769,49.380769
12840,13815,53.134615,49.384615
12841,13816,53.138462,49.388462
12842,13817,53.142308,49.392308
12843,13818,53.146154,49.396154
12844,13819,53.150000,49.400000
12845,13820,53.153846,49.403846
12846,13821,53.157692,49.407692
12847,13822,53.161538,49.411538
12848,13823,53.165385,49.415385
12849,13824,53.169231,49.419231
12850,13825,53.173077,49.423077
12851,13826,53.176923,49.426923
12852,13827,53.180769,49.430769
12853,13828,53.184615,49.434615
12854,13829,53.188462,49.438462
12855,13830,53.192308,49.442308
12856,13831,53.196154,49.446154
12857,13832,53.200000,49.450000
12858,13833,53.203846,49.453846
12859,13834,53.207692,49.457692
12860,13835,53.211538,49.461538
12861,13836,53.215385,49.465385
12862,13837,53.219231,49.469231
12863,13838,53.223077,49.473077
12864,13839,53.226923,49.476923
12865,13840,53.230769,49.480769
12866,13841,53.234615,49.484615
12867,13842,53.238462,49.488462
12868,13843,53.242308,49.492308
12869,13844,53.246154,49.496154
12870,13845,53.250000,49.500000
12871,13846,53.253846,49.503846
12872,13847,53.257692,49.507692
12873,13848,53.261538,49.511538
12874,13849,53.265385,49.515385
12875,13850,53.269231,49.519231
12876,13851,53.273077,49.523077
12877,13852,53.276923,49.526923
12878,13853,53.280769,49.530769
12879,13854,53.284615,49.534615
12880,13855,53.288462,49.538462
12881,13856,53.292308,49.542308
12882,13857,53.296154,49.546154
12883,13858,53.300000,49.550000
12884,13859,53.303846,49.553846
12885,13860,53.307692,49.557692
12886,13861,53.311538,49.561538
12887,13862,53.315385,49.565385
12888,13863,53.319231,49.569231
12889,13864,53.323077,49.573077
12890,13865,53.326923,49.576923
12891,13866,53.330769,49.580769
12892,13867,53.334615,49.584615
12893,13868,53.338462,49.588462
12894,13869,53.342308,49.592308
12895,13870,53.346154,49.596154
12896,13871,53.350000,49.600000
12897,13872,53.353846,49.603846
12898,13873,53.357692,49.607692
12899,13874,53.361538,49.611538
12900,13875,53.365385,49.615385
12901,13876,53.369231,49.619231
12902,13877,53.373077,49.623077
12903,13878,53.376923,49.626923
12904,13879,53.380769,49.630769
12905,13880,53.384615,49.634615
12906,13881,53.388462,49.638462
12907,13882,53.392308,49.642308
12908,13883,53.396154,49.646154
12909,13884,53.400000,49.650000
12910,13885,53.403846,49.653846
12911,13886,53.407692,49.657692
12912,13887,53.411538,49.661538
12913,13888,53.415385,49.665385
12914,13889,53.419231,49.669231
12915,13890,53.423077,49.673077
12916,13891,53.426923,49.676923
12917,13892,53.430769,49.680769
12918,13893,53.434615,49.684615
12919,13894,53.438462,49.688462
12920,13895,53.442308,49.692308
12921,13896,53.446154,49.696154
12922,13897,53.450000,49.700000
12923,13898,53.453846,49.703846
12924,13899,53.457692,49.707692
12925,13900,53.461538,49.711538
12926,13901,53.465385,49.715385
12927,13902,53.469231,49.719231
12928,13903,53.473077,49.723077
12929,13904,53.476923,49.726923
12930,13905,53.480769,49.730769
12931,13906,53.484615,49.734615
12932,13907,53.488462,49.738462
12933,13908,53.492308,49.742308
12934,13909,53.496154,49.746154
12935,13910,53.500000,49.750000
12936,13911,53.503846,49.753846
12937,13912,53.507692,49.757692
12938,13913,53.511538,49.761538
12939,13914,53.515385,49.765385
12940,13915,53.519231,49.769231
12941,13916,53.523077,49.773077
12942,13917,53.526923,49.776923
12943,13918,53.530769,49.780769
12944,13919,53.534615,49.784615
12945,13920,53.538462,49.788462
12946,13921,53.542308,49.792308
12947,13922,53.546154,49.796154
12948,13923,53.550000,49.800000
12949,13924,53.553846,49.803846
12950,13925,53.557692,49.807692
12951,13926,53.561538,49.811538
12952,13927,53.565385,49.815385
12953,13928,53.569231,49.819231
12954,13929,53.573077,49.823077
12955,13930,53.576923,49.826923
12956,13931,53.580769,49.830769
12957,13932,53.584615,49.834615
12958,13933,53.588462,49.838462
12959,13934,53.592308,49.842308
12960,13935,53.596154,49.846154
12961,13936,53.600000,49.850000
12962,13937,53.603846,49.853846
12963,13938,53.607692,49.857692
12964,13939,53.611538,49.861538
12965,13940,53.615385,49.865385
12966,13941,53.619231,49.869231
12967,13942,53.623077,49.873077
12968,13943,53.626923,49.876923
12969,13944,53.630769,49.880769
12970,13945,53.634615,49.884615
12971,13946,53.638462,49.888462
12972,13947,53.642308,49.892308
12973,13948,53.646154,49.896154
12974,13949,53.650000,49.900000
12975,13950,53.653846,49.903846
12976,13951,53.657692,49.907692
12977,13952,53.661538,49.911538
12978,13953,53.665385,49.915385
12979,13954,53.669231,49.919231
12980,13955,53.673077,49.923077
12981,13956,53.676923,49.926923
12982,13957,53.680769,49.930769
12983,13958,53.684615,49.934615
12984,13959,53.688462,49.938462
12985,13960,53.692308,49.942308
12986,13961,53.696154,49.946154
12987,13962,53.700000,49.950000
12988,13963,53.703846,49.953846
12989,13964,53.707692,49.957692
12990,13965,53.711538,49.961538
12991,13966,53.715385,49.965385
12992,13967,53.719231,49.969231
12993,13968,53.723077,49.973077
12994,13969,53.726923,49.976923
12995,13970,53.730769,49.980769
12996,13971,53.734615,49.984615
12997,13972,53.738462,49.988462
12998,13973,53.742308,49.992308
12999,13974,53.746154,49.996154
13000,13975,53.750000,50.000000
13001,13976,53.753846,50.003846
13002,13977,53.757692,50.007692
13003,13978,53.761538,50.011538
13004,13979,53.765385,50.015385
13005,13980,53.769231,50.019231
13006,13981,53.773077,50.023077
13007,13982,53.776923,50.026923
13008,13983,53.780769,50.030769
13009,13984,53.784615,50.034615
13010,13985,53.788462,50.038462
13011,13986,53.792308,50.042308
13012,13987,53.796154,50.046154
13013,13988,53.800000,50.050000
13014,13989,53.803846,50.053846
13015,13990,53.807692,50.057692
13016,13991,53.811538,50.061538
13017,13992,53.815385,50.065385
13018,13993,53.819231,50.069231
13019,13994,53.823077,50.073077
13020,13995,53.826923,50.076923
13021,13996,53.830769,50.080769
13022,13997,53.834615,50.084615
13023,13998,53.838462,50.088462
13024,13999,53.842308,50.092308
13025,14000,53.846154,50.096154
13026,14001,53.850000,50.100000
13027,14002,53.853846,50.103846
13028,14003,53.857692,50.107692
13029,14004,53.861538,50.111538
13030,14005,53.865385,50.115385
13031,14006,53.869231,50.119231
13032,14007,53.873077,50.123077
13033,14008,53.876923,50.126923
13034,14009,53.880769,50.130769
13035,14010,53.884615,50.134615
13036,14011,53.888462,50.138462
13037,14012,53.892308,50.142308
13038,14013,53.896154,50.146154
13039,14014,53.900000,50.150000
13040,14015,53.903846,50.153846
13041,14016,53.907692,50.157692
13042,14017,53.911538,50.161538
13043,14018,53.915385,50.165385
13044,14019,53.919231,50.169231
13045,14020,53.923077,50.173077
13046,14021,53.926923,50.176923
13047,14022,53.930769,50.180769
13048,14023,53.934615,50.184615
13049,14024,53.938462,50.188462
13050,14025,53.942308,50.192308
13051,14026,53.946154,50.196154
13052,14027,53.950000,50.200000
13053,14028,53.953846,50.203846
13054,14029,53.957692,50.207692
13055,14030,53.961538,50.211538
13056,14031,53.965385,50.215385
13057,14032,53.969231,50.219231
13058,14033,53.973077,50.223077
13059,14034,53.976923,50.226923
13060,14035,53.980769,50.230769
13061,14036,53.984615,50.234615
13062,14037,53.988462,50.238462
13063,14038,53.992308,50.242308
13064,14039,53.996154,50.246154
13065,14040,54.000000,50.250000
13066,14041,54.003846,50.253846
13067,14042,54.007692,50.257692
13068,14043,54.011538,50.261538
13069,14044,54.015385,50.265385
13070,14045,54.019231,50.269231
13071,14046,54.023077,50.273077
13072,14047,54.026923,50.276923
13073,14048,54.030769,50.280769
13074,14049,54.034615,50.284615
13075,14050,54.038462,50.288462
13076,14051,54.042308,50.292308
13077,14052,54.046154,50.296154
13078,14053,54.050000,50.300000
13079,14054,54.053846,50.303846
13080,14055,54.057692,50.307692
13081,14056,54.061538,50.311538
13082,14057,54.065385,50.315385
13083,14058,54.069231,50.319231
13084,14059,54.073077,50.323077
13085,14060,54.076923,50.326923
13086,14061,54.080769,50.330769
13087,14062,54.084615,50.334615
13088,14063,54.088462,50.338462
13089,14064,54.092308,50.342308
13090,14065,54.096154,50.346154
13091,14066,54.100000,50.350000
13092,14067,54.103846,50.353846
13093,14068,54.107692,50.357692
13094,14069,54.111538,50.361538
13095,14070,54.115385,50.365385
13096,14071,54.119231,50.369231
13097,14072,54.123077,50.373077
13098,14073,54.126923,50.376923
13099,14074,54.130769,50.380769
13100,14075,54.134615,50.384615
13101,14076,54.138462,50.388462
13102,14077,54.142308,50.392308
13103,14078,54.146154,50.396154
13104,14079,54.150000,50.400000
13105,14080,54.153846,50.403846
13106,14081,54.157692,50.407692
13107,14082,54.161538,50.411538
13108,14083,54.165385,50.415385
13109,14084,54.169231,50.419231
13110,14085,54.173077,50.423077
13111,14086,54.176923,50.426923
13112,14087,54.180769,50.430769
13113,14088,54.184615,50.434615
13114,14089,54.188462,50.438462
13115,14090,54.192308,50.442308
13116,14091,54.196154,50.446154
13117,14092,54.200000,50.450000
13118,14093,54.203846,50.453846
13119,14094,54.207692,50.457692
13120,14095,54.211538,50.461538
13121,14096,54.215385,50.465385
13122,14097,54.219231,50.469231
13123,14098,54.223077,50.473077
13124,14099,54.226923,50.476923
13125,14100,54.230769,50.480769
13126,14101,54.234615,50.484615
13127,14102,54.238462,50.488462
13128,14103,54.242308,50.492308
13129,14104,54.246154,50.496154
13130,14105,54.250000,50.500000
13131,14106,54.253846,50.503846
13132,14107,54.257692,50.507692
13133,14108,54.261538,50.511538
13134,14109,54.265385,50.515385
13135,14110,54.269231,50.519231
13136,14111,54.273077,50.523077
13137,14112,54.276923,50.526923
13138,14113,54.280769,50.530769
13139,14114,54.284615,50.534615
13140,14115,54.288462,50.538462
13141,14116,54.292308,50.542308
13142,14117,54.296154,50.546154
13143,14118,54.300000,50.550000
13144,14119,54.303846,50.553846
13145,14120,54.307692,50.557692
13146,14121,54.311538,50.561538
13147,14122,54.315385,50.565385
13148,14123,54.319231,50.569231
13149,14124,54.323077,50.573077
13150,14125,54.326923,50.576923
13151,14126,54.330769,50.580769
13152,14127,54.334615,50.584615
13153,14128,54.338462,50.588462
13154,14129,54.342308,50.592308
13155,14130,54.346154,50.596154
13156,14131,54.350000,50.600000
13157,14132,54.353846,50.603846
13158,14133,54.357692,50.607692
13159,14134,54.361538,50.611538
13160,14135,54.365385,50.615385
13161,14136,54.369231,50.619231
13162,14137,54.373077,50.623077
13163,14138,54.376923,50.626923
13164,14139,54.380769,50.630769
13165,14140,54.384615,50.634615
13166,14141,54.388462,50.638462
13167,14142,54.392308,50.642308
13168,14143,54.396154,50.646154
13169,14144,54.400000,50.650000
13170,14145,54.403846,50.653846
13171,14146,54.407692,50.657692
13172,14147,54.411538,50.661538
13173,14148,54.415385,50.665385
13174,14149,54.419231,50.669231
13175,14150,54.423077,50.673077
13176,14151,54.426923,50.676923
13177,14152,54.430769,50.680769
13178,14153,54.434615,50.684615
13179,14154,54.438462,50.688462
13180,14155,54.442308,50.692308
13181,14156,54.446154,50.696154
13182,14157,54.450000,50.700000
13183,14158,54.453846,50.703846
13184,14159,54.457692,50.707692
13185,14160,54.461538,50.711538
13186,14161,54.465385,50.715385
13187,14162,54.469231,50.719231
13188,14163,54.473077,50.723077
13189,14164,54.476923,50.726923
13190,14165,54.480769,50.730769
13191,14166,54.484615,50.734615
13192,14167,54.488462,50.738462
13193,14168,54.492308,50.742308
13194,14169,54.496154,50.746154
13195,14170,54.500000,50.750000
13196,14171,54.503846,50.753846
13197,14172,54.507692,50.757692
13198,14173,54.511538,50.761538
13199,14174,54.515385,50.765385
13200,14175,54.519231,50.769231
13201,14176,54.523077,50.773077
13202,14177,54.526923,50.776923
13203,14178,54.530769,50.780769
13204,14179,54.534615,50.784615
13205,14180,54.538462,50.788462
13206,14181,54.542308,50.792308
13207,14182,54.546154,50.796154
13208,14183,54.550000,50.800000
13209,14184,54.553846,50.803846
13210,14185,54.557692,50.807692
13211,14186,54.561538,50.811538
13212,14187,54.565385,50.815385
13213,14188,54.569231,50.819231
13214,14189,54.573077,50.823077
13215,14190,54.576923,50.826923
13216,14191,54.580769,50.830769
13217,14192,54.584615,50.834615
13218,14193,54.588462,50.838462
13219,14194,54.592308,50.842308
13220,14195,54.596154,50.846154
13221,14196,54.600000,50.850000
13222,14197,54.603846,50.853846
13223,14198,54.607692,50.857692
13224,14199,54.611538,50.861538
13225,14200,54.615385,50.865385
13226,14201,54.619231,50.869231
13227,14202,54.623077,50.873077
13228,14203,54.626923,50.876923
13229,14204,54.630769,50.880769
13230,14205,54.634615,50.884615
13231,14206,54.638462,50.888462
13232,14207,54.642308,50.892308
13233,14208,54.646154,50.896154
13234,14209,54.650000,50.900000
13235,14210,54.653846,50.903846
13236,14211,54.657692,50.907692
13237,14212,54.661538,50.911538
13238,14213,54.665385,50.915385
13239,14214,54.669231,50.919231
13240,14215,54.673077,50.923077
13241,14216,54.676923,50.926923
13242,14217,54.680769,50.930769
13243,14218,54.684615,50.934615
13244,14219,54.688462,50.938462
13245,14220,54.692308,50.942308
13246,14221,54.696154,50.946154
13247,14222,54.700000,50.950000
13248,14223,54.703846,50.953846
13249,14224,54.707692,50.957692
13250,14225,54.711538,50.961538
13251,14226,54.715385,50.965385
13252,14227,54.719231,50.969231
13253,14228,54.723077,50.973077
13254,14229,54.726923,50.976923
13255,14230,54.730769,50.980769
13256,14231,54.734615,50.984615
13257,14232,54.738462,50.988462
13258,14233,54.742308,50.992308
13259,14234,54.746154,50.996154
13260,14235,54.750000,51.000000
13261,14236,54.753846,51.003846
13262,14237,54.757692,51.007692
13263,14238,54.761538,51.011538
13264,14239,54.765385,51.015385
13265,14240,54.769231,51.019231
13266,14241,54.773077,51.023077
13267,14242,54.776923,51.026923
13268,14243,54.780769,51.030769
13269,14244,54.784615,51.034615
13270,14245,54.788462,51.038462
13271,14246,54.792308,51.042308
13272,14247,54.796154,51.046154
13273,14248,54.800000,51.050000
13274,14249,54.803846,51.053846
13275,14250,54.807692,51.057692
13276,14251,54.811538,51.061538
13277,14252,54.815385,51.065385
13278,14253,54.819231,51.069231
13279,14254,54.823077,51.073077
13280,14255,54.826923,51.076923
13281,14256,54.830769,51.080769
13282,14257,54.834615,51.084615
13283,14258,54.838462,51.088462
13284,14259,54.842308,51.092308
13285,14260,54.846154,51.096154
13286,14261,54.850000,51.100000
13287,14262,54.853846,51.103846
13288,14263,54.857692,51.107692
13289,14264,54.861538,51.111538
13290,14265,54.865385,51.115385
13291,14266,54.869231,51.119231
13292,14267,54.873077,51.123077
13293,14268,54.876923,51.126923
13294,14269,54.880769,51.130769
13295,14270,54.884615,51.134615
13296,14271,54.888462,51.138462
13297,14272,54.892308,51.142308
13298,14273,54.896154,51.146154
13299,14274,54.900000,51.150000
13300,14275,54.903846,51.153846
13301,14276,54.907692,51.157692
13302,14277,54.911538,51.161538
13303,14278,54.915385,51.165385
13304,14279,54.919231,51.169231
13305,14280,54.923077,51.173077
13306,14281,54.926923,51.176923
13307,14282,54.930769,51.180769
13308,14283,54.934615,51.184615
13309,14284,54.938462,51.188462
13310,14285,54.942308,51.192308
13311,14286,54.946154,51.196154
13312,14287,54.950000,51.200000
13313,14288,54.953846,51.203846
13314,14289,54.957692,51.207692
13315,14290,54.961538,51.211538
13316,14291,54.965385,51.215385
13317,14292,54.969231,51.219231
13318,14293,54.973077,51.223077
13319,14294,54.976923,51.226923
13320,14295,54.980769,51.230769
13321,14296,54.984615,51.234615
13322,14297,54.988462,51.238462
13323,14298,54.992308,51.242308
13324,14299,54.996154,51.246154
13325,14300,55.000000,51.250000
13326,14301,55.003846,51.253846
13327,14302,55.007692,51.257692
13328,14303,55.011538,51.261538
13329,14304,55.015385,51.265385
13330,14305,55.019231,51.269231
13331,14306,55.023077,51.273077
13332,14307,55.026923,51.276923
13333,14308,55.030769,51.280769
13334,14309,55.034615,51.284615
13335,14310,55.038462,51.288462
13336,14311,55.042308,51.292308
13337,14312,55.046154,51.296154
13338,14313,55.050000,51.300000
13339,14314,55.053846,51.303846
13340,14315,55.057692,51.307692
13341,14316,55.061538,51.311538
13342,14317,55.065385,51.315385
13343,14318,55.069231,51.319231
13344,14319,55.073077,51.323077
13345,14320,55.076923,51.326923
13346,14321,55.080769,51.330769
13347,14322,55.084615,51.334615
13348,14323,55.088462,51.338462
13349,14324,55.092308,51.342308
13350,14325,55.096154,51.346154
13351,14326,55.100000,51.350000
13352,14327,55.103846,51.353846
13353,14328,55.107692,51.357692
13354,14329,55.111538,51.361538
13355,14330,55.115385,51.365385
13356,14331,55.119231,51.369231
13357,14332,55.123077,51.373077
13358,14333,55.126923,51.376923
13359,14334,55.130769,51.380769
13360,14335,55.134615,51.384615
13361,14336,55.138462,51.388462
13362,14337,55.142308,51.392308
13363,14338,55.146154,51.396154
13364,14339,55.150000,51.400000
13365,14340,55.153846,51.403846
13366,14341,55.157692,51.407692
13367,14342,55.161538,51.411538
13368,14343,55.165385,51.415385
13369,14344,55.169231,51.419231
13370,14345,55.173077,51.423077
13371,14346,55.176923,51.426923
13372,14347,55.180769,51.430769
13373,14348,55.184615,51.434615
13374,14349,55.188462,51.438462
13375,14350,55.192308,51.442308
13376,14351,55.196154,51.446154
13377,14352,55.200000,51.450000
13378,14353,55.203846,51.453846
13379,14354,55.207692,51.457692
13380,14355,55.211538,51.461538
13381,14356,55.215385,51.465385
13382,14357,55.219231,51.469231
13383,14358,55.223077,51.473077
13384,14359,55.226923,51.476923
13385,14360,55.230769,51.480769
13386,14361,55.234615,51.484615
13387,14362,55.238462,51.488462
13388,14363,55.242308,51.492308
13389,14364,55.246154,51.496154
13390,14365,55.250000,51.500000
13391,14366,55.253846,51.503846
13392,14367,55.257692,51.507692
13393,14368,55.261538,51.511538
13394,14369,55.265385,51.515385
13395,14370,55.269231,51.519231
13396,14371,55.273077,51.523077
13397,14372,55.276923,51.526923
13398,14373,55.280769,51.530769
13399,14374,55.284615,51.534615
13400,14375,55.288462,51.538462
13401,14376,55.292308,51.542308
13402,14377,55.296154,51.546154
13403,14378,55.300000,51.550000
13404,14379,55.303846,51.553846
13405,14380,55.307692,51.557692
13406,14381,55.311538,51.561538
13407,14382,55.315385,51.565385
13408,14383,55.319231,51.569231
13409,14384,55.323077,51.573077
13410,14385,55.326923,51.576923
13411,14386,55.330769,51.580769
13412,14387,55.334615,51.584615
13413,14388,55.338462,51.588462
13414,14389,55.342308,51.592308
13415,14390,55.346154,51.596154
13416,14391,55.350000,51.600000
13417,14392,55.353846,51.603846
13418,14393,55.357692,51.607692
13419,14394,55.361538,51.611538
13420,14395,55.365385,51.615385
13421,14396,55.369231,51.619231
13422,14397,55.373077,51.623077
13423,14398,55.376923,51.626923
13424,14399,55.380769,51.630769
13425,14400,55.384615,51.634615
13426,14401,55.388462,51.638462
13427,14402,55.392308,51.642308
13428,14403,55.396154,51.646154
13429,14404,55.400000,51.650000
13430,14405,55.403846,51.653846
13431,14406,55.407692,51.657692
13432,14407,55.411538,51.661538
13433,14408,55.415385,51.665385
13434,14409,55.419231,51.669231
13435,14410,55.423077,51.673077
13436,14411,55.426923,51.676923
13437,14412,55.430769,51.680769
13438,14413,55.434615,51.684615
13439,14414,55.438462,51.688462
13440,14415,55.442308,51.692308
13441,14416,55.446154,51.696154
13442,14417,55.450000,51.700000
13443,14418,55.453846,51.703846
13444,14419,55.457692,51.707692
13445,14420,55.461538,51.711538
13446,14421,55.465385,51.715385
13447,14422,55.469231,51.719231
13448,14423,55.473077,51.723077
13449,14424,55.476923,51.726923
13450,14425,55.480769,51.730769
13451,14426,55.484615,51.734615
13452,14427,55.488462,51.738462
13453,14428,55.492308,51.742308
13454,14429,55.496154,51.746154
13455,14430,55.500000,51.750000
13456,14431,55.503846,51.753846
13457,14432,55.507692,51.757692
13458,14433,55.511538,51.761538
13459,14434,55.515385,51.765385
13460,14435,55.519231,51.769231
13461,14436,55.523077,51.773077
13462,14437,55.526923,51.776923
13463,14438,55.530769,51.780769
13464,14439,55.534615,51.784615
13465,14440,55.538462,51.788462
13466,14441,55.542308,51.792308
13467,14442,55.546154,51.796154
13468,14443,55.550000,51.800000
13469,14444,55.553846,51.803846
13470,14445,55.557692,51.807692
13471,14446,55.561538,51.811538
13472,14447,55.565385,51.815385
13473,14448,55.569231,51.819231
13474,14449,55.573077,51.823077
13475,14450,55.576923,51.826923
13476,14451,55.580769,51.830769
13477,14452,55.584615,51.834615
13478,14453,55.588462,51.838462
13479,14454,55.592308,51.842308
13480,14455,55.596154,51.846154
13481,14456,55.600000,51.850000
13482,14457,55.603846,51.853846
13483,14458,55.607692,51.857692
13484,14459,55.611538,51.861538
13485,14460,55.615385,51.865385
13486,14461,55.619231,51.869231
13487,14462,55.623077,51.873077
13488,14463,55.626923,51.876923
13489,14464,55.630769,51.880769
13490,14465,55.634615,51.884615
13491,14466,55.638462,51.888462
13492,14467,55.642308,51.892308
13493,14468,55.646154,51.896154
13494,14469,55.650000,51.900000
13495,14470,55.653846,51.903846
13496,14471,55.657692,51.907692
13497,14472,55.661538,51.911538
13498,14473,55.665385,51.915385
13499,14474,55.669231,51.919231
13500,14475,55.673077,51.923077
13501,14476,55.676923,51.926923
13502,14477,55.680769,51.930769
13503,14478,55.684615,51.934615
13504,14479,55.688462,51.938462
13505,14480,55.692308,51.942308
13506,14481,55.696154,51.946154
13507,14482,55.700000,51.950000
13508,14483,55.703846,51.953846
13509,14484,55.707692,51.957692
13510,14485,55.711538,51.961538
13511,14486,55.715385,51.965385
13512,14487,55.719231,51.969231
13513,14488,55.723077,51.973077
13514,14489,55.726923,51.976923
13515,14490,55.730769,51.980769
13516,14491,55.734615,51.984615
13517,14492,55.738462,51.988462
13518,14493,55.742308,51.992308
13519,14494,55.746154,51.996154
13520,14495,55.750000,52.000000
13521,14496,55.753846,52.003846
13522,14497,55.757692,52.007692
13523,14498,55.761538,52.011538
13524,14499,55.765385,52.015385
13525,14500,55.769231,52.019231
13526,14501,55.773077,52.023077
13527,14502,55.776923,52.026923
13528,14503,55.780769,52.030769
13529,14504,55.784615,52.034615
13530,14505,55.788462,52.038462
13531,14506,55.792308,52.042308
13532,14507,55.796154,52.046154
13533,14508,55.800000,52.050000
13534,14509,55.803846,52.053846
13535,14510,55.807692,52.057692
13536,14511,55.811538,52.061538
13537,14512,55.815385,52.065385
13538,14513,55.819231,52.069231
13539,14514,55.823077,52.073077
13540,14515,55.826923,52.076923
13541,14516,55.830769,52.080769
13542,14517,55.834615,52.084615
13543,14518,55.838462,52.088462
13544,14519,55.842308,52.092308
13545,14520,55.846154,52.096154
13546,14521,55.850000,52.100000
13547,14522,55.853846,52.103846
13548,14523,55.857692,52.107692
13549,14524,55.861538,52.111538
13550,14525,55.865385,52.115385
13551,14526,55.869231,52.119231
13552,14527,55.873077,52.123077
13553,14528,55.876923,52.126923
13554,14529,55.880769,52.130769
13555,14530,55.884615,52.134615
13556,14531,55.888462,52.138462
13557,14532,55.892308,52.142308
13558,14533,55.896154,52.146154
13559,14534,55.900000,52.150000
13560,14535,55.903846,52.153846
13561,14536,55.907692,52.157692
13562,14537,55.911538,52.161538
13563,14538,55.915385,52.165385
13564,14539,55.919231,52.169231
13565,14540,55.923077,52.173077
13566,14541,55.926923,52.176923
13567,14542,55.930769,52.180769
13568,14543,55.934615,52.184615
13569,14544,55.938462,52.188462
13570,14545,55.942308,52.192308
13571,14546,55.946154,52.196154
13572,14547,55.950000,52.200000
13573,14548,55.953846,52.203846
13574,14549,55.957692,52.207692
13575,14550,55.961538,52.211538
13576,14551,55.965385,52.215385
13577,14552,55.969231,52.219231
13578,14553,55.973077,52.223077
13579,14554,55.976923,52.226923
13580,14555,55.980769,52.230769
13581,14556,55.984615,52.234615
13582,14557,55.988462,52.238462
13583,14558,55.992308,52.242308
13584,14559,55.996154,52.246154
13585,14560,56.000000,52.250000
13586,14561,56.003846,52.253846
13587,14562,56.007692,52.257692
13588,14563,56.011538,52.261538
13589,14564,56.015385,52.265385
13590,14565,56.019231,52.269231
13591,14566,56.023077,52.273077
13592,14567,56.026923,52.276923
13593,14568,56.030769,52.280769
13594,14569,56.034615,52.284615
13595,14570,56.038462,52.288462
13596,14571,56.042308,52.292308
13597,14572,56.046154,52.296154
13598,14573,56.050000,52.300000
13599,14574,56.053846,52.303846
13600,14575,56.057692,52.307692
13601,14576,56.061538,52.311538
13602,14577,56.065385,52.315385
13603,14578,56.069231,52.319231
13604,14579,56.073077,52.323077
13605,14580,56.076923,52.326923
13606,14581,56.080769,52.330769
13607,14582,56.084615,52.334615
13608,14583,56.088462,52.338462
13609,14584,56.092308,52.342308
13610,14585,56.096154,52.346154
13611,14586,56.100000,52.350000
13612,14587,56.103846,52.353846
13613,14588,56.107692,52.357692
13614,14589,56.111538,52.361538
13615,14590,56.115385,52.365385
13616,14591,56.119231,52.369231
13617,14592,56.123077,52.373077
13618,14593,56.126923,52.376923
13619,14594,56.130769,52.380769
13620,14595,56.134615,52.384615
13621,14596,56.138462,52.388462
13622,14597,56.142308,52.392308
13623,14598,56.146154,52.396154
13624,14599,56.150000,52.400000
13625,14600,56.153846,52.403846
13626,14601,56.157692,52.407692
13627,14602,56.161538,52.411538
13628,14603,56.165385,52.415385
13629,14604,56.169231,52.419231
13630,14605,56.173077,52.423077
13631,14606,56.176923,52.426923
13632,14607,56.180769,52.430769
13633,14608,56.184615,52.434615
13634,14609,56.188462,52.438462
13635,14610,56.192308,52.442308
13636,14611,56.196154,52.446154
13637,14612,56.200000,52.450000
13638,14613,56.203846,52.453846
13639,14614,56.207692,52.457692
13640,14615,56.211538,52.461538
13641,14616,56.215385,52.465385
13642,14617,56.219231,52.469231
13643,14618,56.223077,52.473077
13644,14619,56.226923,52.476923
13645,14620,56.230769,52.480769
13646,14621,56.234615,52.484615
13647,14622,56.238462,52.488462
13648,14623,56.242308,52.492308
13649,14624,56.246154,52.496154
13650,14625,56.250000,52.500000
13651,14626,56.253846,52.503846
13652,14627,56.257692,52.507692
13653,14628,56.261538,52.511538
13654,14629,56.265385,52.515385
13655,14630,56.269231,52.519231
13656,14631,56.273077,52.523077
13657,14632,56.276923,52.526923
13658,14633,56.280769,52.530769
13659,14634,56.284615,52.534615
13660,14635,56.288462,52.538462
13661,14636,56.292308,52.542308
13662,14637,56.296154,52.546154
13663,14638,56.300000,52.550000
13664,14639,56.303846,52.553846
13665,14640,56.307692,52.557692
13666,14641,56.311538,52.561538
13667,14642,56.315385,52.565385
13668,14643,56.319231,52.569231
13669,14644,56.323077,52.573077
13670,14645,56.326923,52.576923
13671,14646,56.330769,52.580769
13672,14647,56.334615,52.584615
13673,14648,56.338462,52.588462
13674,14649,56.342308,52.592308
13675,14650,56.346154,52.596154
13676,14651,56.350000,52.600000
13677,14652,56.353846,52.603846
13678,14653,56.357692,52.607692
13679,14654,56.361538,52.611538
13680,14655,56.365385,52.615385
13681,14656,56.369231,52.619231
13682,14657,56.373077,52.623077
13683,14658,56.376923,52.626923
13684,14659,56.380769,52.630769
13685,14660,56.384615,52.634615
13686,14661,56.388462,52.638462
13687,14662,56.392308,52.642308
13688,14663,56.396154,52.646154
13689,14664,56.400000,52.650000
13690,14665,56.403846,52.653846
13691,14666,56.407692,52.657692
13692,14667,56.411538,52.661538
13693,14668,56.415385,52.665385
13694,14669,56.419231,52.669231
13695,14670,56.423077,52.673077
13696,14671,56.426923,52.676923
13697,14672,56.430769,52.680769
13698,14673,56.434615,52.684615
13699,14674,56.438462,52.688462
13700,14675,56.442308,52.692308
13701,14676,56.446154,52.696154
13702,14677,56.450000,52.700000
13703,14678,56.453846,52.703846
13704,14679,56.457692,52.707692
13705,14680,56.461538,52.711538
13706,14681,56.465385,52.715385
13707,14682,56.469231,52.719231
13708,14683,56.473077,52.723077
13709,14684,56.476923,52.726923
13710,14685,56.480769,52.730769
13711,14686,56.484615,52.734615
13712,14687,56.488462,52.738462
13713,14688,56.492308,52.742308
13714,14689,56.496154,52.746154
13715,14690,56.500000,52.750000
13716,14691,56.503846,52.753846
13717,14692,56.507692,52.757692
13718,14693,56.511538,52.761538
13719,14694,56.515385,52.765385
13720,14695,56.519231,52.769231
13721,14696,56.523077,52.773077
13722,14697,56.526923,52.776923
13723,14698,56.530769,52.780769
13724,14699,56.534615,52.784615
13725,14700,56.538462,52.788462
13726,14701,56.542308,52.792308
13727,14702,56.546154,52.796154
13728,14703,56.550000,52.800000
13729,14704,56.553846,52.803846
13730,14705,56.557692,52.807692
13731,14706,56.561538,52.811538
13732,14707,56.565385,52.815385
13733,14708,56.569231,52.819231
13734,14709,56.573077,52.823077
13735,14710,56.576923,52.826923
13736,14711,56.580769,52.830769
13737,14712,56.584615,52.834615
13738,14713,56.588462,52.838462
13739,14714,56.592308,52.842308
13740,14715,56.596154,52.846154
13741,14716,56.600000,52.850000
13742,14717,56.603846,52.853846
13743,14718,56.607692,52.857692
13744,14719,56.611538,52.861538
13745,14720,56.615385,52.865385
13746,14721,56.619231,52.869231
13747,14722,56.623077,52.873077
13748,14723,56.626923,52.876923
13749,14724,56.630769,52.880769
13750,14725,56.634615,52.884615
13751,14726,56.638462,52.888462
13752,14727,56.642308,52.892308
13753,14728,56.646154,52.896154
13754,14729,56.650000,52.900000
13755,14730,56.653846,52.903846
13756,14731,56.657692,52.907692
13757,14732,56.661538,52.911538
13758,14733,56.665385,52.915385
13759,14734,56.669231,52.919231
13760,14735,56.673077,52.923077
13761,14736,56.676923,52.926923
13762,14737,56.680769,52.930769
13763,14738,56.684615,52.934615
13764,14739,56.688462,52.938462
13765,14740,56.692308,52.942308
13766,14741,56.696154,52.946154
13767,14742,56.700000,52.950000
13768,14743,56.703846,52.953846
13769,14744,56.707692,52.957692
13770,14745,56.711538,52.961538
13771,14746,56.715385,52.965385
13772,14747,56.719231,52.969231
13773,14748,56.723077,52.973077
13774,14749,56.726923,52.976923
13775,14750,56.730769,52.980769
13776,14751,56.734615,52.984615
13777,14752,56.738462,52.988462
13778,14753,56.742308,52.992308
13779,14754,56.746154,52.996154
13780,14755,56.750000,53.000000
13781,14756,56.753846,53.003846
13782,14757,56.757692,53.007692
13783,14758,56.761538,53.011538
13784,14759,56.765385,53.015385
13785,14760,56.769231,53.019231
13786,14761,56.773077,53.023077
13787,14762,56.776923,53.026923
13788,14763,56.780769,53.030769
13789,14764,56.784615,53.034615
13790,14765,56.788462,53.038462
13791,14766,56.792308,53.042308
13792,14767,56.796154,53.046154
13793,14768,56.800000,53.050000
13794,14769,56.803846,53.053846
13795,14770,56.807692,53.057692
13796,14771,56.811538,53.061538
13797,14772,56.815385,53.065385
13798,14773,56.819231,53.069231
13799,14774,56.823077,53.073077
13800,14775,56.826923,53.076923
13801,14776,56.830769,53.080769
13802,14777,56.834615,53.084615
13803,14778,56.838462,53.088462
13804,14779,56.842308,53.092308
13805,14780,56.846154,53.096154
13806,14781,56.850000,53.100000
13807,14782,56.853846,53.103846
13808,14783,56.857692,53.107692
13809,14784,56.861538,53.111538
13810,14785,56.865385,53.115385
13811,14786,56.869231,53.119231
13812,14787,56.873077,53.123077
13813,14788,56.876923,53.126923
13814,14789,56.880769,53.130769
13815,14790,56.884615,53.134615
13816,14791,56.888462,53.138462
13817,14792,56.892308,53.142308
13818,14793,56.896154,53.146154
13819,14794,56.900000,53.150000
13820,14795,56.903846,53.153846
13821,14796,56.907692,53.157692
13822,14797,56.911538,53.161538
13823,14798,56.915385,53.165385
13824,14799,56.919231,53.169231
13825,14800,56.923077,53.173077
13826,14801,56.926923,53.176923
13827,14802,56.930769,53.180769
13828,14803,56.934615,53.184615
13829,14804,56.938462,53.188462
13830,14805,56.942308,53.192308
13831,14806,56.946154,53.196154
13832,14807,56.950000,53.200000
13833,14808,56.953846,53.203846
13834,14809,56.957692,53.207692
13835,14810,56.961538,53.211538
13836,14811,56.965385,53.215385
13837,14812,56.969231,53.219231
13838,14813,56.973077,53.223077
13839,14814,56.976923,53.226923
13840,14815,56.980769,53.230769
13841,14816,56.984615,53.234615
13842,14817,56.988462,53.238462
13843,14818,56.992308,53.242308
13844,14819,56.996154,53.246154
13845,14820,57.000000,53.250000
13846,14821,57.003846,53.253846
13847,14822,57.007692,53.257692
13848,14823,57.011538,53.261538
13849,14824,57.015385,53.265385
13850,14825,57.019231,53.269231
13851,14826,57.023077,53.273077
13852,14827,57.026923,53.276923
13853,14828,57.030769,53.280769
13854,14829,57.034615,53.284615
13855,14830,57.038462,53.288462
13856,14831,57.042308,53.292308
13857,14832,57.046154,53.296154
13858,14833,57.050000,53.300000
13859,14834,57.053846,53.303846
13860,14835,57.057692,53.307692
13861,14836,57.061538,53.311538
13862,14837,57.065385,53.315385
13863,14838,57.069231,53.319231
13864,14839,57.073077,53.323077
13865,14840,57.076923,53.326923
13866,14841,57.080769,53.330769
13867,14842,57.084615,53.334615
13868,14843,57.088462,53.338462
13869,14844,57.092308,53.342308
13870,14845,57.096154,53.346154
13871,14846,57.100000,53.350000
13872,14847,57.103846,53.353846
13873,14848,57.107692,53.357692
13874,14849,57.111538,53.361538
13875,14850,57.115385,53.365385
13876,14851,57.119231,53.369231
13877,14852,57.123077,53.373077
13878,14853,57.126923,53.376923
13879,14854,57.130769,53.380769
13880,14855,57.134615,53.384615
13881,14856,57.138462,53.388462
13882,14857,57.142308,53.392308
13883,14858,57.146154,53.396154
13884,14859,57.150000,53.400000
13885,14860,57.153846,53.403846
13886,14861,57.157692,53.407692
13887,14862,57.161538,53.411538
13888,14863,57.165385,53.415385
13889,14864,57.169231,53.419231
13890,14865,57.173077,53.423077
13891,14866,57.176923,53.426923
13892,14867,57.180769,53.430769
13893,14868,57.184615,53.434615
13894,14869,57.188462,53.438462
13895,14870,57.192308,53.442308
13896,14871,57.196154,53.446154
13897,14872,57.200000,53.450000
13898,14873,57.203846,53.453846
13899,14874,57.207692,53.457692
13900,14875,57.211538,53.461538
13901,14876,57.215385,53.465385
13902,14877,57.219231,53.469231
13903,14878,57.223077,53.473077
13904,14879,57.226923,53.476923
13905,14880,57.230769,53.480769
13906,14881,57.234615,53.484615
13907,14882,57.238462,53.488462
13908,14883,57.242308,53.492308
13909,14884,57.246154,53.496154
13910,14885,57.250000,53.500000
13911,14886,57.253846,53.503846
13912,14887,57.257692,53.507692
13913,14888,57.261538,53.511538
13914,14889,57.265385,53.515385
13915,14890,57.269231,53.519231
13916,14891,57.273077,53.523077
13917,14892,57.276923,53.526923
13918,14893,57.280769,53.530769
13919,14894,57.284615,53.534615
13920,14895,57.288462,53.538462
13921,14896,57.292308,53.542308
13922,14897,57.296154,53.546154
13923,14898,57.300000,53.550000
13924,14899,57.303846,53.553846
13925,14900,57.307692,53.557692
13926,14901,57.311538,53.561538
13927,14902,57.315385,53.565385
13928,14903,57.319231,53.569231
13929,14904,57.323077,53.573077
13930,14905,57.326923,53.576923
13931,14906,57.330769,53.580769
13932,14907,57.334615,53.584615
13933,14908,57.338462,53.588462
13934,14909,57.342308,53.592308
13935,14910,57.346154,53.596154
13936,14911,57.350000,53.600000
13937,14912,57.353846,53.603846
13938,14913,57.357692,53.607692
13939,14914,57.361538,53.611538
13940,14915,57.365385,53.615385
13941,14916,57.369231,53.619231
13942,14917,57.373077,53.623077
13943,14918,57.376923,53.626923
13944,14919,57.380769,53.630769
13945,14920,57.384615,53.634615
13946,14921,57.388462,53.638462
13947,14922,57.392308,53.642308
13948,14923,57.396154,53.646154
13949,14924,57.400000,53.650000
13950,14925,57.403846,53.653846
13951,14926,57.407692,53.657692
13952,14927,57.411538,53.661538
13953,14928,57.415385,53.665385
13954,14929,57.419231,53.669231
13955,14930,57.423077,53.673077
13956,14931,57.426923,53.676923
13957,14932,57.430769,53.680769
13958,14933,57.434615,53.684615
13959,14934,57.438462,53.688462
13960,14935,57.442308,53.692308
13961,14936,57.446154,53.696154
13962,14937,57.450000,53.700000
13963,14938,57.453846,53.703846
13964,14939,57.457692,53.707692
13965,14940,57.461538,53.711538
13966,14941,57.465385,53.715385
13967,14942,57.469231,53.719231
13968,14943,57.473077,53.723077
13969,14944,57.476923,53.726923
13970,14945,57.480769,53.730769
13971,14946,57.484615,53.734615
13972,14947,57.488462,53.738462
13973,14948,57.492308,53.742308
13974,14949,57.496154,53.746154
13975,14950,57.500000,53.750000
13976,14951,57.503846,53.753846
13977,14952,57.507692,53.757692
13978,14953,57.511538,53.761538
13979,14954,57.515385,53.765385
13980,14955,57.519231,53.769231
13981,14956,57.523077,53.773077
13982,14957,57.526923,53.776923
13983,14958,57.530769,53.780769
13984,14959,57.534615,53.784615
13985,14960,57.538462,53.788462
13986,14961,57.542308,53.792308
13987,14962,57.546154,53.796154
13988,14963,57.550000,53.800000
13989,14964,57.553846,53.803846
13990,14965,57.557692,53.807692
13991,14966,57.561538,53.811538
13992,14967,57.565385,53.815385
13993,14968,57.569231,53.819231
13994,14969,57.573077,53.823077
13995,14970,57.576923,53.826923
13996,14971,57.580769,53.830769
13997,14972,57.584615,53.834615
13998,14973,57.588462,53.838462
13999,14974,57.592308,53.842308
14000,14975,57.596154,53.846154
14001,14976,57.600000,53.850000
14002,14977,57.603846,53.853846
14003,14978,57.607692,53.857692
14004,14979,57.611538,53.861538
14005,14980,57.615385,53.865385
14006,14981,57.619231,53.869231
14007,14982,57.623077,53.873077
14008,14983,57.626923,53.876923
14009,14984,57.630769,53.880769
14010,14985,57.634615,53.884615
14011,14986,57.638462,53.888462
14012,14987,57.642308,53.892308
14013,14988,57.646154,53.896154
14014,14989,57.650000,53.900000
14015,14990,57.653846,53.903846
14016,14991,57.657692,53.907692
14017,14992,57.661538,53.911538
14018,14993,57.665385,53.915385
14019,14994,57.669231,53.919231
14020,14995,57.673077,53.923077
14021,14996,57.676923,53.926923
14022,14997,57.680769,53.930769
14023,14998,57.684615,53.934615
14024,14999,57.688462,53.938462
14025,15000,57.692308,53.942308
14026,15001,57.696154,53.946154
14027,15002,57.700000,53.950000
14028,15003,57.703846,53.953846
14029,15004,57.707692,53.957692
14030,15005,57.711538,53.961538
14031,15006,57.715385,53.965385
14032,15007,57.719231,53.969231
14033,15008,57.723077,53.973077
14034,15009,57.726923,53.976923
14035,15010,57.730769,53.980769
14036,15011,57.734615,53.984615
14037,15012,57.738462,53.988462
14038,15013,57.742308,53.992308
14039,15014,57.746154,53.996154
14040,15015,57.750000,54.000000
14041,15016,57.753846,54.003846
14042,15017,57.757692,54.007692
14043,15018,57.761538,54.011538
14044,15019,57.765385,54.015385
14045,15020,57.769231,54.019231
14046,15021,57.773077,54.023077
14047,15022,57.776923,54.026923
14048,15023,57.780769,54.030769
14049,15024,57.784615,54.034615
14050,15025,57.788462,54.038462
14051,15026,57.792308,54.042308
14052,15027,57.796154,54.046154
14053,15028,57.800000,54.050000
14054,15029,57.803846,54.053846
14055,15030,57.807692,54.057692
14056,15031,57.811538,54.061538
14057,15032,57.815385,54.065385
14058,15033,57.819231,54.069231
14059,15034,57.823077,54.073077
14060,15035,57.826923,54.076923
14061,15036,57.830769,54.080769
14062,15037,57.834615,54.084615
14063,15038,57.838462,54.088462
14064,15039,57.842308,54.092308
14065,15040,57.846154,54.096154
14066,15041,57.850000,54.100000
14067,15042,57.853846,54.103846
14068,15043,57.857692,54.107692
14069,15044,57.861538,54.111538
14070,15045,57.865385,54.115385
14071,15046,57.869231,54.119231
14072,15047,57.873077,54.123077
14073,15048,57.876923,54.126923
14074,15049,57.880769,54.130769
14075,15050,57.884615,54.134615
14076,15051,57.888462,54.138462
14077,15052,57.892308,54.142308
14078,15053,57.896154,54.146154
14079,15054,57.900000,54.150000
14080,15055,57.903846,54.153846
14081,15056,57.907692,54.157692
14082,15057,57.911538,54.161538
14083,15058,57.915385,54.165385
14084,15059,57.919231,54.169231
14085,15060,57.923077,54.173077
14086,15061,57.926923,54.176923
14087,15062,57.930769,54.180769
14088,15063,57.934615,54.184615
14089,15064,57.938462,54.188462
14090,15065,57.942308,54.192308
14091,15066,57.946154,54.196154
14092,15067,57.950000,54.200000
14093,15068,57.953846,54.203846
14094,15069,57.957692,54.207692
14095,15070,57.961538,54.211538
14096,15071,57.965385,54.215385
14097,15072,57.969231,54.219231
14098,15073,57.973077,54.223077
14099,15074,57.976923,54.226923
14100,15075,57.980769,54.230769
14101,15076,57.984615,54.234615
14102,15077,57.988462,54.238462
14103,15078,57.992308,54.242308
14104,15079,57.996154,54.246154
14105,15080,58.000000,54.250000
14106,15081,58.003846,54.253846
14107,15082,58.007692,54.257692
14108,15083,58.011538,54.261538
14109,15084,58.015385,54.265385
14110,15085,58.019231,54.269231
14111,15086,58.023077,54.273077
14112,15087,58.026923,54.276923
14113,15088,58.030769,54.280769
14114,15089,58.034615,54.284615
14115,15090,58.038462,54.288462
14116,15091,58.042308,54.292308
14117,15092,58.046154,54.296154
14118,15093,58.050000,54.300000
14119,15094,58.053846,54.303846
14120,15095,58.057692,54.307692
14121,15096,58.061538,54.311538
14122,15097,58.065385,54.315385
14123,15098,58.069231,54.319231
14124,15099,58.073077,54.323077
14125,15100,58.076923,54.326923
14126,15101,58.080769,54.330769
14127,15102,58.084615,54.334615
14128,15103,58.088462,54.338462
14129,15104,58.092308,54.342308
14130,15105,58.096154,54.346154
14131,15106,58.100000,54.350000
14132,15107,58.103846,54.353846
14133,15108,58.107692,54.357692
14134,15109,58.111538,54.361538
14135,15110,58.115385,54.365385
14136,15111,58.119231,54.369231
14137,15112,58.123077,54.373077
14138,15113,58.126923,54.376923
14139,15114,58.130769,54.380769
14140,15115,58.134615,54.384615
14141,15116,58.138462,54.388462
14142,15117,58.142308,54.392308
14143,15118,58.146154,54.396154
14144,15119,58.150000,54.400000
14145,15120,58.153846,54.403846
14146,15121,58.157692,54.407692
14147,15122,58.161538,54.411538
14148,15123,58.165385,54.415385
14149,15124,58.169231,54.419231
14150,15125,58.173077,54.423077
14151,15126,58.176923,54.426923
14152,15127,58.180769,54.430769
14153,15128,58.184615,54.434615
14154,15129,58.188462,54.438462
14155,15130,58.192308,54.442308
14156,15131,58.196154,54.446154
14157,15132,58.200000,54.450000
14158,15133,58.203846,54.453846
14159,15134,58.207692,54.457692
14160,15135,58.211538,54.461538
14161,15136,58.215385,54.465385
14162,15137,58.219231,54.469231
14163,15138,58.223077,54.473077
14164,15139,58.226923,54.476923
14165,15140,58.230769,54.480769
14166,15141,58.234615,54.484615
14167,15142,58.238462,54.488462
14168,15143,58.242308,54.492308
14169,15144,58.246154,54.496154
14170,15145,58.250000,54.500000
14171,15146,58.253846,54.503846
14172,15147,58.257692,54.507692
14173,15148,58.261538,54.511538
14174,15149,58.265385,54.515385
14175,15150,58.269231,54.519231
14176,15151,58.273077,54.523077
14177,15152,58.276923,54.526923
14178,15153,58.280769,54.530769
14179,15154,58.284615,54.534615
14180,15155,58.288462,54.538462
14181,15156,58.292308,54.542308
14182,15157,58.296154,54.546154
14183,15158,58.300000,54.550000
14184,15159,58.303846,54.553846
14185,15160,58.307692,54.557692
14186,15161,58.311538,54.561538
14187,15162,58.315385,54.565385
14188,15163,58.319231,54.569231
14189,15164,58.323077,54.573077
14190,15165,58.326923,54.576923
14191,15166,58.330769,54.580769
14192,15167,58.334615,54.584615
14193,15168,58.338462,54.588462
14194,15169,58.342308,54.592308
14195,15170,58.346154,54.596154
14196,15171,58.350000,54.600000
14197,15172,58.353846,54.603846
14198,15173,58.357692,54.607692
14199,15174,58.361538,54.611538
14200,15175,58.365385,54.615385
14201,15176,58.369231,54.619231
14202,15177,58.373077,54.623077
14203,15178,58.376923,54.626923
14204,15179,58.380769,54.630769
14205,15180,58.384615,54.634615
14206,15181,58.388462,54.638462
14207,15182,58.392308,54.642308
14208,15183,58.396154,54.646154
14209,15184,58.400000,54.650000
14210,15185,58.403846,54.653846
14211,15186,58.407692,54.657692
14212,15187,58.411538,54.661538
14213,15188,58.415385,54.665385
14214,15189,58.419231,54.669231
14215,15190,58.423077,54.673077
14216,15191,58.426923,54.676923
14217,15192,58.430769,54.680769
14218,15193,58.434615,54.684615
14219,15194,58.438462,54.688462
14220,15195,58.442308,54.692308
14221,15196,58.446154,54.696154
14222,15197,58.450000,54.700000
14223,15198,58.453846,54.703846
14224,15199,58.457692,54.707692
14225,15200,58.461538,54.711538
14226,15201,58.465385,54.715385
14227,15202,58.469231,54.719231
14228,15203,58.473077,54.723077
14229,15204,58.476923,54.726923
14230,15205,58.480769,54.730769
14231,15206,58.484615,54.734615
14232,15207,58.488462,54.738462
14233,15208,58.492308,54.742308
14234,15209,58.496154,54.746154
14235,15210,58.500000,54.750000
14236,15211,58.503846,54.753846
14237,15212,58.507692,54.757692
14238,15213,58.511538,54.761538
14239,15214,58.515385,54.765385
14240,15215,58.519231,54.769231
14241,15216,58.523077,54.773077
14242,15217,58.526923,54.776923
14243,15218,58.530769,54.780769
14244,15219,58.534615,54.784615
14245,15220,58.538462,54.788462
14246,15221,58.542308,54.792308
14247,15222,58.546154,54.796154
14248,15223,58.550000,54.800000
14249,15224,58.553846,54.803846
14250,15225,58.557692,54.807692
14251,15226,58.561538,54.811538
14252,15227,58.565385,54.815385
14253,15228,58.569231,54.819231
14254,15229,58.573077,54.823077
14255,15230,58.576923,54.826923
14256,15231,58.580769,54.830769
14257,15232,58.584615,54.834615
14258,15233,58.588462,54.838462
14259,15234,58.592308,54.842308
14260,15235,58.596154,54.846154
14261,15236,58.600000,54.850000
14262,15237,58.603846,54.853846
14263,15238,58.607692,54.857692
14264,15239,58.611538,54.861538
14265,15240,58.615385,54.865385
14266,15241,58.619231,54.869231
14267,15242,58.623077,54.873077
14268,15243,58.626923,54.876923
14269,15244,58.630769,54.880769
14270,15245,58.634615,54.884615
14271,15246,58.638462,54.888462
14272,15247,58.642308,54.892308
14273,15248,58.646154,54.896154
14274,15249,58.650000,54.900000
14275,15250,58.653846,54.903846
14276,15251,58.657692,54.907692
14277,15252,58.661538,54.911538
14278,15253,58.665385,54.915385
14279,15254,58.669231,54.919231
14280,15255,58.673077,54.923077
14281,15256,58.676923,54.926923
14282,15257,58.680769,54.930769
14283,15258,58.684615,54.934615
14284,15259,58.688462,54.938462
14285,15260,58.692308,54.942308
14286,15261,58.696154,54.946154
14287,15262,58.700000,54.950000
14288,15263,58.703846,54.953846
14289,15264,58.707692,54.957692
14290,15265,58.711538,54.961538
14291,15266,58.715385,54.965385
14292,15267,58.719231,54.969231
14293,15268,58.723077,54.973077
14294,15269,58.726923,54.976923
14295,15270,58.730769,54.980769
14296,15271,58.734615,54.984615
14297,15272,58.738462,54.988462
14298,15273,58.742308,54.992308
14299,15274,58.746154,54.996154
14300,15275,58.750000,55.000000
14301,15276,58.753846,55.003846
14302,15277,58.757692,55.007692
14303,15278,58.761538,55.011538
14304,15279,58.765385,55.015385
14305,15280,58.769231,55.019231
14306,15281,58.773077,55.023077
14307,15282,58.776923,55.026923
14308,15283,58.780769,55.030769
14309,15284,58.784615,55.034615
14310,15285,58.788462,55.038462
14311,15286,58.792308,55.042308
14312,15287,58.796154,55.046154
14313,15288,58.800000,55.050000
14314,15289,58.803846,55.053846
14315,15290,58.807692,55.057692
14316,15291,58.811538,55.061538
14317,15292,58.815385,55.065385
14318,15293,58.819231,55.069231
14319,15294,58.823077,55.073077
14320,15295,58.826923,55.076923
14321,15296,58.830769,55.080769
14322,15297,58.834615,55.084615
14323,15298,58.838462,55.088462
14324,15299,58.842308,55.092308
14325,15300,58.846154,55.096154
14326,15301,58.850000,55.100000
14327,15302,58.853846,55.103846
14328,15303,58.857692,55.107692
14329,15304,58.861538,55.111538
14330,15305,58.865385,55.115385
14331,15306,58.869231,55.119231
14332,15307,58.873077,55.123077
14333,15308,58.876923,55.126923
14334,15309,58.880769,55.130769
14335,15310,58.884615,55.134615
14336,15311,58.888462,55.138462
14337,15312,58.892308,55.142308
14338,15313,58.896154,55.146154
14339,15314,58.900000,55.150000
14340,15315,58.903846,55.153846
14341,15316,58.907692,55.157692
14342,15317,58.911538,55.161538
14343,15318,58.915385,55.165385
14344,15319,58.919231,55.169231
14345,15320,58.923077,55.173077
14346,15321,58.926923,55.176923
14347,15322,58.930769,55.180769
14348,15323,58.934615,55.184615
14349,15324,58.938462,55.188462
14350,15325,58.942308,55.192308
14351,15326,58.946154,55.196154
14352,15327,58.950000,55.200000
14353,15328,58.953846,55.203846
14354,15329,58.957692,55.207692
14355,15330,58.961538,55.211538
14356,15331,58.965385,55.215385
14357,15332,58.969231,55.219231
14358,15333,58.973077,55.223077
14359,15334,58.976923,55.226923
14360,15335,58.980769,55.230769
14361,15336,58.984615,55.234615
14362,15337,58.988462,55.238462
14363,15338,58.992308,55.242308
14364,15339,58.996154,55.246154
14365,15340,59.000000,55.250000
14366,15341,59.003846,55.253846
14367,15342,59.007692,55.257692
14368,15343,59.011538,55.261538
14369,15344,59.015385,55.265385
14370,15345,59.019231,55.269231
14371,15346,59.023077,55.273077
14372,15347,59.026923,55.276923
14373,15348,59.030769,55.280769
14374,15349,59.034615,55.284615
14375,15350,59.038462,55.288462
14376,15351,59.042308,55.292308
14377,15352,59.046154,55.296154
14378,15353,59.050000,55.300000
14379,15354,59.053846,55.303846
14380,15355,59.057692,55.307692
14381,15356,59.061538,55.311538
14382,15357,59.065385,55.315385
14383,15358,59.069231,55.319231
14384,15359,59.073077,55.323077
14385,15360,59.076923,55.326923
14386,15361,59.080769,55.330769
14387,15362,59.084615,55.334615
14388,15363,59.088462,55.338462
14389,15364,59.092308,55.342308
14390,15365,59.096154,55.346154
14391,15366,59.100000,55.350000
14392,15367,59.103846,55.353846
14393,15368,59.107692,55.357692
14394,15369,59.111538,55.361538
14395,15370,59.115385,55.365385
14396,15371,59.119231,55.369231
14397,15372,59.123077,55.373077
14398,15373,59.126923,55.376923
14399,15374,59.130769,55.380769
14400,15375,59.134615,55.384615
14401,15376,59.138462,55.388462
14402,15377,59.142308,55.392308
14403,15378,59.146154,55.396154
14404,15379,59.150000,55.400000
14405,15380,59.153846,55.403846
14406,15381,59.157692,55.407692
14407,15382,59.161538,55.411538
14408,15383,59.165385,55.415385
14409,15384,59.169231,55.419231
14410,15385,59.173077,55.423077
14411,15386,59.176923,55.426923
14412,15387,59.180769,55.430769
14413,15388,59.184615,55.434615
14414,15389,59.188462,55.438462
14415,15390,59.192308,55.442308
14416,15391,59.196154,55.446154
14417,15392,59.200000,55.450000
14418,15393,59.203846,55.453846
14419,15394,59.207692,55.457692
14420,15395,59.211538,55.461538
14421,15396,59.215385,55.465385
14422,15397,59.219231,55.469231
14423,15398,59.223077,55.473077
14424,15399,59.226923,55.476923
14425,15400,59.230769,55.480769
14426,15401,59.234615,55.484615
14427,15402,59.238462,55.488462
14428,15403,59.242308,55.492308
14429,15404,59.246154,55.496154
14430,15405,59.250000,55.500000
14431,15406,59.253846,55.503846
14432,15407,59.257692,55.507692
14433,15408,59.261538,55.511538
14434,15409,59.265385,55.515385
14435,15410,59.269231,55.519231
14436,15411,59.273077,55.523077
14437,15412,59.276923,55.526923
14438,15413,59.280769,55.530769
14439,15414,59.284615,55.534615
14440,15415,59.288462,55.538462
14441,15416,59.292308,55.542308
14442,15417,59.296154,55.546154
14443,15418,59.300000,55.550000
14444,15419,59.303846,55.553846
14445,15420,59.307692,55.557692
14446,15421,59.311538,55.561538
14447,15422,59.315385,55.565385
14448,15423,59.319231,55.569231
14449,15424,59.323077,55.573077
14450,15425,59.326923,55.576923
14451,15426,59.330769,55.580769
14452,15427,59.334615,55.584615
14453,15428,59.338462,55.588462
14454,15429,59.342308,55.592308
14455,15430,59.346154,55.596154
14456,15431,59.350000,55.600000
14457,15432,59.353846,55.603846
14458,15433,59.357692,55.607692
14459,15434,59.361538,55.611538
14460,15435,59.365385,55.615385
14461,15436,59.369231,55.619231
14462,15437,59.373077,55.623077
14463,15438,59.376923,55.626923
14464,15439,59.380769,55.630769
14465,15440,59.384615,55.634615
14466,15441,59.388462,55.638462
14467,15442,59.392308,55.642308
14468,15443,59.396154,55.646154
14469,15444,59.400000,55.650000
14470,15445,59.403846,55.653846
14471,15446,59.407692,55.657692
14472,15447,59.411538,55.661538
14473,15448,59.415385,55.665385
14474,15449,59.419231,55.669231
14475,15450,59.423077,55.673077
14476,15451,59.426923,55.676923
14477,15452,59.430769,55.680769
14478,15453,59.434615,55.684615
14479,15454,59.438462,55.688462
14480,15455,59.442308,55.692308
14481,15456,59.446154,55.696154
14482,15457,59.450000,55.700000
14483,15458,59.453846,55.703846
14484,15459,59.457692,55.707692
14485,15460,59.461538,55.711538
14486,15461,59.465385,55.715385
14487,15462,59.469231,55.719231
14488,15463,59.473077,55.723077
14489,15464,59.476923,55.726923
14490,15465,59.480769,55.730769
14491,15466,59.484615,55.734615
14492,15467,59.488462,55.738462
14493,15468,59.492308,55.742308
14494,15469,59.496154,55.746154
14495,15470,59.500000,55.750000
14496,15471,59.503846,55.753846
14497,15472,59.507692,55.757692
14498,15473,59.511538,55.761538
14499,15474,59.515385,55.765385
14500,15475,59.519231,55.769231
14501,15476,59.523077,55.773077
14502,15477,59.526923,55.776923
14503,15478,59.530769,55.780769
14504,15479,59.534615,55.784615
14505,15480,59.538462,55.788462
14506,15481,59.542308,55.792308
14507,15482,59.546154,55.796154
14508,15483,59.550000,55.800000
14509,15484,59.553846,55.803846
14510,15485,59.557692,55.807692
14511,15486,59.561538,55.811538
14512,15487,59.565385,55.815385
14513,15488,59.569231,55.819231
14514,15489,59.573077,55.823077
14515,15490,59.576923,55.826923
14516,15491,59.580769,55.830769
14517,15492,59.584615,55.834615
14518,15493,59.588462,55.838462
14519,15494,59.592308,55.842308
14520,15495,59.596154,55.846154
14521,15496,59.600000,55.850000
14522,15497,59.603846,55.853846
14523,15498,59.607692,55.857692
14524,15499,59.611538,55.861538
14525,15500,59.615385,55.865385
14526,15501,59.619231,55.869231
14527,15502,59.623077,55.873077
14528,15503,59.626923,55.876923
14529,15504,59.630769,55.880769
14530,15505,59.634615,55.884615
14531,15506,59.638462,55.888462
14532,15507,59.642308,55.892308
14533,15508,59.646154,55.896154
14534,15509,59.650000,55.900000
14535,15510,59.653846,55.903846
14536,15511,59.657692,55.907692
14537,15512,59.661538,55.911538
14538,15513,59.665385,55.915385
14539,15514,59.669231,55.919231
14540,15515,59.673077,55.923077
14541,15516,59.676923,55.926923
14542,15517,59.680769,55.930769
14543,15518,59.684615,55.934615
14544,15519,59.688462,55.938462
14545,15520,59.692308,55.942308
14546,15521,59.696154,55.946154
14547,15522,59.700000,55.950000
14548,15523,59.703846,55.953846
14549,15524,59.707692,55.957692
14550,15525,59.711538,55.961538
14551,15526,59.715385,55.965385
14552,15527,59.719231,55.969231
14553,15528,59.723077,55.973077
14554,15529,59.726923,55.976923
14555,15530,59.730769,55.980769
14556,15531,59.734615,55.984615
14557,15532,59.738462,55.988462
14558,15533,59.742308,55.992308
14559,15534,59.746154,55.996154
14560,15535,59.750000,56.000000
14561,15536,59.753846,56.003846
14562,15537,59.757692,56.007692
14563,15538,59.761538,56.011538
14564,15539,59.765385,56.015385
14565,15540,59.769231,56.019231
14566,15541,59.773077,56.023077
14567,15542,59.776923,56.026923
14568,15543,59.780769,56.030769
14569,15544,59.784615,56.034615
14570,15545,59.788462,56.038462
14571,15546,59.792308,56.042308
14572,15547,59.796154,56.046154
14573,15548,59.800000,56.050000
14574,15549,59.803846,56.053846
14575,15550,59.807692,56.057692
14576,15551,59.811538,56.061538
14577,15552,59.815385,56.065385
14578,15553,59.819231,56.069231
14579,15554,59.823077,56.073077
14580,15555,59.826923,56.076923
14581,15556,59.830769,56.080769
14582,15557,59.834615,56.084615
14583,15558,59.838462,56.088462
14584,15559,59.842308,56.092308
14585,15560,59.846154,56.096154
14586,15561,59.850000,56.100000
14587,15562,59.853846,56.103846
14588,15563,59.857692,56.107692
14589,15564,59.861538,56.111538
14590,15565,59.865385,56.115385
14591,15566,59.869231,56.119231
14592,15567,59.873077,56.123077
14593,15568,59.876923,56.126923
14594,15569,59.880769,56.130769
14595,15570,59.884615,56.134615
14596,15571,59.888462,56.138462
14597,15572,59.892308,56.142308
14598,15573,59.896154,56.146154
14599,15574,59.900000,56.150000
14600,15575,59.903846,56.153846
14601,15576,59.907692,56.157692
14602,15577,59.911538,56.161538
14603,15578,59.915385,56.165385
14604,15579,59.919231,56.169231
14605,15580,59.923077,56.173077
14606,15581,59.926923,56.176923
14607,15582,59.930769,56.180769
14608,15583,59.934615,56.184615
14609,15584,59.938462,56.188462
14610,15585,59.942308,56.192308
14611,15586,59.946154,56.196154
14612,15587,59.950000,56.200000
14613,15588,59.953846,56.203846
14614,15589,59.957692,56.207692
14615,15590,59.961538,56.211538
14616,15591,59.965385,56.215385
14617,15592,59.969231,56.219231
14618,15593,59.973077,56.223077
14619,15594,59.976923,56.226923
14620,15595,59.980769,56.230769
14621,15596,59.984615,56.234615
14622,15597,59.988462,56.238462
14623,15598,59.992308,56.242308
14624,15599,59.996154,56.246154
14625,15600,60.000000,56.250000
14626,15601,60.003846,56.253846
14627,15602,60.007692,56.257692
14628,15603,60.011538,56.261538
14629,15604,60.015385,56.265385
14630,15605,60.019231,56.269231
14631,15606,60.023077,56.273077
14632,15607,60.026923,56.276923
14633,15608,60.030769,56.280769
14634,15609,60.034615,56.284615
14635,15610,60.038462,56.288462
14636,15611,60.042308,56.292308
14637,15612,60.046154,56.296154
14638,15613,60.050000,56.300000
14639,15614,60.053846,56.303846
14640,15615,60.057692,56.307692
14641,15616,60.061538,56.311538
14642,15617,60.065385,56.315385
14643,15618,60.069231,56.319231
14644,15619,60.073077,56.323077
14645,15620,60.076923,56.326923
14646,15621,60.080769,56.330769
14647,15622,60.084615,56.334615
14648,15623,60.088462,56.338462
14649,15624,60.092308,56.342308
14650,15625,60.096154,56.346154
14651,15626,60.100000,56.350000
14652,15627,60.103846,56.353846
14653,15628,60.107692,56.357692
14654,15629,60.111538,56.361538
14655,15630,60.115385,56.365385
14656,15631,60.119231,56.369231
14657,15632,60.123077,56.373077
14658,15633,60.126923,56.376923
14659,15634,60.130769,56.380769
14660,15635,60.134615,56.384615
14661,15636,60.138462,56.388462
14662,15637,60.142308,56.392308
14663,15638,60.146154,56.396154
14664,15639,60.150000,56.400000
14665,15640,60.153846,56.403846
14666,15641,60.157692,56.407692
14667,15642,60.161538,56.411538
14668,15643,60.165385,56.415385
14669,15644,60.169231,56.419231
14670,15645,60.173077,56.423077
14671,15646,60.176923,56.426923
14672,15647,60.180769,56.430769
14673,15648,60.184615,56.434615
14674,15649,60.188462,56.438462
14675,15650,60.192308,56.442308
14676,15651,60.196154,56.446154
14677,15652,60.200000,56.450000
14678,15653,60.203846,56.453846
14679,15654,60.207692,56.457692
14680,15655,60.211538,56.461538
14681,15656,60.215385,56.465385
14682,15657,60.219231,56.469231
14683,15658,60.223077,56.473077
14684,15659,60.226923,56.476923
14685,15660,60.230769,56.480769
14686,15661,60.234615,56.484615
14687,15662,60.238462,56.488462
14688,15663,60.242308,56.492308
14689,15664,60.246154,56.496154
14690,15665,60.250000,56.500000
14691,15666,60.253846,56.503846
14692,15667,60.257692,56.507692
14693,15668,60.261538,56.511538
14694,15669,60.265385,56.515385
14695,15670,60.269231,56.519231
14696,15671,60.273077,56.523077
14697,15672,60.276923,56.526923
14698,15673,60.280769,56.530769
14699,15674,60.284615,56.534615
14700,15675,60.288462,56.538462
14701,15676,60.292308,56.542308
14702,15677,60.296154,56.546154
14703,15678,60.300000,56.550000
14704,15679,60.303846,56.553846
14705,15680,60.307692,56.557692
14706,15681,60.311538,56.561538
14707,15682,60.315385,56.565385
14708,15683,60.319231,56.569231
14709,15684,60.323077,56.573077
14710,15685,60.326923,56.576923
14711,15686,60.330769,56.580769
14712,15687,60.334615,56.584615
14713,15688,60.338462,56.588462
14714,15689,60.342308,56.592308
14715,15690,60.346154,56.596154
14716,15691,60.350000,56.600000
14717,15692,60.353846,56.603846
14718,15693,60.357692,56.607692
14719,15694,60.361538,56.611538
14720,15695,60.365385,56.615385
14721,15696,60.369231,56.619231
14722,15697,60.373077,56.623077
14723,15698,60.376923,56.626923
14724,15699,60.380769,56.630769
14725,15700,60.384615,56.634615
14726,15701,60.388462,56.638462
14727,15702,60.392308,56.642308
14728,15703,60.396154,56.646154
14729,15704,60.400000,56.650000
14730,15705,60.403846,56.653846
14731,15706,60.407692,56.657692
14732,15707,60.411538,56.661538
14733,15708,60.415385,56.665385
14734,15709,60.419231,56.669231
14735,15710,60.423077,56.673077
14736,15711,60.426923,56.676923
14737,15712,60.430769,56.680769
14738,15713,60.434615,56.684615
14739,15714,60.438462,56.688462
14740,15715,60.442308,56.692308
14741,15716,60.446154,56.696154
14742,15717,60.450000,56.700000
14743,15718,60.453846,56.703846
14744,15719,60.457692,56.707692
14745,15720,60.461538,56.711538
14746,15721,60.465385,56.715385
14747,15722,60.469231,56.719231
14748,15723,60.473077,56.723077
14749,15724,60.476923,56.726923
14750,15725,60.480769,56.730769
14751,15726,60.484615,56.734615
14752,15727,60.488462,56.738462
14753,15728,60.492308,56.742308
14754,15729,60.496154,56.746154
14755,15730,60.500000,56.750000
14756,15731,60.503846,56.753846
14757,15732,60.507692,56.757692
14758,15733,60.511538,56.761538
14759,15734,60.515385,56.765385
14760,15735,60.519231,56.769231
14761,15736,60.523077,56.773077
14762,15737,60.526923,56.776923
14763,15738,60.530769,56.780769
14764,15739,60.534615,56.784615
14765,15740,60.538462,56.788462
14766,15741,60.542308,56.792308
14767,15742,60.546154,56.796154
14768,15743,60.550000,56.800000
14769,15744,60.553846,56.803846
14770,15745,60.557692,56.807692
14771,15746,60.561538,56.811538
14772,15747,60.565385,56.815385
14773,15748,60.569231,56.819231
14774,15749,60.573077,56.823077
14775,15750,60.576923,56.826923
14776,15751,60.580769,56.830769
14777,15752,60.584615,56.834615
14778,15753,60.588462,56.838462
14779,15754,60.592308,56.842308
14780,15755,60.596154,56.846154
14781,15756,60.600000,56.850000
14782,15757,60.603846,56.853846
14783,15758,60.607692,56.857692
14784,15759,60.611538,56.861538
14785,15760,60.615385,56.865385
14786,15761,60.619231,56.869231
14787,15762,60.623077,56.873077
14788,15763,60.626923,56.876923
14789,15764,60.630769,56.880769
14790,15765,60.634615,56.884615
14791,15766,60.638462,56.888462
14792,15767,60.642308,56.892308
14793,15768,60.646154,56.896154
14794,15769,60.650000,56.900000
14795,15770,60.653846,56.903846
14796,15771,60.657692,56.907692
14797,15772,60.661538,56.911538
14798,15773,60.665385,56.915385
14799,15774,60.669231,56.919231
14800,15775,60.673077,56.923077
14801,15776,60.676923,56.926923
14802,15777,60.680769,56.930769
14803,15778,60.684615,56.934615
14804,15779,60.688462,56.938462
14805,15780,60.692308,56.942308
14806,15781,60.696154,56.946154
14807,15782,60.700000,56.950000
14808,15783,60.703846,56.953846
14809,15784,60.707692,56.957692
14810,15785,60.711538,56.961538
14811,15786,60.715385,56.965385
14812,15787,60.719231,56.969231
14813,15788,60.723077,56.973077
14814,15789,60.726923,56.976923
14815,15790,60.730769,56.980769
14816,15791,60.734615,56.984615
14817,15792,60.738462,56.988462
14818,15793,60.742308,56.992308
14819,15794,60.746154,56.996154
14820,15795,60.750000,57.000000
14821,15796,60.753846,57.003846
14822,15797,60.757692,57.007692
14823,15798,60.761538,57.011538
14824,15799,60.765385,57.015385
14825,15800,60.769231,57.019231
14826,15801,60.773077,57.023077
14827,15802,60.776923,57.026923
14828,15803,60.780769,57.030769
14829,15804,60.784615,57.034615
14830,15805,60.788462,57.038462
14831,15806,60.792308,57.042308
14832,15807,60.796154,57.046154
14833,15808,60.800000,57.050000
14834,15809,60.803846,57.053846
14835,15810,60.807692,57.057692
14836,15811,60.811538,57.061538
14837,15812,60.815385,57.065385
14838,15813,60.819231,57.069231
14839,15814,60.823077,57.073077
14840,15815,60.826923,57.076923
14841,15816,60.830769,57.080769
14842,15817,60.834615,57.084615
14843,15818,60.838462,57.088462
14844,15819,60.842308,57.092308
14845,15820,60.846154,57.096154
14846,15821,60.850000,57.100000
14847,15822,60.853846,57.103846
14848,15823,60.857692,57.107692
14849,15824,60.861538,57.111538
14850,15825,60.865385,57.115385
14851,15826,60.869231,57.119231
14852,15827,60.873077,57.123077
14853,15828,60.876923,57.126923
14854,15829,60.880769,57.130769
14855,15830,60.884615,57.134615
14856,15831,60.888462,57.138462
14857,15832,60.892308,57.142308
14858,15833,60.896154,57.146154
14859,15834,60.900000,57.150000
14860,15835,60.903846,57.153846
14861,15836,60.907692,57.157692
14862,15837,60.911538,57.161538
14863,15838,60.915385,57.165385
14864,15839,60.919231,57.169231
14865,15840,60.923077,57.173077
14866,15841,60.926923,57.176923
14867,15842,60.930769,57.180769
14868,15843,60.934615,57.184615
14869,15844,60.938462,57.188462
14870,15845,60.942308,57.192308
14871,15846,60.946154,57.196154
14872,15847,60.950000,57.200000
14873,15848,60.953846,57.203846
14874,15849,60.957692,57.207692
14875,15850,60.961538,57.211538
14876,15851,60.965385,57.215385
14877,15852,60.969231,57.219231
14878,15853,60.973077,57.223077
14879,15854,60.976923,57.226923
14880,15855,60.980769,57.230769
14881,15856,60.984615,57.234615
14882,15857,60.988462,57.238462
14883,15858,60.992308,57.242308
14884,15859,60.996154,57.246154
14885,15860,61.000000,57.250000
14886,15861,61.003846,57.253846
14887,15862,61.007692,57.257692
14888,15863,61.011538,57.261538
14889,15864,61.015385,57.265385
14890,15865,61.019231,57.269231
14891,15866,61.023077,57.273077
14892,15867,61.026923,57.276923
14893,15868,61.030769,57.280769
14894,15869,61.034615,57.284615
14895,15870,61.038462,57.288462
14896,15871,61.042308,57.292308
14897,15872,61.046154,57.296154
14898,15873,61.050000,57.300000
14899,15874,61.053846,57.303846
14900,15875,61.057692,57.307692
14901,15876,61.061538,57.311538
14902,15877,61.065385,57.315385
14903,15878,61.069231,57.319231
14904,15879,61.073077,57.323077
14905,15880,61.076923,57.326923
14906,15881,61.080769,57.330769
14907,15882,61.084615,57.334615
14908,15883,61.088462,57.338462
14909,15884,61.092308,57.342308
14910,15885,61.096154,57.346154
14911,15886,61.100000,57.350000
14912,15887,61.103846,57.353846
14913,15888,61.107692,57.357692
14914,15889,61.111538,57.361538
14915,15890,61.115385,57.365385
14916,15891,61.119231,57.369231
14917,15892,61.123077,57.373077
14918,15893,61.126923,57.376923
14919,15894,61.130769,57.380769
14920,15895,61.134615,57.384615
14921,15896,61.138462,57.388462
14922,15897,61.142308,57.392308
14923,15898,61.146154,57.396154
14924,15899,61.150000,57.400000
14925,15900,61.153846,57.403846
14926,15901,61.157692,57.407692
14927,15902,61.161538,57.411538
14928,15903,61.165385,57.415385
14929,15904,61.169231,57.419231
14930,15905,61.173077,57.423077
14931,15906,61.176923,57.426923
14932,15907,61.180769,57.430769
14933,15908,61.184615,57.434615
14934,15909,61.188462,57.438462
14935,15910,61.192308,57.442308
14936,15911,61.196154,57.446154
14937,15912,61.200000,57.450000
14938,15913,61.203846,57.453846
14939,15914,61.207692,57.457692
14940,15915,61.211538,57.461538
14941,15916,61.215385,57.465385
14942,15917,61.219231,57.469231
14943,15918,61.223077,57.473077
14944,15919,61.226923,57.476923
14945,15920,61.230769,57.480769
14946,15921,61.234615,57.484615
14947,15922,61.238462,57.488462
14948,15923,61.242308,57.492308
14949,15924,61.246154,57.496154
14950,15925,61.250000,57.500000
14951,15926,61.253846,57.503846
14952,15927,61.257692,57.507692
14953,15928,61.261538,57.511538
14954,15929,61.265385,57.515385
14955,15930,61.269231,57.519231
14956,15931,61.273077,57.523077
14957,15932,61.276923,57.526923
14958,15933,61.280769,57.530769
14959,15934,61.284615,57.534615
14960,15935,61.288462,57.538462
14961,15936,61.292308,57.542308
14962,15937,61.296154,57.546154
14963,15938,61.300000,57.550000
14964,15939,61.303846,57.553846
14965,15940,61.307692,57.557692
14966,15941,61.311538,57.561538
14967,15942,61.315385,57.565385
14968,15943,61.319231,57.569231
14969,15944,61.323077,57.573077
14970,15945,61.326923,57.576923
14971,15946,61.330769,57.580769
14972,15947,61.334615,57.584615
14973,15948,61.338462,57.588462
14974,15949,61.342308,57.592308
14975,15950,61.346154,57.596154
14976,15951,61.350000,57.600000
14977,15952,61.353846,57.603846
14978,15953,61.357692,57.607692
14979,15954,61.361538,57.611538
14980,15955,61.365385,57.615385
14981,15956,61.369231,57.619231
14982,15957,61.373077,57.623077
14983,15958,61.376923,57.626923
14984,15959,61.380769,57.630769
14985,15960,61.384615,57.634615
14986,15961,61.388462,57.638462
14987,15962,61.392308,57.642308
14988,15963,61.396154,57.646154
14989,15964,61.400000,57.650000
14990,15965,61.403846,57.653846
14991,15966,61.407692,57.657692
14992,15967,61.411538,57.661538
14993,15968,61.415385,57.665385
14994,15969,61.419231,57.669231
14995,15970,61.423077,57.673077
14996,15971,61.426923,57.676923
14997,15972,61.430769,57.680769
14998,15973,61.434615,57.684615
14999,15974,61.438462,57.688462
15000,15975,61.442308,57.692308
15001,15976,61.446154,57.696154
15002,15977,61.450000,57.700000
15003,15978,61.453846,57.703846
15004,15979,61.457692,57.707692
15005,15980,61.461538,57.711538
15006,15981,61.465385,57.715385
15007,15982,61.469231,57.719231
15008,15983,61.473077,57.723077
15009,15984,61.476923,57.726923
15010,15985,61.480769,57.730769
15011,15986,61.484615,57.734615
15012,15987,61.488462,57.738462
15013,15988,61.492308,57.742308
15014,15989,61.496154,57.746154
15015,15990,61.500000,57.750000
15016,15991,61.503846,57.753846
15017,15992,61.507692,57.757692
15018,15993,61.511538,57.761538
15019,15994,61.515385,57.765385
15020,15995,61.519231,57.769231
15021,15996,61.523077,57.773077
15022,15997,61.526923,57.776923
15023,15998,61.530769,57.780769
15024,15999,61.534615,57.784615
15025,16000,61.538462,57.788462
15026,16001,61.542308,57.792308
15027,16002,61.546154,57.796154
15028,16003,61.550000,57.800000
15029,16004,61.553846,57.803846
15030,16005,61.557692,57.807692
15031,16006,61.561538,57.811538
15032,16007,61.565385,57.815385
15033,16008,61.569231,57.819231
15034,16009,61.573077,57.823077
15035,16010,61.576923,57.826923
15036,16011,61.580769,57.830769
15037,16012,61.584615,57.834615
15038,16013,61.588462,57.838462
15039,16014,61.592308,57.842308
15040,16015,61.596154,57.846154
15041,16016,61.600000,57.850000
15042,16017,61.603846,57.853846
15043,16018,61.607692,57.857692
15044,16019,61.611538,57.861538
15045,16020,61.615385,57.865385
15046,16021,61.619231,57.869231
15047,16022,61.623077,57.873077
15048,16023,61.626923,57.876923
15049,16024,61.630769,57.880769
15050,16025,61.634615,57.884615
15051,16026,61.638462,57.888462
15052,16027,61.642308,57.892308
15053,16028,61.646154,57.896154
15054,16029,61.650000,57.900000
15055,16030,61.653846,57.903846
15056,16031,61.657692,57.907692
15057,16032,61.661538,57.911538
15058,16033,61.665385,57.915385
15059,16034,61.669231,57.919231
15060,16035,61.673077,57.923077
15061,16036,61.676923,57.926923
15062,16037,61.680769,57.930769
15063,16038,61.684615,57.934615
15064,16039,61.688462,57.938462
15065,16040,61.692308,57.942308
15066,16041,61.696154,57.946154
15067,16042,61.700000,57.950000
15068,16043,61.703846,57.953846
15069,16044,61.707692,57.957692
15070,16045,61.711538,57.961538
15071,16046,61.715385,57.965385
15072,16047,61.719231,57.969231
15073,16048,61.723077,57.973077
15074,16049,61.726923,57.976923
15075,16050,61.730769,57.980769
15076,16051,61.734615,57.984615
15077,16052,61.738462,57.988462
15078,16053,61.742308,57.992308
15079,16054,61.746154,57.996154
15080,16055,61.750000,58.000000
15081,16056,61.753846,58.003846
15082,16057,61.757692,58.007692
15083,16058,61.761538,58.011538
15084,16059,61.765385,58.015385
15085,16060,61.769231,58.019231
15086,16061,61.773077,58.023077
15087,16062,61.776923,58.026923
15088,16063,61.780769,58.030769
15089,16064,61.784615,58.034615
15090,16065,61.788462,58.038462
15091,16066,61.792308,58.042308
15092,16067,61.796154,58.046154
15093,16068,61.800000,58.050000
15094,16069,61.803846,58.053846
15095,16070,61.807692,58.057692
15096,16071,61.811538,58.061538
15097,16072,61.815385,58.065385
15098,16073,61.819231,58.069231
15099,16074,61.823077,58.073077
15100,16075,61.826923,58.076923
15101,16076,61.830769,58.080769
15102,16077,61.834615,58.084615
15103,16078,61.838462,58.088462
15104,16079,61.842308,58.092308
15105,16080,61.846154,58.096154
15106,16081,61.850000,58.100000
15107,16082,61.853846,58.103846
15108,16083,61.857692,58.107692
15109,16084,61.861538,58.111538
15110,16085,61.865385,58.115385
15111,16086,61.869231,58.119231
15112,16087,61.873077,58.123077
15113,16088,61.876923,58.126923
15114,16089,61.880769,58.130769
15115,16090,61.884615,58.134615
15116,16091,61.888462,58.138462
15117,16092,61.892308,58.142308
15118,16093,61.896154,58.146154
15119,16094,61.900000,58.150000
15120,16095,61.903846,58.153846
15121,16096,61.907692,58.157692
15122,16097,61.911538,58.161538
15123,16098,61.915385,58.165385
15124,16099,61.919231,58.169231
15125,16100,61.923077,58.173077
15126,16101,61.926923,58.176923
15127,16102,61.930769,58.180769
15128,16103,61.934615,58.184615
15129,16104,61.938462,58.188462
15130,16105,61.942308,58.192308
15131,16106,61.946154,58.196154
15132,16107,61.950000,58.200000
15133,16108,61.953846,58.203846
15134,16109,61.957692,58.207692
15135,16110,61.961538,58.211538
15136,16111,61.965385,58.215385
15137,16112,61.969231,58.219231
15138,16113,61.973077,58.223077
15139,16114,61.976923,58.226923
15140,16115,61.980769,58.230769
15141,16116,61.984615,58.234615
15142,16117,61.988462,58.238462
15143,16118,61.992308,58.242308
15144,16119,61.996154,58.246154
15145,16120,62.000000,58.250000
15146,16121,62.003846,58.253846
15147,16122,62.007692,58.257692
15148,16123,62.011538,58.261538
15149,16124,62.015385,58.265385
15150,16125,62.019231,58.269231
15151,16126,62.023077,58.273077
15152,16127,62.026923,58.276923
15153,16128,62.030769,58.280769
15154,16129,62.034615,58.284615
15155,16130,62.038462,58.288462
15156,16131,62.042308,58.292308
15157,16132,62.046154,58.296154
15158,16133,62.050000,58.300000
15159,16134,62.053846,58.303846
15160,16135,62.057692,58.307692
15161,16136,62.061538,58.311538
15162,16137,62.065385,58.315385
15163,16138,62.069231,58.319231
15164,16139,62.073077,58.323077
15165,16140,62.076923,58.326923
15166,16141,62.080769,58.330769
15167,16142,62.084615,58.334615
15168,16143,62.088462,58.338462
15169,16144,62.092308,58.342308
15170,16145,62.096154,58.346154
15171,16146,62.100000,58.350000
15172,16147,62.103846,58.353846
15173,16148,62.107692,58.357692
15174,16149,62.111538,58.361538
15175,16150,62.115385,58.365385
15176,16151,62.119231,58.369231
15177,16152,62.123077,58.373077
15178,16153,62.126923,58.376923
15179,16154,62.130769,58.380769
15180,16155,62.134615,58.384615
15181,16156,62.138462,58.388462
15182,16157,62.142308,58.392308
15183,16158,62.146154,58.396154
15184,16159,62.150000,58.400000
15185,16160,62.153846,58.403846
15186,16161,62.157692,58.407692
15187,16162,62.161538,58.411538
15188,16163,62.165385,58.415385
15189,16164,62.169231,58.419231
15190,16165,62.173077,58.423077
15191,16166,62.176923,58.426923
15192,16167,62.180769,58.430769
15193,16168,62.184615,58.434615
15194,16169,62.188462,58.438462
15195,16170,62.192308,58.442308
15196,16171,62.196154,58.446154
15197,16172,62.200000,58.450000
15198,16173,62.203846,58.453846
15199,16174,62.207692,58.457692
15200,16175,62.211538,58.461538
15201,16176,62.215385,58.465385
15202,16177,62.219231,58.469231
15203,16178,62.223077,58.473077
15204,16179,62.226923,58.476923
15205,16180,62.230769,58.480769
15206,16181,62.234615,58.484615
15207,16182,62.238462,58.488462
15208,16183,62.242308,58.492308
15209,16184,62.246154,58.496154
15210,16185,62.250000,58.500000
15211,16186,62.253846,58.503846
15212,16187,62.257692,58.507692
15213,16188,62.261538,58.511538
15214,16189,62.265385,58.515385
15215,16190,62.269231,58.519231
15216,16191,62.273077,58.523077
15217,16192,62.276923,58.526923
15218,16193,62.280769,58.530769
15219,16194,62.284615,58.534615
15220,16195,62.288462,58.538462
15221,16196,62.292308,58.542308
15222,16197,62.296154,58.546154
15223,16198,62.300000,58.550000
15224,16199,62.303846,58.553846
15225,16200,62.307692,58.557692
15226,16201,62.311538,58.561538
15227,16202,62.315385,58.565385
15228,16203,62.319231,58.569231
15229,16204,62.323077,58.573077
15230,16205,62.326923,58.576923
15231,16206,62.330769,58.580769
15232,16207,62.334615,58.584615
15233,16208,62.338462,58.588462
15234,16209,62.342308,58.592308
15235,16210,62.346154,58.596154
15236,16211,62.350000,58.600000
15237,16212,62.353846,58.603846
15238,16213,62.357692,58.607692
15239,16214,62.361538,58.611538
15240,16215,62.365385,58.615385
15241,16216,62.369231,58.619231
15242,16217,62.373077,58.623077
15243,16218,62.376923,58.626923
15244,16219,62.380769,58.630769
15245,16220,62.384615,58.634615
15246,16221,62.388462,58.638462
15247,16222,62.392308,58.642308
15248,16223,62.396154,58.646154
15249,16224,62.400000,58.650000
15250,16225,62.403846,58.653846
15251,16226,62.407692,58.657692
15252,16227,62.411538,58.661538
15253,16228,62.415385,58.665385
15254,16229,62.419231,58.669231
15255,16230,62.423077,58.673077
15256,16231,62.426923,58.676923
15257,16232,62.430769,58.680769
15258,16233,62.434615,58.684615
15259,16234,62.438462,58.688462
15260,16235,62.442308,58.692308
15261,16236,62.446154,58.696154
15262,16237,62.450000,58.700000
15263,16238,62.453846,58.703846
15264,16239,62.457692,58.707692
15265,16240,62.461538,58.711538
15266,16241,62.465385,58.715385
15267,16242,62.469231,58.719231
15268,16243,62.473077,58.723077
15269,16244,62.476923,58.726923
15270,16245,62.480769,58.730769
15271,16246,62.484615,58.734615
15272,16247,62.488462,58.738462
15273,16248,62.492308,58.742308
15274,16249,62.496154,58.746154
15275,16250,62.500000,58.750000
15276,16251,62.503846,58.753846
15277,16252,62.507692,58.757692
15278,16253,62.511538,58.761538
15279,16254,62.515385,58.765385
15280,16255,62.519231,58.769231
15281,16256,62.523077,58.773077
15282,16257,62.526923,58.776923
15283,16258,62.530769,58.780769
15284,16259,62.534615,58.784615
15285,16260,62.538462,58.788462
15286,16261,62.542308,58.792308
15287,16262,62.546154,58.796154
15288,16263,62.550000,58.800000
15289,16264,62.553846,58.803846
15290,16265,62.557692,58.807692
15291,16266,62.561538,58.811538
15292,16267,62.565385,58.815385
15293,16268,62.569231,58.819231
15294,16269,62.573077,58.823077
15295,16270,62.576923,58.826923
15296,16271,62.580769,58.830769
15297,16272,62.584615,58.834615
15298,16273,62.588462,58.838462
15299,16274,62.592308,58.842308
15300,16275,62.596154,58.846154
15301,16276,62.600000,58.850000
15302,16277,62.603846,58.853846
15303,16278,62.607692,58.857692
15304,16279,62.611538,58.861538
15305,16280,62.615385,58.865385
15306,16281,62.619231,58.869231
15307,16282,62.623077,58.873077
15308,16283,62.626923,58.876923
15309,16284,62.630769,58.880769
15310,16285,62.634615,58.884615
15311,16286,62.638462,58.888462
15312,16287,62.642308,58.892308
15313,16288,62.646154,58.896154
15314,16289,62.650000,58.900000
15315,16290,62.653846,58.903846
15316,16291,62.657692,58.907692
15317,16292,62.661538,58.911538
15318,16293,62.665385,58.915385
15319,16294,62.669231,58.919231
15320,16295,62.673077,58.923077
15321,16296,62.676923,58.926923
15322,16297,62.680769,58.930769
15323,16298,62.684615,58.934615
15324,16299,62.688462,58.938462
15325,16300,62.692308,58.942308
15326,16301,62.696154,58.946154
15327,16302,62.700000,58.950000
15328,16303,62.703846,58.953846
15329,16304,62.707692,58.957692
15330,16305,62.711538,58.961538
15331,16306,62.715385,58.965385
15332,16307,62.719231,58.969231
15333,16308,62.723077,58.973077
15334,16309,62.726923,58.976923
15335,16310,62.730769,58.980769
15336,16311,62.734615,58.984615
15337,16312,62.738462,58.988462
15338,16313,62.742308,58.992308
15339,16314,62.746154,58.996154
15340,16315,62.750000,59.000000
15341,16316,62.753846,59.003846
15342,16317,62.757692,59.007692
15343,16318,62.761538,59.011538
15344,16319,62.765385,59.015385
15345,16320,62.769231,59.019231
15346,16321,62.773077,59.023077
15347,16322,62.776923,59.026923
15348,16323,62.780769,59.030769
15349,16324,62.784615,59.034615
15350,16325,62.788462,59.038462
15351,16326,62.792308,59.042308
15352,16327,62.796154,59.046154
15353,16328,62.800000,59.050000
15354,16329,62.803846,59.053846
15355,16330,62.807692,59.057692
15356,16331,62.811538,59.061538
15357,16332,62.815385,59.065385
15358,16333,62.819231,59.069231
15359,16334,62.823077,59.073077
15360,16335,62.826923,59.076923
15361,16336,62.830769,59.080769
15362,16337,62.834615,59.084615
15363,16338,62.838462,59.088462
15364,16339,62.842308,59.092308
15365,16340,62.846154,59.096154
15366,16341,62.850000,59.100000
15367,16342,62.853846,59.103846
15368,16343,62.857692,59.107692
15369,16344,62.861538,59.111538
15370,16345,62.865385,59.115385
15371,16346,62.869231,59.119231
15372,16347,62.873077,59.123077
15373,16348,62.876923,59.126923
15374,16349,62.880769,59.130769
15375,16350,62.884615,59.134615
15376,16351,62.888462,59.138462
15377,16352,62.892308,59.142308
15378,16353,62.896154,59.146154
15379,16354,62.900000,59.150000
15380,16355,62.903846,59.153846
15381,16356,62.907692,59.157692
15382,16357,62.911538,59.161538
15383,16358,62.915385,59.165385
15384,16359,62.919231,59.169231
15385,16360,62.923077,59.173077
15386,16361,62.926923,59.176923
15387,16362,62.930769,59.180769
15388,16363,62.934615,59.184615
15389,16364,62.938462,59.188462
15390,16365,62.942308,59.192308
15391,16366,62.946154,59.196154
15392,16367,62.950000,59.200000
15393,16368,62.953846,59.203846
15394,16369,62.957692,59.207692
15395,16370,62.961538,59.211538
15396,16371,62.965385,59.215385
15397,16372,62.969231,59.219231
15398,16373,62.973077,59.223077
15399,16374,62.976923,59.226923
15400,16375,62.980769,59.230769
15401,16376,62.984615,59.234615
15402,16377,62.988462,59.238462
15403,16378,62.992308,59.242308
15404,16379,62.996154,59.246154
15405,16380,63.000000,59.250000
15406,16381,63.003846,59.253846
15407,16382,63.007692,59.257692
15408,16383,63.011538,59.261538
15409,16384,63.015385,59.265385
15410,16385,63.019231,59.269231
15411,16386,63.023077,59.273077
15412,16387,63.026923,59.276923
15413,16388,63.030769,59.280769
15414,16389,63.034615,59.284615
15415,16390,63.038462,59.288462
15416,16391,63.042308,59.292308
15417,16392,63.046154,59.296154
15418,16393,63.050000,59.300000
15419,16394,63.053846,59.303846
15420,16395,63.057692,59.307692
15421,16396,63.061538,59.311538
15422,16397,63.065385,59.315385
15423,16398,63.069231,59.319231
15424,16399,63.073077,59.323077
15425,16400,63.076923,59.326923
15426,16401,63.080769,59.330769
15427,16402,63.084615,59.334615
15428,16403,63.088462,59.338462
15429,16404,63.092308,59.342308
15430,16405,63.096154,59.346154
15431,16406,63.100000,59.350000
15432,16407,63.103846,59.353846
15433,16408,63.107692,59.357692
15434,16409,63.111538,59.361538
15435,16410,63.115385,59.365385
15436,16411,63.119231,59.369231
15437,16412,63.123077,59.373077
15438,16413,63.126923,59.376923
15439,16414,63.130769,59.380769
15440,16415,63.134615,59.384615
15441,16416,63.138462,59.388462
15442,16417,63.142308,59.392308
15443,16418,63.146154,59.396154
15444,16419,63.150000,59.400000
15445,16420,63.153846,59.403846
15446,16421,63.157692,59.407692
15447,16422,63.161538,59.411538
15448,16423,63.165385,59.415385
15449,16424,63.169231,59.419231
15450,16425,63.173077,59.423077
15451,16426,63.176923,59.426923
15452,16427,63.180769,59.430769
15453,16428,63.184615,59.434615
15454,16429,63.188462,59.438462
15455,16430,63.192308,59.442308
15456,16431,63.196154,59.446154
15457,16432,63.200000,59.450000
15458,16433,63.203846,59.453846
15459,16434,63.207692,59.457692
15460,16435,63.211538,59.461538
15461,16436,63.215385,59.465385
15462,16437,63.219231,59.469231
15463,16438,63.223077,59.473077
15464,16439,63.226923,59.476923
15465,16440,63.230769,59.480769
15466,16441,63.234615,59.484615
15467,16442,63.238462,59.488462
15468,16443,63.242308,59.492308
15469,16444,63.246154,59.496154
15470,16445,63.250000,59.500000
15471,16446,63.253846,59.503846
15472,16447,63.257692,59.507692
15473,16448,63.261538,59.511538
15474,16449,63.265385,59.515385
15475,16450,63.269231,59.519231
15476,16451,63.273077,59.523077
15477,16452,63.276923,59.526923
15478,16453,63.280769,59.530769
15479,16454,63.284615,59.534615
15480,16455,63.288462,59.538462
15481,16456,63.292308,59.542308
15482,16457,63.296154,59.546154
15483,16458,63.300000,59.550000
15484,16459,63.303846,59.553846
15485,16460,63.307692,59.557692
15486,16461,63.311538,59.561538
15487,16462,63.315385,59.565385
15488,16463,63.319231,59.569231
15489,16464,63.323077,59.573077
15490,16465,63.326923,59.576923
15491,16466,63.330769,59.580769
15492,16467,63.334615,59.584615
15493,16468,63.338462,59.588462
15494,16469,63.342308,59.592308
15495,16470,63.346154,59.596154
15496,16471,63.350000,59.600000
15497,16472,63.353846,59.603846
15498,16473,63.357692,59.607692
15499,16474,63.361538,59.611538
15500,16475,63.365385,59.615385
15501,16476,63.369231,59.619231
15502,16477,63.373077,59.623077
15503,16478,63.376923,59.626923
15504,16479,63.380769,59.630769
15505,16480,63.384615,59.634615
15506,16481,63.388462,59.638462
15507,16482,63.392308,59.642308
15508,16483,63.396154,59.646154
15509,16484,63.400000,59.650000
15510,16485,63.403846,59.653846
15511,16486,63.407692,59.657692
15512,16487,63.411538,59.661538
15513,16488,63.415385,59.665385
15514,16489,63.419231,59.669231
15515,16490,63.423077,59.673077
15516,16491,63.426923,59.676923
15517,16492,63.430769,59.680769
15518,16493,63.434615,59.684615
15519,16494,63.438462,59.688462
15520,16495,63.442308,59.692308
15521,16496,63.446154,59.696154
15522,16497,63.450000,59.700000
15523,16498,63.453846,59.703846
15524,16499,63.457692,59.707692
15525,16500,63.461538,59.711538
15526,16501,63.465385,59.715385
15527,16502,63.469231,59.719231
15528,16503,63.473077,59.723077
15529,16504,63.476923,59.726923
15530,16505,63.480769,59.730769
15531,16506,63.484615,59.734615
15532,16507,63.488462,59.738462
15533,16508,63.492308,59.742308
15534,16509,63.496154,59.746154
15535,16510,63.500000,59.750000
15536,16511,63.503846,59.753846
15537,16512,63.507692,59.757692
15538,16513,63.511538,59.761538
15539,16514,63.515385,59.765385
15540,16515,63.519231,59.769231
15541,16516,63.523077,59.773077
15542,16517,63.526923,59.776923
15543,16518,63.530769,59.780769
15544,16519,63.534615,59.784615
15545,16520,63.538462,59.788462
15546,16521,63.542308,59.792308
15547,16522,63.546154,59.796154
15548,16523,63.550000,59.800000
15549,16524,63.553846,59.803846
15550,16525,63.557692,59.807692
15551,16526,63.561538,59.811538
15552,16527,63.565385,59.815385
15553,16528,63.569231,59.819231
15554,16529,63.573077,59.823077
15555,16530,63.576923,59.826923
15556,16531,63.580769,59.830769
15557,16532,63.584615,59.834615
15558,16533,63.588462,59.838462
15559,16534,63.592308,59.842308
15560,16535,63.596154,59.846154
15561,16536,63.600000,59.850000
15562,16537,63.603846,59.853846
15563,16538,63.607692,59.857692
15564,16539,63.611538,59.861538
15565,16540,63.615385,59.865385
15566,16541,63.619231,59.869231
15567,16542,63.623077,59.873077
15568,16543,63.626923,59.876923
15569,16544,63.630769,59.880769
15570,16545,63.634615,59.884615
15571,16546,63.638462,59.888462
15572,16547,63.642308,59.892308
15573,16548,63.646154,59.896154
15574,16549,63.650000,59.900000
15575,16550,63.653846,59.903846
15576,16551,63.657692,59.907692
15577,16552,63.661538,59.911538
15578,16553,63.665385,59.915385
15579,16554,63.669231,59.919231
15580,16555,63.673077,59.923077
15581,16556,63.676923,59.926923
15582,16557,63.680769,59.930769
15583,16558,63.684615,59.934615
15584,16559,63.688462,59.938462
15585,16560,63.692308,59.942308
15586,16561,63.696154,59.946154
15587,16562,63.700000,59.950000
15588,16563,63.703846,59.953846
15589,16564,63.707692,59.957692
15590,16565,63.711538,59.961538
15591,16566,63.715385,59.965385
15592,16567,63.719231,59.969231
15593,16568,63.723077,59.973077
15594,16569,63.726923,59.976923
15595,16570,63.730769,59.980769
15596,16571,63.734615,59.984615
15597,16572,63.738462,59.988462
15598,16573,63.742308,59.992308
15599,16574,63.746154,59.996154
15600,16575,63.750000,60.000000
15601,16576,63.753846,60.003846
15602,16577,63.757692,60.007692
15603,16578,63.761538,60.011538
15604,16579,63.765385,60.015385
15605,16580,63.769231,60.019231
15606,16581,63.773077,60.023077
15607,16582,63.776923,60.026923
15608,16583,63.780769,60.030769
15609,16584,63.784615,60.034615
15610,16585,63.788462,60.038462
15611,16586,63.792308,60.042308
15612,16587,63.796154,60.046154
15613,16588,63.800000,60.050000
15614,16589,63.803846,60.053846
15615,16590,63.807692,60.057692
15616,16591,63.811538,60.061538
15617,16592,63.815385,60.065385
15618,16593,63.819231,60.069231
15619,16594,63.823077,60.073077
15620,16595,63.826923,60.076923
15621,16596,63.830769,60.080769
15622,16597,63.834615,60.084615
15623,16598,63.838462,60.088462
15624,16599,63.842308,60.092308
15625,16600,63.846154,60.096154
15626,16601,63.850000,60.100000
15627,16602,63.853846,60.103846
15628,16603,63.857692,60.107692
15629,16604,63.861538,60.111538
15630,16605,63.865385,60.115385
15631,16606,63.869231,60.119231
15632,16607,63.873077,60.123077
15633,16608,63.876923,60.126923
15634,16609,63.880769,60.130769
15635,16610,63.884615,60.134615
15636,16611,63.888462,60.138462
15637,16612,63.892308,60.142308
15638,16613,63.896154,60.146154
15639,16614,63.900000,60.150000
15640,16615,63.903846,60.153846
15641,16616,63.907692,60.157692
15642,16617,63.911538,60.161538
15643,16618,63.915385,60.165385
15644,16619,63.919231,60.169231
15645,16620,63.923077,60.173077
15646,16621,63.926923,60.176923
15647,16622,63.930769,60.180769
15648,16623,63.934615,60.184615
15649,16624,63.938462,60.188462
15650,16625,63.942308,60.192308
15651,16626,63.946154,60.196154
15652,16627,63.950000,60.200000
15653,16628,63.953846,60.203846
15654,16629,63.957692,60.207692
15655,16630,63.961538,60.211538
15656,16631,63.965385,60.215385
15657,16632,63.969231,60.219231
15658,16633,63.973077,60.223077
15659,16634,63.976923,60.226923
15660,16635,63.980769,60.230769
15661,16636,63.984615,60.234615
15662,16637,63.988462,60.238462
15663,16638,63.992308,60.242308
15664,16639,63.996154,60.246154
15665,16640,64.000000,60.250000
15666,16641,64.003846,60.253846
15667,16642,64.007692,60.257692
15668,16643,64.011538,60.261538
15669,16644,64.015385,60.265385
15670,16645,64.019231,60.269231
15671,16646,64.023077,60.273077
15672,16647,64.026923,60.276923
15673,16648,64.030769,60.280769
15674,16649,64.034615,60.284615
15675,16650,64.038462,60.288462
15676,16651,64.042308,60.292308
15677,16652,64.046154,60.296154
15678,16653,64.050000,60.300000
15679,16654,64.053846,60.303846
15680,16655,64.057692,60.307692
15681,16656,64.061538,60.311538
15682,16657,64.065385,60.315385
15683,16658,64.069231,60.319231
15684,16659,64.073077,60.323077
15685,16660,64.076923,60.326923
15686,16661,64.080769,60.330769
15687,16662,64.084615,60.334615
15688,16663,64.088462,60.338462
15689,16664,64.092308,60.342308
15690,16665,64.096154,60.346154
15691,16666,64.100000,60.350000
15692,16667,64.103846,60.353846
15693,16668,64.107692,60.357692
15694,16669,64.111538,60.361538
15695,16670,64.115385,60.365385
15696,16671,64.119231,60.369231
15697,16672,64.123077,60.373077
15698,16673,64.126923,60.376923
15699,16674,64.130769,60.380769
15700,16675,64.134615,60.384615
15701,16676,64.138462,60.388462
15702,16677,64.142308,60.392308
15703,16678,64.146154,60.396154
15704,16679,64.150000,60.400000
15705,16680,64.153846,60.403846
15706,16681,64.157692,60.407692
15707,16682,64.161538,60.411538
15708,16683,64.165385,60.415385
15709,16684,64.169231,60.419231
15710,16685,64.173077,60.423077
15711,16686,64.176923,60.426923
15712,16687,64.180769,60.430769
15713,16688,64.184615,60.434615
15714,16689,64.188462,60.438462
15715,16690,64.192308,60.442308
15716,16691,64.196154,60.446154
15717,16692,64.200000,60.450000
15718,16693,64.203846,60.453846
15719,16694,64.207692,60.457692
15720,16695,64.211538,60.461538
15721,16696,64.215385,60.465385
15722,16697,64.219231,60.469231
15723,16698,64.223077,60.473077
15724,16699,64.226923,60.476923
15725,16700,64.230769,60.480769
15726,16701,64.234615,60.484615
15727,16702,64.238462,60.488462
15728,16703,64.242308,60.492308
15729,16704,64.246154,60.496154
15730,16705,64.250000,60.500000
15731,16706,64.253846,60.503846
15732,16707,64.257692,60.507692
15733,16708,64.261538,60.511538
15734,16709,64.265385,60.515385
15735,16710,64.269231,60.519231
15736,16711,64.273077,60.523077
15737,16712,64.276923,60.526923
15738,16713,64.280769,60.530769
15739,16714,64.284615,60.534615
15740,16715,64.288462,60.538462
15741,16716,64.292308,60.542308
15742,16717,64.296154,60.546154
15743,16718,64.300000,60.550000
15744,16719,64.303846,60.553846
15745,16720,64.307692,60.557692
15746,16721,64.311538,60.561538
15747,16722,64.315385,60.565385
15748,16723,64.319231,60.569231
15749,16724,64.323077,60.573077
15750,16725,64.326923,60.576923
15751,16726,64.330769,60.580769
15752,16727,64.334615,60.584615
15753,16728,64.338462,60.588462
15754,16729,64.342308,60.592308
15755,16730,64.346154,60.596154
15756,16731,64.350000,60.600000
15757,16732,64.353846,60.603846
15758,16733,64.357692,60.607692
15759,16734,64.361538,60.611538
15760,16735,64.365385,60.615385
15761,16736,64.369231,60.619231
15762,16737,64.373077,60.623077
15763,16738,64.376923,60.626923
15764,16739,64.380769,60.630769
15765,16740,64.384615,60.634615
15766,16741,64.388462,60.638462
15767,16742,64.392308,60.642308
15768,16743,64.396154,60.646154
15769,16744,64.400000,60.650000
15770,16745,64.403846,60.653846
15771,16746,64.407692,60.657692
15772,16747,64.411538,60.661538
15773,16748,64.415385,60.665385
15774,16749,64.419231,60.669231
15775,16750,64.423077,60.673077
15776,16751,64.426923,60.676923
15777,16752,64.430769,60.680769
15778,16753,64.434615,60.684615
15779,16754,64.438462,60.688462
15780,16755,64.442308,60.692308
15781,16756,64.446154,60.696154
15782,16757,64.450000,60.700000
15783,16758,64.453846,60.703846
15784,16759,64.457692,60.707692
15785,16760,64.461538,60.711538
15786,16761,64.465385,60.715385
15787,16762,64.469231,60.719231
15788,16763,64.473077,60.723077
15789,16764,64.476923,60.726923
15790,16765,64.480769,60.730769
15791,16766,64.484615,60.734615
15792,16767,64.488462,60.738462
15793,16768,64.492308,60.742308
15794,16769,64.496154,60.746154
15795,16770,64.500000,60.750000
15796,16771,64.503846,60.753846
15797,16772,64.507692,60.757692
15798,16773,64.511538,60.761538
15799,16774,64.515385,60.765385
15800,16775,64.519231,60.769231
15801,16776,64.523077,60.773077
15802,16777,64.526923,60.776923
15803,16778,64.530769,60.780769
15804,16779,64.534615,60.784615
15805,16780,64.538462,60.788462
15806,16781,64.542308,60.792308
15807,16782,64.546154,60.796154
15808,16783,64.550000,60.800000
15809,16784,64.553846,60.803846
15810,16785,64.557692,60.807692
15811,16786,64.561538,60.811538
15812,16787,64.565385,60.815385
15813,16788,64.569231,60.819231
15814,16789,64.573077,60.823077
15815,16790,64.576923,60.826923
15816,16791,64.580769,60.830769
15817,16792,64.584615,60.834615
15818,16793,64.588462,60.838462
15819,16794,64.592308,60.842308
15820,16795,64.596154,60.846154
15821,16796,64.600000,60.850000
15822,16797,64.603846,60.853846
15823,16798,64.607692,60.857692
15824,16799,64.611538,60.861538
15825,16800,64.615385,60.865385
15826,16801,64.619231,60.869231
15827,16802,64.623077,60.873077
15828,16803,64.626923,60.876923
15829,16804,64.630769,60.880769
15830,16805,64.634615,60.884615
15831,16806,64.638462,60.888462
15832,16807,64.642308,60.892308
15833,16808,64.646154,60.896154
15834,16809,64.650000,60.900000
15835,16810,64.653846,60.903846
15836,16811,64.657692,60.907692
15837,16812,64.661538,60.911538
15838,16813,64.665385,60.915385
15839,16814,64.669231,60.919231
15840,16815,64.673077,60.923077
15841,16816,64.676923,60.926923
15842,16817,64.680769,60.930769
15843,16818,64.684615,60.934615
15844,16819,64.688462,60.938462
15845,16820,64.692308,60.942308
15846,16821,64.696154,60.946154
15847,16822,64.700000,60.950000
15848,16823,64.703846,60.953846
15849,16824,64.707692,60.957692
15850,16825,64.711538,60.961538
15851,16826,64.715385,60.965385
15852,16827,64.719231,60.969231
15853,16828,64.723077,60.973077
15854,16829,64.726923,60.976923
15855,16830,64.730769,60.980769
15856,16831,64.734615,60.984615
15857,16832,64.738462,60.988462
15858,16833,64.742308,60.992308
15859,16834,64.746154,60.996154
15860,16835,64.750000,61.000000
15861,16836,64.753846,61.003846
15862,16837,64.757692,61.007692
15863,16838,64.761538,61.011538
15864,16839,64.765385,61.015385
15865,16840,64.769231,61.019231
15866,16841,64.773077,61.023077
15867,16842,64.776923,61.026923
15868,16843,64.780769,61.030769
15869,16844,64.784615,61.034615
15870,16845,64.788462,61.038462
15871,16846,64.792308,61.042308
15872,16847,64.796154,61.046154
15873,16848,64.800000,61.050000
15874,16849,64.803846,61.053846
15875,16850,64.807692,61.057692
15876,16851,64.811538,61.061538
15877,16852,64.815385,61.065385
15878,16853,64.819231,61.069231
15879,16854,64.823077,61.073077
15880,16855,64.826923,61.076923
15881,16856,64.830769,61.080769
15882,16857,64.834615,61.084615
15883,16858,64.838462,61.088462
15884,16859,64.842308,61.092308
15885,16860,64.846154,61.096154
15886,16861,64.850000,61.100000
15887,16862,64.853846,61.103846
15888,16863,64.857692,61.107692
15889,16864,64.861538,61.111538
15890,16865,64.865385,61.115385
15891,16866,64.869231,61.119231
15892,16867,64.873077,61.123077
15893,16868,64.876923,61.126923
15894,16869,64.880769,61.130769
15895,16870,64.884615,61.134615
15896,16871,64.888462,61.138462
15897,16872,64.892308,61.142308
15898,16873,64.896154,61.146154
15899,16874,64.900000,61.150000
15900,16875,64.903846,61.153846
15901,16876,64.907692,61.157692
15902,16877,64.911538,61.161538
15903,16878,64.915385,61.165385
15904,16879,64.919231,61.169231
15905,16880,64.923077,61.173077
15906,16881,64.926923,61.176923
15907,16882,64.930769,61.180769
15908,16883,64.934615,61.184615
15909,16884,64.938462,61.188462
15910,16885,64.942308,61.192308
15911,16886,64.946154,61.196154
15912,16887,64.950000,61.200000
15913,16888,64.953846,61.203846
15914,16889,64.957692,61.207692
15915,16890,64.961538,61.211538
15916,16891,64.965385,61.215385
15917,16892,64.969231,61.219231
15918,16893,64.973077,61.223077
15919,16894,64.976923,61.226923
15920,16895,64.980769,61.230769
15921,16896,64.984615,61.234615
15922,16897,64.988462,61.238462
15923,16898,64.992308,61.242308
15924,16899,64.996154,61.246154
15925,16900,65.000000,61.250000
15926,16901,65.003846,61.253846
15927,16902,65.007692,61.257692
15928,16903,65.011538,61.261538
15929,16904,65.015385,61.265385
15930,16905,65.019231,61.269231
15931,16906,65.023077,61.273077
15932,16907,65.026923,61.276923
15933,16908,65.030769,61.280769
15934,16909,65.034615,61.284615
15935,16910,65.038462,61.288462
15936,16911,65.042308,61.292308
15937,16912,65.046154,61.296154
15938,16913,65.050000,61.300000
15939,16914,65.053846,61.303846
15940,16915,65.057692,61.307692
15941,16916,65.061538,61.311538
15942,16917,65.065385,61.315385
15943,16918,65.069231,61.319231
15944,16919,65.073077,61.323077
15945,16920,65.076923,61.326923
15946,16921,65.080769,61.330769
15947,16922,65.084615,61.334615
15948,16923,65.088462,61.338462
15949,16924,65.092308,61.342308
15950,16925,65.096154,61.346154
15951,16926,65.100000,61.350000
15952,16927,65.103846,61.353846
15953,16928,65.107692,61.357692
15954,16929,65.111538,61.361538
15955,16930,65.115385,61.365385
15956,16931,65.119231,61.369231
15957,16932,65.123077,61.373077
15958,16933,65.126923,61.376923
15959,16934,65.130769,61.380769
15960,16935,65.134615,61.384615
15961,16936,65.138462,61.388462
15962,16937,65.142308,61.392308
15963,16938,65.146154,61.396154
15964,16939,65.150000,61.400000
15965,16940,65.153846,61.403846
15966,16941,65.157692,61.407692
15967,16942,65.161538,61.411538
15968,16943,65.165385,61.415385
15969,16944,65.169231,61.419231
15970,16945,65.173077,61.423077
15971,16946,65.176923,61.426923
15972,16947,65.180769,61.430769
15973,16948,65.184615,61.434615
15974,16949,65.188462,61.438462
15975,16950,65.192308,61.442308
15976,16951,65.196154,61.446154
15977,16952,65.200000,61.450000
15978,16953,65.203846,61.453846
15979,16954,65.207692,61.457692
15980,16955,65.211538,61.461538
15981,16956,65.215385,61.465385
15982,16957,65.219231,61.469231
15983,16958,65.223077,61.473077
15984,16959,65.226923,61.476923
15985,16960,65.230769,61.480769
15986,16961,65.234615,61.484615
15987,16962,65.238462,61.488462
15988,16963,65.242308,61.492308
15989,16964,65.246154,61.496154
15990,16965,65.250000,61.500000
15991,16966,65.253846,61.503846
15992,16967,65.257692,61.507692
15993,16968,65.261538,61.511538
15994,16969,65.265385,61.515385
15995,16970,65.269231,61.519231
15996,16971,65.273077,61.523077
15997,16972,65.276923,61.526923
15998,16973,65.280769,61.530769
15999,16974,65.284615,61.534615
16000,16975,65.288462,61.538462
16001,16976,65.292308,61.542308
16002,16977,65.296154,61.546154
16003,16978,65.300000,61.550000
16004,16979,65.303846,61.553846
16005,16980,65.307692,61.557692
16006,16981,65.311538,61.561538
16007,16982,65.315385,61.565385
16008,16983,65.319231,61.569231
16009,16984,65.323077,61.573077
16010,16985,65.326923,61.576923
16011,16986,65.330769,61.580769
16012,16987,65.334615,61.584615
16013,16988,65.338462,61.588462
16014,16989,65.342308,61.592308
16015,16990,65.346154,61.596154
16016,16991,65.350000,61.600000
16017,16992,65.353846,61.603846
16018,16993,65.357692,61.607692
16019,16994,65.361538,61.611538
16020,16995,65.365385,61.615385
16021,16996,65.369231,61.619231
16022,16997,65.373077,61.623077
16023,16998,65.376923,61.626923
16024,16999,65.380769,61.630769
16025,17000,65.384615,61.634615
16026,17001,65.388462,61.638462
16027,17002,65.392308,61.642308
16028,17003,65.396154,61.646154
16029,17004,65.400000,61.650000
16030,17005,65.403846,61.653846
16031,17006,65.407692,61.657692
16032,17007,65.411538,61.661538
16033,17008,65.415385,61.665385
16034,17009,65.419231,61.669231
16035,17010,65.423077,61.673077
16036,17011,65.426923,61.676923
16037,17012,65.430769,61.680769
16038,17013,65.434615,61.684615
16039,17014,65.438462,61.688462
16040,17015,65.442308,61.692308
16041,17016,65.446154,61.696154
16042,17017,65.450000,61.700000
16043,17018,65.453846,61.703846
16044,17019,65.457692,61.707692
16045,17020,65.461538,61.711538
16046,17021,65.465385,61.715385
16047,17022,65.469231,61.719231
16048,17023,65.473077,61.723077
16049,17024,65.476923,61.726923
16050,17025,65.480769,61.730769
16051,17026,65.484615,61.734615
16052,17027,65.488462,61.738462
16053,17028,65.492308,61.742308
16054,17029,65.496154,61.746154
16055,17030,65.500000,61.750000
16056,17031,65.503846,61.753846
16057,17032,65.507692,61.757692
16058,17033,65.511538,61.761538
16059,17034,65.515385,61.765385
16060,17035,65.519231,61.769231
16061,17036,65.523077,61.773077
16062,17037,65.526923,61.776923
16063,17038,65.530769,61.780769
16064,17039,65.534615,61.784615
16065,17040,65.538462,61.788462
16066,17041,65.542308,61.792308
16067,17042,65.546154,61.796154
16068,17043,65.550000,61.800000
16069,17044,65.553846,61.803846
16070,17045,65.557692,61.807692
16071,17046,65.561538,61.811538
16072,17047,65.565385,61.815385
16073,17048,65.569231,61.819231
16074,17049,65.573077,61.823077
16075,17050,65.576923,61.826923
16076,17051,65.580769,61.830769
16077,17052,65.584615,61.834615
16078,17053,65.588462,61.838462
16079,17054,65.592308,61.842308
16080,17055,65.596154,61.846154
16081,17056,65.600000,61.850000
16082,17057,65.603846,61.853846
16083,17058,65.607692,61.857692
16084,17059,65.611538,61.861538
16085,17060,65.615385,61.865385
16086,17061,65.619231,61.869231
16087,17062,65.623077,61.873077
16088,17063,65.626923,61.876923
16089,17064,65.630769,61.880769
16090,17065,65.634615,61.884615
16091,17066,65.638462,61.888462
16092,17067,65.642308,61.892308
16093,17068,65.646154,61.896154
16094,17069,65.650000,61.900000
16095,17070,65.653846,61.903846
16096,17071,65.657692,61.907692
16097,17072,65.661538,61.911538
16098,17073,65.665385,61.915385
16099,17074,65.669231,61.919231
16100,17075,65.673077,61.923077
16101,17076,65.676923,61.926923
16102,17077,65.680769,61.930769
16103,17078,65.684615,61.934615
16104,17079,65.688462,61.938462
16105,17080,65.692308,61.942308
16106,17081,65.696154,61.946154
16107,17082,65.700000,61.950000
16108,17083,65.703846,61.953846
16109,17084,65.707692,61.957692
16110,17085,65.711538,61.961538
16111,17086,65.715385,61.965385
16112,17087,65.719231,61.969231
16113,17088,65.723077,61.973077
16114,17089,65.726923,61.976923
16115,17090,65.730769,61.980769
16116,17091,65.734615,61.984615
16117,17092,65.738462,61.988462
16118,17093,65.742308,61.992308
16119,17094,65.746154,61.996154
16120,17095,65.750000,62.000000
16121,17096,65.753846,62.003846
16122,17097,65.757692,62.007692
16123,17098,65.761538,62.011538
16124,17099,65.765385,62.015385
16125,17100,65.769231,62.019231
16126,17101,65.773077,62.023077
16127,17102,65.776923,62.026923
16128,17103,65.780769,62.030769
16129,17104,65.784615,62.034615
16130,17105,65.788462,62.038462
16131,17106,65.792308,62.042308
16132,17107,65.796154,62.046154
16133,17108,65.800000,62.050000
16134,17109,65.803846,62.053846
16135,17110,65.807692,62.057692
16136,17111,65.811538,62.061538
16137,17112,65.815385,62.065385
16138,17113,65.819231,62.069231
16139,17114,65.823077,62.073077
16140,17115,65.826923,62.076923
16141,17116,65.830769,62.080769
16142,17117,65.834615,62.084615
16143,17118,65.838462,62.088462
16144,17119,65.842308,62.092308
16145,17120,65.846154,62.096154
16146,17121,65.850000,62.100000
16147,17122,65.853846,62.103846
16148,17123,65.857692,62.107692
16149,17124,65.861538,62.111538
16150,17125,65.865385,62.115385
16151,17126,65.869231,62.119231
16152,17127,65.873077,62.123077
16153,17128,65.876923,62.126923
16154,17129,65.880769,62.130769
16155,17130,65.884615,62.134615
16156,17131,65.888462,62.138462
16157,17132,65.892308,62.142308
16158,17133,65.896154,62.146154
16159,17134,65.900000,62.150000
16160,17135,65.903846,62.153846
16161,17136,65.907692,62.157692
16162,17137,65.911538,62.161538
16163,17138,65.915385,62.165385
16164,17139,65.919231,62.169231
16165,17140,65.923077,62.173077
16166,17141,65.926923,62.176923
16167,17142,65.930769,62.180769
16168,17143,65.934615,62.184615
16169,17144,65.938462,62.188462
16170,17145,65.942308,62.192308
16171,17146,65.946154,62.196154
16172,17147,65.950000,62.200000
16173,17148,65.953846,62.203846
16174,17149,65.957692,62.207692
16175,17150,65.961538,62.211538
16176,17151,65.965385,62.215385
16177,17152,65.969231,62.219231
16178,17153,65.973077,62.223077
16179,17154,65.976923,62.226923
16180,17155,65.980769,62.230769
16181,17156,65.984615,62.234615
16182,17157,65.988462,62.238462
16183,17158,65.992308,62.242308
16184,17159,65.996154,62.246154
16185,17160,66.000000,62.250000
16186,17161,66.003846,62.253846
16187,17162,66.007692,62.257692
16188,17163,66.011538,62.261538
16189,17164,66.015385,62.265385
16190,17165,66.019231,62.269231
16191,17166,66.023077,62.273077
16192,17167,66.026923,62.276923
16193,17168,66.030769,62.280769
16194,17169,66.034615,62.284615
16195,17170,66.038462,62.288462
16196,17171,66.042308,62.292308
16197,17172,66.046154,62.296154
16198,17173,66.050000,62.300000
16199,17174,66.053846,62.303846
16200,17175,66.057692,62.307692
16201,17176,66.061538,62.311538
16202,17177,66.065385,62.315385
16203,17178,66.069231,62.319231
16204,17179,66.073077,62.323077
16205,17180,66.076923,62.326923
16206,17181,66.080769,62.330769
16207,17182,66.084615,62.334615
16208,17183,66.088462,62.338462
16209,17184,66.092308,62.342308
16210,17185,66.096154,62.346154
16211,17186,66.100000,62.350000
16212,17187,66.103846,62.353846
16213,17188,66.107692,62.357692
16214,17189,66.111538,62.361538
16215,17190,66.115385,62.365385
16216,17191,66.119231,62.369231
16217,17192,66.123077,62.373077
16218,17193,66.126923,62.376923
16219,17194,66.130769,62.380769
16220,17195,66.134615,62.384615
16221,17196,66.138462,62.388462
16222,17197,66.142308,62.392308
16223,17198,66.146154,62.396154
16224,17199,66.150000,62.400000
16225,17200,66.153846,62.403846
16226,17201,66.157692,62.407692
16227,17202,66.161538,62.411538
16228,17203,66.165385,62.415385
16229,17204,66.169231,62.419231
16230,17205,66.173077,62.423077
16231,17206,66.176923,62.426923
16232,17207,66.180769,62.430769
16233,17208,66.184615,62.434615
16234,17209,66.188462,62.438462
16235,17210,66.192308,62.442308
16236,17211,66.196154,62.446154
16237,17212,66.200000,62.450000
16238,17213,66.203846,62.453846
16239,17214,66.207692,62.457692
16240,17215,66.211538,62.461538
16241,17216,66.215385,62.465385
16242,17217,66.219231,62.469231
16243,17218,66.223077,62.473077
16244,17219,66.226923,62.476923
16245,17220,66.230769,62.480769
16246,17221,66.234615,62.484615
16247,17222,66.238462,62.488462
16248,17223,66.242308,62.492308
16249,17224,66.246154,62.496154
16250,17225,66.250000,62.500000
16251,17226,66.253846,62.503846
16252,17227,66.257692,62.507692
16253,17228,66.261538,62.511538
16254,17229,66.265385,62.515385
16255,17230,66.269231,62.519231
16256,17231,66.273077,62.523077
16257,17232,66.276923,62.526923
16258,17233,66.280769,62.530769
16259,17234,66.284615,62.534615
16260,17235,66.288462,62.538462
16261,17236,66.292308,62.542308
16262,17237,66.296154,62.546154
16263,17238,66.300000,62.550000
16264,17239,66.303846,62.553846
16265,17240,66.307692,62.557692
16266,17241,66.311538,62.561538
16267,17242,66.315385,62.565385
16268,17243,66.319231,62.569231
16269,17244,66.323077,62.573077
16270,17245,66.326923,62.576923
16271,17246,66.330769,62.580769
16272,17247,66.334615,62.584615
16273,17248,66.338462,62.588462
16274,17249,66.342308,62.592308
16275,17250,66.346154,62.596154
16276,17251,66.350000,62.600000
16277,17252,66.353846,62.603846
16278,17253,66.357692,62.607692
16279,17254,66.361538,62.611538
16280,17255,66.365385,62.615385
16281,17256,66.369231,62.619231
16282,17257,66.373077,62.623077
16283,17258,66.376923,62.626923
16284,17259,66.380769,62.630769
16285,17260,66.384615,62.634615
16286,17261,66.388462,62.638462
16287,17262,66.392308,62.642308
16288,17263,66.396154,62.646154
16289,17264,66.400000,62.650000
16290,17265,66.403846,62.653846
16291,17266,66.407692,62.657692
16292,17267,66.411538,62.661538
16293,17268,66.415385,62.665385
16294,17269,66.419231,62.669231
16295,17270,66.423077,62.673077
16296,17271,66.426923,62.676923
16297,17272,66.430769,62.680769
16298,17273,66.434615,62.684615
16299,17274,66.438462,62.688462
16300,17275,66.442308,62.692308
16301,17276,66.446154,62.696154
16302,17277,66.450000,62.700000
16303,17278,66.453846,62.703846
16304,17279,66.457692,62.707692
16305,17280,66.461538,62.711538
16306,17281,66.465385,62.715385
16307,17282,66.469231,62.719231
16308,17283,66.473077,62.723077
16309,17284,66.476923,62.726923
16310,17285,66.480769,62.730769
16311,17286,66.484615,62.734615
16312,17287,66.488462,62.738462
16313,17288,66.492308,62.742308
16314,17289,66.496154,62.746154
16315,17290,66.500000,62.750000
16316,17291,66.503846,62.753846
16317,17292,66.507692,62.757692
16318,17293,66.511538,62.761538
16319,17294,66.515385,62.765385
16320,17295,66.519231,62.769231
16321,17296,66.523077,62.773077
16322,17297,66.526923,62.776923
16323,17298,66.530769,62.780769
16324,17299,66.534615,62.784615
16325,17300,66.538462,62.788462
16326,17301,66.542308,62.792308
16327,17302,66.546154,62.796154
16328,17303,66.550000,62.800000
16329,17304,66.553846,62.803846
16330,17305,66.557692,62.807692
16331,17306,66.561538,62.811538
16332,17307,66.565385,62.815385
16333,17308,66.569231,62.819231
16334,17309,66.573077,62.823077
16335,17310,66.576923,62.826923
16336,17311,66.580769,62.830769
16337,17312,66.584615,62.834615
16338,17313,66.588462,62.838462
16339,17314,66.592308,62.842308
16340,17315,66.596154,62.846154
16341,17316,66.600000,62.850000
16342,17317,66.603846,62.853846
16343,17318,66.607692,62.857692
16344,17319,66.611538,62.861538
16345,17320,66.615385,62.865385
16346,17321,66.619231,62.869231
16347,17322,66.623077,62.873077
16348,17323,66.626923,62.876923
16349,17324,66.630769,62.880769
16350,17325,66.634615,62.884615
16351,17326,66.638462,62.888462
16352,17327,66.642308,62.892308
16353,17328,66.646154,62.896154
16354,17329,66.650000,62.900000
16355,17330,66.653846,62.903846
16356,17331,66.657692,62.907692
16357,17332,66.661538,62.911538
16358,17333,66.665385,62.915385
16359,17334,66.669231,62.919231
16360,17335,66.673077,62.923077
16361,17336,66.676923,62.926923
16362,17337,66.680769,62.930769
16363,17338,66.684615,62.934615
16364,17339,66.688462,62.938462
16365,17340,66.692308,62.942308
16366,17341,66.696154,62.946154
16367,17342,66.700000,62.950000
16368,17343,66.703846,62.953846
16369,17344,66.707692,62.957692
16370,17345,66.711538,62.961538
16371,17346,66.715385,62.965385
16372,17347,66.719231,62.969231
16373,17348,66.723077,62.973077
16374,17349,66.726923,62.976923
16375,17350,66.730769,62.980769
16376,17351,66.734615,62.984615
16377,17352,66.738462,62.988462
16378,17353,66.742308,62.992308
16379,17354,66.746154,62.996154
16380,17355,66.750000,63.000000
16381,17356,66.753846,63.003846
16382,17357,66.757692,63.007692
16383,17358,66.761538,63.011538
16384,17359,66.765385,63.015385
16385,17360,66.769231,63.019231
16386,17361,66.773077,63.023077
16387,17362,66.776923,63.026923
16388,17363,66.780769,63.030769
16389,17364,66.784615,63.034615
16390,17365,66.788462,63.038462
16391,17366,66.792308,63.042308
16392,17367,66.796154,63.046154
16393,17368,66.800000,63.050000
16394,17369,66.803846,63.053846
16395,17370,66.807692,63.057692
16396,17371,66.811538,63.061538
16397,17372,66.815385,63.065385
16398,17373,66.819231,63.069231
16399,17374,66.823077,63.073077
16400,17375,66.826923,63.076923
16401,17376,66.830769,63.080769
16402,17377,66.834615,63.084615
16403,17378,66.838462,63.088462
16404,17379,66.842308,63.092308
16405,17380,66.846154,63.096154
16406,17381,66.850000,63.100000
16407,17382,66.853846,63.103846
16408,17383,66.857692,63.107692
16409,17384,66.861538,63.111538
16410,17385,66.865385,63.115385
16411,17386,66.869231,63.119231
16412,17387,66.873077,63.123077
16413,17388,66.876923,63.126923
16414,17389,66.880769,63.130769
16415,17390,66.884615,63.134615
16416,17391,66.888462,63.138462
16417,17392,66.892308,63.142308
16418,17393,66.896154,63.146154
16419,17394,66.900000,63.150000
16420,17395,66.903846,63.153846
16421,17396,66.907692,63.157692
16422,17397,66.911538,63.161538
16423,17398,66.915385,63.165385
16424,17399,66.919231,63.169231
16425,17400,66.923077,63.173077
16426,17401,66.926923,63.176923
16427,17402,66.930769,63.180769
16428,17403,66.934615,63.184615
16429,17404,66.938462,63.188462
16430,17405,66.942308,63.192308
16431,17406,66.946154,63.196154
16432,17407,66.950000,63.200000
16433,17408,66.953846,63.203846
16434,17409,66.957692,63.207692
16435,17410,66.961538,63.211538
16436,17411,66.965385,63.215385
16437,17412,66.969231,63.219231
16438,17413,66.973077,63.223077
16439,17414,66.976923,63.226923
16440,17415,66.980769,63.230769
16441,17416,66.984615,63.234615
16442,17417,66.988462,63.238462
16443,17418,66.992308,63.242308
16444,17419,66.996154,63.246154
16445,17420,67.000000,63.250000
16446,17421,67.003846,63.253846
16447,17422,67.007692,63.257692
16448,17423,67.011538,63.261538
16449,17424,67.015385,63.265385
16450,17425,67.019231,63.269231
16451,17426,67.023077,63.273077
16452,17427,67.026923,63.276923
16453,17428,67.030769,63.280769
16454,17429,67.034615,63.284615
16455,17430,67.038462,63.288462
16456,17431,67.042308,63.292308
16457,17432,67.046154,63.296154
16458,17433,67.050000,63.300000
16459,17434,67.053846,63.303846
16460,17435,67.057692,63.307692
16461,17436,67.061538,63.311538
16462,17437,67.065385,63.315385
16463,17438,67.069231,63.319231
16464,17439,67.073077,63.323077
16465,17440,67.076923,63.326923
16466,17441,67.080769,63.330769
16467,17442,67.084615,63.334615
16468,17443,67.088462,63.338462
16469,17444,67.092308,63.342308
16470,17445,67.096154,63.346154
16471,17446,67.100000,63.350000
16472,17447,67.103846,63.353846
16473,17448,67.107692,63.357692
16474,17449,67.111538,63.361538
16475,17450,67.115385,63.365385
16476,17451,67.119231,63.369231
16477,17452,67.123077,63.373077
16478,17453,67.126923,63.376923
16479,17454,67.130769,63.380769
16480,17455,67.134615,63.384615
16481,17456,67.138462,63.388462
16482,17457,67.142308,63.392308
16483,17458,67.146154,63.396154
16484,17459,67.150000,63.400000
16485,17460,67.153846,63.403846
16486,17461,67.157692,63.407692
16487,17462,67.161538,63.411538
16488,17463,67.165385,63.415385
16489,17464,67.169231,63.419231
16490,17465,67.173077,63.423077
16491,17466,67.176923,63.426923
16492,17467,67.180769,63.430769
16493,17468,67.184615,63.434615
16494,17469,67.188462,63.438462
16495,17470,67.192308,63.442308
16496,17471,67.196154,63.446154
16497,17472,67.200000,63.450000
16498,17473,67.203846,63.453846
16499,17474,67.207692,63.457692
16500,17475,67.211538,63.461538
16501,17476,67.215385,63.465385
16502,17477,67.219231,63.469231
16503,17478,67.223077,63.473077
16504,17479,67.226923,63.476923
16505,17480,67.230769,63.480769
16506,17481,67.234615,63.484615
16507,17482,67.238462,63.488462
16508,17483,67.242308,63.492308
16509,17484,67.246154,63.496154
16510,17485,67.250000,63.500000
16511,17486,67.253846,63.503846
16512,17487,67.257692,63.507692
16513,17488,67.261538,63.511538
16514,17489,67.265385,63.515385
16515,17490,67.269231,63.519231
16516,17491,67.273077,63.523077
16517,17492,67.276923,63.526923
16518,17493,67.280769,63.530769
16519,17494,67.284615,63.534615
16520,17495,67.288462,63.538462
16521,17496,67.292308,63.542308
16522,17497,67.296154,63.546154
16523,17498,67.300000,63.550000
16524,17499,67.303846,63.553846
16525,17500,67.307692,63.557692
16526,17501,67.311538,63.561538
16527,17502,67.315385,63.565385
16528,17503,67.319231,63.569231
16529,17504,67.323077,63.573077
16530,17505,67.326923,63.576923
16531,17506,67.330769,63.580769
16532,17507,67.334615,63.584615
16533,17508,67.338462,63.588462
16534,17509,67.342308,63.592308
16535,17510,67.346154,63.596154
16536,17511,67.350000,63.600000
16537,17512,67.353846,63.603846
16538,17513,67.357692,63.607692
16539,17514,67.361538,63.611538
16540,17515,67.365385,63.615385
16541,17516,67.369231,63.619231
16542,17517,67.373077,63.623077
16543,17518,67.376923,63.626923
16544,17519,67.380769,63.630769
16545,17520,67.384615,63.634615
16546,17521,67.388462,63.638462
16547,17522,67.392308,63.642308
16548,17523,67.396154,63.646154
16549,17524,67.400000,63.650000
16550,17525,67.403846,63.653846
16551,17526,67.407692,63.657692
16552,17527,67.411538,63.661538
16553,17528,67.415385,63.665385
16554,17529,67.419231,63.669231
16555,17530,67.423077,63.673077
16556,17531,67.426923,63.676923
16557,17532,67.430769,63.680769
16558,17533,67.434615,63.684615
16559,17534,67.438462,63.688462
16560,17535,67.442308,63.692308
16561,17536,67.446154,63.696154
16562,17537,67.450000,63.700000
16563,17538,67.453846,63.703846
16564,17539,67.457692,63.707692
16565,17540,67.461538,63.711538
16566,17541,67.465385,63.715385
16567,17542,67.469231,63.719231
16568,17543,67.473077,63.723077
16569,17544,67.476923,63.726923
16570,17545,67.480769,63.730769
16571,17546,67.484615,63.734615
16572,17547,67.488462,63.738462
16573,17548,67.492308,63.742308
16574,17549,67.496154,63.746154
16575,17550,67.500000,63.750000
16576,17551,67.503846,63.753846
16577,17552,67.507692,63.757692
16578,17553,67.511538,63.761538
16579,17554,67.515385,63.765385
16580,17555,67.519231,63.769231
16581,17556,67.523077,63.773077
16582,17557,67.526923,63.776923
16583,17558,67.530769,63.780769
16584,17559,67.534615,63.784615
16585,17560,67.538462,63.788462
16586,17561,67.542308,63.792308
16587,17562,67.546154,63.796154
16588,17563,67.550000,63.800000
16589,17564,67.553846,63.803846
16590,17565,67.557692,63.807692
16591,17566,67.561538,63.811538
16592,17567,67.565385,63.815385
16593,17568,67.569231,63.819231
16594,17569,67.573077,63.823077
16595,17570,67.576923,63.826923
16596,17571,67.580769,63.830769
16597,17572,67.584615,63.834615
16598,17573,67.588462,63.838462
16599,17574,67.592308,63.842308
16600,17575,67.596154,63.846154
16601,17576,67.600000,63.850000
16602,17577,67.603846,63.853846
16603,17578,67.607692,63.857692
16604,17579,67.611538,63.861538
16605,17580,67.615385,63.865385
16606,17581,67.619231,63.869231
16607,17582,67.623077,63.873077
16608,17583,67.626923,63.876923
16609,17584,67.630769,63.880769
16610,17585,67.634615,63.884615
16611,17586,67.638462,63.888462
16612,17587,67.642308,63.892308
16613,17588,67.646154,63.896154
16614,17589,67.650000,63.900000
16615,17590,67.653846,63.903846
16616,17591,67.657692,63.907692
16617,17592,67.661538,63.911538
16618,17593,67.665385,63.915385
16619,17594,67.669231,63.919231
16620,17595,67.673077,63.923077
16621,17596,67.676923,63.926923
16622,17597,67.680769,63.930769
16623,17598,67.684615,63.934615
16624,17599,67.688462,63.938462
16625,17600,67.692308,63.942308
16626,17601,67.696154,63.946154
16627,17602,67.700000,63.950000
16628,17603,67.703846,63.953846
16629,17604,67.707692,63.957692
16630,17605,67.711538,63.961538
16631,17606,67.715385,63.965385
16632,17607,67.719231,63.969231
16633,17608,67.723077,63.973077
16634,17609,67.726923,63.976923
16635,17610,67.730769,63.980769
16636,17611,67.734615,63.984615
16637,17612,67.738462,63.988462
16638,17613,67.742308,63.992308
16639,17614,67.746154,63.996154
16640,17615,67.750000,64.000000
16641,17616,67.753846,64.003846
16642,17617,67.757692,64.007692
16643,17618,67.761538,64.011538
16644,17619,67.765385,64.015385
16645,17620,67.769231,64.019231
16646,17621,67.773077,64.023077
16647,17622,67.776923,64.026923
16648,17623,67.780769,64.030769
16649,17624,67.784615,64.034615
16650,17625,67.788462,64.038462
16651,17626,67.792308,64.042308
16652,17627,67.796154,64.046154
16653,17628,67.800000,64.050000
16654,17629,67.803846,64.053846
16655,17630,67.807692,64.057692
16656,17631,67.811538,64.061538
16657,17632,67.815385,64.065385
16658,17633,67.819231,64.069231
16659,17634,67.823077,64.073077
16660,17635,67.826923,64.076923
16661,17636,67.830769,64.080769
16662,17637,67.834615,64.084615
16663,17638,67.838462,64.088462
16664,17639,67.842308,64.092308
16665,17640,67.846154,64.096154
16666,17641,67.850000,64.100000
16667,17642,67.853846,64.103846
16668,17643,67.857692,64.107692
16669,17644,67.861538,64.111538
16670,17645,67.865385,64.115385
16671,17646,67.869231,64.119231
16672,17647,67.873077,64.123077
16673,17648,67.876923,64.126923
16674,17649,67.880769,64.130769
16675,17650,67.884615,64.134615
16676,17651,67.888462,64.138462
16677,17652,67.892308,64.142308
16678,17653,67.896154,64.146154
16679,17654,67.900000,64.150000
16680,17655,67.903846,64.153846
16681,17656,67.907692,64.157692
16682,17657,67.911538,64.161538
16683,17658,67.915385,64.165385
16684,17659,67.919231,64.169231
16685,17660,67.923077,64.173077
16686,17661,67.926923,64.176923
16687,17662,67.930769,64.180769
16688,17663,67.934615,64.184615
16689,17664,67.938462,64.188462
16690,17665,67.942308,64.192308
16691,17666,67.946154,64.196154
16692,17667,67.950000,64.200000
16693,17668,67.953846,64.203846
16694,17669,67.957692,64.207692
16695,17670,67.961538,64.211538
16696,17671,67.965385,64.215385
16697,17672,67.969231,64.219231
16698,17673,67.973077,64.223077
16699,17674,67.976923,64.226923
16700,17675,67.980769,64.230769
16701,17676,67.984615,64.234615
16702,17677,67.988462,64.238462
16703,17678,67.992308,64.242308
16704,17679,67.996154,64.246154
16705,17680,68.000000,64.250000
16706,17681,68.003846,64.253846
16707,17682,68.007692,64.257692
16708,17683,68.011538,64.261538
16709,17684,68.015385,64.265385
16710,17685,68.019231,64.269231
16711,17686,68.023077,64.273077
16712,17687,68.026923,64.276923
16713,17688,68.030769,64.280769
16714,17689,68.034615,64.284615
16715,17690,68.038462,64.288462
16716,17691,68.042308,64.292308
16717,17692,68.046154,64.296154
16718,17693,68.050000,64.300000
16719,17694,68.053846,64.303846
16720,17695,68.057692,64.307692
16721,17696,68.061538,64.311538
16722,17697,68.065385,64.315385
16723,17698,68.069231,64.319231
16724,17699,68.073077,64.323077
16725,17700,68.076923,64.326923
16726,17701,68.080769,64.330769
16727,17702,68.084615,64.334615
16728,17703,68.088462,64.338462
16729,17704,68.092308,64.342308
16730,17705,68.096154,64.346154
16731,17706,68.100000,64.350000
16732,17707,68.103846,64.353846
16733,17708,68.107692,64.357692
16734,17709,68.111538,64.361538
16735,17710,68.115385,64.365385
16736,17711,68.119231,64.369231
16737,17712,68.123077,64.373077
16738,17713,68.126923,64.376923
16739,17714,68.130769,64.380769
16740,17715,68.134615,64.384615
16741,17716,68.138462,64.388462
16742,17717,68.142308,64.392308
16743,17718,68.146154,64.396154
16744,17719,68.150000,64.400000
16745,17720,68.153846,64.403846
16746,17721,68.157692,64.407692
16747,17722,68.161538,64.411538
16748,17723,68.165385,64.415385
16749,17724,68.169231,64.419231
16750,17725,68.173077,64.423077
16751,17726,68.176923,64.426923
16752,17727,68.180769,64.430769
16753,17728,68.184615,64.434615
16754,17729,68.188462,64.438462
16755,17730,68.192308,64.442308
16756,17731,68.196154,64.446154
16757,17732,68.200000,64.450000
16758,17733,68.203846,64.453846
16759,17734,68.207692,64.457692
16760,17735,68.211538,64.461538
16761,17736,68.215385,64.465385
16762,17737,68.219231,64.469231
16763,17738,68.223077,64.473077
16764,17739,68.226923,64.476923
16765,17740,68.230769,64.480769
16766,17741,68.234615,64.484615
16767,17742,68.238462,64.488462
16768,17743,68.242308,64.492308
16769,17744,68.246154,64.496154
16770,17745,68.250000,64.500000
16771,17746,68.253846,64.503846
16772,17747,68.257692,64.507692
16773,17748,68.261538,64.511538
16774,17749,68.265385,64.515385
16775,17750,68.269231,64.519231
16776,17751,68.273077,64.523077
16777,17752,68.276923,64.526923
16778,17753,68.280769,64.530769
16779,17754,68.284615,64.534615
16780,17755,68.288462,64.538462
16781,17756,68.292308,64.542308
16782,17757,68.296154,64.546154
16783,17758,68.300000,64.550000
16784,17759,68.303846,64.553846
16785,17760,68.307692,64.557692
16786,17761,68.311538,64.561538
16787,17762,68.315385,64.565385
16788,17763,68.319231,64.569231
16789,17764,68.323077,64.573077
16790,17765,68.326923,64.576923
16791,17766,68.330769,64.580769
16792,17767,68.334615,64.584615
16793,17768,68.338462,64.588462
16794,17769,68.342308,64.592308
16795,17770,68.346154,64.596154
16796,17771,68.350000,64.600000
16797,17772,68.353846,64.603846
16798,17773,68.357692,64.607692
16799,17774,68.361538,64.611538
16800,17775,68.365385,64.615385
16801,17776,68.369231,64.619231
16802,17777,68.373077,64.623077
16803,17778,68.376923,64.626923
16804,17779,68.380769,64.630769
16805,17780,68.384615,64.634615
16806,17781,68.388462,64.638462
16807,17782,68.392308,64.642308
16808,17783,68.396154,64.646154
16809,17784,68.400000,64.650000
16810,17785,68.403846,64.653846
16811,17786,68.407692,64.657692
16812,17787,68.411538,64.661538
16813,17788,68.415385,64.665385
16814,17789,68.419231,64.669231
16815,17790,68.423077,64.673077
16816,17791,68.426923,64.676923
16817,17792,68.430769,64.680769
16818,17793,68.434615,64.684615
16819,17794,68.438462,64.688462
16820,17795,68.442308,64.692308
16821,17796,68.446154,64.696154
16822,17797,68.450000,64.700000
16823,17798,68.453846,64.703846
16824,17799,68.457692,64.707692
16825,17800,68.461538,64.711538
16826,17801,68.465385,64.715385
16827,17802,68.469231,64.719231
16828,17803,68.473077,64.723077
16829,17804,68.476923,64.726923
16830,17805,68.480769,64.730769
16831,17806,68.484615,64.734615
16832,17807,68.488462,64.738462
16833,17808,68.492308,64.742308
16834,17809,68.496154,64.746154
16835,17810,68.500000,64.750000
16836,17811,68.503846,64.753846
16837,17812,68.507692,64.757692
16838,17813,68.511538,64.761538
16839,17814,68.515385,64.765385
16840,17815,68.519231,64.769231
16841,17816,68.523077,64.773077
16842,17817,68.526923,64.776923
16843,17818,68.530769,64.780769
16844,17819,68.534615,64.784615
16845,17820,68.538462,64.788462
16846,17821,68.542308,64.792308
16847,17822,68.546154,64.796154
16848,17823,68.550000,64.800000
16849,17824,68.553846,64.803846
16850,17825,68.557692,64.807692
16851,17826,68.561538,64.811538
16852,17827,68.565385,64.815385
16853,17828,68.569231,64.819231
16854,17829,68.573077,64.823077
16855,17830,68.576923,64.826923
16856,17831,68.580769,64.830769
16857,17832,68.584615,64.834615
16858,17833,68.588462,64.838462
16859,17834,68.592308,64.842308
16860,17835,68.596154,64.846154
16861,17836,68.600000,64.850000
16862,17837,68.603846,64.853846
16863,17838,68.607692,64.857692
16864,17839,68.611538,64.861538
16865,17840,68.615385,64.865385
16866,17841,68.619231,64.869231
16867,17842,68.623077,64.873077
16868,17843,68.626923,64.876923
16869,17844,68.630769,64.880769
16870,17845,68.634615,64.884615
16871,17846,68.638462,64.888462
16872,17847,68.642308,64.892308
16873,17848,68.646154,64.896154
16874,17849,68.650000,64.900000
16875,17850,68.653846,64.903846
16876,17851,68.657692,64.907692
16877,17852,68.661538,64.911538
16878,17853,68.665385,64.915385
16879,17854,68.669231,64.919231
16880,17855,68.673077,64.923077
16881,17856,68.676923,64.926923
16882,17857,68.680769,64.930769
16883,17858,68.684615,64.934615
16884,17859,68.688462,64.938462
16885,17860,68.692308,64.942308
16886,17861,68.696154,64.946154
16887,17862,68.700000,64.950000
16888,17863,68.703846,64.953846
16889,17864,68.707692,64.957692
16890,17865,68.711538,64.961538
16891,17866,68.715385,64.965385
16892,17867,68.719231,64.969231
16893,17868,68.723077,64.973077
16894,17869,68.726923,64.976923
16895,17870,68.730769,64.980769
16896,17871,68.734615,64.984615
16897,17872,68.738462,64.988462
16898,17873,68.742308,64.992308
16899,17874,68.746154,64.996154
16900,17875,68.750000,65.000000
16901,17876,68.753846,65.003846
16902,17877,68.757692,65.007692
16903,17878,68.761538,65.011538
16904,17879,68.765385,65.015385
16905,17880,68.769231,65.019231
16906,17881,68.773077,65.023077
16907,17882,68.776923,65.026923
16908,17883,68.780769,65.030769
16909,17884,68.784615,65.034615
16910,17885,68.788462,65.038462
16911,17886,68.792308,65.042308
16912,17887,68.796154,65.046154
16913,17888,68.800000,65.050000
16914,17889,68.803846,65.053846
16915,17890,68.807692,65.057692
16916,17891,68.811538,65.061538
16917,17892,68.815385,65.065385
16918,17893,68.819231,65.069231
16919,17894,68.823077,65.073077
16920,17895,68.826923,65.076923
16921,17896,68.830769,65.080769
16922,17897,68.834615,65.084615
16923,17898,68.838462,65.088462
16924,17899,68.842308,65.092308
16925,17900,68.846154,65.096154
16926,17901,68.850000,65.100000
16927,17902,68.853846,65.103846
16928,17903,68.857692,65.107692
16929,17904,68.861538,65.111538
16930,17905,68.865385,65.115385
16931,17906,68.869231,65.119231
16932,17907,68.873077,65.123077
16933,17908,68.876923,65.126923
16934,17909,68.880769,65.130769
16935,17910,68.884615,65.134615
16936,17911,68.888462,65.138462
16937,17912,68.892308,65.142308
16938,17913,68.896154,65.146154
16939,17914,68.900000,65.150000
16940,17915,68.903846,65.153846
16941,17916,68.907692,65.157692
16942,17917,68.911538,65.161538
16943,17918,68.915385,65.165385
16944,17919,68.919231,65.169231
16945,17920,68.923077,65.173077
16946,17921,68.926923,65.176923
16947,17922,68.930769,65.180769
16948,17923,68.934615,65.184615
16949,17924,68.938462,65.188462
16950,17925,68.942308,65.192308
16951,17926,68.946154,65.196154
16952,17927,68.950000,65.200000
16953,17928,68.953846,65.203846
16954,17929,68.957692,65.207692
16955,17930,68.961538,65.211538
16956,17931,68.965385,65.215385
16957,17932,68.969231,65.219231
16958,17933,68.973077,65.223077
16959,17934,68.976923,65.226923
16960,17935,68.980769,65.230769
16961,17936,68.984615,65.234615
16962,17937,68.988462,65.238462
16963,17938,68.992308,65.242308
16964,17939,68.996154,65.246154
16965,17940,69.000000,65.250000
16966,17941,69.003846,65.253846
16967,17942,69.007692,65.257692
16968,17943,69.011538,65.261538
16969,17944,69.015385,65.265385
16970,17945,69.019231,65.269231
16971,17946,69.023077,65.273077
16972,17947,69.026923,65.276923
16973,17948,69.030769,65.280769
16974,17949,69.034615,65.284615
16975,17950,69.038462,65.288462
16976,17951,69.042308,65.292308
16977,17952,69.046154,65.296154
16978,17953,69.050000,65.300000
16979,17954,69.053846,65.303846
16980,17955,69.057692,65.307692
16981,17956,69.061538,65.311538
16982,17957,69.065385,65.315385
16983,17958,69.069231,65.319231
16984,17959,69.073077,65.323077
16985,17960,69.076923,65.326923
16986,17961,69.080769,65.330769
16987,17962,69.084615,65.334615
16988,17963,69.088462,65.338462
16989,17964,69.092308,65.342308
16990,17965,69.096154,65.346154
16991,17966,69.100000,65.350000
16992,17967,69.103846,65.353846
16993,17968,69.107692,65.357692
16994,17969,69.111538,65.361538
16995,17970,69.115385,65.365385
16996,17971,69.119231,65.369231
16997,17972,69.123077,65.373077
16998,17973,69.126923,65.376923
16999,17974,69.130769,65.380769
17000,17975,69.134615,65.384615
17001,17976,69.138462,65.388462
17002,17977,69.142308,65.392308
17003,17978,69.146154,65.396154
17004,17979,69.150000,65.400000
17005,17980,69.153846,65.403846
17006,17981,69.157692,65.407692
17007,17982,69.161538,65.411538
17008,17983,69.165385,65.415385
17009,17984,69.169231,65.419231
17010,17985,69.173077,65.423077
17011,17986,69.176923,65.426923
17012,17987,69.180769,65.430769
17013,17988,69.184615,65.434615
17014,17989,69.188462,65.438462
17015,17990,69.192308,65.442308
17016,17991,69.196154,65.446154
17017,17992,69.200000,65.450000
17018,17993,69.203846,65.453846
17019,17994,69.207692,65.457692
17020,17995,69.211538,65.461538
17021,17996,69.215385,65.465385
17022,17997,69.219231,65.469231
17023,17998,69.223077,65.473077
17024,17999,69.226923,65.476923
17025,18000,69.230769,65.480769
17026,18001,69.234615,65.484615
17027,18002,69.238462,65.488462
17028,18003,69.242308,65.492308
17029,18004,69.246154,65.496154
17030,18005,69.250000,65.500000
17031,18006,69.253846,65.503846
17032,18007,69.257692,65.507692
17033,18008,69.261538,65.511538
17034,18009,69.265385,65.515385
17035,18010,69.269231,65.519231
17036,18011,69.273077,65.523077
17037,18012,69.276923,65.526923
17038,18013,69.280769,65.530769
17039,18014,69.284615,65.534615
17040,18015,69.288462,65.538462
17041,18016,69.292308,65.542308
17042,18017,69.296154,65.546154
17043,18018,69.300000,65.550000
17044,18019,69.303846,65.553846
17045,18020,69.307692,65.557692
17046,18021,69.311538,65.561538
17047,18022,69.315385,65.565385
17048,18023,69.319231,65.569231
17049,18024,69.323077,65.573077
17050,18025,69.326923,65.576923
17051,18026,69.330769,65.580769
17052,18027,69.334615,65.584615
17053,18028,69.338462,65.588462
17054,18029,69.342308,65.592308
17055,18030,69.346154,65.596154
17056,18031,69.350000,65.600000
17057,18032,69.353846,65.603846
17058,18033,69.357692,65.607692
17059,18034,69.361538,65.611538
17060,18035,69.365385,65.615385
17061,18036,69.369231,65.619231
17062,18037,69.373077,65.623077
17063,18038,69.376923,65.626923
17064,18039,69.380769,65.630769
17065,18040,69.384615,65.634615
17066,18041,69.388462,65.638462
17067,18042,69.392308,65.642308
17068,18043,69.396154,65.646154
17069,18044,69.400000,65.650000
17070,18045,69.403846,65.653846
17071,18046,69.407692,65.657692
17072,18047,69.411538,65.661538
17073,18048,69.415385,65.665385
17074,18049,69.419231,65.669231
17075,18050,69.423077,65.673077
17076,18051,69.426923,65.676923
17077,18052,69.430769,65.680769
17078,18053,69.434615,65.684615
17079,18054,69.438462,65.688462
17080,18055,69.442308,65.692308
17081,18056,69.446154,65.696154
17082,18057,69.450000,65.700000
17083,18058,69.453846,65.703846
17084,18059,69.457692,65.707692
17085,18060,69.461538,65.711538
17086,18061,69.465385,65.715385
17087,18062,69.469231,65.719231
17088,18063,69.473077,65.723077
17089,18064,69.476923,65.726923
17090,18065,69.480769,65.730769
17091,18066,69.484615,65.734615
17092,18067,69.488462,65.738462
17093,18068,69.492308,65.742308
17094,18069,69.496154,65.746154
17095,18070,69.500000,65.750000
17096,18071,69.503846,65.753846
17097,18072,69.507692,65.757692
17098,18073,69.511538,65.761538
17099,18074,69.515385,65.765385
17100,18075,69.519231,65.769231
17101,18076,69.523077,65.773077
17102,18077,69.526923,65.776923
17103,18078,69.530769,65.780769
17104,18079,69.534615,65.784615
17105,18080,69.538462,65.788462
17106,18081,69.542308,65.792308
17107,18082,69.546154,65.796154
17108,18083,69.550000,65.800000
17109,18084,69.553846,65.803846
17110,18085,69.557692,65.807692
17111,18086,69.561538,65.811538
17112,18087,69.565385,65.815385
17113,18088,69.569231,65.819231
17114,18089,69.573077,65.823077
17115,18090,69.576923,65.826923
17116,18091,69.580769,65.830769
17117,18092,69.584615,65.834615
17118,18093,69.588462,65.838462
17119,18094,69.592308,65.842308
17120,18095,69.596154,65.846154
17121,18096,69.600000,65.850000
17122,18097,69.603846,65.853846
17123,18098,69.607692,65.857692
17124,18099,69.611538,65.861538
17125,18100,69.615385,65.865385
17126,18101,69.619231,65.869231
17127,18102,69.623077,65.873077
17128,18103,69.626923,65.876923
17129,18104,69.630769,65.880769
17130,18105,69.634615,65.884615
17131,18106,69.638462,65.888462
17132,18107,69.642308,65.892308
17133,18108,69.646154,65.896154
17134,18109,69.650000,65.900000
17135,18110,69.653846,65.903846
17136,18111,69.657692,65.907692
17137,18112,69.661538,65.911538
17138,18113,69.665385,65.915385
17139,18114,69.669231,65.919231
17140,18115,69.673077,65.923077
17141,18116,69.676923,65.926923
17142,18117,69.680769,65.930769
17143,18118,69.684615,65.934615
17144,18119,69.688462,65.938462
17145,18120,69.692308,65.942308
17146,18121,69.696154,65.946154
17147,18122,69.700000,65.950000
17148,18123,69.703846,65.953846
17149,18124,69.707692,65.957692
17150,18125,69.711538,65.961538
17151,18126,69.715385,65.965385
17152,18127,69.719231,65.969231
17153,18128,69.723077,65.973077
17154,18129,69.726923,65.976923
17155,18130,69.730769,65.980769
17156,18131,69.734615,65.984615
17157,18132,69.738462,65.988462
17158,18133,69.742308,65.992308
17159,18134,69.746154,65.996154
17160,18135,69.750000,66.000000
17161,18136,69.753846,66.003846
17162,18137,69.757692,66.007692
17163,18138,69.761538,66.011538
17164,18139,69.765385,66.015385
17165,18140,69.769231,66.019231
17166,18141,69.773077,66.023077
17167,18142,69.776923,66.026923
17168,18143,69.780769,66.030769
17169,18144,69.784615,66.034615
17170,18145,69.788462,66.038462
17171,18146,69.792308,66.042308
17172,18147,69.796154,66.046154
17173,18148,69.800000,66.050000
17174,18149,69.803846,66.053846
17175,18150,69.807692,66.057692
17176,18151,69.811538,66.061538
17177,18152,69.815385,66.065385
17178,18153,69.819231,66.069231
17179,18154,69.823077,66.073077
17180,18155,69.826923,66.076923
17181,18156,69.830769,66.080769
17182,18157,69.834615,66.084615
17183,18158,69.838462,66.088462
17184,18159,69.842308,66.092308
17185,18160,69.846154,66.096154
17186,18161,69.850000,66.100000
17187,18162,69.853846,66.103846
17188,18163,69.857692,66.107692
17189,18164,69.861538,66.111538
17190,18165,69.865385,66.115385
17191,18166,69.869231,66.119231
17192,18167,69.873077,66.123077
17193,18168,69.876923,66.126923
17194,18169,69.880769,66.130769
