sample_index,video_frame_index,time_s_from_video_start,time_s_from_trim_start
0,965,3.711538,0.000000
1,966,3.715385,0.003846
2,967,3.719231,0.007692
3,968,3.723077,0.011538
4,969,3.726923,0.015385
5,970,3.730769,0.019231
6,971,3.734615,0.023077
7,972,3.738462,0.026923
8,973,3.742308,0.030769
9,974,3.746154,0.034615
10,975,3.750000,0.038462
11,976,3.753846,0.042308
12,977,3.757692,0.046154
13,978,3.761538,0.050000
14,979,3.765385,0.053846
15,980,3.769231,0.057692
16,981,3.773077,0.061538
17,982,3.776923,0.065385
18,983,3.780769,0.069231
19,984,3.784615,0.073077
20,985,3.788462,0.076923
21,986,3.792308,0.080769
22,987,3.796154,0.084615
23,988,3.800000,0.088462
24,989,3.803846,0.092308
25,990,3.807692,0.096154
26,991,3.811538,0.100000
27,992,3.815385,0.103846
28,993,3.819231,0.107692
29,994,3.823077,0.111538
30,995,3.826923,0.115385
31,996,3.830769,0.119231
32,997,3.834615,0.123077
33,998,3.838462,0.126923
34,999,3.842308,0.130769
35,1000,3.846154,0.134615
36,1001,3.850000,0.138462
37,1002,3.853846,0.142308
38,1003,3.857692,0.146154
39,1004,3.861538,0.150000
40,1005,3.865385,0.153846
41,1006,3.869231,0.157692
42,1007,3.873077,0.161538
43,1008,3.876923,0.165385
44,1009,3.880769,0.169231
45,1010,3.884615,0.173077
46,1011,3.888462,0.176923
47,1012,3.892308,0.180769
48,1013,3.896154,0.184615
49,1014,3.900000,0.188462
50,1015,3.903846,0.192308
51,1016,3.907692,0.196154
52,1017,3.911538,0.200000
53,1018,3.915385,0.203846
54,1019,3.919231,0.207692
55,1020,3.923077,0.211538
56,1021,3.926923,0.215385
57,1022,3.930769,0.219231
58,1023,3.934615,0.223077
59,1024,3.938462,0.226923
60,1025,3.942308,0.230769
61,1026,3.946154,0.234615
62,1027,3.950000,0.238462
63,1028,3.953846,0.242308
64,1029,3.957692,0.246154
65,1030,3.961538,0.250000
66,1031,3.965385,0.253846
67,1032,3.969231,0.257692
68,1033,3.973077,0.261538
69,1034,3.976923,0.265385
70,1035,3.980769,0.269231
71,1036,3.984615,0.273077
72,1037,3.988462,0.276923
73,1038,3.992308,0.280769
74,1039,3.996154,0.284615
75,1040,4.000000,0.288462
76,1041,4.003846,0.292308
77,1042,4.007692,0.296154
78,1043,4.011538,0.300000
79,1044,4.015385,0.303846
80,1045,4.019231,0.307692
81,1046,4.023077,0.311538
82,1047,4.026923,0.315385
83,1048,4.030769,0.319231
84,1049,4.034615,0.323077
85,1050,4.038462,0.326923
86,1051,4.042308,0.330769
87,1052,4.046154,0.334615
88,1053,4.050000,0.338462
89,1054,4.053846,0.342308
90,1055,4.057692,0.346154
91,1056,4.061538,0.350000
92,1057,4.065385,0.353846
93,1058,4.069231,0.357692
94,1059,4.073077,0.361538
95,1060,4.076923,0.365385
96,1061,4.080769,0.369231
97,1062,4.084615,0.373077
98,1063,4.088462,0.376923
99,1064,4.092308,0.380769
100,1065,4.096154,0.384615
101,1066,4.100000,0.388462
102,1067,4.103846,0.392308
103,1068,4.107692,0.396154
104,1069,4.111538,0.400000
105,1070,4.115385,0.403846
106,1071,4.119231,0.407692
107,1072,4.123077,0.411538
108,1073,4.126923,0.415385
109,1074,4.130769,0.419231
110,1075,4.134615,0.423077
111,1076,4.138462,0.426923
112,1077,4.142308,0.430769
113,1078,4.146154,0.434615
114,1079,4.150000,0.438462
115,1080,4.153846,0.442308
116,1081,4.157692,0.446154
117,1082,4.161538,0.450000
118,1083,4.165385,0.453846
119,1084,4.169231,0.457692
120,1085,4.173077,0.461538
121,1086,4.176923,0.465385
122,1087,4.180769,0.469231
123,1088,4.184615,0.473077
124,1089,4.188462,0.476923
125,1090,4.192308,0.480769
126,1091,4.196154,0.484615
127,1092,4.200000,0.488462
128,1093,4.203846,0.492308
129,1094,4.207692,0.496154
130,1095,4.211538,0.500000
131,1096,4.215385,0.503846
132,1097,4.219231,0.507692
133,1098,4.223077,0.511538
134,1099,4.226923,0.515385
135,1100,4.230769,0.519231
136,1101,4.234615,0.523077
137,1102,4.238462,0.526923
138,1103,4.242308,0.530769
139,1104,4.246154,0.534615
140,1105,4.250000,0.538462
141,1106,4.253846,0.542308
142,1107,4.257692,0.546154
143,1108,4.261538,0.550000
144,1109,4.265385,0.553846
145,1110,4.269231,0.557692
146,1111,4.273077,0.561538
147,1112,4.276923,0.565385
148,1113,4.280769,0.569231
149,1114,4.284615,0.573077
150,1115,4.288462,0.576923
151,1116,4.292308,0.580769
152,1117,4.296154,0.584615
153,1118,4.300000,0.588462
154,1119,4.303846,0.592308
155,1120,4.307692,0.596154
156,1121,4.311538,0.600000
157,1122,4.315385,0.603846
158,1123,4.319231,0.607692
159,1124,4.323077,0.611538
160,1125,4.326923,0.615385
161,1126,4.330769,0.619231
162,1127,4.334615,0.623077
163,1128,4.338462,0.626923
164,1129,4.342308,0.630769
165,1130,4.346154,0.634615
166,1131,4.350000,0.638462
167,1132,4.353846,0.642308
168,1133,4.357692,0.646154
169,1134,4.361538,0.650000
170,1135,4.365385,0.653846
171,1136,4.369231,0.657692
172,1137,4.373077,0.661538
173,1138,4.376923,0.665385
174,1139,4.380769,0.669231
175,1140,4.384615,0.673077
176,1141,4.388462,0.676923
177,1142,4.392308,0.680769
178,1143,4.396154,0.684615
179,1144,4.400000,0.688462
180,1145,4.403846,0.692308
181,1146,4.407692,0.696154
182,1147,4.411538,0.700000
183,1148,4.415385,0.703846
184,1149,4.419231,0.707692
185,1150,4.423077,0.711538
186,1151,4.426923,0.715385
187,1152,4.430769,0.719231
188,1153,4.434615,0.723077
189,1154,4.438462,0.726923
190,1155,4.442308,0.730769
191,1156,4.446154,0.734615
192,1157,4.450000,0.738462
193,1158,4.453846,0.742308
194,1159,4.457692,0.746154
195,1160,4.461538,0.750000
196,1161,4.465385,0.753846
197,1162,4.469231,0.757692
198,1163,4.473077,0.761538
199,1164,4.476923,0.765385
200,1165,4.480769,0.769231
201,1166,4.484615,0.773077
202,1167,4.488462,0.776923
203,1168,4.492308,0.780769
204,1169,4.496154,0.784615
205,1170,4.500000,0.788462
206,1171,4.503846,0.792308
207,1172,4.507692,0.796154
208,1173,4.511538,0.800000
209,1174,4.515385,0.803846
210,1175,4.519231,0.807692
211,1176,4.523077,0.811538
212,1177,4.526923,0.815385
213,1178,4.530769,0.819231
214,1179,4.534615,0.823077
215,1180,4.538462,0.826923
216,1181,4.542308,0.830769
217,1182,4.546154,0.834615
218,1183,4.550000,0.838462
219,1184,4.553846,0.842308
220,1185,4.557692,0.846154
221,1186,4.561538,0.850000
222,1187,4.565385,0.853846
223,1188,4.569231,0.857692
224,1189,4.573077,0.861538
225,1190,4.576923,0.865385
226,1191,4.580769,0.869231
227,1192,4.584615,0.873077
228,1193,4.588462,0.876923
229,1194,4.592308,0.880769
230,1195,4.596154,0.884615
231,1196,4.600000,0.888462
232,1197,4.603846,0.892308
233,1198,4.607692,0.896154
234,1199,4.611538,0.900000
235,1200,4.615385,0.903846
236,1201,4.619231,0.907692
237,1202,4.623077,0.911538
238,1203,4.626923,0.915385
239,1204,4.630769,0.919231
240,1205,4.634615,0.923077
241,1206,4.638462,0.926923
242,1207,4.642308,0.930769
243,1208,4.646154,0.934615
244,1209,4.650000,0.938462
245,1210,4.653846,0.942308
246,1211,4.657692,0.946154
247,1212,4.661538,0.950000
248,1213,4.665385,0.953846
249,1214,4.669231,0.957692
250,1215,4.673077,0.961538
251,1216,4.676923,0.965385
252,1217,4.680769,0.969231
253,1218,4.684615,0.973077
254,1219,4.688462,0.976923
255,1220,4.692308,0.980769
256,1221,4.696154,0.984615
257,1222,4.700000,0.988462
258,1223,4.703846,0.992308
259,1224,4.707692,0.996154
260,1225,4.711538,1.000000
261,1226,4.715385,1.003846
262,1227,4.719231,1.007692
263,1228,4.723077,1.011538
264,1229,4.726923,1.015385
265,1230,4.730769,1.019231
266,1231,4.734615,1.023077
267,1232,4.738462,1.026923
268,1233,4.742308,1.030769
269,1234,4.746154,1.034615
270,1235,4.750000,1.038462
271,1236,4.753846,1.042308
272,1237,4.757692,1.046154
273,1238,4.761538,1.050000
274,1239,4.765385,1.053846
275,1240,4.769231,1.057692
276,1241,4.773077,1.061538
277,1242,4.776923,1.065385
278,1243,4.780769,1.069231
279,1244,4.784615,1.073077
280,1245,4.788462,1.076923
281,1246,4.792308,1.080769
282,1247,4.796154,1.084615
283,1248,4.800000,1.088462
284,1249,4.803846,1.092308
285,1250,4.807692,1.096154
286,1251,4.811538,1.100000
287,1252,4.815385,1.103846
288,1253,4.819231,1.107692
289,1254,4.823077,1.111538
290,1255,4.826923,1.115385
291,1256,4.830769,1.119231
292,1257,4.834615,1.123077
293,1258,4.838462,1.126923
294,1259,4.842308,1.130769
295,1260,4.846154,1.134615
296,1261,4.850000,1.138462
297,1262,4.853846,1.142308
298,1263,4.857692,1.146154
299,1264,4.861538,1.150000
300,1265,4.865385,1.153846
301,1266,4.869231,1.157692
302,1267,4.873077,1.161538
303,1268,4.876923,1.165385
304,1269,4.880769,1.169231
305,1270,4.884615,1.173077
306,1271,4.888462,1.176923
307,1272,4.892308,1.180769
308,1273,4.896154,1.184615
309,1274,4.900000,1.188462
310,1275,4.903846,1.192308
311,1276,4.907692,1.196154
312,1277,4.911538,1.200000
313,1278,4.915385,1.203846
314,1279,4.919231,1.207692
315,1280,4.923077,1.211538
316,1281,4.926923,1.215385
317,1282,4.930769,1.219231
318,1283,4.934615,1.223077
319,1284,4.938462,1.226923
320,1285,4.942308,1.230769
321,1286,4.946154,1.234615
322,1287,4.950000,1.238462
323,1288,4.953846,1.242308
324,1289,4.957692,1.246154
325,1290,4.961538,1.250000
326,1291,4.965385,1.253846
327,1292,4.969231,1.257692
328,1293,4.973077,1.261538
329,1294,4.976923,1.265385
330,1295,4.980769,1.269231
331,1296,4.984615,1.273077
332,1297,4.988462,1.276923
333,1298,4.992308,1.280769
334,1299,4.996154,1.284615
335,1300,5.000000,1.288462
336,1301,5.003846,1.292308
337,1302,5.007692,1.296154
338,1303,5.011538,1.300000
339,1304,5.015385,1.303846
340,1305,5.019231,1.307692
341,1306,5.023077,1.311538
342,1307,5.026923,1.315385
343,1308,5.030769,1.319231
344,1309,5.034615,1.323077
345,1310,5.038462,1.326923
346,1311,5.042308,1.330769
347,1312,5.046154,1.334615
348,1313,5.050000,1.338462
349,1314,5.053846,1.342308
350,1315,5.057692,1.346154
351,1316,5.061538,1.350000
352,1317,5.065385,1.353846
353,1318,5.069231,1.357692
354,1319,5.073077,1.361538
355,1320,5.076923,1.365385
356,1321,5.080769,1.369231
357,1322,5.084615,1.373077
358,1323,5.088462,1.376923
359,1324,5.092308,1.380769
360,1325,5.096154,1.384615
361,1326,5.100000,1.388462
362,1327,5.103846,1.392308
363,1328,5.107692,1.396154
364,1329,5.111538,1.400000
365,1330,5.115385,1.403846
366,1331,5.119231,1.407692
367,1332,5.123077,1.411538
368,1333,5.126923,1.415385
369,1334,5.130769,1.419231
370,1335,5.134615,1.423077
371,1336,5.138462,1.426923
372,1337,5.142308,1.430769
373,1338,5.146154,1.434615
374,1339,5.150000,1.438462
375,1340,5.153846,1.442308
376,1341,5.157692,1.446154
377,1342,5.161538,1.450000
378,1343,5.165385,1.453846
379,1344,5.169231,1.457692
380,1345,5.173077,1.461538
381,1346,5.176923,1.465385
382,1347,5.180769,1.469231
383,1348,5.184615,1.473077
384,1349,5.188462,1.476923
385,1350,5.192308,1.480769
386,1351,5.196154,1.484615
387,1352,5.200000,1.488462
388,1353,5.203846,1.492308
389,1354,5.207692,1.496154
390,1355,5.211538,1.500000
391,1356,5.215385,1.503846
392,1357,5.219231,1.507692
393,1358,5.223077,1.511538
394,1359,5.226923,1.515385
395,1360,5.230769,1.519231
396,1361,5.234615,1.523077
397,1362,5.238462,1.526923
398,1363,5.242308,1.530769
399,1364,5.246154,1.534615
400,1365,5.250000,1.538462
401,1366,5.253846,1.542308
402,1367,5.257692,1.546154
403,1368,5.261538,1.550000
404,1369,5.265385,1.553846
405,1370,5.269231,1.557692
406,1371,5.273077,1.561538
407,1372,5.276923,1.565385
408,1373,5.280769,1.569231
409,1374,5.284615,1.573077
410,1375,5.288462,1.576923
411,1376,5.292308,1.580769
412,1377,5.296154,1.584615
413,1378,5.300000,1.588462
414,1379,5.303846,1.592308
415,1380,5.307692,1.596154
416,1381,5.311538,1.600000
417,1382,5.315385,1.603846
418,1383,5.319231,1.607692
419,1384,5.323077,1.611538
420,1385,5.326923,1.615385
421,1386,5.330769,1.619231
422,1387,5.334615,1.623077
423,1388,5.338462,1.626923
424,1389,5.342308,1.630769
425,1390,5.346154,1.634615
426,1391,5.350000,1.638462
427,1392,5.353846,1.642308
428,1393,5.357692,1.646154
429,1394,5.361538,1.650000
430,1395,5.365385,1.653846
431,1396,5.369231,1.657692
432,1397,5.373077,1.661538
433,1398,5.376923,1.665385
434,1399,5.380769,1.669231
435,1400,5.384615,1.673077
436,1401,5.388462,1.676923
437,1402,5.392308,1.680769
438,1403,5.396154,1.684615
439,1404,5.400000,1.688462
440,1405,5.403846,1.692308
441,1406,5.407692,1.696154
442,1407,5.411538,1.700000
443,1408,5.415385,1.703846
444,1409,5.419231,1.707692
445,1410,5.423077,1.711538
446,1411,5.426923,1.715385
447,1412,5.430769,1.719231
448,1413,5.434615,1.723077
449,1414,5.438462,1.726923
450,1415,5.442308,1.730769
451,1416,5.446154,1.734615
452,1417,5.450000,1.738462
453,1418,5.453846,1.742308
454,1419,5.457692,1.746154
455,1420,5.461538,1.750000
456,1421,5.465385,1.753846
457,1422,5.469231,1.757692
458,1423,5.473077,1.761538
459,1424,5.476923,1.765385
460,1425,5.480769,1.769231
461,1426,5.484615,1.773077
462,1427,5.488462,1.776923
463,1428,5.492308,1.780769
464,1429,5.496154,1.784615
465,1430,5.500000,1.788462
466,1431,5.503846,1.792308
467,1432,5.507692,1.796154
468,1433,5.511538,1.800000
469,1434,5.515385,1.803846
470,1435,5.519231,1.807692
471,1436,5.523077,1.811538
472,1437,5.526923,1.815385
473,1438,5.530769,1.819231
474,1439,5.534615,1.823077
475,1440,5.538462,1.826923
476,1441,5.542308,1.830769
477,1442,5.546154,1.834615
478,1443,5.550000,1.838462
479,1444,5.553846,1.842308
480,1445,5.557692,1.846154
481,1446,5.561538,1.850000
482,1447,5.565385,1.853846
483,1448,5.569231,1.857692
484,1449,5.573077,1.861538
485,1450,5.576923,1.865385
486,1451,5.580769,1.869231
487,1452,5.584615,1.873077
488,1453,5.588462,1.876923
489,1454,5.592308,1.880769
490,1455,5.596154,1.884615
491,1456,5.600000,1.888462
492,1457,5.603846,1.892308
493,1458,5.607692,1.896154
494,1459,5.611538,1.900000
495,1460,5.615385,1.903846
496,1461,5.619231,1.907692
497,1462,5.623077,1.911538
498,1463,5.626923,1.915385
499,1464,5.630769,1.919231
500,1465,5.634615,1.923077
501,1466,5.638462,1.926923
502,1467,5.642308,1.930769
503,1468,5.646154,1.934615
504,1469,5.650000,1.938462
505,1470,5.653846,1.942308
506,1471,5.657692,1.946154
507,1472,5.661538,1.950000
508,1473,5.665385,1.953846
509,1474,5.669231,1.957692
510,1475,5.673077,1.961538
511,1476,5.676923,1.965385
512,1477,5.680769,1.969231
513,1478,5.684615,1.973077
514,1479,5.688462,1.976923
515,1480,5.692308,1.980769
516,1481,5.696154,1.984615
517,1482,5.700000,1.988462
518,1483,5.703846,1.992308
519,1484,5.707692,1.996154
520,1485,5.711538,2.000000
521,1486,5.715385,2.003846
522,1487,5.719231,2.007692
523,1488,5.723077,2.011538
524,1489,5.726923,2.015385
525,1490,5.730769,2.019231
526,1491,5.734615,2.023077
527,1492,5.738462,2.026923
528,1493,5.742308,2.030769
529,1494,5.746154,2.034615
530,1495,5.750000,2.038462
531,1496,5.753846,2.042308
532,1497,5.757692,2.046154
533,1498,5.761538,2.050000
534,1499,5.765385,2.053846
535,1500,5.769231,2.057692
536,1501,5.773077,2.061538
537,1502,5.776923,2.065385
538,1503,5.780769,2.069231
539,1504,5.784615,2.073077
540,1505,5.788462,2.076923
541,1506,5.792308,2.080769
542,1507,5.796154,2.084615
543,1508,5.800000,2.088462
544,1509,5.803846,2.092308
545,1510,5.807692,2.096154
546,1511,5.811538,2.100000
547,1512,5.815385,2.103846
548,1513,5.819231,2.107692
549,1514,5.823077,2.111538
550,1515,5.826923,2.115385
551,1516,5.830769,2.119231
552,1517,5.834615,2.123077
553,1518,5.838462,2.126923
554,1519,5.842308,2.130769
555,1520,5.846154,2.134615
556,1521,5.850000,2.138462
557,1522,5.853846,2.142308
558,1523,5.857692,2.146154
559,1524,5.861538,2.150000
560,1525,5.865385,2.153846
561,1526,5.869231,2.157692
562,1527,5.873077,2.161538
563,1528,5.876923,2.165385
564,1529,5.880769,2.169231
565,1530,5.884615,2.173077
566,1531,5.888462,2.176923
567,1532,5.892308,2.180769
568,1533,5.896154,2.184615
569,1534,5.900000,2.188462
570,1535,5.903846,2.192308
571,1536,5.907692,2.196154
572,1537,5.911538,2.200000
573,1538,5.915385,2.203846
574,1539,5.919231,2.207692
575,1540,5.923077,2.211538
576,1541,5.926923,2.215385
577,1542,5.930769,2.219231
578,1543,5.934615,2.223077
579,1544,5.938462,2.226923
580,1545,5.942308,2.230769
581,1546,5.946154,2.234615
582,1547,5.950000,2.238462
583,1548,5.953846,2.242308
584,1549,5.957692,2.246154
585,1550,5.961538,2.250000
586,1551,5.965385,2.253846
587,1552,5.969231,2.257692
588,1553,5.973077,2.261538
589,1554,5.976923,2.265385
590,1555,5.980769,2.269231
591,1556,5.984615,2.273077
592,1557,5.988462,2.276923
593,1558,5.992308,2.280769
594,1559,5.996154,2.284615
595,1560,6.000000,2.288462
596,1561,6.003846,2.292308
597,1562,6.007692,2.296154
598,1563,6.011538,2.300000
599,1564,6.015385,2.303846
600,1565,6.019231,2.307692
601,1566,6.023077,2.311538
602,1567,6.026923,2.315385
603,1568,6.030769,2.319231
604,1569,6.034615,2.323077
605,1570,6.038462,2.326923
606,1571,6.042308,2.330769
607,1572,6.046154,2.334615
608,1573,6.050000,2.338462
609,1574,6.053846,2.342308
610,1575,6.057692,2.346154
611,1576,6.061538,2.350000
612,1577,6.065385,2.353846
613,1578,6.069231,2.357692
614,1579,6.073077,2.361538
615,1580,6.076923,2.365385
616,1581,6.080769,2.369231
617,1582,6.084615,2.373077
618,1583,6.088462,2.376923
619,1584,6.092308,2.380769
620,1585,6.096154,2.384615
621,1586,6.100000,2.388462
622,1587,6.103846,2.392308
623,1588,6.107692,2.396154
624,1589,6.111538,2.400000
625,1590,6.115385,2.403846
626,1591,6.119231,2.407692
627,1592,6.123077,2.411538
628,1593,6.126923,2.415385
629,1594,6.130769,2.419231
630,1595,6.134615,2.423077
631,1596,6.138462,2.426923
632,1597,6.142308,2.430769
633,1598,6.146154,2.434615
634,1599,6.150000,2.438462
635,1600,6.153846,2.442308
636,1601,6.157692,2.446154
637,1602,6.161538,2.450000
638,1603,6.165385,2.453846
639,1604,6.169231,2.457692
640,1605,6.173077,2.461538
641,1606,6.176923,2.465385
642,1607,6.180769,2.469231
643,1608,6.184615,2.473077
644,1609,6.188462,2.476923
645,1610,6.192308,2.480769
646,1611,6.196154,2.484615
647,1612,6.200000,2.488462
648,1613,6.203846,2.492308
649,1614,6.207692,2.496154
650,1615,6.211538,2.500000
651,1616,6.215385,2.503846
652,1617,6.219231,2.507692
653,1618,6.223077,2.511538
654,1619,6.226923,2.515385
655,1620,6.230769,2.519231
656,1621,6.234615,2.523077
657,1622,6.238462,2.526923
658,1623,6.242308,2.530769
659,1624,6.246154,2.534615
660,1625,6.250000,2.538462
661,1626,6.253846,2.542308
662,1627,6.257692,2.546154
663,1628,6.261538,2.550000
664,1629,6.265385,2.553846
665,1630,6.269231,2.557692
666,1631,6.273077,2.561538
667,1632,6.276923,2.565385
668,1633,6.280769,2.569231
669,1634,6.284615,2.573077
670,1635,6.288462,2.576923
671,1636,6.292308,2.580769
672,1637,6.296154,2.584615
673,1638,6.300000,2.588462
674,1639,6.303846,2.592308
675,1640,6.307692,2.596154
676,1641,6.311538,2.600000
677,1642,6.315385,2.603846
678,1643,6.319231,2.607692
679,1644,6.323077,2.611538
680,1645,6.326923,2.615385
681,1646,6.330769,2.619231
682,1647,6.334615,2.623077
683,1648,6.338462,2.626923
684,1649,6.342308,2.630769
685,1650,6.346154,2.634615
686,1651,6.350000,2.638462
687,1652,6.353846,2.642308
688,1653,6.357692,2.646154
689,1654,6.361538,2.650000
690,1655,6.365385,2.653846
691,1656,6.369231,2.657692
692,1657,6.373077,2.661538
693,1658,6.376923,2.665385
694,1659,6.380769,2.669231
695,1660,6.384615,2.673077
696,1661,6.388462,2.676923
697,1662,6.392308,2.680769
698,1663,6.396154,2.684615
699,1664,6.400000,2.688462
700,1665,6.403846,2.692308
701,1666,6.407692,2.696154
702,1667,6.411538,2.700000
703,1668,6.415385,2.703846
704,1669,6.419231,2.707692
705,1670,6.423077,2.711538
706,1671,6.426923,2.715385
707,1672,6.430769,2.719231
708,1673,6.434615,2.723077
709,1674,6.438462,2.726923
710,1675,6.442308,2.730769
711,1676,6.446154,2.734615
712,1677,6.450000,2.738462
713,1678,6.453846,2.742308
714,1679,6.457692,2.746154
715,1680,6.461538,2.750000
716,1681,6.465385,2.753846
717,1682,6.469231,2.757692
718,1683,6.473077,2.761538
719,1684,6.476923,2.765385
720,1685,6.480769,2.769231
721,1686,6.484615,2.773077
722,1687,6.488462,2.776923
723,1688,6.492308,2.780769
724,1689,6.496154,2.784615
725,1690,6.500000,2.788462
726,1691,6.503846,2.792308
727,1692,6.507692,2.796154
728,1693,6.511538,2.800000
729,1694,6.515385,2.803846
730,1695,6.519231,2.807692
731,1696,6.523077,2.811538
732,1697,6.526923,2.815385
733,1698,6.530769,2.819231
734,1699,6.534615,2.823077
735,1700,6.538462,2.826923
736,1701,6.542308,2.830769
737,1702,6.546154,2.834615
738,1703,6.550000,2.838462
739,1704,6.553846,2.842308
740,1705,6.557692,2.846154
741,1706,6.561538,2.850000
742,1707,6.565385,2.853846
743,1708,6.569231,2.857692
744,1709,6.573077,2.861538
745,1710,6.576923,2.865385
746,1711,6.580769,2.869231
747,1712,6.584615,2.873077
748,1713,6.588462,2.876923
749,1714,6.592308,2.880769
750,1715,6.596154,2.884615
751,1716,6.600000,2.888462
752,1717,6.603846,2.892308
753,1718,6.607692,2.896154
754,1719,6.611538,2.900000
755,1720,6.615385,2.903846
756,1721,6.619231,2.907692
757,1722,6.623077,2.911538
758,1723,6.626923,2.915385
759,1724,6.630769,2.919231
760,1725,6.634615,2.923077
761,1726,6.638462,2.926923
762,1727,6.642308,2.930769
763,1728,6.646154,2.934615
764,1729,6.650000,2.938462
765,1730,6.653846,2.942308
766,1731,6.657692,2.946154
767,1732,6.661538,2.950000
768,1733,6.665385,2.953846
769,1734,6.669231,2.957692
770,1735,6.673077,2.961538
771,1736,6.676923,2.965385
772,1737,6.680769,2.969231
773,1738,6.684615,2.973077
774,1739,6.688462,2.976923
775,1740,6.692308,2.980769
776,1741,6.696154,2.984615
777,1742,6.700000,2.988462
778,1743,6.703846,2.992308
779,1744,6.707692,2.996154
780,1745,6.711538,3.000000
781,1746,6.715385,3.003846
782,1747,6.719231,3.007692
783,1748,6.723077,3.011538
784,1749,6.726923,3.015385
785,1750,6.730769,3.019231
786,1751,6.734615,3.023077
787,1752,6.738462,3.026923
788,1753,6.742308,3.030769
789,1754,6.746154,3.034615
790,1755,6.750000,3.038462
791,1756,6.753846,3.042308
792,1757,6.757692,3.046154
793,1758,6.761538,3.050000
794,1759,6.765385,3.053846
795,1760,6.769231,3.057692
796,1761,6.773077,3.061538
797,1762,6.776923,3.065385
798,1763,6.780769,3.069231
799,1764,6.784615,3.073077
800,1765,6.788462,3.076923
801,1766,6.792308,3.080769
802,1767,6.796154,3.084615
803,1768,6.800000,3.088462
804,1769,6.803846,3.092308
805,1770,6.807692,3.096154
806,1771,6.811538,3.100000
807,1772,6.815385,3.103846
808,1773,6.819231,3.107692
809,1774,6.823077,3.111538
810,1775,6.826923,3.115385
811,1776,6.830769,3.119231
812,1777,6.834615,3.123077
813,1778,6.838462,3.126923
814,1779,6.842308,3.130769
815,1780,6.846154,3.134615
816,1781,6.850000,3.138462
817,1782,6.853846,3.142308
818,1783,6.857692,3.146154
819,1784,6.861538,3.150000
820,1785,6.865385,3.153846
821,1786,6.869231,3.157692
822,1787,6.873077,3.161538
823,1788,6.876923,3.165385
824,1789,6.880769,3.169231
825,1790,6.884615,3.173077
826,1791,6.888462,3.176923
827,1792,6.892308,3.180769
828,1793,6.896154,3.184615
829,1794,6.900000,3.188462
830,1795,6.903846,3.192308
831,1796,6.907692,3.196154
832,1797,6.911538,3.200000
833,1798,6.915385,3.203846
834,1799,6.919231,3.207692
835,1800,6.923077,3.211538
836,1801,6.926923,3.215385
837,1802,6.930769,3.219231
838,1803,6.934615,3.223077
839,1804,6.938462,3.226923
840,1805,6.942308,3.230769
841,1806,6.946154,3.234615
842,1807,6.950000,3.238462
843,1808,6.953846,3.242308
844,1809,6.957692,3.246154
845,1810,6.961538,3.250000
846,1811,6.965385,3.253846
847,1812,6.969231,3.257692
848,1813,6.973077,3.261538
849,1814,6.976923,3.265385
850,1815,6.980769,3.269231
851,1816,6.984615,3.273077
852,1817,6.988462,3.276923
853,1818,6.992308,3.280769
854,1819,6.996154,3.284615
855,1820,7.000000,3.288462
856,1821,7.003846,3.292308
857,1822,7.007692,3.296154
858,1823,7.011538,3.300000
859,1824,7.015385,3.303846
860,1825,7.019231,3.307692
861,1826,7.023077,3.311538
862,1827,7.026923,3.315385
863,1828,7.030769,3.319231
864,1829,7.034615,3.323077
865,1830,7.038462,3.326923
866,1831,7.042308,3.330769
867,1832,7.046154,3.334615
868,1833,7.050000,3.338462
869,1834,7.053846,3.342308
870,1835,7.057692,3.346154
871,1836,7.061538,3.350000
872,1837,7.065385,3.353846
873,1838,7.069231,3.357692
874,1839,7.073077,3.361538
875,1840,7.076923,3.365385
876,1841,7.080769,3.369231
877,1842,7.084615,3.373077
878,1843,7.088462,3.376923
879,1844,7.092308,3.380769
880,1845,7.096154,3.384615
881,1846,7.100000,3.388462
882,1847,7.103846,3.392308
883,1848,7.107692,3.396154
884,1849,7.111538,3.400000
885,1850,7.115385,3.403846
886,1851,7.119231,3.407692
887,1852,7.123077,3.411538
888,1853,7.126923,3.415385
889,1854,7.130769,3.419231
890,1855,7.134615,3.423077
891,1856,7.138462,3.426923
892,1857,7.142308,3.430769
893,1858,7.146154,3.434615
894,1859,7.150000,3.438462
895,1860,7.153846,3.442308
896,1861,7.157692,3.446154
897,1862,7.161538,3.450000
898,1863,7.165385,3.453846
899,1864,7.169231,3.457692
900,1865,7.173077,3.461538
901,1866,7.176923,3.465385
902,1867,7.180769,3.469231
903,1868,7.184615,3.473077
904,1869,7.188462,3.476923
905,1870,7.192308,3.480769
906,1871,7.196154,3.484615
907,1872,7.200000,3.488462
908,1873,7.203846,3.492308
909,1874,7.207692,3.496154
910,1875,7.211538,3.500000
911,1876,7.215385,3.503846
912,1877,7.219231,3.507692
913,1878,7.223077,3.511538
914,1879,7.226923,3.515385
915,1880,7.230769,3.519231
916,1881,7.234615,3.523077
917,1882,7.238462,3.526923
918,1883,7.242308,3.530769
919,1884,7.246154,3.534615
920,1885,7.250000,3.538462
921,1886,7.253846,3.542308
922,1887,7.257692,3.546154
923,1888,7.261538,3.550000
924,1889,7.265385,3.553846
925,1890,7.269231,3.557692
926,1891,7.273077,3.561538
927,1892,7.276923,3.565385
928,1893,7.280769,3.569231
929,1894,7.284615,3.573077
930,1895,7.288462,3.576923
931,1896,7.292308,3.580769
932,1897,7.296154,3.584615
933,1898,7.300000,3.588462
934,1899,7.303846,3.592308
935,1900,7.307692,3.596154
936,1901,7.311538,3.600000
937,1902,7.315385,3.603846
938,1903,7.319231,3.607692
939,1904,7.323077,3.611538
940,1905,7.326923,3.615385
941,1906,7.330769,3.619231
942,1907,7.334615,3.623077
943,1908,7.338462,3.626923
944,1909,7.342308,3.630769
945,1910,7.346154,3.634615
946,1911,7.350000,3.638462
947,1912,7.353846,3.642308
948,1913,7.357692,3.646154
949,1914,7.361538,3.650000
950,1915,7.365385,3.653846
951,1916,7.369231,3.657692
952,1917,7.373077,3.661538
953,1918,7.376923,3.665385
954,1919,7.380769,3.669231
955,1920,7.384615,3.673077
956,1921,7.388462,3.676923
957,1922,7.392308,3.680769
958,1923,7.396154,3.684615
959,1924,7.400000,3.688462
960,1925,7.403846,3.692308
961,1926,7.407692,3.696154
962,1927,7.411538,3.700000
963,1928,7.415385,3.703846
964,1929,7.419231,3.707692
965,1930,7.423077,3.711538
966,1931,7.426923,3.715385
967,1932,7.430769,3.719231
968,1933,7.434615,3.723077
969,1934,7.438462,3.726923
970,1935,7.442308,3.730769
971,1936,7.446154,3.734615
972,1937,7.450000,3.738462
973,1938,7.453846,3.742308
974,1939,7.457692,3.746154
975,1940,7.461538,3.750000
976,1941,7.465385,3.753846
977,1942,7.469231,3.757692
978,1943,7.473077,3.761538
979,1944,7.476923,3.765385
980,1945,7.480769,3.769231
981,1946,7.484615,3.773077
982,1947,7.488462,3.776923
983,1948,7.492308,3.780769
984,1949,7.496154,3.784615
985,1950,7.500000,3.788462
986,1951,7.503846,3.792308
987,1952,7.507692,3.796154
988,1953,7.511538,3.800000
989,1954,7.515385,3.803846
990,1955,7.519231,3.807692
991,1956,7.523077,3.811538
992,1957,7.526923,3.815385
993,1958,7.530769,3.819231
994,1959,7.534615,3.823077
995,1960,7.538462,3.826923
996,1961,7.542308,3.830769
997,1962,7.546154,3.834615
998,1963,7.550000,3.838462
999,1964,7.553846,3.842308
1000,1965,7.557692,3.846154
1001,1966,7.561538,3.850000
1002,1967,7.565385,3.853846
1003,1968,7.569231,3.857692
1004,1969,7.573077,3.861538
1005,1970,7.576923,3.865385
1006,1971,7.580769,3.869231
1007,1972,7.584615,3.873077
1008,1973,7.588462,3.876923
1009,1974,7.592308,3.880769
1010,1975,7.596154,3.884615
1011,1976,7.600000,3.888462
1012,1977,7.603846,3.892308
1013,1978,7.607692,3.896154
1014,1979,7.611538,3.900000
1015,1980,7.615385,3.903846
1016,1981,7.619231,3.907692
1017,1982,7.623077,3.911538
1018,1983,7.626923,3.915385
1019,1984,7.630769,3.919231
1020,1985,7.634615,3.923077
1021,1986,7.638462,3.926923
1022,1987,7.642308,3.930769
1023,1988,7.646154,3.934615
1024,1989,7.650000,3.938462
1025,1990,7.653846,3.942308
1026,1991,7.657692,3.946154
1027,1992,7.661538,3.950000
1028,1993,7.665385,3.953846
1029,1994,7.669231,3.957692
1030,1995,7.673077,3.961538
1031,1996,7.676923,3.965385
1032,1997,7.680769,3.969231
1033,1998,7.684615,3.973077
1034,1999,7.688462,3.976923
1035,2000,7.692308,3.980769
1036,2001,7.696154,3.984615
1037,2002,7.700000,3.988462
1038,2003,7.703846,3.992308
1039,2004,7.707692,3.996154
1040,2005,7.711538,4.000000
1041,2006,7.715385,4.003846
1042,2007,7.719231,4.007692
1043,2008,7.723077,4.011538
1044,2009,7.726923,4.015385
1045,2010,7.730769,4.019231
1046,2011,7.734615,4.023077
1047,2012,7.738462,4.026923
1048,2013,7.742308,4.030769
1049,2014,7.746154,4.034615
1050,2015,7.750000,4.038462
1051,2016,7.753846,4.042308
1052,2017,7.757692,4.046154
1053,2018,7.761538,4.050000
1054,2019,7.765385,4.053846
1055,2020,7.769231,4.057692
1056,2021,7.773077,4.061538
1057,2022,7.776923,4.065385
1058,2023,7.780769,4.069231
1059,2024,7.784615,4.073077
1060,2025,7.788462,4.076923
1061,2026,7.792308,4.080769
1062,2027,7.796154,4.084615
1063,2028,7.800000,4.088462
1064,2029,7.803846,4.092308
1065,2030,7.807692,4.096154
1066,2031,7.811538,4.100000
1067,2032,7.815385,4.103846
1068,2033,7.819231,4.107692
1069,2034,7.823077,4.111538
1070,2035,7.826923,4.115385
1071,2036,7.830769,4.119231
1072,2037,7.834615,4.123077
1073,2038,7.838462,4.126923
1074,2039,7.842308,4.130769
1075,2040,7.846154,4.134615
1076,2041,7.850000,4.138462
1077,2042,7.853846,4.142308
1078,2043,7.857692,4.146154
1079,2044,7.861538,4.150000
1080,2045,7.865385,4.153846
1081,2046,7.869231,4.157692
1082,2047,7.873077,4.161538
1083,2048,7.876923,4.165385
1084,2049,7.880769,4.169231
1085,2050,7.884615,4.173077
1086,2051,7.888462,4.176923
1087,2052,7.892308,4.180769
1088,2053,7.896154,4.184615
1089,2054,7.900000,4.188462
1090,2055,7.903846,4.192308
1091,2056,7.907692,4.196154
1092,2057,7.911538,4.200000
1093,2058,7.915385,4.203846
1094,2059,7.919231,4.207692
1095,2060,7.923077,4.211538
1096,2061,7.926923,4.215385
1097,2062,7.930769,4.219231
1098,2063,7.934615,4.223077
1099,2064,7.938462,4.226923
1100,2065,7.942308,4.230769
1101,2066,7.946154,4.234615
1102,2067,7.950000,4.238462
1103,2068,7.953846,4.242308
1104,2069,7.957692,4.246154
1105,2070,7.961538,4.250000
1106,2071,7.965385,4.253846
1107,2072,7.969231,4.257692
1108,2073,7.973077,4.261538
1109,2074,7.976923,4.265385
1110,2075,7.980769,4.269231
1111,2076,7.984615,4.273077
1112,2077,7.988462,4.276923
1113,2078,7.992308,4.280769
1114,2079,7.996154,4.284615
1115,2080,8.000000,4.288462
1116,2081,8.003846,4.292308
1117,2082,8.007692,4.296154
1118,2083,8.011538,4.300000
1119,2084,8.015385,4.303846
1120,2085,8.019231,4.307692
1121,2086,8.023077,4.311538
1122,2087,8.026923,4.315385
1123,2088,8.030769,4.319231
1124,2089,8.034615,4.323077
1125,2090,8.038462,4.326923
1126,2091,8.042308,4.330769
1127,2092,8.046154,4.334615
1128,2093,8.050000,4.338462
1129,2094,8.053846,4.342308
1130,2095,8.057692,4.346154
1131,2096,8.061538,4.350000
1132,2097,8.065385,4.353846
1133,2098,8.069231,4.357692
1134,2099,8.073077,4.361538
1135,2100,8.076923,4.365385
1136,2101,8.080769,4.369231
1137,2102,8.084615,4.373077
1138,2103,8.088462,4.376923
1139,2104,8.092308,4.380769
1140,2105,8.096154,4.384615
1141,2106,8.100000,4.388462
1142,2107,8.103846,4.392308
1143,2108,8.107692,4.396154
1144,2109,8.111538,4.400000
1145,2110,8.115385,4.403846
1146,2111,8.119231,4.407692
1147,2112,8.123077,4.411538
1148,2113,8.126923,4.415385
1149,2114,8.130769,4.419231
1150,2115,8.134615,4.423077
1151,2116,8.138462,4.426923
1152,2117,8.142308,4.430769
1153,2118,8.146154,4.434615
1154,2119,8.150000,4.438462
1155,2120,8.153846,4.442308
1156,2121,8.157692,4.446154
1157,2122,8.161538,4.450000
1158,2123,8.165385,4.453846
1159,2124,8.169231,4.457692
1160,2125,8.173077,4.461538
1161,2126,8.176923,4.465385
1162,2127,8.180769,4.469231
1163,2128,8.184615,4.473077
1164,2129,8.188462,4.476923
1165,2130,8.192308,4.480769
1166,2131,8.196154,4.484615
1167,2132,8.200000,4.488462
1168,2133,8.203846,4.492308
1169,2134,8.207692,4.496154
1170,2135,8.211538,4.500000
1171,2136,8.215385,4.503846
1172,2137,8.219231,4.507692
1173,2138,8.223077,4.511538
1174,2139,8.226923,4.515385
1175,2140,8.230769,4.519231
1176,2141,8.234615,4.523077
1177,2142,8.238462,4.526923
1178,2143,8.242308,4.530769
1179,2144,8.246154,4.534615
1180,2145,8.250000,4.538462
1181,2146,8.253846,4.542308
1182,2147,8.257692,4.546154
1183,2148,8.261538,4.550000
1184,2149,8.265385,4.553846
1185,2150,8.269231,4.557692
1186,2151,8.273077,4.561538
1187,2152,8.276923,4.565385
1188,2153,8.280769,4.569231
1189,2154,8.284615,4.573077
1190,2155,8.288462,4.576923
1191,2156,8.292308,4.580769
1192,2157,8.296154,4.584615
1193,2158,8.300000,4.588462
1194,2159,8.303846,4.592308
1195,2160,8.307692,4.596154
1196,2161,8.311538,4.600000
1197,2162,8.315385,4.603846
1198,2163,8.319231,4.607692
1199,2164,8.323077,4.611538
1200,2165,8.326923,4.615385
1201,2166,8.330769,4.619231
1202,2167,8.334615,4.623077
1203,2168,8.338462,4.626923
1204,2169,8.342308,4.630769
1205,2170,8.346154,4.634615
1206,2171,8.350000,4.638462
1207,2172,8.353846,4.642308
1208,2173,8.357692,4.646154
1209,2174,8.361538,4.650000
1210,2175,8.365385,4.653846
1211,2176,8.369231,4.657692
1212,2177,8.373077,4.661538
1213,2178,8.376923,4.665385
1214,2179,8.380769,4.669231
1215,2180,8.384615,4.673077
1216,2181,8.388462,4.676923
1217,2182,8.392308,4.680769
1218,2183,8.396154,4.684615
1219,2184,8.400000,4.688462
1220,2185,8.403846,4.692308
1221,2186,8.407692,4.696154
1222,2187,8.411538,4.700000
1223,2188,8.415385,4.703846
1224,2189,8.419231,4.707692
1225,2190,8.423077,4.711538
1226,2191,8.426923,4.715385
1227,2192,8.430769,4.719231
1228,2193,8.434615,4.723077
1229,2194,8.438462,4.726923
1230,2195,8.442308,4.730769
1231,2196,8.446154,4.734615
1232,2197,8.450000,4.738462
1233,2198,8.453846,4.742308
1234,2199,8.457692,4.746154
1235,2200,8.461538,4.750000
1236,2201,8.465385,4.753846
1237,2202,8.469231,4.757692
1238,2203,8.473077,4.761538
1239,2204,8.476923,4.765385
1240,2205,8.480769,4.769231
1241,2206,8.484615,4.773077
1242,2207,8.488462,4.776923
1243,2208,8.492308,4.780769
1244,2209,8.496154,4.784615
1245,2210,8.500000,4.788462
1246,2211,8.503846,4.792308
1247,2212,8.507692,4.796154
1248,2213,8.511538,4.800000
1249,2214,8.515385,4.803846
1250,2215,8.519231,4.807692
1251,2216,8.523077,4.811538
1252,2217,8.526923,4.815385
1253,2218,8.530769,4.819231
1254,2219,8.534615,4.823077
1255,2220,8.538462,4.826923
1256,2221,8.542308,4.830769
1257,2222,8.546154,4.834615
1258,2223,8.550000,4.838462
1259,2224,8.553846,4.842308
1260,2225,8.557692,4.846154
1261,2226,8.561538,4.850000
1262,2227,8.565385,4.853846
1263,2228,8.569231,4.857692
1264,2229,8.573077,4.861538
1265,2230,8.576923,4.865385
1266,2231,8.580769,4.869231
1267,2232,8.584615,4.873077
1268,2233,8.588462,4.876923
1269,2234,8.592308,4.880769
1270,2235,8.596154,4.884615
1271,2236,8.600000,4.888462
1272,2237,8.603846,4.892308
1273,2238,8.607692,4.896154
1274,2239,8.611538,4.900000
1275,2240,8.615385,4.903846
1276,2241,8.619231,4.907692
1277,2242,8.623077,4.911538
1278,2243,8.626923,4.915385
1279,2244,8.630769,4.919231
1280,2245,8.634615,4.923077
1281,2246,8.638462,4.926923
1282,2247,8.642308,4.930769
1283,2248,8.646154,4.934615
1284,2249,8.650000,4.938462
1285,2250,8.653846,4.942308
1286,2251,8.657692,4.946154
1287,2252,8.661538,4.950000
1288,2253,8.665385,4.953846
1289,2254,8.669231,4.957692
1290,2255,8.673077,4.961538
1291,2256,8.676923,4.965385
1292,2257,8.680769,4.969231
1293,2258,8.684615,4.973077
1294,2259,8.688462,4.976923
1295,2260,8.692308,4.980769
1296,2261,8.696154,4.984615
1297,2262,8.700000,4.988462
1298,2263,8.703846,4.992308
1299,2264,8.707692,4.996154
1300,2265,8.711538,5.000000
1301,2266,8.715385,5.003846
1302,2267,8.719231,5.007692
1303,2268,8.723077,5.011538
1304,2269,8.726923,5.015385
1305,2270,8.730769,5.019231
1306,2271,8.734615,5.023077
1307,2272,8.738462,5.026923
1308,2273,8.742308,5.030769
1309,2274,8.746154,5.034615
1310,2275,8.750000,5.038462
1311,2276,8.753846,5.042308
1312,2277,8.757692,5.046154
1313,2278,8.761538,5.050000
1314,2279,8.765385,5.053846
1315,2280,8.769231,5.057692
1316,2281,8.773077,5.061538
1317,2282,8.776923,5.065385
1318,2283,8.780769,5.069231
1319,2284,8.784615,5.073077
1320,2285,8.788462,5.076923
1321,2286,8.792308,5.080769
1322,2287,8.796154,5.084615
1323,2288,8.800000,5.088462
1324,2289,8.803846,5.092308
1325,2290,8.807692,5.096154
1326,2291,8.811538,5.100000
1327,2292,8.815385,5.103846
1328,2293,8.819231,5.107692
1329,2294,8.823077,5.111538
1330,2295,8.826923,5.115385
1331,2296,8.830769,5.119231
1332,2297,8.834615,5.123077
1333,2298,8.838462,5.126923
1334,2299,8.842308,5.130769
1335,2300,8.846154,5.134615
1336,2301,8.850000,5.138462
1337,2302,8.853846,5.142308
1338,2303,8.857692,5.146154
1339,2304,8.861538,5.150000
1340,2305,8.865385,5.153846
1341,2306,8.869231,5.157692
1342,2307,8.873077,5.161538
1343,2308,8.876923,5.165385
1344,2309,8.880769,5.169231
1345,2310,8.884615,5.173077
1346,2311,8.888462,5.176923
1347,2312,8.892308,5.180769
1348,2313,8.896154,5.184615
1349,2314,8.900000,5.188462
1350,2315,8.903846,5.192308
1351,2316,8.907692,5.196154
1352,2317,8.911538,5.200000
1353,2318,8.915385,5.203846
1354,2319,8.919231,5.207692
1355,2320,8.923077,5.211538
1356,2321,8.926923,5.215385
1357,2322,8.930769,5.219231
1358,2323,8.934615,5.223077
1359,2324,8.938462,5.226923
1360,2325,8.942308,5.230769
1361,2326,8.946154,5.234615
1362,2327,8.950000,5.238462
1363,2328,8.953846,5.242308
1364,2329,8.957692,5.246154
1365,2330,8.961538,5.250000
1366,2331,8.965385,5.253846
1367,2332,8.969231,5.257692
1368,2333,8.973077,5.261538
1369,2334,8.976923,5.265385
1370,2335,8.980769,5.269231
1371,2336,8.984615,5.273077
1372,2337,8.988462,5.276923
1373,2338,8.992308,5.280769
1374,2339,8.996154,5.284615
1375,2340,9.000000,5.288462
1376,2341,9.003846,5.292308
1377,2342,9.007692,5.296154
1378,2343,9.011538,5.300000
1379,2344,9.015385,5.303846
1380,2345,9.019231,5.307692
1381,2346,9.023077,5.311538
1382,2347,9.026923,5.315385
1383,2348,9.030769,5.319231
1384,2349,9.034615,5.323077
1385,2350,9.038462,5.326923
1386,2351,9.042308,5.330769
1387,2352,9.046154,5.334615
1388,2353,9.050000,5.338462
1389,2354,9.053846,5.342308
1390,2355,9.057692,5.346154
1391,2356,9.061538,5.350000
1392,2357,9.065385,5.353846
1393,2358,9.069231,5.357692
1394,2359,9.073077,5.361538
1395,2360,9.076923,5.365385
1396,2361,9.080769,5.369231
1397,2362,9.084615,5.373077
1398,2363,9.088462,5.376923
1399,2364,9.092308,5.380769
1400,2365,9.096154,5.384615
1401,2366,9.100000,5.388462
1402,2367,9.103846,5.392308
1403,2368,9.107692,5.396154
1404,2369,9.111538,5.400000
1405,2370,9.115385,5.403846
1406,2371,9.119231,5.407692
1407,2372,9.123077,5.411538
1408,2373,9.126923,5.415385
1409,2374,9.130769,5.419231
1410,2375,9.134615,5.423077
1411,2376,9.138462,5.426923
1412,2377,9.142308,5.430769
1413,2378,9.146154,5.434615
1414,2379,9.150000,5.438462
1415,2380,9.153846,5.442308
1416,2381,9.157692,5.446154
1417,2382,9.161538,5.450000
1418,2383,9.165385,5.453846
1419,2384,9.169231,5.457692
1420,2385,9.173077,5.461538
1421,2386,9.176923,5.465385
1422,2387,9.180769,5.469231
1423,2388,9.184615,5.473077
1424,2389,9.188462,5.476923
1425,2390,9.192308,5.480769
1426,2391,9.196154,5.484615
1427,2392,9.200000,5.488462
1428,2393,9.203846,5.492308
1429,2394,9.207692,5.496154
1430,2395,9.211538,5.500000
1431,2396,9.215385,5.503846
1432,2397,9.219231,5.507692
1433,2398,9.223077,5.511538
1434,2399,9.226923,5.515385
1435,2400,9.230769,5.519231
1436,2401,9.234615,5.523077
1437,2402,9.238462,5.526923
1438,2403,9.242308,5.530769
1439,2404,9.246154,5.534615
1440,2405,9.250000,5.538462
1441,2406,9.253846,5.542308
1442,2407,9.257692,5.546154
1443,2408,9.261538,5.550000
1444,2409,9.265385,5.553846
1445,2410,9.269231,5.557692
1446,2411,9.273077,5.561538
1447,2412,9.276923,5.565385
1448,2413,9.280769,5.569231
1449,2414,9.284615,5.573077
1450,2415,9.288462,5.576923
1451,2416,9.292308,5.580769
1452,2417,9.296154,5.584615
1453,2418,9.300000,5.588462
1454,2419,9.303846,5.592308
1455,2420,9.307692,5.596154
1456,2421,9.311538,5.600000
1457,2422,9.315385,5.603846
1458,2423,9.319231,5.607692
1459,2424,9.323077,5.611538
1460,2425,9.326923,5.615385
1461,2426,9.330769,5.619231
1462,2427,9.334615,5.623077
1463,2428,9.338462,5.626923
1464,2429,9.342308,5.630769
1465,2430,9.346154,5.634615
1466,2431,9.350000,5.638462
1467,2432,9.353846,5.642308
1468,2433,9.357692,5.646154
1469,2434,9.361538,5.650000
1470,2435,9.365385,5.653846
1471,2436,9.369231,5.657692
1472,2437,9.373077,5.661538
1473,2438,9.376923,5.665385
1474,2439,9.380769,5.669231
1475,2440,9.384615,5.673077
1476,2441,9.388462,5.676923
1477,2442,9.392308,5.680769
1478,2443,9.396154,5.684615
1479,2444,9.400000,5.688462
1480,2445,9.403846,5.692308
1481,2446,9.407692,5.696154
1482,2447,9.411538,5.700000
1483,2448,9.415385,5.703846
1484,2449,9.419231,5.707692
1485,2450,9.423077,5.711538
1486,2451,9.426923,5.715385
1487,2452,9.430769,5.719231
1488,2453,9.434615,5.723077
1489,2454,9.438462,5.726923
1490,2455,9.442308,5.730769
1491,2456,9.446154,5.734615
1492,2457,9.450000,5.738462
1493,2458,9.453846,5.742308
1494,2459,9.457692,5.746154
1495,2460,9.461538,5.750000
1496,2461,9.465385,5.753846
1497,2462,9.469231,5.757692
1498,2463,9.473077,5.761538
1499,2464,9.476923,5.765385
1500,2465,9.480769,5.769231
1501,2466,9.484615,5.773077
1502,2467,9.488462,5.776923
1503,2468,9.492308,5.780769
1504,2469,9.496154,5.784615
1505,2470,9.500000,5.788462
1506,2471,9.503846,5.792308
1507,2472,9.507692,5.796154
1508,2473,9.511538,5.800000
1509,2474,9.515385,5.803846
1510,2475,9.519231,5.807692
1511,2476,9.523077,5.811538
1512,2477,9.526923,5.815385
1513,2478,9.530769,5.819231
1514,2479,9.534615,5.823077
1515,2480,9.538462,5.826923
1516,2481,9.542308,5.830769
1517,2482,9.546154,5.834615
1518,2483,9.550000,5.838462
1519,2484,9.553846,5.842308
1520,2485,9.557692,5.846154
1521,2486,9.561538,5.850000
1522,2487,9.565385,5.853846
1523,2488,9.569231,5.857692
1524,2489,9.573077,5.861538
1525,2490,9.576923,5.865385
1526,2491,9.580769,5.869231
1527,2492,9.584615,5.873077
1528,2493,9.588462,5.876923
1529,2494,9.592308,5.880769
1530,2495,9.596154,5.884615
1531,2496,9.600000,5.888462
1532,2497,9.603846,5.892308
1533,2498,9.607692,5.896154
1534,2499,9.611538,5.900000
1535,2500,9.615385,5.903846
1536,2501,9.619231,5.907692
1537,2502,9.623077,5.911538
1538,2503,9.626923,5.915385
1539,2504,9.630769,5.919231
1540,2505,9.634615,5.923077
1541,2506,9.638462,5.926923
1542,2507,9.642308,5.930769
1543,2508,9.646154,5.934615
1544,2509,9.650000,5.938462
1545,2510,9.653846,5.942308
1546,2511,9.657692,5.946154
1547,2512,9.661538,5.950000
1548,2513,9.665385,5.953846
1549,2514,9.669231,5.957692
1550,2515,9.673077,5.961538
1551,2516,9.676923,5.965385
1552,2517,9.680769,5.969231
1553,2518,9.684615,5.973077
1554,2519,9.688462,5.976923
1555,2520,9.692308,5.980769
1556,2521,9.696154,5.984615
1557,2522,9.700000,5.988462
1558,2523,9.703846,5.992308
1559,2524,9.707692,5.996154
1560,2525,9.711538,6.000000
1561,2526,9.715385,6.003846
1562,2527,9.719231,6.007692
1563,2528,9.723077,6.011538
1564,2529,9.726923,6.015385
1565,2530,9.730769,6.019231
1566,2531,9.734615,6.023077
1567,2532,9.738462,6.026923
1568,2533,9.742308,6.030769
1569,2534,9.746154,6.034615
1570,2535,9.750000,6.038462
1571,2536,9.753846,6.042308
1572,2537,9.757692,6.046154
1573,2538,9.761538,6.050000
1574,2539,9.765385,6.053846
1575,2540,9.769231,6.057692
1576,2541,9.773077,6.061538
1577,2542,9.776923,6.065385
1578,2543,9.780769,6.069231
1579,2544,9.784615,6.073077
1580,2545,9.788462,6.076923
1581,2546,9.792308,6.080769
1582,2547,9.796154,6.084615
1583,2548,9.800000,6.088462
1584,2549,9.803846,6.092308
1585,2550,9.807692,6.096154
1586,2551,9.811538,6.100000
1587,2552,9.815385,6.103846
1588,2553,9.819231,6.107692
1589,2554,9.823077,6.111538
1590,2555,9.826923,6.115385
1591,2556,9.830769,6.119231
1592,2557,9.834615,6.123077
1593,2558,9.838462,6.126923
1594,2559,9.842308,6.130769
1595,2560,9.846154,6.134615
1596,2561,9.850000,6.138462
1597,2562,9.853846,6.142308
1598,2563,9.857692,6.146154
1599,2564,9.861538,6.150000
1600,2565,9.865385,6.153846
1601,2566,9.869231,6.157692
1602,2567,9.873077,6.161538
1603,2568,9.876923,6.165385
1604,2569,9.880769,6.169231
1605,2570,9.884615,6.173077
1606,2571,9.888462,6.176923
1607,2572,9.892308,6.180769
1608,2573,9.896154,6.184615
1609,2574,9.900000,6.188462
1610,2575,9.903846,6.192308
1611,2576,9.907692,6.196154
1612,2577,9.911538,6.200000
1613,2578,9.915385,6.203846
1614,2579,9.919231,6.207692
1615,2580,9.923077,6.211538
1616,2581,9.926923,6.215385
1617,2582,9.930769,6.219231
1618,2583,9.934615,6.223077
1619,2584,9.938462,6.226923
1620,2585,9.942308,6.230769
1621,2586,9.946154,6.234615
1622,2587,9.950000,6.238462
1623,2588,9.953846,6.242308
1624,2589,9.957692,6.246154
1625,2590,9.961538,6.250000
1626,2591,9.965385,6.253846
1627,2592,9.969231,6.257692
1628,2593,9.973077,6.261538
1629,2594,9.976923,6.265385
1630,2595,9.980769,6.269231
1631,2596,9.984615,6.273077
1632,2597,9.988462,6.276923
1633,2598,9.992308,6.280769
1634,2599,9.996154,6.284615
1635,2600,10.000000,6.288462
1636,2601,10.003846,6.292308
1637,2602,10.007692,6.296154
1638,2603,10.011538,6.300000
1639,2604,10.015385,6.303846
1640,2605,10.019231,6.307692
1641,2606,10.023077,6.311538
1642,2607,10.026923,6.315385
1643,2608,10.030769,6.319231
1644,2609,10.034615,6.323077
1645,2610,10.038462,6.326923
1646,2611,10.042308,6.330769
1647,2612,10.046154,6.334615
1648,2613,10.050000,6.338462
1649,2614,10.053846,6.342308
1650,2615,10.057692,6.346154
1651,2616,10.061538,6.350000
1652,2617,10.065385,6.353846
1653,2618,10.069231,6.357692
1654,2619,10.073077,6.361538
1655,2620,10.076923,6.365385
1656,2621,10.080769,6.369231
1657,2622,10.084615,6.373077
1658,2623,10.088462,6.376923
1659,2624,10.092308,6.380769
1660,2625,10.096154,6.384615
1661,2626,10.100000,6.388462
1662,2627,10.103846,6.392308
1663,2628,10.107692,6.396154
1664,2629,10.111538,6.400000
1665,2630,10.115385,6.403846
1666,2631,10.119231,6.407692
1667,2632,10.123077,6.411538
1668,2633,10.126923,6.415385
1669,2634,10.130769,6.419231
1670,2635,10.134615,6.423077
1671,2636,10.138462,6.426923
1672,2637,10.142308,6.430769
1673,2638,10.146154,6.434615
1674,2639,10.150000,6.438462
1675,2640,10.153846,6.442308
1676,2641,10.157692,6.446154
1677,2642,10.161538,6.450000
1678,2643,10.165385,6.453846
1679,2644,10.169231,6.457692
1680,2645,10.173077,6.461538
1681,2646,10.176923,6.465385
1682,2647,10.180769,6.469231
1683,2648,10.184615,6.473077
1684,2649,10.188462,6.476923
1685,2650,10.192308,6.480769
1686,2651,10.196154,6.484615
1687,2652,10.200000,6.488462
1688,2653,10.203846,6.492308
1689,2654,10.207692,6.496154
1690,2655,10.211538,6.500000
1691,2656,10.215385,6.503846
1692,2657,10.219231,6.507692
1693,2658,10.223077,6.511538
1694,2659,10.226923,6.515385
1695,2660,10.230769,6.519231
1696,2661,10.234615,6.523077
1697,2662,10.238462,6.526923
1698,2663,10.242308,6.530769
1699,2664,10.246154,6.534615
1700,2665,10.250000,6.538462
1701,2666,10.253846,6.542308
1702,2667,10.257692,6.546154
1703,2668,10.261538,6.550000
1704,2669,10.265385,6.553846
1705,2670,10.269231,6.557692
1706,2671,10.273077,6.561538
1707,2672,10.276923,6.565385
1708,2673,10.280769,6.569231
1709,2674,10.284615,6.573077
1710,2675,10.288462,6.576923
1711,2676,10.292308,6.580769
1712,2677,10.296154,6.584615
1713,2678,10.300000,6.588462
1714,2679,10.303846,6.592308
1715,2680,10.307692,6.596154
1716,2681,10.311538,6.600000
1717,2682,10.315385,6.603846
1718,2683,10.319231,6.607692
1719,2684,10.323077,6.611538
1720,2685,10.326923,6.615385
1721,2686,10.330769,6.619231
1722,2687,10.334615,6.623077
1723,2688,10.338462,6.626923
1724,2689,10.342308,6.630769
1725,2690,10.346154,6.634615
1726,2691,10.350000,6.638462
1727,2692,10.353846,6.642308
1728,2693,10.357692,6.646154
1729,2694,10.361538,6.650000
1730,2695,10.365385,6.653846
1731,2696,10.369231,6.657692
1732,2697,10.373077,6.661538
1733,2698,10.376923,6.665385
1734,2699,10.380769,6.669231
1735,2700,10.384615,6.673077
1736,2701,10.388462,6.676923
1737,2702,10.392308,6.680769
1738,2703,10.396154,6.684615
1739,2704,10.400000,6.688462
1740,2705,10.403846,6.692308
1741,2706,10.407692,6.696154
1742,2707,10.411538,6.700000
1743,2708,10.415385,6.703846
1744,2709,10.419231,6.707692
1745,2710,10.423077,6.711538
1746,2711,10.426923,6.715385
1747,2712,10.430769,6.719231
1748,2713,10.434615,6.723077
1749,2714,10.438462,6.726923
1750,2715,10.442308,6.730769
1751,2716,10.446154,6.734615
1752,2717,10.450000,6.738462
1753,2718,10.453846,6.742308
1754,2719,10.457692,6.746154
1755,2720,10.461538,6.750000
1756,2721,10.465385,6.753846
1757,2722,10.469231,6.757692
1758,2723,10.473077,6.761538
1759,2724,10.476923,6.765385
1760,2725,10.480769,6.769231
1761,2726,10.484615,6.773077
1762,2727,10.488462,6.776923
1763,2728,10.492308,6.780769
1764,2729,10.496154,6.784615
1765,2730,10.500000,6.788462
1766,2731,10.503846,6.792308
1767,2732,10.507692,6.796154
1768,2733,10.511538,6.800000
1769,2734,10.515385,6.803846
1770,2735,10.519231,6.807692
1771,2736,10.523077,6.811538
1772,2737,10.526923,6.815385
1773,2738,10.530769,6.819231
1774,2739,10.534615,6.823077
1775,2740,10.538462,6.826923
1776,2741,10.542308,6.830769
1777,2742,10.546154,6.834615
1778,2743,10.550000,6.838462
1779,2744,10.553846,6.842308
1780,2745,10.557692,6.846154
1781,2746,10.561538,6.850000
1782,2747,10.565385,6.853846
1783,2748,10.569231,6.857692
1784,2749,10.573077,6.861538
1785,2750,10.576923,6.865385
1786,2751,10.580769,6.869231
1787,2752,10.584615,6.873077
1788,2753,10.588462,6.876923
1789,2754,10.592308,6.880769
1790,2755,10.596154,6.884615
1791,2756,10.600000,6.888462
1792,2757,10.603846,6.892308
1793,2758,10.607692,6.896154
1794,2759,10.611538,6.900000
1795,2760,10.615385,6.903846
1796,2761,10.619231,6.907692
1797,2762,10.623077,6.911538
1798,2763,10.626923,6.915385
1799,2764,10.630769,6.919231
1800,2765,10.634615,6.923077
1801,2766,10.638462,6.926923
1802,2767,10.642308,6.930769
1803,2768,10.646154,6.934615
1804,2769,10.650000,6.938462
1805,2770,10.653846,6.942308
1806,2771,10.657692,6.946154
1807,2772,10.661538,6.950000
1808,2773,10.665385,6.953846
1809,2774,10.669231,6.957692
1810,2775,10.673077,6.961538
1811,2776,10.676923,6.965385
1812,2777,10.680769,6.969231
1813,2778,10.684615,6.973077
1814,2779,10.688462,6.976923
1815,2780,10.692308,6.980769
1816,2781,10.696154,6.984615
1817,2782,10.700000,6.988462
1818,2783,10.703846,6.992308
1819,2784,10.707692,6.996154
1820,2785,10.711538,7.000000
1821,2786,10.715385,7.003846
1822,2787,10.719231,7.007692
1823,2788,10.723077,7.011538
1824,2789,10.726923,7.015385
1825,2790,10.730769,7.019231
1826,2791,10.734615,7.023077
1827,2792,10.738462,7.026923
1828,2793,10.742308,7.030769
1829,2794,10.746154,7.034615
1830,2795,10.750000,7.038462
1831,2796,10.753846,7.042308
1832,2797,10.757692,7.046154
1833,2798,10.761538,7.050000
1834,2799,10.765385,7.053846
1835,2800,10.769231,7.057692
1836,2801,10.773077,7.061538
1837,2802,10.776923,7.065385
1838,2803,10.780769,7.069231
1839,2804,10.784615,7.073077
1840,2805,10.788462,7.076923
1841,2806,10.792308,7.080769
1842,2807,10.796154,7.084615
1843,2808,10.800000,7.088462
1844,2809,10.803846,7.092308
1845,2810,10.807692,7.096154
1846,2811,10.811538,7.100000
1847,2812,10.815385,7.103846
1848,2813,10.819231,7.107692
1849,2814,10.823077,7.111538
1850,2815,10.826923,7.115385
1851,2816,10.830769,7.119231
1852,2817,10.834615,7.123077
1853,2818,10.838462,7.126923
1854,2819,10.842308,7.130769
1855,2820,10.846154,7.134615
1856,2821,10.850000,7.138462
1857,2822,10.853846,7.142308
1858,2823,10.857692,7.146154
1859,2824,10.861538,7.150000
1860,2825,10.865385,7.153846
1861,2826,10.869231,7.157692
1862,2827,10.873077,7.161538
1863,2828,10.876923,7.165385
1864,2829,10.880769,7.169231
1865,2830,10.884615,7.173077
1866,2831,10.888462,7.176923
1867,2832,10.892308,7.180769
1868,2833,10.896154,7.184615
1869,2834,10.900000,7.188462
1870,2835,10.903846,7.192308
1871,2836,10.907692,7.196154
1872,2837,10.911538,7.200000
1873,2838,10.915385,7.203846
1874,2839,10.919231,7.207692
1875,2840,10.923077,7.211538
1876,2841,10.926923,7.215385
1877,2842,10.930769,7.219231
1878,2843,10.934615,7.223077
1879,2844,10.938462,7.226923
1880,2845,10.942308,7.230769
1881,2846,10.946154,7.234615
1882,2847,10.950000,7.238462
1883,2848,10.953846,7.242308
1884,2849,10.957692,7.246154
1885,2850,10.961538,7.250000
1886,2851,10.965385,7.253846
1887,2852,10.969231,7.257692
1888,2853,10.973077,7.261538
1889,2854,10.976923,7.265385
1890,2855,10.980769,7.269231
1891,2856,10.984615,7.273077
1892,2857,10.988462,7.276923
1893,2858,10.992308,7.280769
1894,2859,10.996154,7.284615
1895,2860,11.000000,7.288462
1896,2861,11.003846,7.292308
1897,2862,11.007692,7.296154
1898,2863,11.011538,7.300000
1899,2864,11.015385,7.303846
1900,2865,11.019231,7.307692
1901,2866,11.023077,7.311538
1902,2867,11.026923,7.315385
1903,2868,11.030769,7.319231
1904,2869,11.034615,7.323077
1905,2870,11.038462,7.326923
1906,2871,11.042308,7.330769
1907,2872,11.046154,7.334615
1908,2873,11.050000,7.338462
1909,2874,11.053846,7.342308
1910,2875,11.057692,7.346154
1911,2876,11.061538,7.350000
1912,2877,11.065385,7.353846
1913,2878,11.069231,7.357692
1914,2879,11.073077,7.361538
1915,2880,11.076923,7.365385
1916,2881,11.080769,7.369231
1917,2882,11.084615,7.373077
1918,2883,11.088462,7.376923
1919,2884,11.092308,7.380769
1920,2885,11.096154,7.384615
1921,2886,11.100000,7.388462
1922,2887,11.103846,7.392308
1923,2888,11.107692,7.396154
1924,2889,11.111538,7.400000
1925,2890,11.115385,7.403846
1926,2891,11.119231,7.407692
1927,2892,11.123077,7.411538
1928,2893,11.126923,7.415385
1929,2894,11.130769,7.419231
1930,2895,11.134615,7.423077
1931,2896,11.138462,7.426923
1932,2897,11.142308,7.430769
1933,2898,11.146154,7.434615
1934,2899,11.150000,7.438462
1935,2900,11.153846,7.442308
1936,2901,11.157692,7.446154
1937,2902,11.161538,7.450000
1938,2903,11.165385,7.453846
1939,2904,11.169231,7.457692
1940,2905,11.173077,7.461538
1941,2906,11.176923,7.465385
1942,2907,11.180769,7.469231
1943,2908,11.184615,7.473077
1944,2909,11.188462,7.476923
1945,2910,11.192308,7.480769
1946,2911,11.196154,7.484615
1947,2912,11.200000,7.488462
1948,2913,11.203846,7.492308
1949,2914,11.207692,7.496154
1950,2915,11.211538,7.500000
1951,2916,11.215385,7.503846
1952,2917,11.219231,7.507692
1953,2918,11.223077,7.511538
1954,2919,11.226923,7.515385
1955,2920,11.230769,7.519231
1956,2921,11.234615,7.523077
1957,2922,11.238462,7.526923
1958,2923,11.242308,7.530769
1959,2924,11.246154,7.534615
1960,2925,11.250000,7.538462
1961,2926,11.253846,7.542308
1962,2927,11.257692,7.546154
1963,2928,11.261538,7.550000
1964,2929,11.265385,7.553846
1965,2930,11.269231,7.557692
1966,2931,11.273077,7.561538
1967,2932,11.276923,7.565385
1968,2933,11.280769,7.569231
1969,2934,11.284615,7.573077
1970,2935,11.288462,7.576923
1971,2936,11.292308,7.580769
1972,2937,11.296154,7.584615
1973,2938,11.300000,7.588462
1974,2939,11.303846,7.592308
1975,2940,11.307692,7.596154
1976,2941,11.311538,7.600000
1977,2942,11.315385,7.603846
1978,2943,11.319231,7.607692
1979,2944,11.323077,7.611538
1980,2945,11.326923,7.615385
1981,2946,11.330769,7.619231
1982,2947,11.334615,7.623077
1983,2948,11.338462,7.626923
1984,2949,11.342308,7.630769
1985,2950,11.346154,7.634615
1986,2951,11.350000,7.638462
1987,2952,11.353846,7.642308
1988,2953,11.357692,7.646154
1989,2954,11.361538,7.650000
1990,2955,11.365385,7.653846
1991,2956,11.369231,7.657692
1992,2957,11.373077,7.661538
1993,2958,11.376923,7.665385
1994,2959,11.380769,7.669231
1995,2960,11.384615,7.673077
1996,2961,11.388462,7.676923
1997,2962,11.392308,7.680769
1998,2963,11.396154,7.684615
1999,2964,11.400000,7.688462
2000,2965,11.403846,7.692308
2001,2966,11.407692,7.696154
2002,2967,11.411538,7.700000
2003,2968,11.415385,7.703846
2004,2969,11.419231,7.707692
2005,2970,11.423077,7.711538
2006,2971,11.426923,7.715385
2007,2972,11.430769,7.719231
2008,2973,11.434615,7.723077
2009,2974,11.438462,7.726923
2010,2975,11.442308,7.730769
2011,2976,11.446154,7.734615
2012,2977,11.450000,7.738462
2013,2978,11.453846,7.742308
2014,2979,11.457692,7.746154
2015,2980,11.461538,7.750000
2016,2981,11.465385,7.753846
2017,2982,11.469231,7.757692
2018,2983,11.473077,7.761538
2019,2984,11.476923,7.765385
2020,2985,11.480769,7.769231
2021,2986,11.484615,7.773077
2022,2987,11.488462,7.776923
2023,2988,11.492308,7.780769
2024,2989,11.496154,7.784615
2025,2990,11.500000,7.788462
2026,2991,11.503846,7.792308
2027,2992,11.507692,7.796154
2028,2993,11.511538,7.800000
2029,2994,11.515385,7.803846
2030,2995,11.519231,7.807692
2031,2996,11.523077,7.811538
2032,2997,11.526923,7.815385
2033,2998,11.530769,7.819231
2034,2999,11.534615,7.823077
2035,3000,11.538462,7.826923
2036,3001,11.542308,7.830769
2037,3002,11.546154,7.834615
2038,3003,11.550000,7.838462
2039,3004,11.553846,7.842308
2040,3005,11.557692,7.846154
2041,3006,11.561538,7.850000
2042,3007,11.565385,7.853846
2043,3008,11.569231,7.857692
2044,3009,11.573077,7.861538
2045,3010,11.576923,7.865385
2046,3011,11.580769,7.869231
2047,3012,11.584615,7.873077
2048,3013,11.588462,7.876923
2049,3014,11.592308,7.880769
2050,3015,11.596154,7.884615
2051,3016,11.600000,7.888462
2052,3017,11.603846,7.892308
2053,3018,11.607692,7.896154
2054,3019,11.611538,7.900000
2055,3020,11.615385,7.903846
2056,3021,11.619231,7.907692
2057,3022,11.623077,7.911538
2058,3023,11.626923,7.915385
2059,3024,11.630769,7.919231
2060,3025,11.634615,7.923077
2061,3026,11.638462,7.926923
2062,3027,11.642308,7.930769
2063,3028,11.646154,7.934615
2064,3029,11.650000,7.938462
2065,3030,11.653846,7.942308
2066,3031,11.657692,7.946154
2067,3032,11.661538,7.950000
2068,3033,11.665385,7.953846
2069,3034,11.669231,7.957692
2070,3035,11.673077,7.961538
2071,3036,11.676923,7.965385
2072,3037,11.680769,7.969231
2073,3038,11.684615,7.973077
2074,3039,11.688462,7.976923
2075,3040,11.692308,7.980769
2076,3041,11.696154,7.984615
2077,3042,11.700000,7.988462
2078,3043,11.703846,7.992308
2079,3044,11.707692,7.996154
2080,3045,11.711538,8.000000
2081,3046,11.715385,8.003846
2082,3047,11.719231,8.007692
2083,3048,11.723077,8.011538
2084,3049,11.726923,8.015385
2085,3050,11.730769,8.019231
2086,3051,11.734615,8.023077
2087,3052,11.738462,8.026923
2088,3053,11.742308,8.030769
2089,3054,11.746154,8.034615
2090,3055,11.750000,8.038462
2091,3056,11.753846,8.042308
2092,3057,11.757692,8.046154
2093,3058,11.761538,8.050000
2094,3059,11.765385,8.053846
2095,3060,11.769231,8.057692
2096,3061,11.773077,8.061538
2097,3062,11.776923,8.065385
2098,3063,11.780769,8.069231
2099,3064,11.784615,8.073077
2100,3065,11.788462,8.076923
2101,3066,11.792308,8.080769
2102,3067,11.796154,8.084615
2103,3068,11.800000,8.088462
2104,3069,11.803846,8.092308
2105,3070,11.807692,8.096154
2106,3071,11.811538,8.100000
2107,3072,11.815385,8.103846
2108,3073,11.819231,8.107692
2109,3074,11.823077,8.111538
2110,3075,11.826923,8.115385
2111,3076,11.830769,8.119231
2112,3077,11.834615,8.123077
2113,3078,11.838462,8.126923
2114,3079,11.842308,8.130769
2115,3080,11.846154,8.134615
2116,3081,11.850000,8.138462
2117,3082,11.853846,8.142308
2118,3083,11.857692,8.146154
2119,3084,11.861538,8.150000
2120,3085,11.865385,8.153846
2121,3086,11.869231,8.157692
2122,3087,11.873077,8.161538
2123,3088,11.876923,8.165385
2124,3089,11.880769,8.169231
2125,3090,11.884615,8.173077
2126,3091,11.888462,8.176923
2127,3092,11.892308,8.180769
2128,3093,11.896154,8.184615
2129,3094,11.900000,8.188462
2130,3095,11.903846,8.192308
2131,3096,11.907692,8.196154
2132,3097,11.911538,8.200000
2133,3098,11.915385,8.203846
2134,3099,11.919231,8.207692
2135,3100,11.923077,8.211538
2136,3101,11.926923,8.215385
2137,3102,11.930769,8.219231
2138,3103,11.934615,8.223077
2139,3104,11.938462,8.226923
2140,3105,11.942308,8.230769
2141,3106,11.946154,8.234615
2142,3107,11.950000,8.238462
2143,3108,11.953846,8.242308
2144,3109,11.957692,8.246154
2145,3110,11.961538,8.250000
2146,3111,11.965385,8.253846
2147,3112,11.969231,8.257692
2148,3113,11.973077,8.261538
2149,3114,11.976923,8.265385
2150,3115,11.980769,8.269231
2151,3116,11.984615,8.273077
2152,3117,11.988462,8.276923
2153,3118,11.992308,8.280769
2154,3119,11.996154,8.284615
2155,3120,12.000000,8.288462
2156,3121,12.003846,8.292308
2157,3122,12.007692,8.296154
2158,3123,12.011538,8.300000
2159,3124,12.015385,8.303846
2160,3125,12.019231,8.307692
2161,3126,12.023077,8.311538
2162,3127,12.026923,8.315385
2163,3128,12.030769,8.319231
2164,3129,12.034615,8.323077
2165,3130,12.038462,8.326923
2166,3131,12.042308,8.330769
2167,3132,12.046154,8.334615
2168,3133,12.050000,8.338462
2169,3134,12.053846,8.342308
2170,3135,12.057692,8.346154
2171,3136,12.061538,8.350000
2172,3137,12.065385,8.353846
2173,3138,12.069231,8.357692
2174,3139,12.073077,8.361538
2175,3140,12.076923,8.365385
2176,3141,12.080769,8.369231
2177,3142,12.084615,8.373077
2178,3143,12.088462,8.376923
2179,3144,12.092308,8.380769
2180,3145,12.096154,8.384615
2181,3146,12.100000,8.388462
2182,3147,12.103846,8.392308
2183,3148,12.107692,8.396154
2184,3149,12.111538,8.400000
2185,3150,12.115385,8.403846
2186,3151,12.119231,8.407692
2187,3152,12.123077,8.411538
2188,3153,12.126923,8.415385
2189,3154,12.130769,8.419231
2190,3155,12.134615,8.423077
2191,3156,12.138462,8.426923
2192,3157,12.142308,8.430769
2193,3158,12.146154,8.434615
2194,3159,12.150000,8.438462
2195,3160,12.153846,8.442308
2196,3161,12.157692,8.446154
2197,3162,12.161538,8.450000
2198,3163,12.165385,8.453846
2199,3164,12.169231,8.457692
2200,3165,12.173077,8.461538
2201,3166,12.176923,8.465385
2202,3167,12.180769,8.469231
2203,3168,12.184615,8.473077
2204,3169,12.188462,8.476923
2205,3170,12.192308,8.480769
2206,3171,12.196154,8.484615
2207,3172,12.200000,8.488462
2208,3173,12.203846,8.492308
2209,3174,12.207692,8.496154
2210,3175,12.211538,8.500000
2211,3176,12.215385,8.503846
2212,3177,12.219231,8.507692
2213,3178,12.223077,8.511538
2214,3179,12.226923,8.515385
2215,3180,12.230769,8.519231
2216,3181,12.234615,8.523077
2217,3182,12.238462,8.526923
2218,3183,12.242308,8.530769
2219,3184,12.246154,8.534615
2220,3185,12.250000,8.538462
2221,3186,12.253846,8.542308
2222,3187,12.257692,8.546154
2223,3188,12.261538,8.550000
2224,3189,12.265385,8.553846
2225,3190,12.269231,8.557692
2226,3191,12.273077,8.561538
2227,3192,12.276923,8.565385
2228,3193,12.280769,8.569231
2229,3194,12.284615,8.573077
2230,3195,12.288462,8.576923
2231,3196,12.292308,8.580769
2232,3197,12.296154,8.584615
2233,3198,12.300000,8.588462
2234,3199,12.303846,8.592308
2235,3200,12.307692,8.596154
2236,3201,12.311538,8.600000
2237,3202,12.315385,8.603846
2238,3203,12.319231,8.607692
2239,3204,12.323077,8.611538
2240,3205,12.326923,8.615385
2241,3206,12.330769,8.619231
2242,3207,12.334615,8.623077
2243,3208,12.338462,8.626923
2244,3209,12.342308,8.630769
2245,3210,12.346154,8.634615
2246,3211,12.350000,8.638462
2247,3212,12.353846,8.642308
2248,3213,12.357692,8.646154
2249,3214,12.361538,8.650000
2250,3215,12.365385,8.653846
2251,3216,12.369231,8.657692
2252,3217,12.373077,8.661538
2253,3218,12.376923,8.665385
2254,3219,12.380769,8.669231
2255,3220,12.384615,8.673077
2256,3221,12.388462,8.676923
2257,3222,12.392308,8.680769
2258,3223,12.396154,8.684615
2259,3224,12.400000,8.688462
2260,3225,12.403846,8.692308
2261,3226,12.407692,8.696154
2262,3227,12.411538,8.700000
2263,3228,12.415385,8.703846
2264,3229,12.419231,8.707692
2265,3230,12.423077,8.711538
2266,3231,12.426923,8.715385
2267,3232,12.430769,8.719231
2268,3233,12.434615,8.723077
2269,3234,12.438462,8.726923
2270,3235,12.442308,8.730769
2271,3236,12.446154,8.734615
2272,3237,12.450000,8.738462
2273,3238,12.453846,8.742308
2274,3239,12.457692,8.746154
2275,3240,12.461538,8.750000
2276,3241,12.465385,8.753846
2277,3242,12.469231,8.757692
2278,3243,12.473077,8.761538
2279,3244,12.476923,8.765385
2280,3245,12.480769,8.769231
2281,3246,12.484615,8.773077
2282,3247,12.488462,8.776923
2283,3248,12.492308,8.780769
2284,3249,12.496154,8.784615
2285,3250,12.500000,8.788462
2286,3251,12.503846,8.792308
2287,3252,12.507692,8.796154
2288,3253,12.511538,8.800000
2289,3254,12.515385,8.803846
2290,3255,12.519231,8.807692
2291,3256,12.523077,8.811538
2292,3257,12.526923,8.815385
2293,3258,12.530769,8.819231
2294,3259,12.534615,8.823077
2295,3260,12.538462,8.826923
2296,3261,12.542308,8.830769
2297,3262,12.546154,8.834615
2298,3263,12.550000,8.838462
2299,3264,12.553846,8.842308
2300,3265,12.557692,8.846154
2301,3266,12.561538,8.850000
2302,3267,12.565385,8.853846
2303,3268,12.569231,8.857692
2304,3269,12.573077,8.861538
2305,3270,12.576923,8.865385
2306,3271,12.580769,8.869231
2307,3272,12.584615,8.873077
2308,3273,12.588462,8.876923
2309,3274,12.592308,8.880769
2310,3275,12.596154,8.884615
2311,3276,12.600000,8.888462
2312,3277,12.603846,8.892308
2313,3278,12.607692,8.896154
2314,3279,12.611538,8.900000
2315,3280,12.615385,8.903846
2316,3281,12.619231,8.907692
2317,3282,12.623077,8.911538
2318,3283,12.626923,8.915385
2319,3284,12.630769,8.919231
2320,3285,12.634615,8.923077
2321,3286,12.638462,8.926923
2322,3287,12.642308,8.930769
2323,3288,12.646154,8.934615
2324,3289,12.650000,8.938462
2325,3290,12.653846,8.942308
2326,3291,12.657692,8.946154
2327,3292,12.661538,8.950000
2328,3293,12.665385,8.953846
2329,3294,12.669231,8.957692
2330,3295,12.673077,8.961538
2331,3296,12.676923,8.965385
2332,3297,12.680769,8.969231
2333,3298,12.684615,8.973077
2334,3299,12.688462,8.976923
2335,3300,12.692308,8.980769
2336,3301,12.696154,8.984615
2337,3302,12.700000,8.988462
2338,3303,12.703846,8.992308
2339,3304,12.707692,8.996154
2340,3305,12.711538,9.000000
2341,3306,12.715385,9.003846
2342,3307,12.719231,9.007692
2343,3308,12.723077,9.011538
2344,3309,12.726923,9.015385
2345,3310,12.730769,9.019231
2346,3311,12.734615,9.023077
2347,3312,12.738462,9.026923
2348,3313,12.742308,9.030769
2349,3314,12.746154,9.034615
2350,3315,12.750000,9.038462
2351,3316,12.753846,9.042308
2352,3317,12.757692,9.046154
2353,3318,12.761538,9.050000
2354,3319,12.765385,9.053846
2355,3320,12.769231,9.057692
2356,3321,12.773077,9.061538
2357,3322,12.776923,9.065385
2358,3323,12.780769,9.069231
2359,3324,12.784615,9.073077
2360,3325,12.788462,9.076923
2361,3326,12.792308,9.080769
2362,3327,12.796154,9.084615
2363,3328,12.800000,9.088462
2364,3329,12.803846,9.092308
2365,3330,12.807692,9.096154
2366,3331,12.811538,9.100000
2367,3332,12.815385,9.103846
2368,3333,12.819231,9.107692
2369,3334,12.823077,9.111538
2370,3335,12.826923,9.115385
2371,3336,12.830769,9.119231
2372,3337,12.834615,9.123077
2373,3338,12.838462,9.126923
2374,3339,12.842308,9.130769
2375,3340,12.846154,9.134615
2376,3341,12.850000,9.138462
2377,3342,12.853846,9.142308
2378,3343,12.857692,9.146154
2379,3344,12.861538,9.150000
2380,3345,12.865385,9.153846
2381,3346,12.869231,9.157692
2382,3347,12.873077,9.161538
2383,3348,12.876923,9.165385
2384,3349,12.880769,9.169231
2385,3350,12.884615,9.173077
2386,3351,12.888462,9.176923
2387,3352,12.892308,9.180769
2388,3353,12.896154,9.184615
2389,3354,12.900000,9.188462
2390,3355,12.903846,9.192308
2391,3356,12.907692,9.196154
2392,3357,12.911538,9.200000
2393,3358,12.915385,9.203846
2394,3359,12.919231,9.207692
2395,3360,12.923077,9.211538
2396,3361,12.926923,9.215385
2397,3362,12.930769,9.219231
2398,3363,12.934615,9.223077
2399,3364,12.938462,9.226923
2400,3365,12.942308,9.230769
2401,3366,12.946154,9.234615
2402,3367,12.950000,9.238462
2403,3368,12.953846,9.242308
2404,3369,12.957692,9.246154
2405,3370,12.961538,9.250000
2406,3371,12.965385,9.253846
2407,3372,12.969231,9.257692
2408,3373,12.973077,9.261538
2409,3374,12.976923,9.265385
2410,3375,12.980769,9.269231
2411,3376,12.984615,9.273077
2412,3377,12.988462,9.276923
2413,3378,12.992308,9.280769
2414,3379,12.996154,9.284615
2415,3380,13.000000,9.288462
2416,3381,13.003846,9.292308
2417,3382,13.007692,9.296154
2418,3383,13.011538,9.300000
2419,3384,13.015385,9.303846
2420,3385,13.019231,9.307692
2421,3386,13.023077,9.311538
2422,3387,13.026923,9.315385
2423,3388,13.030769,9.319231
2424,3389,13.034615,9.323077
2425,3390,13.038462,9.326923
2426,3391,13.042308,9.330769
2427,3392,13.046154,9.334615
2428,3393,13.050000,9.338462
2429,3394,13.053846,9.342308
2430,3395,13.057692,9.346154
2431,3396,13.061538,9.350000
2432,3397,13.065385,9.353846
2433,3398,13.069231,9.357692
2434,3399,13.073077,9.361538
2435,3400,13.076923,9.365385
2436,3401,13.080769,9.369231
2437,3402,13.084615,9.373077
2438,3403,13.088462,9.376923
2439,3404,13.092308,9.380769
2440,3405,13.096154,9.384615
2441,3406,13.100000,9.388462
2442,3407,13.103846,9.392308
2443,3408,13.107692,9.396154
2444,3409,13.111538,9.400000
2445,3410,13.115385,9.403846
2446,3411,13.119231,9.407692
2447,3412,13.123077,9.411538
2448,3413,13.126923,9.415385
2449,3414,13.130769,9.419231
2450,3415,13.134615,9.423077
2451,3416,13.138462,9.426923
2452,3417,13.142308,9.430769
2453,3418,13.146154,9.434615
2454,3419,13.150000,9.438462
2455,3420,13.153846,9.442308
2456,3421,13.157692,9.446154
2457,3422,13.161538,9.450000
2458,3423,13.165385,9.453846
2459,3424,13.169231,9.457692
2460,3425,13.173077,9.461538
2461,3426,13.176923,9.465385
2462,3427,13.180769,9.469231
2463,3428,13.184615,9.473077
2464,3429,13.188462,9.476923
2465,3430,13.192308,9.480769
2466,3431,13.196154,9.484615
2467,3432,13.200000,9.488462
2468,3433,13.203846,9.492308
2469,3434,13.207692,9.496154
2470,3435,13.211538,9.500000
2471,3436,13.215385,9.503846
2472,3437,13.219231,9.507692
2473,3438,13.223077,9.511538
2474,3439,13.226923,9.515385
2475,3440,13.230769,9.519231
2476,3441,13.234615,9.523077
2477,3442,13.238462,9.526923
2478,3443,13.242308,9.530769
2479,3444,13.246154,9.534615
2480,3445,13.250000,9.538462
2481,3446,13.253846,9.542308
2482,3447,13.257692,9.546154
2483,3448,13.261538,9.550000
2484,3449,13.265385,9.553846
2485,3450,13.269231,9.557692
2486,3451,13.273077,9.561538
2487,3452,13.276923,9.565385
2488,3453,13.280769,9.569231
2489,3454,13.284615,9.573077
2490,3455,13.288462,9.576923
2491,3456,13.292308,9.580769
2492,3457,13.296154,9.584615
2493,3458,13.300000,9.588462
2494,3459,13.303846,9.592308
2495,3460,13.307692,9.596154
2496,3461,13.311538,9.600000
2497,3462,13.315385,9.603846
2498,3463,13.319231,9.607692
2499,3464,13.323077,9.611538
2500,3465,13.326923,9.615385
2501,3466,13.330769,9.619231
2502,3467,13.334615,9.623077
2503,3468,13.338462,9.626923
2504,3469,13.342308,9.630769
2505,3470,13.346154,9.634615
2506,3471,13.350000,9.638462
2507,3472,13.353846,9.642308
2508,3473,13.357692,9.646154
2509,3474,13.361538,9.650000
2510,3475,13.365385,9.653846
2511,3476,13.369231,9.657692
2512,3477,13.373077,9.661538
2513,3478,13.376923,9.665385
2514,3479,13.380769,9.669231
2515,3480,13.384615,9.673077
2516,3481,13.388462,9.676923
2517,3482,13.392308,9.680769
2518,3483,13.396154,9.684615
2519,3484,13.400000,9.688462
2520,3485,13.403846,9.692308
2521,3486,13.407692,9.696154
2522,3487,13.411538,9.700000
2523,3488,13.415385,9.703846
2524,3489,13.419231,9.707692
2525,3490,13.423077,9.711538
2526,3491,13.426923,9.715385
2527,3492,13.430769,9.719231
2528,3493,13.434615,9.723077
2529,3494,13.438462,9.726923
2530,3495,13.442308,9.730769
2531,3496,13.446154,9.734615
2532,3497,13.450000,9.738462
2533,3498,13.453846,9.742308
2534,3499,13.457692,9.746154
2535,3500,13.461538,9.750000
2536,3501,13.465385,9.753846
2537,3502,13.469231,9.757692
2538,3503,13.473077,9.761538
2539,3504,13.476923,9.765385
2540,3505,13.480769,9.769231
2541,3506,13.484615,9.773077
2542,3507,13.488462,9.776923
2543,3508,13.492308,9.780769
2544,3509,13.496154,9.784615
2545,3510,13.500000,9.788462
2546,3511,13.503846,9.792308
2547,3512,13.507692,9.796154
2548,3513,13.511538,9.800000
2549,3514,13.515385,9.803846
2550,3515,13.519231,9.807692
2551,3516,13.523077,9.811538
2552,3517,13.526923,9.815385
2553,3518,13.530769,9.819231
2554,3519,13.534615,9.823077
2555,3520,13.538462,9.826923
2556,3521,13.542308,9.830769
2557,3522,13.546154,9.834615
2558,3523,13.550000,9.838462
2559,3524,13.553846,9.842308
2560,3525,13.557692,9.846154
2561,3526,13.561538,9.850000
2562,3527,13.565385,9.853846
2563,3528,13.569231,9.857692
2564,3529,13.573077,9.861538
2565,3530,13.576923,9.865385
2566,3531,13.580769,9.869231
2567,3532,13.584615,9.873077
2568,3533,13.588462,9.876923
2569,3534,13.592308,9.880769
2570,3535,13.596154,9.884615
2571,3536,13.600000,9.888462
2572,3537,13.603846,9.892308
2573,3538,13.607692,9.896154
2574,3539,13.611538,9.900000
2575,3540,13.615385,9.903846
2576,3541,13.619231,9.907692
2577,3542,13.623077,9.911538
2578,3543,13.626923,9.915385
2579,3544,13.630769,9.919231
2580,3545,13.634615,9.923077
2581,3546,13.638462,9.926923
2582,3547,13.642308,9.930769
2583,3548,13.646154,9.934615
2584,3549,13.650000,9.938462
2585,3550,13.653846,9.942308
2586,3551,13.657692,9.946154
2587,3552,13.661538,9.950000
2588,3553,13.665385,9.953846
2589,3554,13.669231,9.957692
2590,3555,13.673077,9.961538
2591,3556,13.676923,9.965385
2592,3557,13.680769,9.969231
2593,3558,13.684615,9.973077
2594,3559,13.688462,9.976923
2595,3560,13.692308,9.980769
2596,3561,13.696154,9.984615
2597,3562,13.700000,9.988462
2598,3563,13.703846,9.992308
2599,3564,13.707692,9.996154
2600,3565,13.711538,10.000000
2601,3566,13.715385,10.003846
2602,3567,13.719231,10.007692
2603,3568,13.723077,10.011538
2604,3569,13.726923,10.015385
2605,3570,13.730769,10.019231
2606,3571,13.734615,10.023077
2607,3572,13.738462,10.026923
2608,3573,13.742308,10.030769
2609,3574,13.746154,10.034615
2610,3575,13.750000,10.038462
2611,3576,13.753846,10.042308
2612,3577,13.757692,10.046154
2613,3578,13.761538,10.050000
2614,3579,13.765385,10.053846
2615,3580,13.769231,10.057692
2616,3581,13.773077,10.061538
2617,3582,13.776923,10.065385
2618,3583,13.780769,10.069231
2619,3584,13.784615,10.073077
2620,3585,13.788462,10.076923
2621,3586,13.792308,10.080769
2622,3587,13.796154,10.084615
2623,3588,13.800000,10.088462
2624,3589,13.803846,10.092308
2625,3590,13.807692,10.096154
2626,3591,13.811538,10.100000
2627,3592,13.815385,10.103846
2628,3593,13.819231,10.107692
2629,3594,13.823077,10.111538
2630,3595,13.826923,10.115385
2631,3596,13.830769,10.119231
2632,3597,13.834615,10.123077
2633,3598,13.838462,10.126923
2634,3599,13.842308,10.130769
2635,3600,13.846154,10.134615
2636,3601,13.850000,10.138462
2637,3602,13.853846,10.142308
2638,3603,13.857692,10.146154
2639,3604,13.861538,10.150000
2640,3605,13.865385,10.153846
2641,3606,13.869231,10.157692
2642,3607,13.873077,10.161538
2643,3608,13.876923,10.165385
2644,3609,13.880769,10.169231
2645,3610,13.884615,10.173077
2646,3611,13.888462,10.176923
2647,3612,13.892308,10.180769
2648,3613,13.896154,10.184615
2649,3614,13.900000,10.188462
2650,3615,13.903846,10.192308
2651,3616,13.907692,10.196154
2652,3617,13.911538,10.200000
2653,3618,13.915385,10.203846
2654,3619,13.919231,10.207692
2655,3620,13.923077,10.211538
2656,3621,13.926923,10.215385
2657,3622,13.930769,10.219231
2658,3623,13.934615,10.223077
2659,3624,13.938462,10.226923
2660,3625,13.942308,10.230769
2661,3626,13.946154,10.234615
2662,3627,13.950000,10.238462
2663,3628,13.953846,10.242308
2664,3629,13.957692,10.246154
2665,3630,13.961538,10.250000
2666,3631,13.965385,10.253846
2667,3632,13.969231,10.257692
2668,3633,13.973077,10.261538
2669,3634,13.976923,10.265385
2670,3635,13.980769,10.269231
2671,3636,13.984615,10.273077
2672,3637,13.988462,10.276923
2673,3638,13.992308,10.280769
2674,3639,13.996154,10.284615
2675,3640,14.000000,10.288462
2676,3641,14.003846,10.292308
2677,3642,14.007692,10.296154
2678,3643,14.011538,10.300000
2679,3644,14.015385,10.303846
2680,3645,14.019231,10.307692
2681,3646,14.023077,10.311538
2682,3647,14.026923,10.315385
2683,3648,14.030769,10.319231
2684,3649,14.034615,10.323077
2685,3650,14.038462,10.326923
2686,3651,14.042308,10.330769
2687,3652,14.046154,10.334615
2688,3653,14.050000,10.338462
2689,3654,14.053846,10.342308
2690,3655,14.057692,10.346154
2691,3656,14.061538,10.350000
2692,3657,14.065385,10.353846
2693,3658,14.069231,10.357692
2694,3659,14.073077,10.361538
2695,3660,14.076923,10.365385
2696,3661,14.080769,10.369231
2697,3662,14.084615,10.373077
2698,3663,14.088462,10.376923
2699,3664,14.092308,10.380769
2700,3665,14.096154,10.384615
2701,3666,14.100000,10.388462
2702,3667,14.103846,10.392308
2703,3668,14.107692,10.396154
2704,3669,14.111538,10.400000
2705,3670,14.115385,10.403846
2706,3671,14.119231,10.407692
2707,3672,14.123077,10.411538
2708,3673,14.126923,10.415385
2709,3674,14.130769,10.419231
2710,3675,14.134615,10.423077
2711,3676,14.138462,10.426923
2712,3677,14.142308,10.430769
2713,3678,14.146154,10.434615
2714,3679,14.150000,10.438462
2715,3680,14.153846,10.442308
2716,3681,14.157692,10.446154
2717,3682,14.161538,10.450000
2718,3683,14.165385,10.453846
2719,3684,14.169231,10.457692
2720,3685,14.173077,10.461538
2721,3686,14.176923,10.465385
2722,3687,14.180769,10.469231
2723,3688,14.184615,10.473077
2724,3689,14.188462,10.476923
2725,3690,14.192308,10.480769
2726,3691,14.196154,10.484615
2727,3692,14.200000,10.488462
2728,3693,14.203846,10.492308
2729,3694,14.207692,10.496154
2730,3695,14.211538,10.500000
2731,3696,14.215385,10.503846
2732,3697,14.219231,10.507692
2733,3698,14.223077,10.511538
2734,3699,14.226923,10.515385
2735,3700,14.230769,10.519231
2736,3701,14.234615,10.523077
2737,3702,14.238462,10.526923
2738,3703,14.242308,10.530769
2739,3704,14.246154,10.534615
2740,3705,14.250000,10.538462
2741,3706,14.253846,10.542308
2742,3707,14.257692,10.546154
2743,3708,14.261538,10.550000
2744,3709,14.265385,10.553846
2745,3710,14.269231,10.557692
2746,3711,14.273077,10.561538
2747,3712,14.276923,10.565385
2748,3713,14.280769,10.569231
2749,3714,14.284615,10.573077
2750,3715,14.288462,10.576923
2751,3716,14.292308,10.580769
2752,3717,14.296154,10.584615
2753,3718,14.300000,10.588462
2754,3719,14.303846,10.592308
2755,3720,14.307692,10.596154
2756,3721,14.311538,10.600000
2757,3722,14.315385,10.603846
2758,3723,14.319231,10.607692
2759,3724,14.323077,10.611538
2760,3725,14.326923,10.615385
2761,3726,14.330769,10.619231
2762,3727,14.334615,10.623077
2763,3728,14.338462,10.626923
2764,3729,14.342308,10.630769
2765,3730,14.346154,10.634615
2766,3731,14.350000,10.638462
2767,3732,14.353846,10.642308
2768,3733,14.357692,10.646154
2769,3734,14.361538,10.650000
2770,3735,14.365385,10.653846
2771,3736,14.369231,10.657692
2772,3737,14.373077,10.661538
2773,3738,14.376923,10.665385
2774,3739,14.380769,10.669231
2775,3740,14.384615,10.673077
2776,3741,14.388462,10.676923
2777,3742,14.392308,10.680769
2778,3743,14.396154,10.684615
2779,3744,14.400000,10.688462
2780,3745,14.403846,10.692308
2781,3746,14.407692,10.696154
2782,3747,14.411538,10.700000
2783,3748,14.415385,10.703846
2784,3749,14.419231,10.707692
2785,3750,14.423077,10.711538
2786,3751,14.426923,10.715385
2787,3752,14.430769,10.719231
2788,3753,14.434615,10.723077
2789,3754,14.438462,10.726923
2790,3755,14.442308,10.730769
2791,3756,14.446154,10.734615
2792,3757,14.450000,10.738462
2793,3758,14.453846,10.742308
2794,3759,14.457692,10.746154
2795,3760,14.461538,10.750000
2796,3761,14.465385,10.753846
2797,3762,14.469231,10.757692
2798,3763,14.473077,10.761538
2799,3764,14.476923,10.765385
2800,3765,14.480769,10.769231
2801,3766,14.484615,10.773077
2802,3767,14.488462,10.776923
2803,3768,14.492308,10.780769
2804,3769,14.496154,10.784615
2805,3770,14.500000,10.788462
2806,3771,14.503846,10.792308
2807,3772,14.507692,10.796154
2808,3773,14.511538,10.800000
2809,3774,14.515385,10.803846
2810,3775,14.519231,10.807692
2811,3776,14.523077,10.811538
2812,3777,14.526923,10.815385
2813,3778,14.530769,10.819231
2814,3779,14.534615,10.823077
2815,3780,14.538462,10.826923
2816,3781,14.542308,10.830769
2817,3782,14.546154,10.834615
2818,3783,14.550000,10.838462
2819,3784,14.553846,10.842308
2820,3785,14.557692,10.846154
2821,3786,14.561538,10.850000
2822,3787,14.565385,10.853846
2823,3788,14.569231,10.857692
2824,3789,14.573077,10.861538
2825,3790,14.576923,10.865385
2826,3791,14.580769,10.869231
2827,3792,14.584615,10.873077
2828,3793,14.588462,10.876923
2829,3794,14.592308,10.880769
2830,3795,14.596154,10.884615
2831,3796,14.600000,10.888462
2832,3797,14.603846,10.892308
2833,3798,14.607692,10.896154
2834,3799,14.611538,10.900000
2835,3800,14.615385,10.903846
2836,3801,14.619231,10.907692
2837,3802,14.623077,10.911538
2838,3803,14.626923,10.915385
2839,3804,14.630769,10.919231
2840,3805,14.634615,10.923077
2841,3806,14.638462,10.926923
2842,3807,14.642308,10.930769
2843,3808,14.646154,10.934615
2844,3809,14.650000,10.938462
2845,3810,14.653846,10.942308
2846,3811,14.657692,10.946154
2847,3812,14.661538,10.950000
2848,3813,14.665385,10.953846
2849,3814,14.669231,10.957692
2850,3815,14.673077,10.961538
2851,3816,14.676923,10.965385
2852,3817,14.680769,10.969231
2853,3818,14.684615,10.973077
2854,3819,14.688462,10.976923
2855,3820,14.692308,10.980769
2856,3821,14.696154,10.984615
2857,3822,14.700000,10.988462
2858,3823,14.703846,10.992308
2859,3824,14.707692,10.996154
2860,3825,14.711538,11.000000
2861,3826,14.715385,11.003846
2862,3827,14.719231,11.007692
2863,3828,14.723077,11.011538
2864,3829,14.726923,11.015385
2865,3830,14.730769,11.019231
2866,3831,14.734615,11.023077
2867,3832,14.738462,11.026923
2868,3833,14.742308,11.030769
2869,3834,14.746154,11.034615
2870,3835,14.750000,11.038462
2871,3836,14.753846,11.042308
2872,3837,14.757692,11.046154
2873,3838,14.761538,11.050000
2874,3839,14.765385,11.053846
2875,3840,14.769231,11.057692
2876,3841,14.773077,11.061538
2877,3842,14.776923,11.065385
2878,3843,14.780769,11.069231
2879,3844,14.784615,11.073077
2880,3845,14.788462,11.076923
2881,3846,14.792308,11.080769
2882,3847,14.796154,11.084615
2883,3848,14.800000,11.088462
2884,3849,14.803846,11.092308
2885,3850,14.807692,11.096154
2886,3851,14.811538,11.100000
2887,3852,14.815385,11.103846
2888,3853,14.819231,11.107692
2889,3854,14.823077,11.111538
2890,3855,14.826923,11.115385
2891,3856,14.830769,11.119231
2892,3857,14.834615,11.123077
2893,3858,14.838462,11.126923
2894,3859,14.842308,11.130769
2895,3860,14.846154,11.134615
2896,3861,14.850000,11.138462
2897,3862,14.853846,11.142308
2898,3863,14.857692,11.146154
2899,3864,14.861538,11.150000
2900,3865,14.865385,11.153846
2901,3866,14.869231,11.157692
2902,3867,14.873077,11.161538
2903,3868,14.876923,11.165385
2904,3869,14.880769,11.169231
2905,3870,14.884615,11.173077
2906,3871,14.888462,11.176923
2907,3872,14.892308,11.180769
2908,3873,14.896154,11.184615
2909,3874,14.900000,11.188462
2910,3875,14.903846,11.192308
2911,3876,14.907692,11.196154
2912,3877,14.911538,11.200000
2913,3878,14.915385,11.203846
2914,3879,14.919231,11.207692
2915,3880,14.923077,11.211538
2916,3881,14.926923,11.215385
2917,3882,14.930769,11.219231
2918,3883,14.934615,11.223077
2919,3884,14.938462,11.226923
2920,3885,14.942308,11.230769
2921,3886,14.946154,11.234615
2922,3887,14.950000,11.238462
2923,3888,14.953846,11.242308
2924,3889,14.957692,11.246154
2925,3890,14.961538,11.250000
2926,3891,14.965385,11.253846
2927,3892,14.969231,11.257692
2928,3893,14.973077,11.261538
2929,3894,14.976923,11.265385
2930,3895,14.980769,11.269231
2931,3896,14.984615,11.273077
2932,3897,14.988462,11.276923
2933,3898,14.992308,11.280769
2934,3899,14.996154,11.284615
2935,3900,15.000000,11.288462
2936,3901,15.003846,11.292308
2937,3902,15.007692,11.296154
2938,3903,15.011538,11.300000
2939,3904,15.015385,11.303846
2940,3905,15.019231,11.307692
2941,3906,15.023077,11.311538
2942,3907,15.026923,11.315385
2943,3908,15.030769,11.319231
2944,3909,15.034615,11.323077
2945,3910,15.038462,11.326923
2946,3911,15.042308,11.330769
2947,3912,15.046154,11.334615
2948,3913,15.050000,11.338462
2949,3914,15.053846,11.342308
2950,3915,15.057692,11.346154
2951,3916,15.061538,11.350000
2952,3917,15.065385,11.353846
2953,3918,15.069231,11.357692
2954,3919,15.073077,11.361538
2955,3920,15.076923,11.365385
2956,3921,15.080769,11.369231
2957,3922,15.084615,11.373077
2958,3923,15.088462,11.376923
2959,3924,15.092308,11.380769
2960,3925,15.096154,11.384615
2961,3926,15.100000,11.388462
2962,3927,15.103846,11.392308
2963,3928,15.107692,11.396154
2964,3929,15.111538,11.400000
2965,3930,15.115385,11.403846
2966,3931,15.119231,11.407692
2967,3932,15.123077,11.411538
2968,3933,15.126923,11.415385
2969,3934,15.130769,11.419231
2970,3935,15.134615,11.423077
2971,3936,15.138462,11.426923
2972,3937,15.142308,11.430769
2973,3938,15.146154,11.434615
2974,3939,15.150000,11.438462
2975,3940,15.153846,11.442308
2976,3941,15.157692,11.446154
2977,3942,15.161538,11.450000
2978,3943,15.165385,11.453846
2979,3944,15.169231,11.457692
2980,3945,15.173077,11.461538
2981,3946,15.176923,11.465385
2982,3947,15.180769,11.469231
2983,3948,15.184615,11.473077
2984,3949,15.188462,11.476923
2985,3950,15.192308,11.480769
2986,3951,15.196154,11.484615
2987,3952,15.200000,11.488462
2988,3953,15.203846,11.492308
2989,3954,15.207692,11.496154
2990,3955,15.211538,11.500000
2991,3956,15.215385,11.503846
2992,3957,15.219231,11.507692
2993,3958,15.223077,11.511538
2994,3959,15.226923,11.515385
2995,3960,15.230769,11.519231
2996,3961,15.234615,11.523077
2997,3962,15.238462,11.526923
2998,3963,15.242308,11.530769
2999,3964,15.246154,11.534615
3000,3965,15.250000,11.538462
3001,3966,15.253846,11.542308
3002,3967,15.257692,11.546154
3003,3968,15.261538,11.550000
3004,3969,15.265385,11.553846
3005,3970,15.269231,11.557692
3006,3971,15.273077,11.561538
3007,3972,15.276923,11.565385
3008,3973,15.280769,11.569231
3009,3974,15.284615,11.573077
3010,3975,15.288462,11.576923
3011,3976,15.292308,11.580769
3012,3977,15.296154,11.584615
3013,3978,15.300000,11.588462
3014,3979,15.303846,11.592308
3015,3980,15.307692,11.596154
3016,3981,15.311538,11.600000
3017,3982,15.315385,11.603846
3018,3983,15.319231,11.607692
3019,3984,15.323077,11.611538
3020,3985,15.326923,11.615385
3021,3986,15.330769,11.619231
3022,3987,15.334615,11.623077
3023,3988,15.338462,11.626923
3024,3989,15.342308,11.630769
3025,3990,15.346154,11.634615
3026,3991,15.350000,11.638462
3027,3992,15.353846,11.642308
3028,3993,15.357692,11.646154
3029,3994,15.361538,11.650000
3030,3995,15.365385,11.653846
3031,3996,15.369231,11.657692
3032,3997,15.373077,11.661538
3033,3998,15.376923,11.665385
3034,3999,15.380769,11.669231
3035,4000,15.384615,11.673077
3036,4001,15.388462,11.676923
3037,4002,15.392308,11.680769
3038,4003,15.396154,11.684615
3039,4004,15.400000,11.688462
3040,4005,15.403846,11.692308
3041,4006,15.407692,11.696154
3042,4007,15.411538,11.700000
3043,4008,15.415385,11.703846
3044,4009,15.419231,11.707692
3045,4010,15.423077,11.711538
3046,4011,15.426923,11.715385
3047,4012,15.430769,11.719231
3048,4013,15.434615,11.723077
3049,4014,15.438462,11.726923
3050,4015,15.442308,11.730769
3051,4016,15.446154,11.734615
3052,4017,15.450000,11.738462
3053,4018,15.453846,11.742308
3054,4019,15.457692,11.746154
3055,4020,15.461538,11.750000
3056,4021,15.465385,11.753846
3057,4022,15.469231,11.757692
3058,4023,15.473077,11.761538
3059,4024,15.476923,11.765385
3060,4025,15.480769,11.769231
3061,4026,15.484615,11.773077
3062,4027,15.488462,11.776923
3063,4028,15.492308,11.780769
3064,4029,15.496154,11.784615
3065,4030,15.500000,11.788462
3066,4031,15.503846,11.792308
3067,4032,15.507692,11.796154
3068,4033,15.511538,11.800000
3069,4034,15.515385,11.803846
3070,4035,15.519231,11.807692
3071,4036,15.523077,11.811538
3072,4037,15.526923,11.815385
3073,4038,15.530769,11.819231
3074,4039,15.534615,11.823077
3075,4040,15.538462,11.826923
3076,4041,15.542308,11.830769
3077,4042,15.546154,11.834615
3078,4043,15.550000,11.838462
3079,4044,15.553846,11.842308
3080,4045,15.557692,11.846154
3081,4046,15.561538,11.850000
3082,4047,15.565385,11.853846
3083,4048,15.569231,11.857692
3084,4049,15.573077,11.861538
3085,4050,15.576923,11.865385
3086,4051,15.580769,11.869231
3087,4052,15.584615,11.873077
3088,4053,15.588462,11.876923
3089,4054,15.592308,11.880769
3090,4055,15.596154,11.884615
3091,4056,15.600000,11.888462
3092,4057,15.603846,11.892308
3093,4058,15.607692,11.896154
3094,4059,15.611538,11.900000
3095,4060,15.615385,11.903846
3096,4061,15.619231,11.907692
3097,4062,15.623077,11.911538
3098,4063,15.626923,11.915385
3099,4064,15.630769,11.919231
3100,4065,15.634615,11.923077
3101,4066,15.638462,11.926923
3102,4067,15.642308,11.930769
3103,4068,15.646154,11.934615
3104,4069,15.650000,11.938462
3105,4070,15.653846,11.942308
3106,4071,15.657692,11.946154
3107,4072,15.661538,11.950000
3108,4073,15.665385,11.953846
3109,4074,15.669231,11.957692
3110,4075,15.673077,11.961538
3111,4076,15.676923,11.965385
3112,4077,15.680769,11.969231
3113,4078,15.684615,11.973077
3114,4079,15.688462,11.976923
3115,4080,15.692308,11.980769
3116,4081,15.696154,11.984615
3117,4082,15.700000,11.988462
3118,4083,15.703846,11.992308
3119,4084,15.707692,11.996154
3120,4085,15.711538,12.000000
3121,4086,15.715385,12.003846
3122,4087,15.719231,12.007692
3123,4088,15.723077,12.011538
3124,4089,15.726923,12.015385
3125,4090,15.730769,12.019231
3126,4091,15.734615,12.023077
3127,4092,15.738462,12.026923
3128,4093,15.742308,12.030769
3129,4094,15.746154,12.034615
3130,4095,15.750000,12.038462
3131,4096,15.753846,12.042308
3132,4097,15.757692,12.046154
3133,4098,15.761538,12.050000
3134,4099,15.765385,12.053846
3135,4100,15.769231,12.057692
3136,4101,15.773077,12.061538
3137,4102,15.776923,12.065385
3138,4103,15.780769,12.069231
3139,4104,15.784615,12.073077
3140,4105,15.788462,12.076923
3141,4106,15.792308,12.080769
3142,4107,15.796154,12.084615
3143,4108,15.800000,12.088462
3144,4109,15.803846,12.092308
3145,4110,15.807692,12.096154
3146,4111,15.811538,12.100000
3147,4112,15.815385,12.103846
3148,4113,15.819231,12.107692
3149,4114,15.823077,12.111538
3150,4115,15.826923,12.115385
3151,4116,15.830769,12.119231
3152,4117,15.834615,12.123077
3153,4118,15.838462,12.126923
3154,4119,15.842308,12.130769
3155,4120,15.846154,12.134615
3156,4121,15.850000,12.138462
3157,4122,15.853846,12.142308
3158,4123,15.857692,12.146154
3159,4124,15.861538,12.150000
3160,4125,15.865385,12.153846
3161,4126,15.869231,12.157692
3162,4127,15.873077,12.161538
3163,4128,15.876923,12.165385
3164,4129,15.880769,12.169231
3165,4130,15.884615,12.173077
3166,4131,15.888462,12.176923
3167,4132,15.892308,12.180769
3168,4133,15.896154,12.184615
3169,4134,15.900000,12.188462
3170,4135,15.903846,12.192308
3171,4136,15.907692,12.196154
3172,4137,15.911538,12.200000
3173,4138,15.915385,12.203846
3174,4139,15.919231,12.207692
3175,4140,15.923077,12.211538
3176,4141,15.926923,12.215385
3177,4142,15.930769,12.219231
3178,4143,15.934615,12.223077
3179,4144,15.938462,12.226923
3180,4145,15.942308,12.230769
3181,4146,15.946154,12.234615
3182,4147,15.950000,12.238462
3183,4148,15.953846,12.242308
3184,4149,15.957692,12.246154
3185,4150,15.961538,12.250000
3186,4151,15.965385,12.253846
3187,4152,15.969231,12.257692
3188,4153,15.973077,12.261538
3189,4154,15.976923,12.265385
3190,4155,15.980769,12.269231
3191,4156,15.984615,12.273077
3192,4157,15.988462,12.276923
3193,4158,15.992308,12.280769
3194,4159,15.996154,12.284615
3195,4160,16.000000,12.288462
3196,4161,16.003846,12.292308
3197,4162,16.007692,12.296154
3198,4163,16.011538,12.300000
3199,4164,16.015385,12.303846
3200,4165,16.019231,12.307692
3201,4166,16.023077,12.311538
3202,4167,16.026923,12.315385
3203,4168,16.030769,12.319231
3204,4169,16.034615,12.323077
3205,4170,16.038462,12.326923
3206,4171,16.042308,12.330769
3207,4172,16.046154,12.334615
3208,4173,16.050000,12.338462
3209,4174,16.053846,12.342308
3210,4175,16.057692,12.346154
3211,4176,16.061538,12.350000
3212,4177,16.065385,12.353846
3213,4178,16.069231,12.357692
3214,4179,16.073077,12.361538
3215,4180,16.076923,12.365385
3216,4181,16.080769,12.369231
3217,4182,16.084615,12.373077
3218,4183,16.088462,12.376923
3219,4184,16.092308,12.380769
3220,4185,16.096154,12.384615
3221,4186,16.100000,12.388462
3222,4187,16.103846,12.392308
3223,4188,16.107692,12.396154
3224,4189,16.111538,12.400000
3225,4190,16.115385,12.403846
3226,4191,16.119231,12.407692
3227,4192,16.123077,12.411538
3228,4193,16.126923,12.415385
3229,4194,16.130769,12.419231
3230,4195,16.134615,12.423077
3231,4196,16.138462,12.426923
3232,4197,16.142308,12.430769
3233,4198,16.146154,12.434615
3234,4199,16.150000,12.438462
3235,4200,16.153846,12.442308
3236,4201,16.157692,12.446154
3237,4202,16.161538,12.450000
3238,4203,16.165385,12.453846
3239,4204,16.169231,12.457692
3240,4205,16.173077,12.461538
3241,4206,16.176923,12.465385
3242,4207,16.180769,12.469231
3243,4208,16.184615,12.473077
3244,4209,16.188462,12.476923
3245,4210,16.192308,12.480769
3246,4211,16.196154,12.484615
3247,4212,16.200000,12.488462
3248,4213,16.203846,12.492308
3249,4214,16.207692,12.496154
3250,4215,16.211538,12.500000
3251,4216,16.215385,12.503846
3252,4217,16.219231,12.507692
3253,4218,16.223077,12.511538
3254,4219,16.226923,12.515385
3255,4220,16.230769,12.519231
3256,4221,16.234615,12.523077
3257,4222,16.238462,12.526923
3258,4223,16.242308,12.530769
3259,4224,16.246154,12.534615
3260,4225,16.250000,12.538462
3261,4226,16.253846,12.542308
3262,4227,16.257692,12.546154
3263,4228,16.261538,12.550000
3264,4229,16.265385,12.553846
3265,4230,16.269231,12.557692
3266,4231,16.273077,12.561538
3267,4232,16.276923,12.565385
3268,4233,16.280769,12.569231
3269,4234,16.284615,12.573077
3270,4235,16.288462,12.576923
3271,4236,16.292308,12.580769
3272,4237,16.296154,12.584615
3273,4238,16.300000,12.588462
3274,4239,16.303846,12.592308
3275,4240,16.307692,12.596154
3276,4241,16.311538,12.600000
3277,4242,16.315385,12.603846
3278,4243,16.319231,12.607692
3279,4244,16.323077,12.611538
3280,4245,16.326923,12.615385
3281,4246,16.330769,12.619231
3282,4247,16.334615,12.623077
3283,4248,16.338462,12.626923
3284,4249,16.342308,12.630769
3285,4250,16.346154,12.634615
3286,4251,16.350000,12.638462
3287,4252,16.353846,12.642308
3288,4253,16.357692,12.646154
3289,4254,16.361538,12.650000
3290,4255,16.365385,12.653846
3291,4256,16.369231,12.657692
3292,4257,16.373077,12.661538
3293,4258,16.376923,12.665385
3294,4259,16.380769,12.669231
3295,4260,16.384615,12.673077
3296,4261,16.388462,12.676923
3297,4262,16.392308,12.680769
3298,4263,16.396154,12.684615
3299,4264,16.400000,12.688462
3300,4265,16.403846,12.692308
3301,4266,16.407692,12.696154
3302,4267,16.411538,12.700000
3303,4268,16.415385,12.703846
3304,4269,16.419231,12.707692
3305,4270,16.423077,12.711538
3306,4271,16.426923,12.715385
3307,4272,16.430769,12.719231
3308,4273,16.434615,12.723077
3309,4274,16.438462,12.726923
3310,4275,16.442308,12.730769
3311,4276,16.446154,12.734615
3312,4277,16.450000,12.738462
3313,4278,16.453846,12.742308
3314,4279,16.457692,12.746154
3315,4280,16.461538,12.750000
3316,4281,16.465385,12.753846
3317,4282,16.469231,12.757692
3318,4283,16.473077,12.761538
3319,4284,16.476923,12.765385
3320,4285,16.480769,12.769231
3321,4286,16.484615,12.773077
3322,4287,16.488462,12.776923
3323,4288,16.492308,12.780769
3324,4289,16.496154,12.784615
3325,4290,16.500000,12.788462
3326,4291,16.503846,12.792308
3327,4292,16.507692,12.796154
3328,4293,16.511538,12.800000
3329,4294,16.515385,12.803846
3330,4295,16.519231,12.807692
3331,4296,16.523077,12.811538
3332,4297,16.526923,12.815385
3333,4298,16.530769,12.819231
3334,4299,16.534615,12.823077
3335,4300,16.538462,12.826923
3336,4301,16.542308,12.830769
3337,4302,16.546154,12.834615
3338,4303,16.550000,12.838462
3339,4304,16.553846,12.842308
3340,4305,16.557692,12.846154
3341,4306,16.561538,12.850000
3342,4307,16.565385,12.853846
3343,4308,16.569231,12.857692
3344,4309,16.573077,12.861538
3345,4310,16.576923,12.865385
3346,4311,16.580769,12.869231
3347,4312,16.584615,12.873077
3348,4313,16.588462,12.876923
3349,4314,16.592308,12.880769
3350,4315,16.596154,12.884615
3351,4316,16.600000,12.888462
3352,4317,16.603846,12.892308
3353,4318,16.607692,12.896154
3354,4319,16.611538,12.900000
3355,4320,16.615385,12.903846
3356,4321,16.619231,12.907692
3357,4322,16.623077,12.911538
3358,4323,16.626923,12.915385
3359,4324,16.630769,12.919231
3360,4325,16.634615,12.923077
3361,4326,16.638462,12.926923
3362,4327,16.642308,12.930769
3363,4328,16.646154,12.934615
3364,4329,16.650000,12.938462
3365,4330,16.653846,12.942308
3366,4331,16.657692,12.946154
3367,4332,16.661538,12.950000
3368,4333,16.665385,12.953846
3369,4334,16.669231,12.957692
3370,4335,16.673077,12.961538
3371,4336,16.676923,12.965385
3372,4337,16.680769,12.969231
3373,4338,16.684615,12.973077
3374,4339,16.688462,12.976923
3375,4340,16.692308,12.980769
3376,4341,16.696154,12.984615
3377,4342,16.700000,12.988462
3378,4343,16.703846,12.992308
3379,4344,16.707692,12.996154
3380,4345,16.711538,13.000000
3381,4346,16.715385,13.003846
3382,4347,16.719231,13.007692
3383,4348,16.723077,13.011538
3384,4349,16.726923,13.015385
3385,4350,16.730769,13.019231
3386,4351,16.734615,13.023077
3387,4352,16.738462,13.026923
3388,4353,16.742308,13.030769
3389,4354,16.746154,13.034615
3390,4355,16.750000,13.038462
3391,4356,16.753846,13.042308
3392,4357,16.757692,13.046154
3393,4358,16.761538,13.050000
3394,4359,16.765385,13.053846
3395,4360,16.769231,13.057692
3396,4361,16.773077,13.061538
3397,4362,16.776923,13.065385
3398,4363,16.780769,13.069231
3399,4364,16.784615,13.073077
3400,4365,16.788462,13.076923
3401,4366,16.792308,13.080769
3402,4367,16.796154,13.084615
3403,4368,16.800000,13.088462
3404,4369,16.803846,13.092308
3405,4370,16.807692,13.096154
3406,4371,16.811538,13.100000
3407,4372,16.815385,13.103846
3408,4373,16.819231,13.107692
3409,4374,16.823077,13.111538
3410,4375,16.826923,13.115385
3411,4376,16.830769,13.119231
3412,4377,16.834615,13.123077
3413,4378,16.838462,13.126923
3414,4379,16.842308,13.130769
3415,4380,16.846154,13.134615
3416,4381,16.850000,13.138462
3417,4382,16.853846,13.142308
3418,4383,16.857692,13.146154
3419,4384,16.861538,13.150000
3420,4385,16.865385,13.153846
3421,4386,16.869231,13.157692
3422,4387,16.873077,13.161538
3423,4388,16.876923,13.165385
3424,4389,16.880769,13.169231
3425,4390,16.884615,13.173077
3426,4391,16.888462,13.176923
3427,4392,16.892308,13.180769
3428,4393,16.896154,13.184615
3429,4394,16.900000,13.188462
3430,4395,16.903846,13.192308
3431,4396,16.907692,13.196154
3432,4397,16.911538,13.200000
3433,4398,16.915385,13.203846
3434,4399,16.919231,13.207692
3435,4400,16.923077,13.211538
3436,4401,16.926923,13.215385
3437,4402,16.930769,13.219231
3438,4403,16.934615,13.223077
3439,4404,16.938462,13.226923
3440,4405,16.942308,13.230769
3441,4406,16.946154,13.234615
3442,4407,16.950000,13.238462
3443,4408,16.953846,13.242308
3444,4409,16.957692,13.246154
3445,4410,16.961538,13.250000
3446,4411,16.965385,13.253846
3447,4412,16.969231,13.257692
3448,4413,16.973077,13.261538
3449,4414,16.976923,13.265385
3450,4415,16.980769,13.269231
3451,4416,16.984615,13.273077
3452,4417,16.988462,13.276923
3453,4418,16.992308,13.280769
3454,4419,16.996154,13.284615
3455,4420,17.000000,13.288462
3456,4421,17.003846,13.292308
3457,4422,17.007692,13.296154
3458,4423,17.011538,13.300000
3459,4424,17.015385,13.303846
3460,4425,17.019231,13.307692
3461,4426,17.023077,13.311538
3462,4427,17.026923,13.315385
3463,4428,17.030769,13.319231
3464,4429,17.034615,13.323077
3465,4430,17.038462,13.326923
3466,4431,17.042308,13.330769
3467,4432,17.046154,13.334615
3468,4433,17.050000,13.338462
3469,4434,17.053846,13.342308
3470,4435,17.057692,13.346154
3471,4436,17.061538,13.350000
3472,4437,17.065385,13.353846
3473,4438,17.069231,13.357692
3474,4439,17.073077,13.361538
3475,4440,17.076923,13.365385
3476,4441,17.080769,13.369231
3477,4442,17.084615,13.373077
3478,4443,17.088462,13.376923
3479,4444,17.092308,13.380769
3480,4445,17.096154,13.384615
3481,4446,17.100000,13.388462
3482,4447,17.103846,13.392308
3483,4448,17.107692,13.396154
3484,4449,17.111538,13.400000
3485,4450,17.115385,13.403846
3486,4451,17.119231,13.407692
3487,4452,17.123077,13.411538
3488,4453,17.126923,13.415385
3489,4454,17.130769,13.419231
3490,4455,17.134615,13.423077
3491,4456,17.138462,13.426923
3492,4457,17.142308,13.430769
3493,4458,17.146154,13.434615
3494,4459,17.150000,13.438462
3495,4460,17.153846,13.442308
3496,4461,17.157692,13.446154
3497,4462,17.161538,13.450000
3498,4463,17.165385,13.453846
3499,4464,17.169231,13.457692
3500,4465,17.173077,13.461538
3501,4466,17.176923,13.465385
3502,4467,17.180769,13.469231
3503,4468,17.184615,13.473077
3504,4469,17.188462,13.476923
3505,4470,17.192308,13.480769
3506,4471,17.196154,13.484615
3507,4472,17.200000,13.488462
3508,4473,17.203846,13.492308
3509,4474,17.207692,13.496154
3510,4475,17.211538,13.500000
3511,4476,17.215385,13.503846
3512,4477,17.219231,13.507692
3513,4478,17.223077,13.511538
3514,4479,17.226923,13.515385
3515,4480,17.230769,13.519231
3516,4481,17.234615,13.523077
3517,4482,17.238462,13.526923
3518,4483,17.242308,13.530769
3519,4484,17.246154,13.534615
3520,4485,17.250000,13.538462
3521,4486,17.253846,13.542308
3522,4487,17.257692,13.546154
3523,4488,17.261538,13.550000
3524,4489,17.265385,13.553846
3525,4490,17.269231,13.557692
3526,4491,17.273077,13.561538
3527,4492,17.276923,13.565385
3528,4493,17.280769,13.569231
3529,4494,17.284615,13.573077
3530,4495,17.288462,13.576923
3531,4496,17.292308,13.580769
3532,4497,17.296154,13.584615
3533,4498,17.300000,13.588462
3534,4499,17.303846,13.592308
3535,4500,17.307692,13.596154
3536,4501,17.311538,13.600000
3537,4502,17.315385,13.603846
3538,4503,17.319231,13.607692
3539,4504,17.323077,13.611538
3540,4505,17.326923,13.615385
3541,4506,17.330769,13.619231
3542,4507,17.334615,13.623077
3543,4508,17.338462,13.626923
3544,4509,17.342308,13.630769
3545,4510,17.346154,13.634615
3546,4511,17.350000,13.638462
3547,4512,17.353846,13.642308
3548,4513,17.357692,13.646154
3549,4514,17.361538,13.650000
3550,4515,17.365385,13.653846
3551,4516,17.369231,13.657692
3552,4517,17.373077,13.661538
3553,4518,17.376923,13.665385
3554,4519,17.380769,13.669231
3555,4520,17.384615,13.673077
3556,4521,17.388462,13.676923
3557,4522,17.392308,13.680769
3558,4523,17.396154,13.684615
3559,4524,17.400000,13.688462
3560,4525,17.403846,13.692308
3561,4526,17.407692,13.696154
3562,4527,17.411538,13.700000
3563,4528,17.415385,13.703846
3564,4529,17.419231,13.707692
3565,4530,17.423077,13.711538
3566,4531,17.426923,13.715385
3567,4532,17.430769,13.719231
3568,4533,17.434615,13.723077
3569,4534,17.438462,13.726923
3570,4535,17.442308,13.730769
3571,4536,17.446154,13.734615
3572,4537,17.450000,13.738462
3573,4538,17.453846,13.742308
3574,4539,17.457692,13.746154
3575,4540,17.461538,13.750000
3576,4541,17.465385,13.753846
3577,4542,17.469231,13.757692
3578,4543,17.473077,13.761538
3579,4544,17.476923,13.765385
3580,4545,17.480769,13.769231
3581,4546,17.484615,13.773077
3582,4547,17.488462,13.776923
3583,4548,17.492308,13.780769
3584,4549,17.496154,13.784615
3585,4550,17.500000,13.788462
3586,4551,17.503846,13.792308
3587,4552,17.507692,13.796154
3588,4553,17.511538,13.800000
3589,4554,17.515385,13.803846
3590,4555,17.519231,13.807692
3591,4556,17.523077,13.811538
3592,4557,17.526923,13.815385
3593,4558,17.530769,13.819231
3594,4559,17.534615,13.823077
3595,4560,17.538462,13.826923
3596,4561,17.542308,13.830769
3597,4562,17.546154,13.834615
3598,4563,17.550000,13.838462
3599,4564,17.553846,13.842308
3600,4565,17.557692,13.846154
3601,4566,17.561538,13.850000
3602,4567,17.565385,13.853846
3603,4568,17.569231,13.857692
3604,4569,17.573077,13.861538
3605,4570,17.576923,13.865385
3606,4571,17.580769,13.869231
3607,4572,17.584615,13.873077
3608,4573,17.588462,13.876923
3609,4574,17.592308,13.880769
3610,4575,17.596154,13.884615
3611,4576,17.600000,13.888462
3612,4577,17.603846,13.892308
3613,4578,17.607692,13.896154
3614,4579,17.611538,13.900000
3615,4580,17.615385,13.903846
3616,4581,17.619231,13.907692
3617,4582,17.623077,13.911538
3618,4583,17.626923,13.915385
3619,4584,17.630769,13.919231
3620,4585,17.634615,13.923077
3621,4586,17.638462,13.926923
3622,4587,17.642308,13.930769
3623,4588,17.646154,13.934615
3624,4589,17.650000,13.938462
3625,4590,17.653846,13.942308
3626,4591,17.657692,13.946154
3627,4592,17.661538,13.950000
3628,4593,17.665385,13.953846
3629,4594,17.669231,13.957692
3630,4595,17.673077,13.961538
3631,4596,17.676923,13.965385
3632,4597,17.680769,13.969231
3633,4598,17.684615,13.973077
3634,4599,17.688462,13.976923
3635,4600,17.692308,13.980769
3636,4601,17.696154,13.984615
3637,4602,17.700000,13.988462
3638,4603,17.703846,13.992308
3639,4604,17.707692,13.996154
3640,4605,17.711538,14.000000
3641,4606,17.715385,14.003846
3642,4607,17.719231,14.007692
3643,4608,17.723077,14.011538
3644,4609,17.726923,14.015385
3645,4610,17.730769,14.019231
3646,4611,17.734615,14.023077
3647,4612,17.738462,14.026923
3648,4613,17.742308,14.030769
3649,4614,17.746154,14.034615
3650,4615,17.750000,14.038462
3651,4616,17.753846,14.042308
3652,4617,17.757692,14.046154
3653,4618,17.761538,14.050000
3654,4619,17.765385,14.053846
3655,4620,17.769231,14.057692
3656,4621,17.773077,14.061538
3657,4622,17.776923,14.065385
3658,4623,17.780769,14.069231
3659,4624,17.784615,14.073077
3660,4625,17.788462,14.076923
3661,4626,17.792308,14.080769
3662,4627,17.796154,14.084615
3663,4628,17.800000,14.088462
3664,4629,17.803846,14.092308
3665,4630,17.807692,14.096154
3666,4631,17.811538,14.100000
3667,4632,17.815385,14.103846
3668,4633,17.819231,14.107692
3669,4634,17.823077,14.111538
3670,4635,17.826923,14.115385
3671,4636,17.830769,14.119231
3672,4637,17.834615,14.123077
3673,4638,17.838462,14.126923
3674,4639,17.842308,14.130769
3675,4640,17.846154,14.134615
3676,4641,17.850000,14.138462
3677,4642,17.853846,14.142308
3678,4643,17.857692,14.146154
3679,4644,17.861538,14.150000
3680,4645,17.865385,14.153846
3681,4646,17.869231,14.157692
3682,4647,17.873077,14.161538
3683,4648,17.876923,14.165385
3684,4649,17.880769,14.169231
3685,4650,17.884615,14.173077
3686,4651,17.888462,14.176923
3687,4652,17.892308,14.180769
3688,4653,17.896154,14.184615
3689,4654,17.900000,14.188462
3690,4655,17.903846,14.192308
3691,4656,17.907692,14.196154
3692,4657,17.911538,14.200000
3693,4658,17.915385,14.203846
3694,4659,17.919231,14.207692
3695,4660,17.923077,14.211538
3696,4661,17.926923,14.215385
3697,4662,17.930769,14.219231
3698,4663,17.934615,14.223077
3699,4664,17.938462,14.226923
3700,4665,17.942308,14.230769
3701,4666,17.946154,14.234615
3702,4667,17.950000,14.238462
3703,4668,17.953846,14.242308
3704,4669,17.957692,14.246154
3705,4670,17.961538,14.250000
3706,4671,17.965385,14.253846
3707,4672,17.969231,14.257692
3708,4673,17.973077,14.261538
3709,4674,17.976923,14.265385
3710,4675,17.980769,14.269231
3711,4676,17.984615,14.273077
3712,4677,17.988462,14.276923
3713,4678,17.992308,14.280769
3714,4679,17.996154,14.284615
3715,4680,18.000000,14.288462
3716,4681,18.003846,14.292308
3717,4682,18.007692,14.296154
3718,4683,18.011538,14.300000
3719,4684,18.015385,14.303846
3720,4685,18.019231,14.307692
3721,4686,18.023077,14.311538
3722,4687,18.026923,14.315385
3723,4688,18.030769,14.319231
3724,4689,18.034615,14.323077
3725,4690,18.038462,14.326923
3726,4691,18.042308,14.330769
3727,4692,18.046154,14.334615
3728,4693,18.050000,14.338462
3729,4694,18.053846,14.342308
3730,4695,18.057692,14.346154
3731,4696,18.061538,14.350000
3732,4697,18.065385,14.353846
3733,4698,18.069231,14.357692
3734,4699,18.073077,14.361538
3735,4700,18.076923,14.365385
3736,4701,18.080769,14.369231
3737,4702,18.084615,14.373077
3738,4703,18.088462,14.376923
3739,4704,18.092308,14.380769
3740,4705,18.096154,14.384615
3741,4706,18.100000,14.388462
3742,4707,18.103846,14.392308
3743,4708,18.107692,14.396154
3744,4709,18.111538,14.400000
3745,4710,18.115385,14.403846
3746,4711,18.119231,14.407692
3747,4712,18.123077,14.411538
3748,4713,18.126923,14.415385
3749,4714,18.130769,14.419231
3750,4715,18.134615,14.423077
3751,4716,18.138462,14.426923
3752,4717,18.142308,14.430769
3753,4718,18.146154,14.434615
3754,4719,18.150000,14.438462
3755,4720,18.153846,14.442308
3756,4721,18.157692,14.446154
3757,4722,18.161538,14.450000
3758,4723,18.165385,14.453846
3759,4724,18.169231,14.457692
3760,4725,18.173077,14.461538
3761,4726,18.176923,14.465385
3762,4727,18.180769,14.469231
3763,4728,18.184615,14.473077
3764,4729,18.188462,14.476923
3765,4730,18.192308,14.480769
3766,4731,18.196154,14.484615
3767,4732,18.200000,14.488462
3768,4733,18.203846,14.492308
3769,4734,18.207692,14.496154
3770,4735,18.211538,14.500000
3771,4736,18.215385,14.503846
3772,4737,18.219231,14.507692
3773,4738,18.223077,14.511538
3774,4739,18.226923,14.515385
3775,4740,18.230769,14.519231
3776,4741,18.234615,14.523077
3777,4742,18.238462,14.526923
3778,4743,18.242308,14.530769
3779,4744,18.246154,14.534615
3780,4745,18.250000,14.538462
3781,4746,18.253846,14.542308
3782,4747,18.257692,14.546154
3783,4748,18.261538,14.550000
3784,4749,18.265385,14.553846
3785,4750,18.269231,14.557692
3786,4751,18.273077,14.561538
3787,4752,18.276923,14.565385
3788,4753,18.280769,14.569231
3789,4754,18.284615,14.573077
3790,4755,18.288462,14.576923
3791,4756,18.292308,14.580769
3792,4757,18.296154,14.584615
3793,4758,18.300000,14.588462
3794,4759,18.303846,14.592308
3795,4760,18.307692,14.596154
3796,4761,18.311538,14.600000
3797,4762,18.315385,14.603846
3798,4763,18.319231,14.607692
3799,4764,18.323077,14.611538
3800,4765,18.326923,14.615385
3801,4766,18.330769,14.619231
3802,4767,18.334615,14.623077
3803,4768,18.338462,14.626923
3804,4769,18.342308,14.630769
3805,4770,18.346154,14.634615
3806,4771,18.350000,14.638462
3807,4772,18.353846,14.642308
3808,4773,18.357692,14.646154
3809,4774,18.361538,14.650000
3810,4775,18.365385,14.653846
3811,4776,18.369231,14.657692
3812,4777,18.373077,14.661538
3813,4778,18.376923,14.665385
3814,4779,18.380769,14.669231
3815,4780,18.384615,14.673077
3816,4781,18.388462,14.676923
3817,4782,18.392308,14.680769
3818,4783,18.396154,14.684615
3819,4784,18.400000,14.688462
3820,4785,18.403846,14.692308
3821,4786,18.407692,14.696154
3822,4787,18.411538,14.700000
3823,4788,18.415385,14.703846
3824,4789,18.419231,14.707692
3825,4790,18.423077,14.711538
3826,4791,18.426923,14.715385
3827,4792,18.430769,14.719231
3828,4793,18.434615,14.723077
3829,4794,18.438462,14.726923
3830,4795,18.442308,14.730769
3831,4796,18.446154,14.734615
3832,4797,18.450000,14.738462
3833,4798,18.453846,14.742308
3834,4799,18.457692,14.746154
3835,4800,18.461538,14.750000
3836,4801,18.465385,14.753846
3837,4802,18.469231,14.757692
3838,4803,18.473077,14.761538
3839,4804,18.476923,14.765385
3840,4805,18.480769,14.769231
3841,4806,18.484615,14.773077
3842,4807,18.488462,14.776923
3843,4808,18.492308,14.780769
3844,4809,18.496154,14.784615
3845,4810,18.500000,14.788462
3846,4811,18.503846,14.792308
3847,4812,18.507692,14.796154
3848,4813,18.511538,14.800000
3849,4814,18.515385,14.803846
3850,4815,18.519231,14.807692
3851,4816,18.523077,14.811538
3852,4817,18.526923,14.815385
3853,4818,18.530769,14.819231
3854,4819,18.534615,14.823077
3855,4820,18.538462,14.826923
3856,4821,18.542308,14.830769
3857,4822,18.546154,14.834615
3858,4823,18.550000,14.838462
3859,4824,18.553846,14.842308
3860,4825,18.557692,14.846154
3861,4826,18.561538,14.850000
3862,4827,18.565385,14.853846
3863,4828,18.569231,14.857692
3864,4829,18.573077,14.861538
3865,4830,18.576923,14.865385
3866,4831,18.580769,14.869231
3867,4832,18.584615,14.873077
3868,4833,18.588462,14.876923
3869,4834,18.592308,14.880769
3870,4835,18.596154,14.884615
3871,4836,18.600000,14.888462
3872,4837,18.603846,14.892308
3873,4838,18.607692,14.896154
3874,4839,18.611538,14.900000
3875,4840,18.615385,14.903846
3876,4841,18.619231,14.907692
3877,4842,18.623077,14.911538
3878,4843,18.626923,14.915385
3879,4844,18.630769,14.919231
3880,4845,18.634615,14.923077
3881,4846,18.638462,14.926923
3882,4847,18.642308,14.930769
3883,4848,18.646154,14.934615
3884,4849,18.650000,14.938462
3885,4850,18.653846,14.942308
3886,4851,18.657692,14.946154
3887,4852,18.661538,14.950000
3888,4853,18.665385,14.953846
3889,4854,18.669231,14.957692
3890,4855,18.673077,14.961538
3891,4856,18.676923,14.965385
3892,4857,18.680769,14.969231
3893,4858,18.684615,14.973077
3894,4859,18.688462,14.976923
3895,4860,18.692308,14.980769
3896,4861,18.696154,14.984615
3897,4862,18.700000,14.988462
3898,4863,18.703846,14.992308
3899,4864,18.707692,14.996154
3900,4865,18.711538,15.000000
3901,4866,18.715385,15.003846
3902,4867,18.719231,15.007692
3903,4868,18.723077,15.011538
3904,4869,18.726923,15.015385
3905,4870,18.730769,15.019231
3906,4871,18.734615,15.023077
3907,4872,18.738462,15.026923
3908,4873,18.742308,15.030769
3909,4874,18.746154,15.034615
3910,4875,18.750000,15.038462
3911,4876,18.753846,15.042308
3912,4877,18.757692,15.046154
3913,4878,18.761538,15.050000
3914,4879,18.765385,15.053846
3915,4880,18.769231,15.057692
3916,4881,18.773077,15.061538
3917,4882,18.776923,15.065385
3918,4883,18.780769,15.069231
3919,4884,18.784615,15.073077
3920,4885,18.788462,15.076923
3921,4886,18.792308,15.080769
3922,4887,18.796154,15.084615
3923,4888,18.800000,15.088462
3924,4889,18.803846,15.092308
3925,4890,18.807692,15.096154
3926,4891,18.811538,15.100000
3927,4892,18.815385,15.103846
3928,4893,18.819231,15.107692
3929,4894,18.823077,15.111538
3930,4895,18.826923,15.115385
3931,4896,18.830769,15.119231
3932,4897,18.834615,15.123077
3933,4898,18.838462,15.126923
3934,4899,18.842308,15.130769
3935,4900,18.846154,15.134615
3936,4901,18.850000,15.138462
3937,4902,18.853846,15.142308
3938,4903,18.857692,15.146154
3939,4904,18.861538,15.150000
3940,4905,18.865385,15.153846
3941,4906,18.869231,15.157692
3942,4907,18.873077,15.161538
3943,4908,18.876923,15.165385
3944,4909,18.880769,15.169231
3945,4910,18.884615,15.173077
3946,4911,18.888462,15.176923
3947,4912,18.892308,15.180769
3948,4913,18.896154,15.184615
3949,4914,18.900000,15.188462
3950,4915,18.903846,15.192308
3951,4916,18.907692,15.196154
3952,4917,18.911538,15.200000
3953,4918,18.915385,15.203846
3954,4919,18.919231,15.207692
3955,4920,18.923077,15.211538
3956,4921,18.926923,15.215385
3957,4922,18.930769,15.219231
3958,4923,18.934615,15.223077
3959,4924,18.938462,15.226923
3960,4925,18.942308,15.230769
3961,4926,18.946154,15.234615
3962,4927,18.950000,15.238462
3963,4928,18.953846,15.242308
3964,4929,18.957692,15.246154
3965,4930,18.961538,15.250000
3966,4931,18.965385,15.253846
3967,4932,18.969231,15.257692
3968,4933,18.973077,15.261538
3969,4934,18.976923,15.265385
3970,4935,18.980769,15.269231
3971,4936,18.984615,15.273077
3972,4937,18.988462,15.276923
3973,4938,18.992308,15.280769
3974,4939,18.996154,15.284615
3975,4940,19.000000,15.288462
3976,4941,19.003846,15.292308
3977,4942,19.007692,15.296154
3978,4943,19.011538,15.300000
3979,4944,19.015385,15.303846
3980,4945,19.019231,15.307692
3981,4946,19.023077,15.311538
3982,4947,19.026923,15.315385
3983,4948,19.030769,15.319231
3984,4949,19.034615,15.323077
3985,4950,19.038462,15.326923
3986,4951,19.042308,15.330769
3987,4952,19.046154,15.334615
3988,4953,19.050000,15.338462
3989,4954,19.053846,15.342308
3990,4955,19.057692,15.346154
3991,4956,19.061538,15.350000
3992,4957,19.065385,15.353846
3993,4958,19.069231,15.357692
3994,4959,19.073077,15.361538
3995,4960,19.076923,15.365385
3996,4961,19.080769,15.369231
3997,4962,19.084615,15.373077
3998,4963,19.088462,15.376923
3999,4964,19.092308,15.380769
4000,4965,19.096154,15.384615
4001,4966,19.100000,15.388462
4002,4967,19.103846,15.392308
4003,4968,19.107692,15.396154
4004,4969,19.111538,15.400000
4005,4970,19.115385,15.403846
4006,4971,19.119231,15.407692
4007,4972,19.123077,15.411538
4008,4973,19.126923,15.415385
4009,4974,19.130769,15.419231
4010,4975,19.134615,15.423077
4011,4976,19.138462,15.426923
4012,4977,19.142308,15.430769
4013,4978,19.146154,15.434615
4014,4979,19.150000,15.438462
4015,4980,19.153846,15.442308
4016,4981,19.157692,15.446154
4017,4982,19.161538,15.450000
4018,4983,19.165385,15.453846
4019,4984,19.169231,15.457692
4020,4985,19.173077,15.461538
4021,4986,19.176923,15.465385
4022,4987,19.180769,15.469231
4023,4988,19.184615,15.473077
4024,4989,19.188462,15.476923
4025,4990,19.192308,15.480769
4026,4991,19.196154,15.484615
4027,4992,19.200000,15.488462
4028,4993,19.203846,15.492308
4029,4994,19.207692,15.496154
4030,4995,19.211538,15.500000
4031,4996,19.215385,15.503846
4032,4997,19.219231,15.507692
4033,4998,19.223077,15.511538
4034,4999,19.226923,15.515385
4035,5000,19.230769,15.519231
4036,5001,19.234615,15.523077
4037,5002,19.238462,15.526923
4038,5003,19.242308,15.530769
4039,5004,19.246154,15.534615
4040,5005,19.250000,15.538462
4041,5006,19.253846,15.542308
4042,5007,19.257692,15.546154
4043,5008,19.261538,15.550000
4044,5009,19.265385,15.553846
4045,5010,19.269231,15.557692
4046,5011,19.273077,15.561538
4047,5012,19.276923,15.565385
4048,5013,19.280769,15.569231
4049,5014,19.284615,15.573077
4050,5015,19.288462,15.576923
4051,5016,19.292308,15.580769
4052,5017,19.296154,15.584615
4053,5018,19.300000,15.588462
4054,5019,19.303846,15.592308
4055,5020,19.307692,15.596154
4056,5021,19.311538,15.600000
4057,5022,19.315385,15.603846
4058,5023,19.319231,15.607692
4059,5024,19.323077,15.611538
4060,5025,19.326923,15.615385
4061,5026,19.330769,15.619231
4062,5027,19.334615,15.623077
4063,5028,19.338462,15.626923
4064,5029,19.342308,15.630769
4065,5030,19.346154,15.634615
4066,5031,19.350000,15.638462
4067,5032,19.353846,15.642308
4068,5033,19.357692,15.646154
4069,5034,19.361538,15.650000
4070,5035,19.365385,15.653846
4071,5036,19.369231,15.657692
4072,5037,19.373077,15.661538
4073,5038,19.376923,15.665385
4074,5039,19.380769,15.669231
4075,5040,19.384615,15.673077
4076,5041,19.388462,15.676923
4077,5042,19.392308,15.680769
4078,5043,19.396154,15.684615
4079,5044,19.400000,15.688462
4080,5045,19.403846,15.692308
4081,5046,19.407692,15.696154
4082,5047,19.411538,15.700000
4083,5048,19.415385,15.703846
4084,5049,19.419231,15.707692
4085,5050,19.423077,15.711538
4086,5051,19.426923,15.715385
4087,5052,19.430769,15.719231
4088,5053,19.434615,15.723077
4089,5054,19.438462,15.726923
4090,5055,19.442308,15.730769
4091,5056,19.446154,15.734615
4092,5057,19.450000,15.738462
4093,5058,19.453846,15.742308
4094,5059,19.457692,15.746154
4095,5060,19.461538,15.750000
4096,5061,19.465385,15.753846
4097,5062,19.469231,15.757692
4098,5063,19.473077,15.761538
4099,5064,19.476923,15.765385
4100,5065,19.480769,15.769231
4101,5066,19.484615,15.773077
4102,5067,19.488462,15.776923
4103,5068,19.492308,15.780769
4104,5069,19.496154,15.784615
4105,5070,19.500000,15.788462
4106,5071,19.503846,15.792308
4107,5072,19.507692,15.796154
4108,5073,19.511538,15.800000
4109,5074,19.515385,15.803846
4110,5075,19.519231,15.807692
4111,5076,19.523077,15.811538
4112,5077,19.526923,15.815385
4113,5078,19.530769,15.819231
4114,5079,19.534615,15.823077
4115,5080,19.538462,15.826923
4116,5081,19.542308,15.830769
4117,5082,19.546154,15.834615
4118,5083,19.550000,15.838462
4119,5084,19.553846,15.842308
4120,5085,19.557692,15.846154
4121,5086,19.561538,15.850000
4122,5087,19.565385,15.853846
4123,5088,19.569231,15.857692
4124,5089,19.573077,15.861538
4125,5090,19.576923,15.865385
4126,5091,19.580769,15.869231
4127,5092,19.584615,15.873077
4128,5093,19.588462,15.876923
4129,5094,19.592308,15.880769
4130,5095,19.596154,15.884615
4131,5096,19.600000,15.888462
4132,5097,19.603846,15.892308
4133,5098,19.607692,15.896154
4134,5099,19.611538,15.900000
4135,5100,19.615385,15.903846
4136,5101,19.619231,15.907692
4137,5102,19.623077,15.911538
4138,5103,19.626923,15.915385
4139,5104,19.630769,15.919231
4140,5105,19.634615,15.923077
4141,5106,19.638462,15.926923
4142,5107,19.642308,15.930769
4143,5108,19.646154,15.934615
4144,5109,19.650000,15.938462
4145,5110,19.653846,15.942308
4146,5111,19.657692,15.946154
4147,5112,19.661538,15.950000
4148,5113,19.665385,15.953846
4149,5114,19.669231,15.957692
4150,5115,19.673077,15.961538
4151,5116,19.676923,15.965385
4152,5117,19.680769,15.969231
4153,5118,19.684615,15.973077
4154,5119,19.688462,15.976923
4155,5120,19.692308,15.980769
4156,5121,19.696154,15.984615
4157,5122,19.700000,15.988462
4158,5123,19.703846,15.992308
4159,5124,19.707692,15.996154
4160,5125,19.711538,16.000000
4161,5126,19.715385,16.003846
4162,5127,19.719231,16.007692
4163,5128,19.723077,16.011538
4164,5129,19.726923,16.015385
4165,5130,19.730769,16.019231
4166,5131,19.734615,16.023077
4167,5132,19.738462,16.026923
4168,5133,19.742308,16.030769
4169,5134,19.746154,16.034615
4170,5135,19.750000,16.038462
4171,5136,19.753846,16.042308
4172,5137,19.757692,16.046154
4173,5138,19.761538,16.050000
4174,5139,19.765385,16.053846
4175,5140,19.769231,16.057692
4176,5141,19.773077,16.061538
4177,5142,19.776923,16.065385
4178,5143,19.780769,16.069231
4179,5144,19.784615,16.073077
4180,5145,19.788462,16.076923
4181,5146,19.792308,16.080769
4182,5147,19.796154,16.084615
4183,5148,19.800000,16.088462
4184,5149,19.803846,16.092308
4185,5150,19.807692,16.096154
4186,5151,19.811538,16.100000
4187,5152,19.815385,16.103846
4188,5153,19.819231,16.107692
4189,5154,19.823077,16.111538
4190,5155,19.826923,16.115385
4191,5156,19.830769,16.119231
4192,5157,19.834615,16.123077
4193,5158,19.838462,16.126923
4194,5159,19.842308,16.130769
4195,5160,19.846154,16.134615
4196,5161,19.850000,16.138462
4197,5162,19.853846,16.142308
4198,5163,19.857692,16.146154
4199,5164,19.861538,16.150000
4200,5165,19.865385,16.153846
4201,5166,19.869231,16.157692
4202,5167,19.873077,16.161538
4203,5168,19.876923,16.165385
4204,5169,19.880769,16.169231
4205,5170,19.884615,16.173077
4206,5171,19.888462,16.176923
4207,5172,19.892308,16.180769
4208,5173,19.896154,16.184615
4209,5174,19.900000,16.188462
4210,5175,19.903846,16.192308
4211,5176,19.907692,16.196154
4212,5177,19.911538,16.200000
4213,5178,19.915385,16.203846
4214,5179,19.919231,16.207692
4215,5180,19.923077,16.211538
4216,5181,19.926923,16.215385
4217,5182,19.930769,16.219231
4218,5183,19.934615,16.223077
4219,5184,19.938462,16.226923
4220,5185,19.942308,16.230769
4221,5186,19.946154,16.234615
4222,5187,19.950000,16.238462
4223,5188,19.953846,16.242308
4224,5189,19.957692,16.246154
4225,5190,19.961538,16.250000
4226,5191,19.965385,16.253846
4227,5192,19.969231,16.257692
4228,5193,19.973077,16.261538
4229,5194,19.976923,16.265385
4230,5195,19.980769,16.269231
4231,5196,19.984615,16.273077
4232,5197,19.988462,16.276923
4233,5198,19.992308,16.280769
4234,5199,19.996154,16.284615
4235,5200,20.000000,16.288462
4236,5201,20.003846,16.292308
4237,5202,20.007692,16.296154
4238,5203,20.011538,16.300000
4239,5204,20.015385,16.303846
4240,5205,20.019231,16.307692
4241,5206,20.023077,16.311538
4242,5207,20.026923,16.315385
4243,5208,20.030769,16.319231
4244,5209,20.034615,16.323077
4245,5210,20.038462,16.326923
4246,5211,20.042308,16.330769
4247,5212,20.046154,16.334615
4248,5213,20.050000,16.338462
4249,5214,20.053846,16.342308
4250,5215,20.057692,16.346154
4251,5216,20.061538,16.350000
4252,5217,20.065385,16.353846
4253,5218,20.069231,16.357692
4254,5219,20.073077,16.361538
4255,5220,20.076923,16.365385
4256,5221,20.080769,16.369231
4257,5222,20.084615,16.373077
4258,5223,20.088462,16.376923
4259,5224,20.092308,16.380769
4260,5225,20.096154,16.384615
4261,5226,20.100000,16.388462
4262,5227,20.103846,16.392308
4263,5228,20.107692,16.396154
4264,5229,20.111538,16.400000
4265,5230,20.115385,16.403846
4266,5231,20.119231,16.407692
4267,5232,20.123077,16.411538
4268,5233,20.126923,16.415385
4269,5234,20.130769,16.419231
4270,5235,20.134615,16.423077
4271,5236,20.138462,16.426923
4272,5237,20.142308,16.430769
4273,5238,20.146154,16.434615
4274,5239,20.150000,16.438462
4275,5240,20.153846,16.442308
4276,5241,20.157692,16.446154
4277,5242,20.161538,16.450000
4278,5243,20.165385,16.453846
4279,5244,20.169231,16.457692
4280,5245,20.173077,16.461538
4281,5246,20.176923,16.465385
4282,5247,20.180769,16.469231
4283,5248,20.184615,16.473077
4284,5249,20.188462,16.476923
4285,5250,20.192308,16.480769
4286,5251,20.196154,16.484615
4287,5252,20.200000,16.488462
4288,5253,20.203846,16.492308
4289,5254,20.207692,16.496154
4290,5255,20.211538,16.500000
4291,5256,20.215385,16.503846
4292,5257,20.219231,16.507692
4293,5258,20.223077,16.511538
4294,5259,20.226923,16.515385
4295,5260,20.230769,16.519231
4296,5261,20.234615,16.523077
4297,5262,20.238462,16.526923
4298,5263,20.242308,16.530769
4299,5264,20.246154,16.534615
4300,5265,20.250000,16.538462
4301,5266,20.253846,16.542308
4302,5267,20.257692,16.546154
4303,5268,20.261538,16.550000
4304,5269,20.265385,16.553846
4305,5270,20.269231,16.557692
4306,5271,20.273077,16.561538
4307,5272,20.276923,16.565385
4308,5273,20.280769,16.569231
4309,5274,20.284615,16.573077
4310,5275,20.288462,16.576923
4311,5276,20.292308,16.580769
4312,5277,20.296154,16.584615
4313,5278,20.300000,16.588462
4314,5279,20.303846,16.592308
4315,5280,20.307692,16.596154
4316,5281,20.311538,16.600000
4317,5282,20.315385,16.603846
4318,5283,20.319231,16.607692
4319,5284,20.323077,16.611538
4320,5285,20.326923,16.615385
4321,5286,20.330769,16.619231
4322,5287,20.334615,16.623077
4323,5288,20.338462,16.626923
4324,5289,20.342308,16.630769
4325,5290,20.346154,16.634615
4326,5291,20.350000,16.638462
4327,5292,20.353846,16.642308
4328,5293,20.357692,16.646154
4329,5294,20.361538,16.650000
4330,5295,20.365385,16.653846
4331,5296,20.369231,16.657692
4332,5297,20.373077,16.661538
4333,5298,20.376923,16.665385
4334,5299,20.380769,16.669231
4335,5300,20.384615,16.673077
4336,5301,20.388462,16.676923
4337,5302,20.392308,16.680769
4338,5303,20.396154,16.684615
4339,5304,20.400000,16.688462
4340,5305,20.403846,16.692308
4341,5306,20.407692,16.696154
4342,5307,20.411538,16.700000
4343,5308,20.415385,16.703846
4344,5309,20.419231,16.707692
4345,5310,20.423077,16.711538
4346,5311,20.426923,16.715385
4347,5312,20.430769,16.719231
4348,5313,20.434615,16.723077
4349,5314,20.438462,16.726923
4350,5315,20.442308,16.730769
4351,5316,20.446154,16.734615
4352,5317,20.450000,16.738462
4353,5318,20.453846,16.742308
4354,5319,20.457692,16.746154
4355,5320,20.461538,16.750000
4356,5321,20.465385,16.753846
4357,5322,20.469231,16.757692
4358,5323,20.473077,16.761538
4359,5324,20.476923,16.765385
4360,5325,20.480769,16.769231
4361,5326,20.484615,16.773077
4362,5327,20.488462,16.776923
4363,5328,20.492308,16.780769
4364,5329,20.496154,16.784615
4365,5330,20.500000,16.788462
4366,5331,20.503846,16.792308
4367,5332,20.507692,16.796154
4368,5333,20.511538,16.800000
4369,5334,20.515385,16.803846
4370,5335,20.519231,16.807692
4371,5336,20.523077,16.811538
4372,5337,20.526923,16.815385
4373,5338,20.530769,16.819231
4374,5339,20.534615,16.823077
4375,5340,20.538462,16.826923
4376,5341,20.542308,16.830769
4377,5342,20.546154,16.834615
4378,5343,20.550000,16.838462
4379,5344,20.553846,16.842308
4380,5345,20.557692,16.846154
4381,5346,20.561538,16.850000
4382,5347,20.565385,16.853846
4383,5348,20.569231,16.857692
4384,5349,20.573077,16.861538
4385,5350,20.576923,16.865385
4386,5351,20.580769,16.869231
4387,5352,20.584615,16.873077
4388,5353,20.588462,16.876923
4389,5354,20.592308,16.880769
4390,5355,20.596154,16.884615
4391,5356,20.600000,16.888462
4392,5357,20.603846,16.892308
4393,5358,20.607692,16.896154
4394,5359,20.611538,16.900000
4395,5360,20.615385,16.903846
4396,5361,20.619231,16.907692
4397,5362,20.623077,16.911538
4398,5363,20.626923,16.915385
4399,5364,20.630769,16.919231
4400,5365,20.634615,16.923077
4401,5366,20.638462,16.926923
4402,5367,20.642308,16.930769
4403,5368,20.646154,16.934615
4404,5369,20.650000,16.938462
4405,5370,20.653846,16.942308
4406,5371,20.657692,16.946154
4407,5372,20.661538,16.950000
4408,5373,20.665385,16.953846
4409,5374,20.669231,16.957692
4410,5375,20.673077,16.961538
4411,5376,20.676923,16.965385
4412,5377,20.680769,16.969231
4413,5378,20.684615,16.973077
4414,5379,20.688462,16.976923
4415,5380,20.692308,16.980769
4416,5381,20.696154,16.984615
4417,5382,20.700000,16.988462
4418,5383,20.703846,16.992308
4419,5384,20.707692,16.996154
4420,5385,20.711538,17.000000
4421,5386,20.715385,17.003846
4422,5387,20.719231,17.007692
4423,5388,20.723077,17.011538
4424,5389,20.726923,17.015385
4425,5390,20.730769,17.019231
4426,5391,20.734615,17.023077
4427,5392,20.738462,17.026923
4428,5393,20.742308,17.030769
4429,5394,20.746154,17.034615
4430,5395,20.750000,17.038462
4431,5396,20.753846,17.042308
4432,5397,20.757692,17.046154
4433,5398,20.761538,17.050000
4434,5399,20.765385,17.053846
4435,5400,20.769231,17.057692
4436,5401,20.773077,17.061538
4437,5402,20.776923,17.065385
4438,5403,20.780769,17.069231
4439,5404,20.784615,17.073077
4440,5405,20.788462,17.076923
4441,5406,20.792308,17.080769
4442,5407,20.796154,17.084615
4443,5408,20.800000,17.088462
4444,5409,20.803846,17.092308
4445,5410,20.807692,17.096154
4446,5411,20.811538,17.100000
4447,5412,20.815385,17.103846
4448,5413,20.819231,17.107692
4449,5414,20.823077,17.111538
4450,5415,20.826923,17.115385
4451,5416,20.830769,17.119231
4452,5417,20.834615,17.123077
4453,5418,20.838462,17.126923
4454,5419,20.842308,17.130769
4455,5420,20.846154,17.134615
4456,5421,20.850000,17.138462
4457,5422,20.853846,17.142308
4458,5423,20.857692,17.146154
4459,5424,20.861538,17.150000
4460,5425,20.865385,17.153846
4461,5426,20.869231,17.157692
4462,5427,20.873077,17.161538
4463,5428,20.876923,17.165385
4464,5429,20.880769,17.169231
4465,5430,20.884615,17.173077
4466,5431,20.888462,17.176923
4467,5432,20.892308,17.180769
4468,5433,20.896154,17.184615
4469,5434,20.900000,17.188462
4470,5435,20.903846,17.192308
4471,5436,20.907692,17.196154
4472,5437,20.911538,17.200000
4473,5438,20.915385,17.203846
4474,5439,20.919231,17.207692
4475,5440,20.923077,17.211538
4476,5441,20.926923,17.215385
4477,5442,20.930769,17.219231
4478,5443,20.934615,17.223077
4479,5444,20.938462,17.226923
4480,5445,20.942308,17.230769
4481,5446,20.946154,17.234615
4482,5447,20.950000,17.238462
4483,5448,20.953846,17.242308
4484,5449,20.957692,17.246154
4485,5450,20.961538,17.250000
4486,5451,20.965385,17.253846
4487,5452,20.969231,17.257692
4488,5453,20.973077,17.261538
4489,5454,20.976923,17.265385
4490,5455,20.980769,17.269231
4491,5456,20.984615,17.273077
4492,5457,20.988462,17.276923
4493,5458,20.992308,17.280769
4494,5459,20.996154,17.284615
4495,5460,21.000000,17.288462
4496,5461,21.003846,17.292308
4497,5462,21.007692,17.296154
4498,5463,21.011538,17.300000
4499,5464,21.015385,17.303846
4500,5465,21.019231,17.307692
4501,5466,21.023077,17.311538
4502,5467,21.026923,17.315385
4503,5468,21.030769,17.319231
4504,5469,21.034615,17.323077
4505,5470,21.038462,17.326923
4506,5471,21.042308,17.330769
4507,5472,21.046154,17.334615
4508,5473,21.050000,17.338462
4509,5474,21.053846,17.342308
4510,5475,21.057692,17.346154
4511,5476,21.061538,17.350000
4512,5477,21.065385,17.353846
4513,5478,21.069231,17.357692
4514,5479,21.073077,17.361538
4515,5480,21.076923,17.365385
4516,5481,21.080769,17.369231
4517,5482,21.084615,17.373077
4518,5483,21.088462,17.376923
4519,5484,21.092308,17.380769
4520,5485,21.096154,17.384615
4521,5486,21.100000,17.388462
4522,5487,21.103846,17.392308
4523,5488,21.107692,17.396154
4524,5489,21.111538,17.400000
4525,5490,21.115385,17.403846
4526,5491,21.119231,17.407692
4527,5492,21.123077,17.411538
4528,5493,21.126923,17.415385
4529,5494,21.130769,17.419231
4530,5495,21.134615,17.423077
4531,5496,21.138462,17.426923
4532,5497,21.142308,17.430769
4533,5498,21.146154,17.434615
4534,5499,21.150000,17.438462
4535,5500,21.153846,17.442308
4536,5501,21.157692,17.446154
4537,5502,21.161538,17.450000
4538,5503,21.165385,17.453846
4539,5504,21.169231,17.457692
4540,5505,21.173077,17.461538
4541,5506,21.176923,17.465385
4542,5507,21.180769,17.469231
4543,5508,21.184615,17.473077
4544,5509,21.188462,17.476923
4545,5510,21.192308,17.480769
4546,5511,21.196154,17.484615
4547,5512,21.200000,17.488462
4548,5513,21.203846,17.492308
4549,5514,21.207692,17.496154
4550,5515,21.211538,17.500000
4551,5516,21.215385,17.503846
4552,5517,21.219231,17.507692
4553,5518,21.223077,17.511538
4554,5519,21.226923,17.515385
4555,5520,21.230769,17.519231
4556,5521,21.234615,17.523077
4557,5522,21.238462,17.526923
4558,5523,21.242308,17.530769
4559,5524,21.246154,17.534615
4560,5525,21.250000,17.538462
4561,5526,21.253846,17.542308
4562,5527,21.257692,17.546154
4563,5528,21.261538,17.550000
4564,5529,21.265385,17.553846
4565,5530,21.269231,17.557692
4566,5531,21.273077,17.561538
4567,5532,21.276923,17.565385
4568,5533,21.280769,17.569231
4569,5534,21.284615,17.573077
4570,5535,21.288462,17.576923
4571,5536,21.292308,17.580769
4572,5537,21.296154,17.584615
4573,5538,21.300000,17.588462
4574,5539,21.303846,17.592308
4575,5540,21.307692,17.596154
4576,5541,21.311538,17.600000
4577,5542,21.315385,17.603846
4578,5543,21.319231,17.607692
4579,5544,21.323077,17.611538
4580,5545,21.326923,17.615385
4581,5546,21.330769,17.619231
4582,5547,21.334615,17.623077
4583,5548,21.338462,17.626923
4584,5549,21.342308,17.630769
4585,5550,21.346154,17.634615
4586,5551,21.350000,17.638462
4587,5552,21.353846,17.642308
4588,5553,21.357692,17.646154
4589,5554,21.361538,17.650000
4590,5555,21.365385,17.653846
4591,5556,21.369231,17.657692
4592,5557,21.373077,17.661538
4593,5558,21.376923,17.665385
4594,5559,21.380769,17.669231
4595,5560,21.384615,17.673077
4596,5561,21.388462,17.676923
4597,5562,21.392308,17.680769
4598,5563,21.396154,17.684615
4599,5564,21.400000,17.688462
4600,5565,21.403846,17.692308
4601,5566,21.407692,17.696154
4602,5567,21.411538,17.700000
4603,5568,21.415385,17.703846
4604,5569,21.419231,17.707692
4605,5570,21.423077,17.711538
4606,5571,21.426923,17.715385
4607,5572,21.430769,17.719231
4608,5573,21.434615,17.723077
4609,5574,21.438462,17.726923
4610,5575,21.442308,17.730769
4611,5576,21.446154,17.734615
4612,5577,21.450000,17.738462
4613,5578,21.453846,17.742308
4614,5579,21.457692,17.746154
4615,5580,21.461538,17.750000
4616,5581,21.465385,17.753846
4617,5582,21.469231,17.757692
4618,5583,21.473077,17.761538
4619,5584,21.476923,17.765385
4620,5585,21.480769,17.769231
4621,5586,21.484615,17.773077
4622,5587,21.488462,17.776923
4623,5588,21.492308,17.780769
4624,5589,21.496154,17.784615
4625,5590,21.500000,17.788462
4626,5591,21.503846,17.792308
4627,5592,21.507692,17.796154
4628,5593,21.511538,17.800000
4629,5594,21.515385,17.803846
4630,5595,21.519231,17.807692
4631,5596,21.523077,17.811538
4632,5597,21.526923,17.815385
4633,5598,21.530769,17.819231
4634,5599,21.534615,17.823077
4635,5600,21.538462,17.826923
4636,5601,21.542308,17.830769
4637,5602,21.546154,17.834615
4638,5603,21.550000,17.838462
4639,5604,21.553846,17.842308
4640,5605,21.557692,17.846154
4641,5606,21.561538,17.850000
4642,5607,21.565385,17.853846
4643,5608,21.569231,17.857692
4644,5609,21.573077,17.861538
4645,5610,21.576923,17.865385
4646,5611,21.580769,17.869231
4647,5612,21.584615,17.873077
4648,5613,21.588462,17.876923
4649,5614,21.592308,17.880769
4650,5615,21.596154,17.884615
4651,5616,21.600000,17.888462
4652,5617,21.603846,17.892308
4653,5618,21.607692,17.896154
4654,5619,21.611538,17.900000
4655,5620,21.615385,17.903846
4656,5621,21.619231,17.907692
4657,5622,21.623077,17.911538
4658,5623,21.626923,17.915385
4659,5624,21.630769,17.919231
4660,5625,21.634615,17.923077
4661,5626,21.638462,17.926923
4662,5627,21.642308,17.930769
4663,5628,21.646154,17.934615
4664,5629,21.650000,17.938462
4665,5630,21.653846,17.942308
4666,5631,21.657692,17.946154
4667,5632,21.661538,17.950000
4668,5633,21.665385,17.953846
4669,5634,21.669231,17.957692
4670,5635,21.673077,17.961538
4671,5636,21.676923,17.965385
4672,5637,21.680769,17.969231
4673,5638,21.684615,17.973077
4674,5639,21.688462,17.976923
4675,5640,21.692308,17.980769
4676,5641,21.696154,17.984615
4677,5642,21.700000,17.988462
4678,5643,21.703846,17.992308
4679,5644,21.707692,17.996154
4680,5645,21.711538,18.000000
4681,5646,21.715385,18.003846
4682,5647,21.719231,18.007692
4683,5648,21.723077,18.011538
4684,5649,21.726923,18.015385
4685,5650,21.730769,18.019231
4686,5651,21.734615,18.023077
4687,5652,21.738462,18.026923
4688,5653,21.742308,18.030769
4689,5654,21.746154,18.034615
4690,5655,21.750000,18.038462
4691,5656,21.753846,18.042308
4692,5657,21.757692,18.046154
4693,5658,21.761538,18.050000
4694,5659,21.765385,18.053846
4695,5660,21.769231,18.057692
4696,5661,21.773077,18.061538
4697,5662,21.776923,18.065385
4698,5663,21.780769,18.069231
4699,5664,21.784615,18.073077
4700,5665,21.788462,18.076923
4701,5666,21.792308,18.080769
4702,5667,21.796154,18.084615
4703,5668,21.800000,18.088462
4704,5669,21.803846,18.092308
4705,5670,21.807692,18.096154
4706,5671,21.811538,18.100000
4707,5672,21.815385,18.103846
4708,5673,21.819231,18.107692
4709,5674,21.823077,18.111538
4710,5675,21.826923,18.115385
4711,5676,21.830769,18.119231
4712,5677,21.834615,18.123077
4713,5678,21.838462,18.126923
4714,5679,21.842308,18.130769
4715,5680,21.846154,18.134615
4716,5681,21.850000,18.138462
4717,5682,21.853846,18.142308
4718,5683,21.857692,18.146154
4719,5684,21.861538,18.150000
4720,5685,21.865385,18.153846
4721,5686,21.869231,18.157692
4722,5687,21.873077,18.161538
4723,5688,21.876923,18.165385
4724,5689,21.880769,18.169231
4725,5690,21.884615,18.173077
4726,5691,21.888462,18.176923
4727,5692,21.892308,18.180769
4728,5693,21.896154,18.184615
4729,5694,21.900000,18.188462
4730,5695,21.903846,18.192308
4731,5696,21.907692,18.196154
4732,5697,21.911538,18.200000
4733,5698,21.915385,18.203846
4734,5699,21.919231,18.207692
4735,5700,21.923077,18.211538
4736,5701,21.926923,18.215385
4737,5702,21.930769,18.219231
4738,5703,21.934615,18.223077
4739,5704,21.938462,18.226923
4740,5705,21.942308,18.230769
4741,5706,21.946154,18.234615
4742,5707,21.950000,18.238462
4743,5708,21.953846,18.242308
4744,5709,21.957692,18.246154
4745,5710,21.961538,18.250000
4746,5711,21.965385,18.253846
4747,5712,21.969231,18.257692
4748,5713,21.973077,18.261538
4749,5714,21.976923,18.265385
4750,5715,21.980769,18.269231
4751,5716,21.984615,18.273077
4752,5717,21.988462,18.276923
4753,5718,21.992308,18.280769
4754,5719,21.996154,18.284615
4755,5720,22.000000,18.288462
4756,5721,22.003846,18.292308
4757,5722,22.007692,18.296154
4758,5723,22.011538,18.300000
4759,5724,22.015385,18.303846
4760,5725,22.019231,18.307692
4761,5726,22.023077,18.311538
4762,5727,22.026923,18.315385
4763,5728,22.030769,18.319231
4764,5729,22.034615,18.323077
4765,5730,22.038462,18.326923
4766,5731,22.042308,18.330769
4767,5732,22.046154,18.334615
4768,5733,22.050000,18.338462
4769,5734,22.053846,18.342308
4770,5735,22.057692,18.346154
4771,5736,22.061538,18.350000
4772,5737,22.065385,18.353846
4773,5738,22.069231,18.357692
4774,5739,22.073077,18.361538
4775,5740,22.076923,18.365385
4776,5741,22.080769,18.369231
4777,5742,22.084615,18.373077
4778,5743,22.088462,18.376923
4779,5744,22.092308,18.380769
4780,5745,22.096154,18.384615
4781,5746,22.100000,18.388462
4782,5747,22.103846,18.392308
4783,5748,22.107692,18.396154
4784,5749,22.111538,18.400000
4785,5750,22.115385,18.403846
4786,5751,22.119231,18.407692
4787,5752,22.123077,18.411538
4788,5753,22.126923,18.415385
4789,5754,22.130769,18.419231
4790,5755,22.134615,18.423077
4791,5756,22.138462,18.426923
4792,5757,22.142308,18.430769
4793,5758,22.146154,18.434615
4794,5759,22.150000,18.438462
4795,5760,22.153846,18.442308
4796,5761,22.157692,18.446154
4797,5762,22.161538,18.450000
4798,5763,22.165385,18.453846
4799,5764,22.169231,18.457692
4800,5765,22.173077,18.461538
4801,5766,22.176923,18.465385
4802,5767,22.180769,18.469231
4803,5768,22.184615,18.473077
4804,5769,22.188462,18.476923
4805,5770,22.192308,18.480769
4806,5771,22.196154,18.484615
4807,5772,22.200000,18.488462
4808,5773,22.203846,18.492308
4809,5774,22.207692,18.496154
4810,5775,22.211538,18.500000
4811,5776,22.215385,18.503846
4812,5777,22.219231,18.507692
4813,5778,22.223077,18.511538
4814,5779,22.226923,18.515385
4815,5780,22.230769,18.519231
4816,5781,22.234615,18.523077
4817,5782,22.238462,18.526923
4818,5783,22.242308,18.530769
4819,5784,22.246154,18.534615
4820,5785,22.250000,18.538462
4821,5786,22.253846,18.542308
4822,5787,22.257692,18.546154
4823,5788,22.261538,18.550000
4824,5789,22.265385,18.553846
4825,5790,22.269231,18.557692
4826,5791,22.273077,18.561538
4827,5792,22.276923,18.565385
4828,5793,22.280769,18.569231
4829,5794,22.284615,18.573077
4830,5795,22.288462,18.576923
4831,5796,22.292308,18.580769
4832,5797,22.296154,18.584615
4833,5798,22.300000,18.588462
4834,5799,22.303846,18.592308
4835,5800,22.307692,18.596154
4836,5801,22.311538,18.600000
4837,5802,22.315385,18.603846
4838,5803,22.319231,18.607692
4839,5804,22.323077,18.611538
4840,5805,22.326923,18.615385
4841,5806,22.330769,18.619231
4842,5807,22.334615,18.623077
4843,5808,22.338462,18.626923
4844,5809,22.342308,18.630769
4845,5810,22.346154,18.634615
4846,5811,22.350000,18.638462
4847,5812,22.353846,18.642308
4848,5813,22.357692,18.646154
4849,5814,22.361538,18.650000
4850,5815,22.365385,18.653846
4851,5816,22.369231,18.657692
4852,5817,22.373077,18.661538
4853,5818,22.376923,18.665385
4854,5819,22.380769,18.669231
4855,5820,22.384615,18.673077
4856,5821,22.388462,18.676923
4857,5822,22.392308,18.680769
4858,5823,22.396154,18.684615
4859,5824,22.400000,18.688462
4860,5825,22.403846,18.692308
4861,5826,22.407692,18.696154
4862,5827,22.411538,18.700000
4863,5828,22.415385,18.703846
4864,5829,22.419231,18.707692
4865,5830,22.423077,18.711538
4866,5831,22.426923,18.715385
4867,5832,22.430769,18.719231
4868,5833,22.434615,18.723077
4869,5834,22.438462,18.726923
4870,5835,22.442308,18.730769
4871,5836,22.446154,18.734615
4872,5837,22.450000,18.738462
4873,5838,22.453846,18.742308
4874,5839,22.457692,18.746154
4875,5840,22.461538,18.750000
4876,5841,22.465385,18.753846
4877,5842,22.469231,18.757692
4878,5843,22.473077,18.761538
4879,5844,22.476923,18.765385
4880,5845,22.480769,18.769231
4881,5846,22.484615,18.773077
4882,5847,22.488462,18.776923
4883,5848,22.492308,18.780769
4884,5849,22.496154,18.784615
4885,5850,22.500000,18.788462
4886,5851,22.503846,18.792308
4887,5852,22.507692,18.796154
4888,5853,22.511538,18.800000
4889,5854,22.515385,18.803846
4890,5855,22.519231,18.807692
4891,5856,22.523077,18.811538
4892,5857,22.526923,18.815385
4893,5858,22.530769,18.819231
4894,5859,22.534615,18.823077
4895,5860,22.538462,18.826923
4896,5861,22.542308,18.830769
4897,5862,22.546154,18.834615
4898,5863,22.550000,18.838462
4899,5864,22.553846,18.842308
4900,5865,22.557692,18.846154
4901,5866,22.561538,18.850000
4902,5867,22.565385,18.853846
4903,5868,22.569231,18.857692
4904,5869,22.573077,18.861538
4905,5870,22.576923,18.865385
4906,5871,22.580769,18.869231
4907,5872,22.584615,18.873077
4908,5873,22.588462,18.876923
4909,5874,22.592308,18.880769
4910,5875,22.596154,18.884615
4911,5876,22.600000,18.888462
4912,5877,22.603846,18.892308
4913,5878,22.607692,18.896154
4914,5879,22.611538,18.900000
4915,5880,22.615385,18.903846
4916,5881,22.619231,18.907692
4917,5882,22.623077,18.911538
4918,5883,22.626923,18.915385
4919,5884,22.630769,18.919231
4920,5885,22.634615,18.923077
4921,5886,22.638462,18.926923
4922,5887,22.642308,18.930769
4923,5888,22.646154,18.934615
4924,5889,22.650000,18.938462
4925,5890,22.653846,18.942308
4926,5891,22.657692,18.946154
4927,5892,22.661538,18.950000
4928,5893,22.665385,18.953846
4929,5894,22.669231,18.957692
4930,5895,22.673077,18.961538
4931,5896,22.676923,18.965385
4932,5897,22.680769,18.969231
4933,5898,22.684615,18.973077
4934,5899,22.688462,18.976923
4935,5900,22.692308,18.980769
4936,5901,22.696154,18.984615
4937,5902,22.700000,18.988462
4938,5903,22.703846,18.992308
4939,5904,22.707692,18.996154
4940,5905,22.711538,19.000000
4941,5906,22.715385,19.003846
4942,5907,22.719231,19.007692
4943,5908,22.723077,19.011538
4944,5909,22.726923,19.015385
4945,5910,22.730769,19.019231
4946,5911,22.734615,19.023077
4947,5912,22.738462,19.026923
4948,5913,22.742308,19.030769
4949,5914,22.746154,19.034615
4950,5915,22.750000,19.038462
4951,5916,22.753846,19.042308
4952,5917,22.757692,19.046154
4953,5918,22.761538,19.050000
4954,5919,22.765385,19.053846
4955,5920,22.769231,19.057692
4956,5921,22.773077,19.061538
4957,5922,22.776923,19.065385
4958,5923,22.780769,19.069231
4959,5924,22.784615,19.073077
4960,5925,22.788462,19.076923
4961,5926,22.792308,19.080769
4962,5927,22.796154,19.084615
4963,5928,22.800000,19.088462
4964,5929,22.803846,19.092308
4965,5930,22.807692,19.096154
4966,5931,22.811538,19.100000
4967,5932,22.815385,19.103846
4968,5933,22.819231,19.107692
4969,5934,22.823077,19.111538
4970,5935,22.826923,19.115385
4971,5936,22.830769,19.119231
4972,5937,22.834615,19.123077
4973,5938,22.838462,19.126923
4974,5939,22.842308,19.130769
4975,5940,22.846154,19.134615
4976,5941,22.850000,19.138462
4977,5942,22.853846,19.142308
4978,5943,22.857692,19.146154
4979,5944,22.861538,19.150000
4980,5945,22.865385,19.153846
4981,5946,22.869231,19.157692
4982,5947,22.873077,19.161538
4983,5948,22.876923,19.165385
4984,5949,22.880769,19.169231
4985,5950,22.884615,19.173077
4986,5951,22.888462,19.176923
4987,5952,22.892308,19.180769
4988,5953,22.896154,19.184615
4989,5954,22.900000,19.188462
4990,5955,22.903846,19.192308
4991,5956,22.907692,19.196154
4992,5957,22.911538,19.200000
4993,5958,22.915385,19.203846
4994,5959,22.919231,19.207692
4995,5960,22.923077,19.211538
4996,5961,22.926923,19.215385
4997,5962,22.930769,19.219231
4998,5963,22.934615,19.223077
4999,5964,22.938462,19.226923
5000,5965,22.942308,19.230769
5001,5966,22.946154,19.234615
5002,5967,22.950000,19.238462
5003,5968,22.953846,19.242308
5004,5969,22.957692,19.246154
5005,5970,22.961538,19.250000
5006,5971,22.965385,19.253846
5007,5972,22.969231,19.257692
5008,5973,22.973077,19.261538
5009,5974,22.976923,19.265385
5010,5975,22.980769,19.269231
5011,5976,22.984615,19.273077
5012,5977,22.988462,19.276923
5013,5978,22.992308,19.280769
5014,5979,22.996154,19.284615
5015,5980,23.000000,19.288462
5016,5981,23.003846,19.292308
5017,5982,23.007692,19.296154
5018,5983,23.011538,19.300000
5019,5984,23.015385,19.303846
5020,5985,23.019231,19.307692
5021,5986,23.023077,19.311538
5022,5987,23.026923,19.315385
5023,5988,23.030769,19.319231
5024,5989,23.034615,19.323077
5025,5990,23.038462,19.326923
5026,5991,23.042308,19.330769
5027,5992,23.046154,19.334615
5028,5993,23.050000,19.338462
5029,5994,23.053846,19.342308
5030,5995,23.057692,19.346154
5031,5996,23.061538,19.350000
5032,5997,23.065385,19.353846
5033,5998,23.069231,19.357692
5034,5999,23.073077,19.361538
5035,6000,23.076923,19.365385
5036,6001,23.080769,19.369231
5037,6002,23.084615,19.373077
5038,6003,23.088462,19.376923
5039,6004,23.092308,19.380769
5040,6005,23.096154,19.384615
5041,6006,23.100000,19.388462
5042,6007,23.103846,19.392308
5043,6008,23.107692,19.396154
5044,6009,23.111538,19.400000
5045,6010,23.115385,19.403846
5046,6011,23.119231,19.407692
5047,6012,23.123077,19.411538
5048,6013,23.126923,19.415385
5049,6014,23.130769,19.419231
5050,6015,23.134615,19.423077
5051,6016,23.138462,19.426923
5052,6017,23.142308,19.430769
5053,6018,23.146154,19.434615
5054,6019,23.150000,19.438462
5055,6020,23.153846,19.442308
5056,6021,23.157692,19.446154
5057,6022,23.161538,19.450000
5058,6023,23.165385,19.453846
5059,6024,23.169231,19.457692
5060,6025,23.173077,19.461538
5061,6026,23.176923,19.465385
5062,6027,23.180769,19.469231
5063,6028,23.184615,19.473077
5064,6029,23.188462,19.476923
5065,6030,23.192308,19.480769
5066,6031,23.196154,19.484615
5067,6032,23.200000,19.488462
5068,6033,23.203846,19.492308
5069,6034,23.207692,19.496154
5070,6035,23.211538,19.500000
5071,6036,23.215385,19.503846
5072,6037,23.219231,19.507692
5073,6038,23.223077,19.511538
5074,6039,23.226923,19.515385
5075,6040,23.230769,19.519231
5076,6041,23.234615,19.523077
5077,6042,23.238462,19.526923
5078,6043,23.242308,19.530769
5079,6044,23.246154,19.534615
5080,6045,23.250000,19.538462
5081,6046,23.253846,19.542308
5082,6047,23.257692,19.546154
5083,6048,23.261538,19.550000
5084,6049,23.265385,19.553846
5085,6050,23.269231,19.557692
5086,6051,23.273077,19.561538
5087,6052,23.276923,19.565385
5088,6053,23.280769,19.569231
5089,6054,23.284615,19.573077
5090,6055,23.288462,19.576923
5091,6056,23.292308,19.580769
5092,6057,23.296154,19.584615
5093,6058,23.300000,19.588462
5094,6059,23.303846,19.592308
5095,6060,23.307692,19.596154
5096,6061,23.311538,19.600000
5097,6062,23.315385,19.603846
5098,6063,23.319231,19.607692
5099,6064,23.323077,19.611538
5100,6065,23.326923,19.615385
5101,6066,23.330769,19.619231
5102,6067,23.334615,19.623077
5103,6068,23.338462,19.626923
5104,6069,23.342308,19.630769
5105,6070,23.346154,19.634615
5106,6071,23.350000,19.638462
5107,6072,23.353846,19.642308
5108,6073,23.357692,19.646154
5109,6074,23.361538,19.650000
5110,6075,23.365385,19.653846
5111,6076,23.369231,19.657692
5112,6077,23.373077,19.661538
5113,6078,23.376923,19.665385
5114,6079,23.380769,19.669231
5115,6080,23.384615,19.673077
5116,6081,23.388462,19.676923
5117,6082,23.392308,19.680769
5118,6083,23.396154,19.684615
5119,6084,23.400000,19.688462
5120,6085,23.403846,19.692308
5121,6086,23.407692,19.696154
5122,6087,23.411538,19.700000
5123,6088,23.415385,19.703846
5124,6089,23.419231,19.707692
5125,6090,23.423077,19.711538
5126,6091,23.426923,19.715385
5127,6092,23.430769,19.719231
5128,6093,23.434615,19.723077
5129,6094,23.438462,19.726923
5130,6095,23.442308,19.730769
5131,6096,23.446154,19.734615
5132,6097,23.450000,19.738462
5133,6098,23.453846,19.742308
5134,6099,23.457692,19.746154
5135,6100,23.461538,19.750000
5136,6101,23.465385,19.753846
5137,6102,23.469231,19.757692
5138,6103,23.473077,19.761538
5139,6104,23.476923,19.765385
5140,6105,23.480769,19.769231
5141,6106,23.484615,19.773077
5142,6107,23.488462,19.776923
5143,6108,23.492308,19.780769
5144,6109,23.496154,19.784615
5145,6110,23.500000,19.788462
5146,6111,23.503846,19.792308
5147,6112,23.507692,19.796154
5148,6113,23.511538,19.800000
5149,6114,23.515385,19.803846
5150,6115,23.519231,19.807692
5151,6116,23.523077,19.811538
5152,6117,23.526923,19.815385
5153,6118,23.530769,19.819231
5154,6119,23.534615,19.823077
5155,6120,23.538462,19.826923
5156,6121,23.542308,19.830769
5157,6122,23.546154,19.834615
5158,6123,23.550000,19.838462
5159,6124,23.553846,19.842308
5160,6125,23.557692,19.846154
5161,6126,23.561538,19.850000
5162,6127,23.565385,19.853846
5163,6128,23.569231,19.857692
5164,6129,23.573077,19.861538
5165,6130,23.576923,19.865385
5166,6131,23.580769,19.869231
5167,6132,23.584615,19.873077
5168,6133,23.588462,19.876923
5169,6134,23.592308,19.880769
5170,6135,23.596154,19.884615
5171,6136,23.600000,19.888462
5172,6137,23.603846,19.892308
5173,6138,23.607692,19.896154
5174,6139,23.611538,19.900000
5175,6140,23.615385,19.903846
5176,6141,23.619231,19.907692
5177,6142,23.623077,19.911538
5178,6143,23.626923,19.915385
5179,6144,23.630769,19.919231
5180,6145,23.634615,19.923077
5181,6146,23.638462,19.926923
5182,6147,23.642308,19.930769
5183,6148,23.646154,19.934615
5184,6149,23.650000,19.938462
5185,6150,23.653846,19.942308
5186,6151,23.657692,19.946154
5187,6152,23.661538,19.950000
5188,6153,23.665385,19.953846
5189,6154,23.669231,19.957692
5190,6155,23.673077,19.961538
5191,6156,23.676923,19.965385
5192,6157,23.680769,19.969231
5193,6158,23.684615,19.973077
5194,6159,23.688462,19.976923
5195,6160,23.692308,19.980769
5196,6161,23.696154,19.984615
5197,6162,23.700000,19.988462
5198,6163,23.703846,19.992308
5199,6164,23.707692,19.996154
5200,6165,23.711538,20.000000
5201,6166,23.715385,20.003846
5202,6167,23.719231,20.007692
5203,6168,23.723077,20.011538
5204,6169,23.726923,20.015385
5205,6170,23.730769,20.019231
5206,6171,23.734615,20.023077
5207,6172,23.738462,20.026923
5208,6173,23.742308,20.030769
5209,6174,23.746154,20.034615
5210,6175,23.750000,20.038462
5211,6176,23.753846,20.042308
5212,6177,23.757692,20.046154
5213,6178,23.761538,20.050000
5214,6179,23.765385,20.053846
5215,6180,23.769231,20.057692
5216,6181,23.773077,20.061538
5217,6182,23.776923,20.065385
5218,6183,23.780769,20.069231
5219,6184,23.784615,20.073077
5220,6185,23.788462,20.076923
5221,6186,23.792308,20.080769
5222,6187,23.796154,20.084615
5223,6188,23.800000,20.088462
5224,6189,23.803846,20.092308
5225,6190,23.807692,20.096154
5226,6191,23.811538,20.100000
5227,6192,23.815385,20.103846
5228,6193,23.819231,20.107692
5229,6194,23.823077,20.111538
5230,6195,23.826923,20.115385
5231,6196,23.830769,20.119231
5232,6197,23.834615,20.123077
5233,6198,23.838462,20.126923
5234,6199,23.842308,20.130769
5235,6200,23.846154,20.134615
5236,6201,23.850000,20.138462
5237,6202,23.853846,20.142308
5238,6203,23.857692,20.146154
5239,6204,23.861538,20.150000
5240,6205,23.865385,20.153846
5241,6206,23.869231,20.157692
5242,6207,23.873077,20.161538
5243,6208,23.876923,20.165385
5244,6209,23.880769,20.169231
5245,6210,23.884615,20.173077
5246,6211,23.888462,20.176923
5247,6212,23.892308,20.180769
5248,6213,23.896154,20.184615
5249,6214,23.900000,20.188462
5250,6215,23.903846,20.192308
5251,6216,23.907692,20.196154
5252,6217,23.911538,20.200000
5253,6218,23.915385,20.203846
5254,6219,23.919231,20.207692
5255,6220,23.923077,20.211538
5256,6221,23.926923,20.215385
5257,6222,23.930769,20.219231
5258,6223,23.934615,20.223077
5259,6224,23.938462,20.226923
5260,6225,23.942308,20.230769
5261,6226,23.946154,20.234615
5262,6227,23.950000,20.238462
5263,6228,23.953846,20.242308
5264,6229,23.957692,20.246154
5265,6230,23.961538,20.250000
5266,6231,23.965385,20.253846
5267,6232,23.969231,20.257692
5268,6233,23.973077,20.261538
5269,6234,23.976923,20.265385
5270,6235,23.980769,20.269231
5271,6236,23.984615,20.273077
5272,6237,23.988462,20.276923
5273,6238,23.992308,20.280769
5274,6239,23.996154,20.284615
5275,6240,24.000000,20.288462
5276,6241,24.003846,20.292308
5277,6242,24.007692,20.296154
5278,6243,24.011538,20.300000
5279,6244,24.015385,20.303846
5280,6245,24.019231,20.307692
5281,6246,24.023077,20.311538
5282,6247,24.026923,20.315385
5283,6248,24.030769,20.319231
5284,6249,24.034615,20.323077
5285,6250,24.038462,20.326923
5286,6251,24.042308,20.330769
5287,6252,24.046154,20.334615
5288,6253,24.050000,20.338462
5289,6254,24.053846,20.342308
5290,6255,24.057692,20.346154
5291,6256,24.061538,20.350000
5292,6257,24.065385,20.353846
5293,6258,24.069231,20.357692
5294,6259,24.073077,20.361538
5295,6260,24.076923,20.365385
5296,6261,24.080769,20.369231
5297,6262,24.084615,20.373077
5298,6263,24.088462,20.376923
5299,6264,24.092308,20.380769
5300,6265,24.096154,20.384615
5301,6266,24.100000,20.388462
5302,6267,24.103846,20.392308
5303,6268,24.107692,20.396154
5304,6269,24.111538,20.400000
5305,6270,24.115385,20.403846
5306,6271,24.119231,20.407692
5307,6272,24.123077,20.411538
5308,6273,24.126923,20.415385
5309,6274,24.130769,20.419231
5310,6275,24.134615,20.423077
5311,6276,24.138462,20.426923
5312,6277,24.142308,20.430769
5313,6278,24.146154,20.434615
5314,6279,24.150000,20.438462
5315,6280,24.153846,20.442308
5316,6281,24.157692,20.446154
5317,6282,24.161538,20.450000
5318,6283,24.165385,20.453846
5319,6284,24.169231,20.457692
5320,6285,24.173077,20.461538
5321,6286,24.176923,20.465385
5322,6287,24.180769,20.469231
5323,6288,24.184615,20.473077
5324,6289,24.188462,20.476923
5325,6290,24.192308,20.480769
5326,6291,24.196154,20.484615
5327,6292,24.200000,20.488462
5328,6293,24.203846,20.492308
5329,6294,24.207692,20.496154
5330,6295,24.211538,20.500000
5331,6296,24.215385,20.503846
5332,6297,24.219231,20.507692
5333,6298,24.223077,20.511538
5334,6299,24.226923,20.515385
5335,6300,24.230769,20.519231
5336,6301,24.234615,20.523077
5337,6302,24.238462,20.526923
5338,6303,24.242308,20.530769
5339,6304,24.246154,20.534615
5340,6305,24.250000,20.538462
5341,6306,24.253846,20.542308
5342,6307,24.257692,20.546154
5343,6308,24.261538,20.550000
5344,6309,24.265385,20.553846
5345,6310,24.269231,20.557692
5346,6311,24.273077,20.561538
5347,6312,24.276923,20.565385
5348,6313,24.280769,20.569231
5349,6314,24.284615,20.573077
5350,6315,24.288462,20.576923
5351,6316,24.292308,20.580769
5352,6317,24.296154,20.584615
5353,6318,24.300000,20.588462
5354,6319,24.303846,20.592308
5355,6320,24.307692,20.596154
5356,6321,24.311538,20.600000
5357,6322,24.315385,20.603846
5358,6323,24.319231,20.607692
5359,6324,24.323077,20.611538
5360,6325,24.326923,20.615385
5361,6326,24.330769,20.619231
5362,6327,24.334615,20.623077
5363,6328,24.338462,20.626923
5364,6329,24.342308,20.630769
5365,6330,24.346154,20.634615
5366,6331,24.350000,20.638462
5367,6332,24.353846,20.642308
5368,6333,24.357692,20.646154
5369,6334,24.361538,20.650000
5370,6335,24.365385,20.653846
5371,6336,24.369231,20.657692
5372,6337,24.373077,20.661538
5373,6338,24.376923,20.665385
5374,6339,24.380769,20.669231
5375,6340,24.384615,20.673077
5376,6341,24.388462,20.676923
5377,6342,24.392308,20.680769
5378,6343,24.396154,20.684615
5379,6344,24.400000,20.688462
5380,6345,24.403846,20.692308
5381,6346,24.407692,20.696154
5382,6347,24.411538,20.700000
5383,6348,24.415385,20.703846
5384,6349,24.419231,20.707692
5385,6350,24.423077,20.711538
5386,6351,24.426923,20.715385
5387,6352,24.430769,20.719231
5388,6353,24.434615,20.723077
5389,6354,24.438462,20.726923
5390,6355,24.442308,20.730769
5391,6356,24.446154,20.734615
5392,6357,24.450000,20.738462
5393,6358,24.453846,20.742308
5394,6359,24.457692,20.746154
5395,6360,24.461538,20.750000
5396,6361,24.465385,20.753846
5397,6362,24.469231,20.757692
5398,6363,24.473077,20.761538
5399,6364,24.476923,20.765385
5400,6365,24.480769,20.769231
5401,6366,24.484615,20.773077
5402,6367,24.488462,20.776923
5403,6368,24.492308,20.780769
5404,6369,24.496154,20.784615
5405,6370,24.500000,20.788462
5406,6371,24.503846,20.792308
5407,6372,24.507692,20.796154
5408,6373,24.511538,20.800000
5409,6374,24.515385,20.803846
5410,6375,24.519231,20.807692
5411,6376,24.523077,20.811538
5412,6377,24.526923,20.815385
5413,6378,24.530769,20.819231
5414,6379,24.534615,20.823077
5415,6380,24.538462,20.826923
5416,6381,24.542308,20.830769
5417,6382,24.546154,20.834615
5418,6383,24.550000,20.838462
5419,6384,24.553846,20.842308
5420,6385,24.557692,20.846154
5421,6386,24.561538,20.850000
5422,6387,24.565385,20.853846
5423,6388,24.569231,20.857692
5424,6389,24.573077,20.861538
5425,6390,24.576923,20.865385
5426,6391,24.580769,20.869231
5427,6392,24.584615,20.873077
5428,6393,24.588462,20.876923
5429,6394,24.592308,20.880769
5430,6395,24.596154,20.884615
5431,6396,24.600000,20.888462
5432,6397,24.603846,20.892308
5433,6398,24.607692,20.896154
5434,6399,24.611538,20.900000
5435,6400,24.615385,20.903846
5436,6401,24.619231,20.907692
5437,6402,24.623077,20.911538
5438,6403,24.626923,20.915385
5439,6404,24.630769,20.919231
5440,6405,24.634615,20.923077
5441,6406,24.638462,20.926923
5442,6407,24.642308,20.930769
5443,6408,24.646154,20.934615
5444,6409,24.650000,20.938462
5445,6410,24.653846,20.942308
5446,6411,24.657692,20.946154
5447,6412,24.661538,20.950000
5448,6413,24.665385,20.953846
5449,6414,24.669231,20.957692
5450,6415,24.673077,20.961538
5451,6416,24.676923,20.965385
5452,6417,24.680769,20.969231
5453,6418,24.684615,20.973077
5454,6419,24.688462,20.976923
5455,6420,24.692308,20.980769
5456,6421,24.696154,20.984615
5457,6422,24.700000,20.988462
5458,6423,24.703846,20.992308
5459,6424,24.707692,20.996154
5460,6425,24.711538,21.000000
5461,6426,24.715385,21.003846
5462,6427,24.719231,21.007692
5463,6428,24.723077,21.011538
5464,6429,24.726923,21.015385
5465,6430,24.730769,21.019231
5466,6431,24.734615,21.023077
5467,6432,24.738462,21.026923
5468,6433,24.742308,21.030769
5469,6434,24.746154,21.034615
5470,6435,24.750000,21.038462
5471,6436,24.753846,21.042308
5472,6437,24.757692,21.046154
5473,6438,24.761538,21.050000
5474,6439,24.765385,21.053846
5475,6440,24.769231,21.057692
5476,6441,24.773077,21.061538
5477,6442,24.776923,21.065385
5478,6443,24.780769,21.069231
5479,6444,24.784615,21.073077
5480,6445,24.788462,21.076923
5481,6446,24.792308,21.080769
5482,6447,24.796154,21.084615
5483,6448,24.800000,21.088462
5484,6449,24.803846,21.092308
5485,6450,24.807692,21.096154
5486,6451,24.811538,21.100000
5487,6452,24.815385,21.103846
5488,6453,24.819231,21.107692
5489,6454,24.823077,21.111538
5490,6455,24.826923,21.115385
5491,6456,24.830769,21.119231
5492,6457,24.834615,21.123077
5493,6458,24.838462,21.126923
5494,6459,24.842308,21.130769
5495,6460,24.846154,21.134615
5496,6461,24.850000,21.138462
5497,6462,24.853846,21.142308
5498,6463,24.857692,21.146154
5499,6464,24.861538,21.150000
5500,6465,24.865385,21.153846
5501,6466,24.869231,21.157692
5502,6467,24.873077,21.161538
5503,6468,24.876923,21.165385
5504,6469,24.880769,21.169231
5505,6470,24.884615,21.173077
5506,6471,24.888462,21.176923
5507,6472,24.892308,21.180769
5508,6473,24.896154,21.184615
5509,6474,24.900000,21.188462
5510,6475,24.903846,21.192308
5511,6476,24.907692,21.196154
5512,6477,24.911538,21.200000
5513,6478,24.915385,21.203846
5514,6479,24.919231,21.207692
5515,6480,24.923077,21.211538
5516,6481,24.926923,21.215385
5517,6482,24.930769,21.219231
5518,6483,24.934615,21.223077
5519,6484,24.938462,21.226923
5520,6485,24.942308,21.230769
5521,6486,24.946154,21.234615
5522,6487,24.950000,21.238462
5523,6488,24.953846,21.242308
5524,6489,24.957692,21.246154
5525,6490,24.961538,21.250000
5526,6491,24.965385,21.253846
5527,6492,24.969231,21.257692
5528,6493,24.973077,21.261538
5529,6494,24.976923,21.265385
5530,6495,24.980769,21.269231
5531,6496,24.984615,21.273077
5532,6497,24.988462,21.276923
5533,6498,24.992308,21.280769
5534,6499,24.996154,21.284615
5535,6500,25.000000,21.288462
5536,6501,25.003846,21.292308
5537,6502,25.007692,21.296154
5538,6503,25.011538,21.300000
5539,6504,25.015385,21.303846
5540,6505,25.019231,21.307692
5541,6506,25.023077,21.311538
5542,6507,25.026923,21.315385
5543,6508,25.030769,21.319231
5544,6509,25.034615,21.323077
5545,6510,25.038462,21.326923
5546,6511,25.042308,21.330769
5547,6512,25.046154,21.334615
5548,6513,25.050000,21.338462
5549,6514,25.053846,21.342308
5550,6515,25.057692,21.346154
5551,6516,25.061538,21.350000
5552,6517,25.065385,21.353846
5553,6518,25.069231,21.357692
5554,6519,25.073077,21.361538
5555,6520,25.076923,21.365385
5556,6521,25.080769,21.369231
5557,6522,25.084615,21.373077
5558,6523,25.088462,21.376923
5559,6524,25.092308,21.380769
5560,6525,25.096154,21.384615
5561,6526,25.100000,21.388462
5562,6527,25.103846,21.392308
5563,6528,25.107692,21.396154
5564,6529,25.111538,21.400000
5565,6530,25.115385,21.403846
5566,6531,25.119231,21.407692
5567,6532,25.123077,21.411538
5568,6533,25.126923,21.415385
5569,6534,25.130769,21.419231
5570,6535,25.134615,21.423077
5571,6536,25.138462,21.426923
5572,6537,25.142308,21.430769
5573,6538,25.146154,21.434615
5574,6539,25.150000,21.438462
5575,6540,25.153846,21.442308
5576,6541,25.157692,21.446154
5577,6542,25.161538,21.450000
5578,6543,25.165385,21.453846
5579,6544,25.169231,21.457692
5580,6545,25.173077,21.461538
5581,6546,25.176923,21.465385
5582,6547,25.180769,21.469231
5583,6548,25.184615,21.473077
5584,6549,25.188462,21.476923
5585,6550,25.192308,21.480769
5586,6551,25.196154,21.484615
5587,6552,25.200000,21.488462
5588,6553,25.203846,21.492308
5589,6554,25.207692,21.496154
5590,6555,25.211538,21.500000
5591,6556,25.215385,21.503846
5592,6557,25.219231,21.507692
5593,6558,25.223077,21.511538
5594,6559,25.226923,21.515385
5595,6560,25.230769,21.519231
5596,6561,25.234615,21.523077
5597,6562,25.238462,21.526923
5598,6563,25.242308,21.530769
5599,6564,25.246154,21.534615
5600,6565,25.250000,21.538462
5601,6566,25.253846,21.542308
5602,6567,25.257692,21.546154
5603,6568,25.261538,21.550000
5604,6569,25.265385,21.553846
5605,6570,25.269231,21.557692
5606,6571,25.273077,21.561538
5607,6572,25.276923,21.565385
5608,6573,25.280769,21.569231
5609,6574,25.284615,21.573077
5610,6575,25.288462,21.576923
5611,6576,25.292308,21.580769
5612,6577,25.296154,21.584615
5613,6578,25.300000,21.588462
5614,6579,25.303846,21.592308
5615,6580,25.307692,21.596154
5616,6581,25.311538,21.600000
5617,6582,25.315385,21.603846
5618,6583,25.319231,21.607692
5619,6584,25.323077,21.611538
5620,6585,25.326923,21.615385
5621,6586,25.330769,21.619231
5622,6587,25.334615,21.623077
5623,6588,25.338462,21.626923
5624,6589,25.342308,21.630769
5625,6590,25.346154,21.634615
5626,6591,25.350000,21.638462
5627,6592,25.353846,21.642308
5628,6593,25.357692,21.646154
5629,6594,25.361538,21.650000
5630,6595,25.365385,21.653846
5631,6596,25.369231,21.657692
5632,6597,25.373077,21.661538
5633,6598,25.376923,21.665385
5634,6599,25.380769,21.669231
5635,6600,25.384615,21.673077
5636,6601,25.388462,21.676923
5637,6602,25.392308,21.680769
5638,6603,25.396154,21.684615
5639,6604,25.400000,21.688462
5640,6605,25.403846,21.692308
5641,6606,25.407692,21.696154
5642,6607,25.411538,21.700000
5643,6608,25.415385,21.703846
5644,6609,25.419231,21.707692
5645,6610,25.423077,21.711538
5646,6611,25.426923,21.715385
5647,6612,25.430769,21.719231
5648,6613,25.434615,21.723077
5649,6614,25.438462,21.726923
5650,6615,25.442308,21.730769
5651,6616,25.446154,21.734615
5652,6617,25.450000,21.738462
5653,6618,25.453846,21.742308
5654,6619,25.457692,21.746154
5655,6620,25.461538,21.750000
5656,6621,25.465385,21.753846
5657,6622,25.469231,21.757692
5658,6623,25.473077,21.761538
5659,6624,25.476923,21.765385
5660,6625,25.480769,21.769231
5661,6626,25.484615,21.773077
5662,6627,25.488462,21.776923
5663,6628,25.492308,21.780769
5664,6629,25.496154,21.784615
5665,6630,25.500000,21.788462
5666,6631,25.503846,21.792308
5667,6632,25.507692,21.796154
5668,6633,25.511538,21.800000
5669,6634,25.515385,21.803846
5670,6635,25.519231,21.807692
5671,6636,25.523077,21.811538
5672,6637,25.526923,21.815385
5673,6638,25.530769,21.819231
5674,6639,25.534615,21.823077
5675,6640,25.538462,21.826923
5676,6641,25.542308,21.830769
5677,6642,25.546154,21.834615
5678,6643,25.550000,21.838462
5679,6644,25.553846,21.842308
5680,6645,25.557692,21.846154
5681,6646,25.561538,21.850000
5682,6647,25.565385,21.853846
5683,6648,25.569231,21.857692
5684,6649,25.573077,21.861538
5685,6650,25.576923,21.865385
5686,6651,25.580769,21.869231
5687,6652,25.584615,21.873077
5688,6653,25.588462,21.876923
5689,6654,25.592308,21.880769
5690,6655,25.596154,21.884615
5691,6656,25.600000,21.888462
5692,6657,25.603846,21.892308
5693,6658,25.607692,21.896154
5694,6659,25.611538,21.900000
5695,6660,25.615385,21.903846
5696,6661,25.619231,21.907692
5697,6662,25.623077,21.911538
5698,6663,25.626923,21.915385
5699,6664,25.630769,21.919231
5700,6665,25.634615,21.923077
5701,6666,25.638462,21.926923
5702,6667,25.642308,21.930769
5703,6668,25.646154,21.934615
5704,6669,25.650000,21.938462
5705,6670,25.653846,21.942308
5706,6671,25.657692,21.946154
5707,6672,25.661538,21.950000
5708,6673,25.665385,21.953846
5709,6674,25.669231,21.957692
5710,6675,25.673077,21.961538
5711,6676,25.676923,21.965385
5712,6677,25.680769,21.969231
5713,6678,25.684615,21.973077
5714,6679,25.688462,21.976923
5715,6680,25.692308,21.980769
5716,6681,25.696154,21.984615
5717,6682,25.700000,21.988462
5718,6683,25.703846,21.992308
5719,6684,25.707692,21.996154
5720,6685,25.711538,22.000000
5721,6686,25.715385,22.003846
5722,6687,25.719231,22.007692
5723,6688,25.723077,22.011538
5724,6689,25.726923,22.015385
5725,6690,25.730769,22.019231
5726,6691,25.734615,22.023077
5727,6692,25.738462,22.026923
5728,6693,25.742308,22.030769
5729,6694,25.746154,22.034615
5730,6695,25.750000,22.038462
5731,6696,25.753846,22.042308
5732,6697,25.757692,22.046154
5733,6698,25.761538,22.050000
5734,6699,25.765385,22.053846
5735,6700,25.769231,22.057692
5736,6701,25.773077,22.061538
5737,6702,25.776923,22.065385
5738,6703,25.780769,22.069231
5739,6704,25.784615,22.073077
5740,6705,25.788462,22.076923
5741,6706,25.792308,22.080769
5742,6707,25.796154,22.084615
5743,6708,25.800000,22.088462
5744,6709,25.803846,22.092308
5745,6710,25.807692,22.096154
5746,6711,25.811538,22.100000
5747,6712,25.815385,22.103846
5748,6713,25.819231,22.107692
5749,6714,25.823077,22.111538
5750,6715,25.826923,22.115385
5751,6716,25.830769,22.119231
5752,6717,25.834615,22.123077
5753,6718,25.838462,22.126923
5754,6719,25.842308,22.130769
5755,6720,25.846154,22.134615
5756,6721,25.850000,22.138462
5757,6722,25.853846,22.142308
5758,6723,25.857692,22.146154
5759,6724,25.861538,22.150000
5760,6725,25.865385,22.153846
5761,6726,25.869231,22.157692
5762,6727,25.873077,22.161538
5763,6728,25.876923,22.165385
5764,6729,25.880769,22.169231
5765,6730,25.884615,22.173077
5766,6731,25.888462,22.176923
5767,6732,25.892308,22.180769
5768,6733,25.896154,22.184615
5769,6734,25.900000,22.188462
5770,6735,25.903846,22.192308
5771,6736,25.907692,22.196154
5772,6737,25.911538,22.200000
5773,6738,25.915385,22.203846
5774,6739,25.919231,22.207692
5775,6740,25.923077,22.211538
5776,6741,25.926923,22.215385
5777,6742,25.930769,22.219231
5778,6743,25.934615,22.223077
5779,6744,25.938462,22.226923
5780,6745,25.942308,22.230769
5781,6746,25.946154,22.234615
5782,6747,25.950000,22.238462
5783,6748,25.953846,22.242308
5784,6749,25.957692,22.246154
5785,6750,25.961538,22.250000
5786,6751,25.965385,22.253846
5787,6752,25.969231,22.257692
5788,6753,25.973077,22.261538
5789,6754,25.976923,22.265385
5790,6755,25.980769,22.269231
5791,6756,25.984615,22.273077
5792,6757,25.988462,22.276923
5793,6758,25.992308,22.280769
5794,6759,25.996154,22.284615
5795,6760,26.000000,22.288462
5796,6761,26.003846,22.292308
5797,6762,26.007692,22.296154
5798,6763,26.011538,22.300000
5799,6764,26.015385,22.303846
5800,6765,26.019231,22.307692
5801,6766,26.023077,22.311538
5802,6767,26.026923,22.315385
5803,6768,26.030769,22.319231
5804,6769,26.034615,22.323077
5805,6770,26.038462,22.326923
5806,6771,26.042308,22.330769
5807,6772,26.046154,22.334615
5808,6773,26.050000,22.338462
5809,6774,26.053846,22.342308
5810,6775,26.057692,22.346154
5811,6776,26.061538,22.350000
5812,6777,26.065385,22.353846
5813,6778,26.069231,22.357692
5814,6779,26.073077,22.361538
5815,6780,26.076923,22.365385
5816,6781,26.080769,22.369231
5817,6782,26.084615,22.373077
5818,6783,26.088462,22.376923
5819,6784,26.092308,22.380769
5820,6785,26.096154,22.384615
5821,6786,26.100000,22.388462
5822,6787,26.103846,22.392308
5823,6788,26.107692,22.396154
5824,6789,26.111538,22.400000
5825,6790,26.115385,22.403846
5826,6791,26.119231,22.407692
5827,6792,26.123077,22.411538
5828,6793,26.126923,22.415385
5829,6794,26.130769,22.419231
5830,6795,26.134615,22.423077
5831,6796,26.138462,22.426923
5832,6797,26.142308,22.430769
5833,6798,26.146154,22.434615
5834,6799,26.150000,22.438462
5835,6800,26.153846,22.442308
5836,6801,26.157692,22.446154
5837,6802,26.161538,22.450000
5838,6803,26.165385,22.453846
5839,6804,26.169231,22.457692
5840,6805,26.173077,22.461538
5841,6806,26.176923,22.465385
5842,6807,26.180769,22.469231
5843,6808,26.184615,22.473077
5844,6809,26.188462,22.476923
5845,6810,26.192308,22.480769
5846,6811,26.196154,22.484615
5847,6812,26.200000,22.488462
5848,6813,26.203846,22.492308
5849,6814,26.207692,22.496154
5850,6815,26.211538,22.500000
5851,6816,26.215385,22.503846
5852,6817,26.219231,22.507692
5853,6818,26.223077,22.511538
5854,6819,26.226923,22.515385
5855,6820,26.230769,22.519231
5856,6821,26.234615,22.523077
5857,6822,26.238462,22.526923
5858,6823,26.242308,22.530769
5859,6824,26.246154,22.534615
5860,6825,26.250000,22.538462
5861,6826,26.253846,22.542308
5862,6827,26.257692,22.546154
5863,6828,26.261538,22.550000
5864,6829,26.265385,22.553846
5865,6830,26.269231,22.557692
5866,6831,26.273077,22.561538
5867,6832,26.276923,22.565385
5868,6833,26.280769,22.569231
5869,6834,26.284615,22.573077
5870,6835,26.288462,22.576923
5871,6836,26.292308,22.580769
5872,6837,26.296154,22.584615
5873,6838,26.300000,22.588462
5874,6839,26.303846,22.592308
5875,6840,26.307692,22.596154
5876,6841,26.311538,22.600000
5877,6842,26.315385,22.603846
5878,6843,26.319231,22.607692
5879,6844,26.323077,22.611538
5880,6845,26.326923,22.615385
5881,6846,26.330769,22.619231
5882,6847,26.334615,22.623077
5883,6848,26.338462,22.626923
5884,6849,26.342308,22.630769
5885,6850,26.346154,22.634615
5886,6851,26.350000,22.638462
5887,6852,26.353846,22.642308
5888,6853,26.357692,22.646154
5889,6854,26.361538,22.650000
5890,6855,26.365385,22.653846
5891,6856,26.369231,22.657692
5892,6857,26.373077,22.661538
5893,6858,26.376923,22.665385
5894,6859,26.380769,22.669231
5895,6860,26.384615,22.673077
5896,6861,26.388462,22.676923
5897,6862,26.392308,22.680769
5898,6863,26.396154,22.684615
5899,6864,26.400000,22.688462
5900,6865,26.403846,22.692308
5901,6866,26.407692,22.696154
5902,6867,26.411538,22.700000
5903,6868,26.415385,22.703846
5904,6869,26.419231,22.707692
5905,6870,26.423077,22.711538
5906,6871,26.426923,22.715385
5907,6872,26.430769,22.719231
5908,6873,26.434615,22.723077
5909,6874,26.438462,22.726923
5910,6875,26.442308,22.730769
5911,6876,26.446154,22.734615
5912,6877,26.450000,22.738462
5913,6878,26.453846,22.742308
5914,6879,26.457692,22.746154
5915,6880,26.461538,22.750000
5916,6881,26.465385,22.753846
5917,6882,26.469231,22.757692
5918,6883,26.473077,22.761538
5919,6884,26.476923,22.765385
5920,6885,26.480769,22.769231
5921,6886,26.484615,22.773077
5922,6887,26.488462,22.776923
5923,6888,26.492308,22.780769
5924,6889,26.496154,22.784615
5925,6890,26.500000,22.788462
5926,6891,26.503846,22.792308
5927,6892,26.507692,22.796154
5928,6893,26.511538,22.800000
5929,6894,26.515385,22.803846
5930,6895,26.519231,22.807692
5931,6896,26.523077,22.811538
5932,6897,26.526923,22.815385
5933,6898,26.530769,22.819231
5934,6899,26.534615,22.823077
5935,6900,26.538462,22.826923
5936,6901,26.542308,22.830769
5937,6902,26.546154,22.834615
5938,6903,26.550000,22.838462
5939,6904,26.553846,22.842308
5940,6905,26.557692,22.846154
5941,6906,26.561538,22.850000
5942,6907,26.565385,22.853846
5943,6908,26.569231,22.857692
5944,6909,26.573077,22.861538
5945,6910,26.576923,22.865385
5946,6911,26.580769,22.869231
5947,6912,26.584615,22.873077
5948,6913,26.588462,22.876923
5949,6914,26.592308,22.880769
5950,6915,26.596154,22.884615
5951,6916,26.600000,22.888462
5952,6917,26.603846,22.892308
5953,6918,26.607692,22.896154
5954,6919,26.611538,22.900000
5955,6920,26.615385,22.903846
5956,6921,26.619231,22.907692
5957,6922,26.623077,22.911538
5958,6923,26.626923,22.915385
5959,6924,26.630769,22.919231
5960,6925,26.634615,22.923077
5961,6926,26.638462,22.926923
5962,6927,26.642308,22.930769
5963,6928,26.646154,22.934615
5964,6929,26.650000,22.938462
5965,6930,26.653846,22.942308
5966,6931,26.657692,22.946154
5967,6932,26.661538,22.950000
5968,6933,26.665385,22.953846
5969,6934,26.669231,22.957692
5970,6935,26.673077,22.961538
5971,6936,26.676923,22.965385
5972,6937,26.680769,22.969231
5973,6938,26.684615,22.973077
5974,6939,26.688462,22.976923
5975,6940,26.692308,22.980769
5976,6941,26.696154,22.984615
5977,6942,26.700000,22.988462
5978,6943,26.703846,22.992308
5979,6944,26.707692,22.996154
5980,6945,26.711538,23.000000
5981,6946,26.715385,23.003846
5982,6947,26.719231,23.007692
5983,6948,26.723077,23.011538
5984,6949,26.726923,23.015385
5985,6950,26.730769,23.019231
5986,6951,26.734615,23.023077
5987,6952,26.738462,23.026923
5988,6953,26.742308,23.030769
5989,6954,26.746154,23.034615
5990,6955,26.750000,23.038462
5991,6956,26.753846,23.042308
5992,6957,26.757692,23.046154
5993,6958,26.761538,23.050000
5994,6959,26.765385,23.053846
5995,6960,26.769231,23.057692
5996,6961,26.773077,23.061538
5997,6962,26.776923,23.065385
5998,6963,26.780769,23.069231
5999,6964,26.784615,23.073077
6000,6965,26.788462,23.076923
6001,6966,26.792308,23.080769
6002,6967,26.796154,23.084615
6003,6968,26.800000,23.088462
6004,6969,26.803846,23.092308
6005,6970,26.807692,23.096154
6006,6971,26.811538,23.100000
6007,6972,26.815385,23.103846
6008,6973,26.819231,23.107692
6009,6974,26.823077,23.111538
6010,6975,26.826923,23.115385
6011,6976,26.830769,23.119231
6012,6977,26.834615,23.123077
6013,6978,26.838462,23.126923
6014,6979,26.842308,23.130769
6015,6980,26.846154,23.134615
6016,6981,26.850000,23.138462
6017,6982,26.853846,23.142308
6018,6983,26.857692,23.146154
6019,6984,26.861538,23.150000
6020,6985,26.865385,23.153846
6021,6986,26.869231,23.157692
6022,6987,26.873077,23.161538
6023,6988,26.876923,23.165385
6024,6989,26.880769,23.169231
6025,6990,26.884615,23.173077
6026,6991,26.888462,23.176923
6027,6992,26.892308,23.180769
6028,6993,26.896154,23.184615
6029,6994,26.900000,23.188462
6030,6995,26.903846,23.192308
6031,6996,26.907692,23.196154
6032,6997,26.911538,23.200000
6033,6998,26.915385,23.203846
6034,6999,26.919231,23.207692
6035,7000,26.923077,23.211538
6036,7001,26.926923,23.215385
6037,7002,26.930769,23.219231
6038,7003,26.934615,23.223077
6039,7004,26.938462,23.226923
6040,7005,26.942308,23.230769
6041,7006,26.946154,23.234615
6042,7007,26.950000,23.238462
6043,7008,26.953846,23.242308
6044,7009,26.957692,23.246154
6045,7010,26.961538,23.250000
6046,7011,26.965385,23.253846
6047,7012,26.969231,23.257692
6048,7013,26.973077,23.261538
6049,7014,26.976923,23.265385
6050,7015,26.980769,23.269231
6051,7016,26.984615,23.273077
6052,7017,26.988462,23.276923
6053,7018,26.992308,23.280769
6054,7019,26.996154,23.284615
6055,7020,27.000000,23.288462
6056,7021,27.003846,23.292308
6057,7022,27.007692,23.296154
6058,7023,27.011538,23.300000
6059,7024,27.015385,23.303846
6060,7025,27.019231,23.307692
6061,7026,27.023077,23.311538
6062,7027,27.026923,23.315385
6063,7028,27.030769,23.319231
6064,7029,27.034615,23.323077
6065,7030,27.038462,23.326923
6066,7031,27.042308,23.330769
6067,7032,27.046154,23.334615
6068,7033,27.050000,23.338462
6069,7034,27.053846,23.342308
6070,7035,27.057692,23.346154
6071,7036,27.061538,23.350000
6072,7037,27.065385,23.353846
6073,7038,27.069231,23.357692
6074,7039,27.073077,23.361538
6075,7040,27.076923,23.365385
6076,7041,27.080769,23.369231
6077,7042,27.084615,23.373077
6078,7043,27.088462,23.376923
6079,7044,27.092308,23.380769
6080,7045,27.096154,23.384615
6081,7046,27.100000,23.388462
6082,7047,27.103846,23.392308
6083,7048,27.107692,23.396154
6084,7049,27.111538,23.400000
6085,7050,27.115385,23.403846
6086,7051,27.119231,23.407692
6087,7052,27.123077,23.411538
6088,7053,27.126923,23.415385
6089,7054,27.130769,23.419231
6090,7055,27.134615,23.423077
6091,7056,27.138462,23.426923
6092,7057,27.142308,23.430769
6093,7058,27.146154,23.434615
6094,7059,27.150000,23.438462
6095,7060,27.153846,23.442308
6096,7061,27.157692,23.446154
6097,7062,27.161538,23.450000
6098,7063,27.165385,23.453846
6099,7064,27.169231,23.457692
6100,7065,27.173077,23.461538
6101,7066,27.176923,23.465385
6102,7067,27.180769,23.469231
6103,7068,27.184615,23.473077
6104,7069,27.188462,23.476923
6105,7070,27.192308,23.480769
6106,7071,27.196154,23.484615
6107,7072,27.200000,23.488462
6108,7073,27.203846,23.492308
6109,7074,27.207692,23.496154
6110,7075,27.211538,23.500000
6111,7076,27.215385,23.503846
6112,7077,27.219231,23.507692
6113,7078,27.223077,23.511538
6114,7079,27.226923,23.515385
6115,7080,27.230769,23.519231
6116,7081,27.234615,23.523077
6117,7082,27.238462,23.526923
6118,7083,27.242308,23.530769
6119,7084,27.246154,23.534615
6120,7085,27.250000,23.538462
6121,7086,27.253846,23.542308
6122,7087,27.257692,23.546154
6123,7088,27.261538,23.550000
6124,7089,27.265385,23.553846
6125,7090,27.269231,23.557692
6126,7091,27.273077,23.561538
6127,7092,27.276923,23.565385
6128,7093,27.280769,23.569231
6129,7094,27.284615,23.573077
6130,7095,27.288462,23.576923
6131,7096,27.292308,23.580769
6132,7097,27.296154,23.584615
6133,7098,27.300000,23.588462
6134,7099,27.303846,23.592308
6135,7100,27.307692,23.596154
6136,7101,27.311538,23.600000
6137,7102,27.315385,23.603846
6138,7103,27.319231,23.607692
6139,7104,27.323077,23.611538
6140,7105,27.326923,23.615385
6141,7106,27.330769,23.619231
6142,7107,27.334615,23.623077
6143,7108,27.338462,23.626923
6144,7109,27.342308,23.630769
6145,7110,27.346154,23.634615
6146,7111,27.350000,23.638462
6147,7112,27.353846,23.642308
6148,7113,27.357692,23.646154
6149,7114,27.361538,23.650000
6150,7115,27.365385,23.653846
6151,7116,27.369231,23.657692
6152,7117,27.373077,23.661538
6153,7118,27.376923,23.665385
6154,7119,27.380769,23.669231
6155,7120,27.384615,23.673077
6156,7121,27.388462,23.676923
6157,7122,27.392308,23.680769
6158,7123,27.396154,23.684615
6159,7124,27.400000,23.688462
6160,7125,27.403846,23.692308
6161,7126,27.407692,23.696154
6162,7127,27.411538,23.700000
6163,7128,27.415385,23.703846
6164,7129,27.419231,23.707692
6165,7130,27.423077,23.711538
6166,7131,27.426923,23.715385
6167,7132,27.430769,23.719231
6168,7133,27.434615,23.723077
6169,7134,27.438462,23.726923
6170,7135,27.442308,23.730769
6171,7136,27.446154,23.734615
6172,7137,27.450000,23.738462
6173,7138,27.453846,23.742308
6174,7139,27.457692,23.746154
6175,7140,27.461538,23.750000
6176,7141,27.465385,23.753846
6177,7142,27.469231,23.757692
6178,7143,27.473077,23.761538
6179,7144,27.476923,23.765385
6180,7145,27.480769,23.769231
6181,7146,27.484615,23.773077
6182,7147,27.488462,23.776923
6183,7148,27.492308,23.780769
6184,7149,27.496154,23.784615
6185,7150,27.500000,23.788462
6186,7151,27.503846,23.792308
6187,7152,27.507692,23.796154
6188,7153,27.511538,23.800000
6189,7154,27.515385,23.803846
6190,7155,27.519231,23.807692
6191,7156,27.523077,23.811538
6192,7157,27.526923,23.815385
6193,7158,27.530769,23.819231
6194,7159,27.534615,23.823077
6195,7160,27.538462,23.826923
6196,7161,27.542308,23.830769
6197,7162,27.546154,23.834615
6198,7163,27.550000,23.838462
6199,7164,27.553846,23.842308
6200,7165,27.557692,23.846154
6201,7166,27.561538,23.850000
6202,7167,27.565385,23.853846
6203,7168,27.569231,23.857692
6204,7169,27.573077,23.861538
6205,7170,27.576923,23.865385
6206,7171,27.580769,23.869231
6207,7172,27.584615,23.873077
6208,7173,27.588462,23.876923
6209,7174,27.592308,23.880769
6210,7175,27.596154,23.884615
6211,7176,27.600000,23.888462
6212,7177,27.603846,23.892308
6213,7178,27.607692,23.896154
6214,7179,27.611538,23.900000
6215,7180,27.615385,23.903846
6216,7181,27.619231,23.907692
6217,7182,27.623077,23.911538
6218,7183,27.626923,23.915385
6219,7184,27.630769,23.919231
6220,7185,27.634615,23.923077
6221,7186,27.638462,23.926923
6222,7187,27.642308,23.930769
6223,7188,27.646154,23.934615
6224,7189,27.650000,23.938462
6225,7190,27.653846,23.942308
6226,7191,27.657692,23.946154
6227,7192,27.661538,23.950000
6228,7193,27.665385,23.953846
6229,7194,27.669231,23.957692
6230,7195,27.673077,23.961538
6231,7196,27.676923,23.965385
6232,7197,27.680769,23.969231
6233,7198,27.684615,23.973077
6234,7199,27.688462,23.976923
6235,7200,27.692308,23.980769
6236,7201,27.696154,23.984615
6237,7202,27.700000,23.988462
6238,7203,27.703846,23.992308
6239,7204,27.707692,23.996154
6240,7205,27.711538,24.000000
6241,7206,27.715385,24.003846
6242,7207,27.719231,24.007692
6243,7208,27.723077,24.011538
6244,7209,27.726923,24.015385
6245,7210,27.730769,24.019231
6246,7211,27.734615,24.023077
6247,7212,27.738462,24.026923
6248,7213,27.742308,24.030769
6249,7214,27.746154,24.034615
6250,7215,27.750000,24.038462
6251,7216,27.753846,24.042308
6252,7217,27.757692,24.046154
6253,7218,27.761538,24.050000
6254,7219,27.765385,24.053846
6255,7220,27.769231,24.057692
6256,7221,27.773077,24.061538
6257,7222,27.776923,24.065385
6258,7223,27.780769,24.069231
6259,7224,27.784615,24.073077
6260,7225,27.788462,24.076923
6261,7226,27.792308,24.080769
6262,7227,27.796154,24.084615
6263,7228,27.800000,24.088462
6264,7229,27.803846,24.092308
6265,7230,27.807692,24.096154
6266,7231,27.811538,24.100000
6267,7232,27.815385,24.103846
6268,7233,27.819231,24.107692
6269,7234,27.823077,24.111538
6270,7235,27.826923,24.115385
6271,7236,27.830769,24.119231
6272,7237,27.834615,24.123077
6273,7238,27.838462,24.126923
6274,7239,27.842308,24.130769
6275,7240,27.846154,24.134615
6276,7241,27.850000,24.138462
6277,7242,27.853846,24.142308
6278,7243,27.857692,24.146154
6279,7244,27.861538,24.150000
6280,7245,27.865385,24.153846
6281,7246,27.869231,24.157692
6282,7247,27.873077,24.161538
6283,7248,27.876923,24.165385
6284,7249,27.880769,24.169231
6285,7250,27.884615,24.173077
6286,7251,27.888462,24.176923
6287,7252,27.892308,24.180769
6288,7253,27.896154,24.184615
6289,7254,27.900000,24.188462
6290,7255,27.903846,24.192308
6291,7256,27.907692,24.196154
6292,7257,27.911538,24.200000
6293,7258,27.915385,24.203846
6294,7259,27.919231,24.207692
6295,7260,27.923077,24.211538
6296,7261,27.926923,24.215385
6297,7262,27.930769,24.219231
6298,7263,27.934615,24.223077
6299,7264,27.938462,24.226923
6300,7265,27.942308,24.230769
6301,7266,27.946154,24.234615
6302,7267,27.950000,24.238462
6303,7268,27.953846,24.242308
6304,7269,27.957692,24.246154
6305,7270,27.961538,24.250000
6306,7271,27.965385,24.253846
6307,7272,27.969231,24.257692
6308,7273,27.973077,24.261538
6309,7274,27.976923,24.265385
6310,7275,27.980769,24.269231
6311,7276,27.984615,24.273077
6312,7277,27.988462,24.276923
6313,7278,27.992308,24.280769
6314,7279,27.996154,24.284615
6315,7280,28.000000,24.288462
6316,7281,28.003846,24.292308
6317,7282,28.007692,24.296154
6318,7283,28.011538,24.300000
6319,7284,28.015385,24.303846
6320,7285,28.019231,24.307692
6321,7286,28.023077,24.311538
6322,7287,28.026923,24.315385
6323,7288,28.030769,24.319231
6324,7289,28.034615,24.323077
6325,7290,28.038462,24.326923
6326,7291,28.042308,24.330769
6327,7292,28.046154,24.334615
6328,7293,28.050000,24.338462
6329,7294,28.053846,24.342308
6330,7295,28.057692,24.346154
6331,7296,28.061538,24.350000
6332,7297,28.065385,24.353846
6333,7298,28.069231,24.357692
6334,7299,28.073077,24.361538
6335,7300,28.076923,24.365385
6336,7301,28.080769,24.369231
6337,7302,28.084615,24.373077
6338,7303,28.088462,24.376923
6339,7304,28.092308,24.380769
6340,7305,28.096154,24.384615
6341,7306,28.100000,24.388462
6342,7307,28.103846,24.392308
6343,7308,28.107692,24.396154
6344,7309,28.111538,24.400000
6345,7310,28.115385,24.403846
6346,7311,28.119231,24.407692
6347,7312,28.123077,24.411538
6348,7313,28.126923,24.415385
6349,7314,28.130769,24.419231
6350,7315,28.134615,24.423077
6351,7316,28.138462,24.426923
6352,7317,28.142308,24.430769
6353,7318,28.146154,24.434615
6354,7319,28.150000,24.438462
6355,7320,28.153846,24.442308
6356,7321,28.157692,24.446154
6357,7322,28.161538,24.450000
6358,7323,28.165385,24.453846
6359,7324,28.169231,24.457692
6360,7325,28.173077,24.461538
6361,7326,28.176923,24.465385
6362,7327,28.180769,24.469231
6363,7328,28.184615,24.473077
6364,7329,28.188462,24.476923
6365,7330,28.192308,24.480769
6366,7331,28.196154,24.484615
6367,7332,28.200000,24.488462
6368,7333,28.203846,24.492308
6369,7334,28.207692,24.496154
6370,7335,28.211538,24.500000
6371,7336,28.215385,24.503846
6372,7337,28.219231,24.507692
6373,7338,28.223077,24.511538
6374,7339,28.226923,24.515385
6375,7340,28.230769,24.519231
6376,7341,28.234615,24.523077
6377,7342,28.238462,24.526923
6378,7343,28.242308,24.530769
6379,7344,28.246154,24.534615
6380,7345,28.250000,24.538462
6381,7346,28.253846,24.542308
6382,7347,28.257692,24.546154
6383,7348,28.261538,24.550000
6384,7349,28.265385,24.553846
6385,7350,28.269231,24.557692
6386,7351,28.273077,24.561538
6387,7352,28.276923,24.565385
6388,7353,28.280769,24.569231
6389,7354,28.284615,24.573077
6390,7355,28.288462,24.576923
6391,7356,28.292308,24.580769
6392,7357,28.296154,24.584615
6393,7358,28.300000,24.588462
6394,7359,28.303846,24.592308
6395,7360,28.307692,24.596154
6396,7361,28.311538,24.600000
6397,7362,28.315385,24.603846
6398,7363,28.319231,24.607692
6399,7364,28.323077,24.611538
6400,7365,28.326923,24.615385
6401,7366,28.330769,24.619231
6402,7367,28.334615,24.623077
6403,7368,28.338462,24.626923
6404,7369,28.342308,24.630769
6405,7370,28.346154,24.634615
6406,7371,28.350000,24.638462
6407,7372,28.353846,24.642308
6408,7373,28.357692,24.646154
6409,7374,28.361538,24.650000
6410,7375,28.365385,24.653846
6411,7376,28.369231,24.657692
6412,7377,28.373077,24.661538
6413,7378,28.376923,24.665385
6414,7379,28.380769,24.669231
6415,7380,28.384615,24.673077
6416,7381,28.388462,24.676923
6417,7382,28.392308,24.680769
6418,7383,28.396154,24.684615
6419,7384,28.400000,24.688462
6420,7385,28.403846,24.692308
6421,7386,28.407692,24.696154
6422,7387,28.411538,24.700000
6423,7388,28.415385,24.703846
6424,7389,28.419231,24.707692
6425,7390,28.423077,24.711538
6426,7391,28.426923,24.715385
6427,7392,28.430769,24.719231
6428,7393,28.434615,24.723077
6429,7394,28.438462,24.726923
6430,7395,28.442308,24.730769
6431,7396,28.446154,24.734615
6432,7397,28.450000,24.738462
6433,7398,28.453846,24.742308
6434,7399,28.457692,24.746154
6435,7400,28.461538,24.750000
6436,7401,28.465385,24.753846
6437,7402,28.469231,24.757692
6438,7403,28.473077,24.761538
6439,7404,28.476923,24.765385
6440,7405,28.480769,24.769231
6441,7406,28.484615,24.773077
6442,7407,28.488462,24.776923
6443,7408,28.492308,24.780769
6444,7409,28.496154,24.784615
6445,7410,28.500000,24.788462
6446,7411,28.503846,24.792308
6447,7412,28.507692,24.796154
6448,7413,28.511538,24.800000
6449,7414,28.515385,24.803846
6450,7415,28.519231,24.807692
6451,7416,28.523077,24.811538
6452,7417,28.526923,24.815385
6453,7418,28.530769,24.819231
6454,7419,28.534615,24.823077
6455,7420,28.538462,24.826923
6456,7421,28.542308,24.830769
6457,7422,28.546154,24.834615
6458,7423,28.550000,24.838462
6459,7424,28.553846,24.842308
6460,7425,28.557692,24.846154
6461,7426,28.561538,24.850000
6462,7427,28.565385,24.853846
6463,7428,28.569231,24.857692
6464,7429,28.573077,24.861538
6465,7430,28.576923,24.865385
6466,7431,28.580769,24.869231
6467,7432,28.584615,24.873077
6468,7433,28.588462,24.876923
6469,7434,28.592308,24.880769
6470,7435,28.596154,24.884615
6471,7436,28.600000,24.888462
6472,7437,28.603846,24.892308
6473,7438,28.607692,24.896154
6474,7439,28.611538,24.900000
6475,7440,28.615385,24.903846
6476,7441,28.619231,24.907692
6477,7442,28.623077,24.911538
6478,7443,28.626923,24.915385
6479,7444,28.630769,24.919231
6480,7445,28.634615,24.923077
6481,7446,28.638462,24.926923
6482,7447,28.642308,24.930769
6483,7448,28.646154,24.934615
6484,7449,28.650000,24.938462
6485,7450,28.653846,24.942308
6486,7451,28.657692,24.946154
6487,7452,28.661538,24.950000
6488,7453,28.665385,24.953846
6489,7454,28.669231,24.957692
6490,7455,28.673077,24.961538
6491,7456,28.676923,24.965385
6492,7457,28.680769,24.969231
6493,7458,28.684615,24.973077
6494,7459,28.688462,24.976923
6495,7460,28.692308,24.980769
6496,7461,28.696154,24.984615
6497,7462,28.700000,24.988462
6498,7463,28.703846,24.992308
6499,7464,28.707692,24.996154
6500,7465,28.711538,25.000000
6501,7466,28.715385,25.003846
6502,7467,28.719231,25.007692
6503,7468,28.723077,25.011538
6504,7469,28.726923,25.015385
6505,7470,28.730769,25.019231
6506,7471,28.734615,25.023077
6507,7472,28.738462,25.026923
6508,7473,28.742308,25.030769
6509,7474,28.746154,25.034615
6510,7475,28.750000,25.038462
6511,7476,28.753846,25.042308
6512,7477,28.757692,25.046154
6513,7478,28.761538,25.050000
6514,7479,28.765385,25.053846
6515,7480,28.769231,25.057692
6516,7481,28.773077,25.061538
6517,7482,28.776923,25.065385
6518,7483,28.780769,25.069231
6519,7484,28.784615,25.073077
6520,7485,28.788462,25.076923
6521,7486,28.792308,25.080769
6522,7487,28.796154,25.084615
6523,7488,28.800000,25.088462
6524,7489,28.803846,25.092308
6525,7490,28.807692,25.096154
6526,7491,28.811538,25.100000
6527,7492,28.815385,25.103846
6528,7493,28.819231,25.107692
6529,7494,28.823077,25.111538
6530,7495,28.826923,25.115385
6531,7496,28.830769,25.119231
6532,7497,28.834615,25.123077
6533,7498,28.838462,25.126923
6534,7499,28.842308,25.130769
6535,7500,28.846154,25.134615
6536,7501,28.850000,25.138462
6537,7502,28.853846,25.142308
6538,7503,28.857692,25.146154
6539,7504,28.861538,25.150000
6540,7505,28.865385,25.153846
6541,7506,28.869231,25.157692
6542,7507,28.873077,25.161538
6543,7508,28.876923,25.165385
6544,7509,28.880769,25.169231
6545,7510,28.884615,25.173077
6546,7511,28.888462,25.176923
6547,7512,28.892308,25.180769
6548,7513,28.896154,25.184615
6549,7514,28.900000,25.188462
6550,7515,28.903846,25.192308
6551,7516,28.907692,25.196154
6552,7517,28.911538,25.200000
6553,7518,28.915385,25.203846
6554,7519,28.919231,25.207692
6555,7520,28.923077,25.211538
6556,7521,28.926923,25.215385
6557,7522,28.930769,25.219231
6558,7523,28.934615,25.223077
6559,7524,28.938462,25.226923
6560,7525,28.942308,25.230769
6561,7526,28.946154,25.234615
6562,7527,28.950000,25.238462
6563,7528,28.953846,25.242308
6564,7529,28.957692,25.246154
6565,7530,28.961538,25.250000
6566,7531,28.965385,25.253846
6567,7532,28.969231,25.257692
6568,7533,28.973077,25.261538
6569,7534,28.976923,25.265385
6570,7535,28.980769,25.269231
6571,7536,28.984615,25.273077
6572,7537,28.988462,25.276923
6573,7538,28.992308,25.280769
6574,7539,28.996154,25.284615
6575,7540,29.000000,25.288462
6576,7541,29.003846,25.292308
6577,7542,29.007692,25.296154
6578,7543,29.011538,25.300000
6579,7544,29.015385,25.303846
6580,7545,29.019231,25.307692
6581,7546,29.023077,25.311538
6582,7547,29.026923,25.315385
6583,7548,29.030769,25.319231
6584,7549,29.034615,25.323077
6585,7550,29.038462,25.326923
6586,7551,29.042308,25.330769
6587,7552,29.046154,25.334615
6588,7553,29.050000,25.338462
6589,7554,29.053846,25.342308
6590,7555,29.057692,25.346154
6591,7556,29.061538,25.350000
6592,7557,29.065385,25.353846
6593,7558,29.069231,25.357692
6594,7559,29.073077,25.361538
6595,7560,29.076923,25.365385
6596,7561,29.080769,25.369231
6597,7562,29.084615,25.373077
6598,7563,29.088462,25.376923
6599,7564,29.092308,25.380769
6600,7565,29.096154,25.384615
6601,7566,29.100000,25.388462
6602,7567,29.103846,25.392308
6603,7568,29.107692,25.396154
6604,7569,29.111538,25.400000
6605,7570,29.115385,25.403846
6606,7571,29.119231,25.407692
6607,7572,29.123077,25.411538
6608,7573,29.126923,25.415385
6609,7574,29.130769,25.419231
6610,7575,29.134615,25.423077
6611,7576,29.138462,25.426923
6612,7577,29.142308,25.430769
6613,7578,29.146154,25.434615
6614,7579,29.150000,25.438462
6615,7580,29.153846,25.442308
6616,7581,29.157692,25.446154
6617,7582,29.161538,25.450000
6618,7583,29.165385,25.453846
6619,7584,29.169231,25.457692
6620,7585,29.173077,25.461538
6621,7586,29.176923,25.465385
6622,7587,29.180769,25.469231
6623,7588,29.184615,25.473077
6624,7589,29.188462,25.476923
6625,7590,29.192308,25.480769
6626,7591,29.196154,25.484615
6627,7592,29.200000,25.488462
6628,7593,29.203846,25.492308
6629,7594,29.207692,25.496154
6630,7595,29.211538,25.500000
6631,7596,29.215385,25.503846
6632,7597,29.219231,25.507692
6633,7598,29.223077,25.511538
6634,7599,29.226923,25.515385
6635,7600,29.230769,25.519231
6636,7601,29.234615,25.523077
6637,7602,29.238462,25.526923
6638,7603,29.242308,25.530769
6639,7604,29.246154,25.534615
6640,7605,29.250000,25.538462
6641,7606,29.253846,25.542308
6642,7607,29.257692,25.546154
6643,7608,29.261538,25.550000
6644,7609,29.265385,25.553846
6645,7610,29.269231,25.557692
6646,7611,29.273077,25.561538
6647,7612,29.276923,25.565385
6648,7613,29.280769,25.569231
6649,7614,29.284615,25.573077
6650,7615,29.288462,25.576923
6651,7616,29.292308,25.580769
6652,7617,29.296154,25.584615
6653,7618,29.300000,25.588462
6654,7619,29.303846,25.592308
6655,7620,29.307692,25.596154
6656,7621,29.311538,25.600000
6657,7622,29.315385,25.603846
6658,7623,29.319231,25.607692
6659,7624,29.323077,25.611538
6660,7625,29.326923,25.615385
6661,7626,29.330769,25.619231
6662,7627,29.334615,25.623077
6663,7628,29.338462,25.626923
6664,7629,29.342308,25.630769
6665,7630,29.346154,25.634615
6666,7631,29.350000,25.638462
6667,7632,29.353846,25.642308
6668,7633,29.357692,25.646154
6669,7634,29.361538,25.650000
6670,7635,29.365385,25.653846
6671,7636,29.369231,25.657692
6672,7637,29.373077,25.661538
6673,7638,29.376923,25.665385
6674,7639,29.380769,25.669231
6675,7640,29.384615,25.673077
6676,7641,29.388462,25.676923
6677,7642,29.392308,25.680769
6678,7643,29.396154,25.684615
6679,7644,29.400000,25.688462
6680,7645,29.403846,25.692308
6681,7646,29.407692,25.696154
6682,7647,29.411538,25.700000
6683,7648,29.415385,25.703846
6684,7649,29.419231,25.707692
6685,7650,29.423077,25.711538
6686,7651,29.426923,25.715385
6687,7652,29.430769,25.719231
6688,7653,29.434615,25.723077
6689,7654,29.438462,25.726923
6690,7655,29.442308,25.730769
6691,7656,29.446154,25.734615
6692,7657,29.450000,25.738462
6693,7658,29.453846,25.742308
6694,7659,29.457692,25.746154
6695,7660,29.461538,25.750000
6696,7661,29.465385,25.753846
6697,7662,29.469231,25.757692
6698,7663,29.473077,25.761538
6699,7664,29.476923,25.765385
6700,7665,29.480769,25.769231
6701,7666,29.484615,25.773077
6702,7667,29.488462,25.776923
6703,7668,29.492308,25.780769
6704,7669,29.496154,25.784615
6705,7670,29.500000,25.788462
6706,7671,29.503846,25.792308
6707,7672,29.507692,25.796154
6708,7673,29.511538,25.800000
6709,7674,29.515385,25.803846
6710,7675,29.519231,25.807692
6711,7676,29.523077,25.811538
6712,7677,29.526923,25.815385
6713,7678,29.530769,25.819231
6714,7679,29.534615,25.823077
6715,7680,29.538462,25.826923
6716,7681,29.542308,25.830769
6717,7682,29.546154,25.834615
6718,7683,29.550000,25.838462
6719,7684,29.553846,25.842308
6720,7685,29.557692,25.846154
6721,7686,29.561538,25.850000
6722,7687,29.565385,25.853846
6723,7688,29.569231,25.857692
6724,7689,29.573077,25.861538
6725,7690,29.576923,25.865385
6726,7691,29.580769,25.869231
6727,7692,29.584615,25.873077
6728,7693,29.588462,25.876923
6729,7694,29.592308,25.880769
6730,7695,29.596154,25.884615
6731,7696,29.600000,25.888462
6732,7697,29.603846,25.892308
6733,7698,29.607692,25.896154
6734,7699,29.611538,25.900000
6735,7700,29.615385,25.903846
6736,7701,29.619231,25.907692
6737,7702,29.623077,25.911538
6738,7703,29.626923,25.915385
6739,7704,29.630769,25.919231
6740,7705,29.634615,25.923077
6741,7706,29.638462,25.926923
6742,7707,29.642308,25.930769
6743,7708,29.646154,25.934615
6744,7709,29.650000,25.938462
6745,7710,29.653846,25.942308
6746,7711,29.657692,25.946154
6747,7712,29.661538,25.950000
6748,7713,29.665385,25.953846
6749,7714,29.669231,25.957692
6750,7715,29.673077,25.961538
6751,7716,29.676923,25.965385
6752,7717,29.680769,25.969231
6753,7718,29.684615,25.973077
6754,7719,29.688462,25.976923
6755,7720,29.692308,25.980769
6756,7721,29.696154,25.984615
6757,7722,29.700000,25.988462
6758,7723,29.703846,25.992308
6759,7724,29.707692,25.996154
6760,7725,29.711538,26.000000
6761,7726,29.715385,26.003846
6762,7727,29.719231,26.007692
6763,7728,29.723077,26.011538
6764,7729,29.726923,26.015385
6765,7730,29.730769,26.019231
6766,7731,29.734615,26.023077
6767,7732,29.738462,26.026923
6768,7733,29.742308,26.030769
6769,7734,29.746154,26.034615
6770,7735,29.750000,26.038462
6771,7736,29.753846,26.042308
6772,7737,29.757692,26.046154
6773,7738,29.761538,26.050000
6774,7739,29.765385,26.053846
6775,7740,29.769231,26.057692
6776,7741,29.773077,26.061538
6777,7742,29.776923,26.065385
6778,7743,29.780769,26.069231
6779,7744,29.784615,26.073077
6780,7745,29.788462,26.076923
6781,7746,29.792308,26.080769
6782,7747,29.796154,26.084615
6783,7748,29.800000,26.088462
6784,7749,29.803846,26.092308
6785,7750,29.807692,26.096154
6786,7751,29.811538,26.100000
6787,7752,29.815385,26.103846
6788,7753,29.819231,26.107692
6789,7754,29.823077,26.111538
6790,7755,29.826923,26.115385
6791,7756,29.830769,26.119231
6792,7757,29.834615,26.123077
6793,7758,29.838462,26.126923
6794,7759,29.842308,26.130769
6795,7760,29.846154,26.134615
6796,7761,29.850000,26.138462
6797,7762,29.853846,26.142308
6798,7763,29.857692,26.146154
6799,7764,29.861538,26.150000
6800,7765,29.865385,26.153846
6801,7766,29.869231,26.157692
6802,7767,29.873077,26.161538
6803,7768,29.876923,26.165385
6804,7769,29.880769,26.169231
6805,7770,29.884615,26.173077
6806,7771,29.888462,26.176923
6807,7772,29.892308,26.180769
6808,7773,29.896154,26.184615
6809,7774,29.900000,26.188462
6810,7775,29.903846,26.192308
6811,7776,29.907692,26.196154
6812,7777,29.911538,26.200000
6813,7778,29.915385,26.203846
6814,7779,29.919231,26.207692
6815,7780,29.923077,26.211538
6816,7781,29.926923,26.215385
6817,7782,29.930769,26.219231
6818,7783,29.934615,26.223077
6819,7784,29.938462,26.226923
6820,7785,29.942308,26.230769
6821,7786,29.946154,26.234615
6822,7787,29.950000,26.238462
6823,7788,29.953846,26.242308
6824,7789,29.957692,26.246154
6825,7790,29.961538,26.250000
6826,7791,29.965385,26.253846
6827,7792,29.969231,26.257692
6828,7793,29.973077,26.261538
6829,7794,29.976923,26.265385
6830,7795,29.980769,26.269231
6831,7796,29.984615,26.273077
6832,7797,29.988462,26.276923
6833,7798,29.992308,26.280769
6834,7799,29.996154,26.284615
6835,7800,30.000000,26.288462
6836,7801,30.003846,26.292308
6837,7802,30.007692,26.296154
6838,7803,30.011538,26.300000
6839,7804,30.015385,26.303846
6840,7805,30.019231,26.307692
6841,7806,30.023077,26.311538
6842,7807,30.026923,26.315385
6843,7808,30.030769,26.319231
6844,7809,30.034615,26.323077
6845,7810,30.038462,26.326923
6846,7811,30.042308,26.330769
6847,7812,30.046154,26.334615
6848,7813,30.050000,26.338462
6849,7814,30.053846,26.342308
6850,7815,30.057692,26.346154
6851,7816,30.061538,26.350000
6852,7817,30.065385,26.353846
6853,7818,30.069231,26.357692
6854,7819,30.073077,26.361538
6855,7820,30.076923,26.365385
6856,7821,30.080769,26.369231
6857,7822,30.084615,26.373077
6858,7823,30.088462,26.376923
6859,7824,30.092308,26.380769
6860,7825,30.096154,26.384615
6861,7826,30.100000,26.388462
6862,7827,30.103846,26.392308
6863,7828,30.107692,26.396154
6864,7829,30.111538,26.400000
6865,7830,30.115385,26.403846
6866,7831,30.119231,26.407692
6867,7832,30.123077,26.411538
6868,7833,30.126923,26.415385
6869,7834,30.130769,26.419231
6870,7835,30.134615,26.423077
6871,7836,30.138462,26.426923
6872,7837,30.142308,26.430769
6873,7838,30.146154,26.434615
6874,7839,30.150000,26.438462
6875,7840,30.153846,26.442308
6876,7841,30.157692,26.446154
6877,7842,30.161538,26.450000
6878,7843,30.165385,26.453846
6879,7844,30.169231,26.457692
6880,7845,30.173077,26.461538
6881,7846,30.176923,26.465385
6882,7847,30.180769,26.469231
6883,7848,30.184615,26.473077
6884,7849,30.188462,26.476923
6885,7850,30.192308,26.480769
6886,7851,30.196154,26.484615
6887,7852,30.200000,26.488462
6888,7853,30.203846,26.492308
6889,7854,30.207692,26.496154
6890,7855,30.211538,26.500000
6891,7856,30.215385,26.503846
6892,7857,30.219231,26.507692
6893,7858,30.223077,26.511538
6894,7859,30.226923,26.515385
6895,7860,30.230769,26.519231
6896,7861,30.234615,26.523077
6897,7862,30.238462,26.526923
6898,7863,30.242308,26.530769
6899,7864,30.246154,26.534615
6900,7865,30.250000,26.538462
6901,7866,30.253846,26.542308
6902,7867,30.257692,26.546154
6903,7868,30.261538,26.550000
6904,7869,30.265385,26.553846
6905,7870,30.269231,26.557692
6906,7871,30.273077,26.561538
6907,7872,30.276923,26.565385
6908,7873,30.280769,26.569231
6909,7874,30.284615,26.573077
6910,7875,30.288462,26.576923
6911,7876,30.292308,26.580769
6912,7877,30.296154,26.584615
6913,7878,30.300000,26.588462
6914,7879,30.303846,26.592308
6915,7880,30.307692,26.596154
6916,7881,30.311538,26.600000
6917,7882,30.315385,26.603846
6918,7883,30.319231,26.607692
6919,7884,30.323077,26.611538
6920,7885,30.326923,26.615385
6921,7886,30.330769,26.619231
6922,7887,30.334615,26.623077
6923,7888,30.338462,26.626923
6924,7889,30.342308,26.630769
6925,7890,30.346154,26.634615
6926,7891,30.350000,26.638462
6927,7892,30.353846,26.642308
6928,7893,30.357692,26.646154
6929,7894,30.361538,26.650000
6930,7895,30.365385,26.653846
6931,7896,30.369231,26.657692
6932,7897,30.373077,26.661538
6933,7898,30.376923,26.665385
6934,7899,30.380769,26.669231
6935,7900,30.384615,26.673077
6936,7901,30.388462,26.676923
6937,7902,30.392308,26.680769
6938,7903,30.396154,26.684615
6939,7904,30.400000,26.688462
6940,7905,30.403846,26.692308
6941,7906,30.407692,26.696154
6942,7907,30.411538,26.700000
6943,7908,30.415385,26.703846
6944,7909,30.419231,26.707692
6945,7910,30.423077,26.711538
6946,7911,30.426923,26.715385
6947,7912,30.430769,26.719231
6948,7913,30.434615,26.723077
6949,7914,30.438462,26.726923
6950,7915,30.442308,26.730769
6951,7916,30.446154,26.734615
6952,7917,30.450000,26.738462
6953,7918,30.453846,26.742308
6954,7919,30.457692,26.746154
6955,7920,30.461538,26.750000
6956,7921,30.465385,26.753846
6957,7922,30.469231,26.757692
6958,7923,30.473077,26.761538
6959,7924,30.476923,26.765385
6960,7925,30.480769,26.769231
6961,7926,30.484615,26.773077
6962,7927,30.488462,26.776923
6963,7928,30.492308,26.780769
6964,7929,30.496154,26.784615
6965,7930,30.500000,26.788462
6966,7931,30.503846,26.792308
6967,7932,30.507692,26.796154
6968,7933,30.511538,26.800000
6969,7934,30.515385,26.803846
6970,7935,30.519231,26.807692
6971,7936,30.523077,26.811538
6972,7937,30.526923,26.815385
6973,7938,30.530769,26.819231
6974,7939,30.534615,26.823077
6975,7940,30.538462,26.826923
6976,7941,30.542308,26.830769
6977,7942,30.546154,26.834615
6978,7943,30.550000,26.838462
6979,7944,30.553846,26.842308
6980,7945,30.557692,26.846154
6981,7946,30.561538,26.850000
6982,7947,30.565385,26.853846
6983,7948,30.569231,26.857692
6984,7949,30.573077,26.861538
6985,7950,30.576923,26.865385
6986,7951,30.580769,26.869231
6987,7952,30.584615,26.873077
6988,7953,30.588462,26.876923
6989,7954,30.592308,26.880769
6990,7955,30.596154,26.884615
6991,7956,30.600000,26.888462
6992,7957,30.603846,26.892308
6993,7958,30.607692,26.896154
6994,7959,30.611538,26.900000
6995,7960,30.615385,26.903846
6996,7961,30.619231,26.907692
6997,7962,30.623077,26.911538
6998,7963,30.626923,26.915385
6999,7964,30.630769,26.919231
7000,7965,30.634615,26.923077
7001,7966,30.638462,26.926923
7002,7967,30.642308,26.930769
7003,7968,30.646154,26.934615
7004,7969,30.650000,26.938462
7005,7970,30.653846,26.942308
7006,7971,30.657692,26.946154
7007,7972,30.661538,26.950000
7008,7973,30.665385,26.953846
7009,7974,30.669231,26.957692
7010,7975,30.673077,26.961538
7011,7976,30.676923,26.965385
7012,7977,30.680769,26.969231
7013,7978,30.684615,26.973077
7014,7979,30.688462,26.976923
7015,7980,30.692308,26.980769
7016,7981,30.696154,26.984615
7017,7982,30.700000,26.988462
7018,7983,30.703846,26.992308
7019,7984,30.707692,26.996154
7020,7985,30.711538,27.000000
7021,7986,30.715385,27.003846
7022,7987,30.719231,27.007692
7023,7988,30.723077,27.011538
7024,7989,30.726923,27.015385
7025,7990,30.730769,27.019231
7026,7991,30.734615,27.023077
7027,7992,30.738462,27.026923
7028,7993,30.742308,27.030769
7029,7994,30.746154,27.034615
7030,7995,30.750000,27.038462
7031,7996,30.753846,27.042308
7032,7997,30.757692,27.046154
7033,7998,30.761538,27.050000
7034,7999,30.765385,27.053846
7035,8000,30.769231,27.057692
7036,8001,30.773077,27.061538
7037,8002,30.776923,27.065385
7038,8003,30.780769,27.069231
7039,8004,30.784615,27.073077
7040,8005,30.788462,27.076923
7041,8006,30.792308,27.080769
7042,8007,30.796154,27.084615
7043,8008,30.800000,27.088462
7044,8009,30.803846,27.092308
7045,8010,30.807692,27.096154
7046,8011,30.811538,27.100000
7047,8012,30.815385,27.103846
7048,8013,30.819231,27.107692
7049,8014,30.823077,27.111538
7050,8015,30.826923,27.115385
7051,8016,30.830769,27.119231
7052,8017,30.834615,27.123077
7053,8018,30.838462,27.126923
7054,8019,30.842308,27.130769
7055,8020,30.846154,27.134615
7056,8021,30.850000,27.138462
7057,8022,30.853846,27.142308
7058,8023,30.857692,27.146154
7059,8024,30.861538,27.150000
7060,8025,30.865385,27.153846
7061,8026,30.869231,27.157692
7062,8027,30.873077,27.161538
7063,8028,30.876923,27.165385
7064,8029,30.880769,27.169231
7065,8030,30.884615,27.173077
7066,8031,30.888462,27.176923
7067,8032,30.892308,27.180769
7068,8033,30.896154,27.184615
7069,8034,30.900000,27.188462
7070,8035,30.903846,27.192308
7071,8036,30.907692,27.196154
7072,8037,30.911538,27.200000
7073,8038,30.915385,27.203846
7074,8039,30.919231,27.207692
7075,8040,30.923077,27.211538
7076,8041,30.926923,27.215385
7077,8042,30.930769,27.219231
7078,8043,30.934615,27.223077
7079,8044,30.938462,27.226923
7080,8045,30.942308,27.230769
7081,8046,30.946154,27.234615
7082,8047,30.950000,27.238462
7083,8048,30.953846,27.242308
7084,8049,30.957692,27.246154
7085,8050,30.961538,27.250000
7086,8051,30.965385,27.253846
7087,8052,30.969231,27.257692
7088,8053,30.973077,27.261538
7089,8054,30.976923,27.265385
7090,8055,30.980769,27.269231
7091,8056,30.984615,27.273077
7092,8057,30.988462,27.276923
7093,8058,30.992308,27.280769
7094,8059,30.996154,27.284615
7095,8060,31.000000,27.288462
7096,8061,31.003846,27.292308
7097,8062,31.007692,27.296154
7098,8063,31.011538,27.300000
7099,8064,31.015385,27.303846
7100,8065,31.019231,27.307692
7101,8066,31.023077,27.311538
7102,8067,31.026923,27.315385
7103,8068,31.030769,27.319231
7104,8069,31.034615,27.323077
7105,8070,31.038462,27.326923
7106,8071,31.042308,27.330769
7107,8072,31.046154,27.334615
7108,8073,31.050000,27.338462
7109,8074,31.053846,27.342308
7110,8075,31.057692,27.346154
7111,8076,31.061538,27.350000
7112,8077,31.065385,27.353846
7113,8078,31.069231,27.357692
7114,8079,31.073077,27.361538
7115,8080,31.076923,27.365385
7116,8081,31.080769,27.369231
7117,8082,31.084615,27.373077
7118,8083,31.088462,27.376923
7119,8084,31.092308,27.380769
7120,8085,31.096154,27.384615
7121,8086,31.100000,27.388462
7122,8087,31.103846,27.392308
7123,8088,31.107692,27.396154
7124,8089,31.111538,27.400000
7125,8090,31.115385,27.403846
7126,8091,31.119231,27.407692
7127,8092,31.123077,27.411538
7128,8093,31.126923,27.415385
7129,8094,31.130769,27.419231
7130,8095,31.134615,27.423077
7131,8096,31.138462,27.426923
7132,8097,31.142308,27.430769
7133,8098,31.146154,27.434615
7134,8099,31.150000,27.438462
7135,8100,31.153846,27.442308
7136,8101,31.157692,27.446154
7137,8102,31.161538,27.450000
7138,8103,31.165385,27.453846
7139,8104,31.169231,27.457692
7140,8105,31.173077,27.461538
7141,8106,31.176923,27.465385
7142,8107,31.180769,27.469231
7143,8108,31.184615,27.473077
7144,8109,31.188462,27.476923
7145,8110,31.192308,27.480769
7146,8111,31.196154,27.484615
7147,8112,31.200000,27.488462
7148,8113,31.203846,27.492308
7149,8114,31.207692,27.496154
7150,8115,31.211538,27.500000
7151,8116,31.215385,27.503846
7152,8117,31.219231,27.507692
7153,8118,31.223077,27.511538
7154,8119,31.226923,27.515385
7155,8120,31.230769,27.519231
7156,8121,31.234615,27.523077
7157,8122,31.238462,27.526923
7158,8123,31.242308,27.530769
7159,8124,31.246154,27.534615
7160,8125,31.250000,27.538462
7161,8126,31.253846,27.542308
7162,8127,31.257692,27.546154
7163,8128,31.261538,27.550000
7164,8129,31.265385,27.553846
7165,8130,31.269231,27.557692
7166,8131,31.273077,27.561538
7167,8132,31.276923,27.565385
7168,8133,31.280769,27.569231
7169,8134,31.284615,27.573077
7170,8135,31.288462,27.576923
7171,8136,31.292308,27.580769
7172,8137,31.296154,27.584615
7173,8138,31.300000,27.588462
7174,8139,31.303846,27.592308
7175,8140,31.307692,27.596154
7176,8141,31.311538,27.600000
7177,8142,31.315385,27.603846
7178,8143,31.319231,27.607692
7179,8144,31.323077,27.611538
7180,8145,31.326923,27.615385
7181,8146,31.330769,27.619231
7182,8147,31.334615,27.623077
7183,8148,31.338462,27.626923
7184,8149,31.342308,27.630769
7185,8150,31.346154,27.634615
7186,8151,31.350000,27.638462
7187,8152,31.353846,27.642308
7188,8153,31.357692,27.646154
7189,8154,31.361538,27.650000
7190,8155,31.365385,27.653846
7191,8156,31.369231,27.657692
7192,8157,31.373077,27.661538
7193,8158,31.376923,27.665385
7194,8159,31.380769,27.669231
7195,8160,31.384615,27.673077
7196,8161,31.388462,27.676923
7197,8162,31.392308,27.680769
7198,8163,31.396154,27.684615
7199,8164,31.400000,27.688462
7200,8165,31.403846,27.692308
7201,8166,31.407692,27.696154
7202,8167,31.411538,27.700000
7203,8168,31.415385,27.703846
7204,8169,31.419231,27.707692
7205,8170,31.423077,27.711538
7206,8171,31.426923,27.715385
7207,8172,31.430769,27.719231
7208,8173,31.434615,27.723077
7209,8174,31.438462,27.726923
7210,8175,31.442308,27.730769
7211,8176,31.446154,27.734615
7212,8177,31.450000,27.738462
7213,8178,31.453846,27.742308
7214,8179,31.457692,27.746154
7215,8180,31.461538,27.750000
7216,8181,31.465385,27.753846
7217,8182,31.469231,27.757692
7218,8183,31.473077,27.761538
7219,8184,31.476923,27.765385
7220,8185,31.480769,27.769231
7221,8186,31.484615,27.773077
7222,8187,31.488462,27.776923
7223,8188,31.492308,27.780769
7224,8189,31.496154,27.784615
7225,8190,31.500000,27.788462
7226,8191,31.503846,27.792308
7227,8192,31.507692,27.796154
7228,8193,31.511538,27.800000
7229,8194,31.515385,27.803846
7230,8195,31.519231,27.807692
7231,8196,31.523077,27.811538
7232,8197,31.526923,27.815385
7233,8198,31.530769,27.819231
7234,8199,31.534615,27.823077
7235,8200,31.538462,27.826923
7236,8201,31.542308,27.830769
7237,8202,31.546154,27.834615
7238,8203,31.550000,27.838462
7239,8204,31.553846,27.842308
7240,8205,31.557692,27.846154
7241,8206,31.561538,27.850000
7242,8207,31.565385,27.853846
7243,8208,31.569231,27.857692
7244,8209,31.573077,27.861538
7245,8210,31.576923,27.865385
7246,8211,31.580769,27.869231
7247,8212,31.584615,27.873077
7248,8213,31.588462,27.876923
7249,8214,31.592308,27.880769
7250,8215,31.596154,27.884615
7251,8216,31.600000,27.888462
7252,8217,31.603846,27.892308
7253,8218,31.607692,27.896154
7254,8219,31.611538,27.900000
7255,8220,31.615385,27.903846
7256,8221,31.619231,27.907692
7257,8222,31.623077,27.911538
7258,8223,31.626923,27.915385
7259,8224,31.630769,27.919231
7260,8225,31.634615,27.923077
7261,8226,31.638462,27.926923
7262,8227,31.642308,27.930769
7263,8228,31.646154,27.934615
7264,8229,31.650000,27.938462
7265,8230,31.653846,27.942308
7266,8231,31.657692,27.946154
7267,8232,31.661538,27.950000
7268,8233,31.665385,27.953846
7269,8234,31.669231,27.957692
7270,8235,31.673077,27.961538
7271,8236,31.676923,27.965385
7272,8237,31.680769,27.969231
7273,8238,31.684615,27.973077
7274,8239,31.688462,27.976923
7275,8240,31.692308,27.980769
7276,8241,31.696154,27.984615
7277,8242,31.700000,27.988462
7278,8243,31.703846,27.992308
7279,8244,31.707692,27.996154
7280,8245,31.711538,28.000000
7281,8246,31.715385,28.003846
7282,8247,31.719231,28.007692
7283,8248,31.723077,28.011538
7284,8249,31.726923,28.015385
7285,8250,31.730769,28.019231
7286,8251,31.734615,28.023077
7287,8252,31.738462,28.026923
7288,8253,31.742308,28.030769
7289,8254,31.746154,28.034615
7290,8255,31.750000,28.038462
7291,8256,31.753846,28.042308
7292,8257,31.757692,28.046154
7293,8258,31.761538,28.050000
7294,8259,31.765385,28.053846
7295,8260,31.769231,28.057692
7296,8261,31.773077,28.061538
7297,8262,31.776923,28.065385
7298,8263,31.780769,28.069231
7299,8264,31.784615,28.073077
7300,8265,31.788462,28.076923
7301,8266,31.792308,28.080769
7302,8267,31.796154,28.084615
7303,8268,31.800000,28.088462
7304,8269,31.803846,28.092308
7305,8270,31.807692,28.096154
7306,8271,31.811538,28.100000
7307,8272,31.815385,28.103846
7308,8273,31.819231,28.107692
7309,8274,31.823077,28.111538
7310,8275,31.826923,28.115385
7311,8276,31.830769,28.119231
7312,8277,31.834615,28.123077
7313,8278,31.838462,28.126923
7314,8279,31.842308,28.130769
7315,8280,31.846154,28.134615
7316,8281,31.850000,28.138462
7317,8282,31.853846,28.142308
7318,8283,31.857692,28.146154
7319,8284,31.861538,28.150000
7320,8285,31.865385,28.153846
7321,8286,31.869231,28.157692
7322,8287,31.873077,28.161538
7323,8288,31.876923,28.165385
7324,8289,31.880769,28.169231
7325,8290,31.884615,28.173077
7326,8291,31.888462,28.176923
7327,8292,31.892308,28.180769
7328,8293,31.896154,28.184615
7329,8294,31.900000,28.188462
7330,8295,31.903846,28.192308
7331,8296,31.907692,28.196154
7332,8297,31.911538,28.200000
7333,8298,31.915385,28.203846
7334,8299,31.919231,28.207692
7335,8300,31.923077,28.211538
7336,8301,31.926923,28.215385
7337,8302,31.930769,28.219231
7338,8303,31.934615,28.223077
7339,8304,31.938462,28.226923
7340,8305,31.942308,28.230769
7341,8306,31.946154,28.234615
7342,8307,31.950000,28.238462
7343,8308,31.953846,28.242308
7344,8309,31.957692,28.246154
7345,8310,31.961538,28.250000
7346,8311,31.965385,28.253846
7347,8312,31.969231,28.257692
7348,8313,31.973077,28.261538
7349,8314,31.976923,28.265385
7350,8315,31.980769,28.269231
7351,8316,31.984615,28.273077
7352,8317,31.988462,28.276923
7353,8318,31.992308,28.280769
7354,8319,31.996154,28.284615
7355,8320,32.000000,28.288462
7356,8321,32.003846,28.292308
7357,8322,32.007692,28.296154
7358,8323,32.011538,28.300000
7359,8324,32.015385,28.303846
7360,8325,32.019231,28.307692
7361,8326,32.023077,28.311538
7362,8327,32.026923,28.315385
7363,8328,32.030769,28.319231
7364,8329,32.034615,28.323077
7365,8330,32.038462,28.326923
7366,8331,32.042308,28.330769
7367,8332,32.046154,28.334615
7368,8333,32.050000,28.338462
7369,8334,32.053846,28.342308
7370,8335,32.057692,28.346154
7371,8336,32.061538,28.350000
7372,8337,32.065385,28.353846
7373,8338,32.069231,28.357692
7374,8339,32.073077,28.361538
7375,8340,32.076923,28.365385
7376,8341,32.080769,28.369231
7377,8342,32.084615,28.373077
7378,8343,32.088462,28.376923
7379,8344,32.092308,28.380769
7380,8345,32.096154,28.384615
7381,8346,32.100000,28.388462
7382,8347,32.103846,28.392308
7383,8348,32.107692,28.396154
7384,8349,32.111538,28.400000
7385,8350,32.115385,28.403846
7386,8351,32.119231,28.407692
7387,8352,32.123077,28.411538
7388,8353,32.126923,28.415385
7389,8354,32.130769,28.419231
7390,8355,32.134615,28.423077
7391,8356,32.138462,28.426923
7392,8357,32.142308,28.430769
7393,8358,32.146154,28.434615
7394,8359,32.150000,28.438462
7395,8360,32.153846,28.442308
7396,8361,32.157692,28.446154
7397,8362,32.161538,28.450000
7398,8363,32.165385,28.453846
7399,8364,32.169231,28.457692
7400,8365,32.173077,28.461538
7401,8366,32.176923,28.465385
7402,8367,32.180769,28.469231
7403,8368,32.184615,28.473077
7404,8369,32.188462,28.476923
7405,8370,32.192308,28.480769
7406,8371,32.196154,28.484615
7407,8372,32.200000,28.488462
7408,8373,32.203846,28.492308
7409,8374,32.207692,28.496154
7410,8375,32.211538,28.500000
7411,8376,32.215385,28.503846
7412,8377,32.219231,28.507692
7413,8378,32.223077,28.511538
7414,8379,32.226923,28.515385
7415,8380,32.230769,28.519231
7416,8381,32.234615,28.523077
7417,8382,32.238462,28.526923
7418,8383,32.242308,28.530769
7419,8384,32.246154,28.534615
7420,8385,32.250000,28.538462
7421,8386,32.253846,28.542308
7422,8387,32.257692,28.546154
7423,8388,32.261538,28.550000
7424,8389,32.265385,28.553846
7425,8390,32.269231,28.557692
7426,8391,32.273077,28.561538
7427,8392,32.276923,28.565385
7428,8393,32.280769,28.569231
7429,8394,32.284615,28.573077
7430,8395,32.288462,28.576923
7431,8396,32.292308,28.580769
7432,8397,32.296154,28.584615
7433,8398,32.300000,28.588462
7434,8399,32.303846,28.592308
7435,8400,32.307692,28.596154
7436,8401,32.311538,28.600000
7437,8402,32.315385,28.603846
7438,8403,32.319231,28.607692
7439,8404,32.323077,28.611538
7440,8405,32.326923,28.615385
7441,8406,32.330769,28.619231
7442,8407,32.334615,28.623077
7443,8408,32.338462,28.626923
7444,8409,32.342308,28.630769
7445,8410,32.346154,28.634615
7446,8411,32.350000,28.638462
7447,8412,32.353846,28.642308
7448,8413,32.357692,28.646154
7449,8414,32.361538,28.650000
7450,8415,32.365385,28.653846
7451,8416,32.369231,28.657692
7452,8417,32.373077,28.661538
7453,8418,32.376923,28.665385
7454,8419,32.380769,28.669231
7455,8420,32.384615,28.673077
7456,8421,32.388462,28.676923
7457,8422,32.392308,28.680769
7458,8423,32.396154,28.684615
7459,8424,32.400000,28.688462
7460,8425,32.403846,28.692308
7461,8426,32.407692,28.696154
7462,8427,32.411538,28.700000
7463,8428,32.415385,28.703846
7464,8429,32.419231,28.707692
7465,8430,32.423077,28.711538
7466,8431,32.426923,28.715385
7467,8432,32.430769,28.719231
7468,8433,32.434615,28.723077
7469,8434,32.438462,28.726923
7470,8435,32.442308,28.730769
7471,8436,32.446154,28.734615
7472,8437,32.450000,28.738462
7473,8438,32.453846,28.742308
7474,8439,32.457692,28.746154
7475,8440,32.461538,28.750000
7476,8441,32.465385,28.753846
7477,8442,32.469231,28.757692
7478,8443,32.473077,28.761538
7479,8444,32.476923,28.765385
7480,8445,32.480769,28.769231
7481,8446,32.484615,28.773077
7482,8447,32.488462,28.776923
7483,8448,32.492308,28.780769
7484,8449,32.496154,28.784615
7485,8450,32.500000,28.788462
7486,8451,32.503846,28.792308
7487,8452,32.507692,28.796154
7488,8453,32.511538,28.800000
7489,8454,32.515385,28.803846
7490,8455,32.519231,28.807692
7491,8456,32.523077,28.811538
7492,8457,32.526923,28.815385
7493,8458,32.530769,28.819231
7494,8459,32.534615,28.823077
7495,8460,32.538462,28.826923
7496,8461,32.542308,28.830769
7497,8462,32.546154,28.834615
7498,8463,32.550000,28.838462
7499,8464,32.553846,28.842308
7500,8465,32.557692,28.846154
7501,8466,32.561538,28.850000
7502,8467,32.565385,28.853846
7503,8468,32.569231,28.857692
7504,8469,32.573077,28.861538
7505,8470,32.576923,28.865385
7506,8471,32.580769,28.869231
7507,8472,32.584615,28.873077
7508,8473,32.588462,28.876923
7509,8474,32.592308,28.880769
7510,8475,32.596154,28.884615
7511,8476,32.600000,28.888462
7512,8477,32.603846,28.892308
7513,8478,32.607692,28.896154
7514,8479,32.611538,28.900000
7515,8480,32.615385,28.903846
7516,8481,32.619231,28.907692
7517,8482,32.623077,28.911538
7518,8483,32.626923,28.915385
7519,8484,32.630769,28.919231
7520,8485,32.634615,28.923077
7521,8486,32.638462,28.926923
7522,8487,32.642308,28.930769
7523,8488,32.646154,28.934615
7524,8489,32.650000,28.938462
7525,8490,32.653846,28.942308
7526,8491,32.657692,28.946154
7527,8492,32.661538,28.950000
7528,8493,32.665385,28.953846
7529,8494,32.669231,28.957692
7530,8495,32.673077,28.961538
7531,8496,32.676923,28.965385
7532,8497,32.680769,28.969231
7533,8498,32.684615,28.973077
7534,8499,32.688462,28.976923
7535,8500,32.692308,28.980769
7536,8501,32.696154,28.984615
7537,8502,32.700000,28.988462
7538,8503,32.703846,28.992308
7539,8504,32.707692,28.996154
7540,8505,32.711538,29.000000
7541,8506,32.715385,29.003846
7542,8507,32.719231,29.007692
7543,8508,32.723077,29.011538
7544,8509,32.726923,29.015385
7545,8510,32.730769,29.019231
7546,8511,32.734615,29.023077
7547,8512,32.738462,29.026923
7548,8513,32.742308,29.030769
7549,8514,32.746154,29.034615
7550,8515,32.750000,29.038462
7551,8516,32.753846,29.042308
7552,8517,32.757692,29.046154
7553,8518,32.761538,29.050000
7554,8519,32.765385,29.053846
7555,8520,32.769231,29.057692
7556,8521,32.773077,29.061538
7557,8522,32.776923,29.065385
7558,8523,32.780769,29.069231
7559,8524,32.784615,29.073077
7560,8525,32.788462,29.076923
7561,8526,32.792308,29.080769
7562,8527,32.796154,29.084615
7563,8528,32.800000,29.088462
7564,8529,32.803846,29.092308
7565,8530,32.807692,29.096154
7566,8531,32.811538,29.100000
7567,8532,32.815385,29.103846
7568,8533,32.819231,29.107692
7569,8534,32.823077,29.111538
7570,8535,32.826923,29.115385
7571,8536,32.830769,29.119231
7572,8537,32.834615,29.123077
7573,8538,32.838462,29.126923
7574,8539,32.842308,29.130769
7575,8540,32.846154,29.134615
7576,8541,32.850000,29.138462
7577,8542,32.853846,29.142308
7578,8543,32.857692,29.146154
7579,8544,32.861538,29.150000
7580,8545,32.865385,29.153846
7581,8546,32.869231,29.157692
7582,8547,32.873077,29.161538
7583,8548,32.876923,29.165385
7584,8549,32.880769,29.169231
7585,8550,32.884615,29.173077
7586,8551,32.888462,29.176923
7587,8552,32.892308,29.180769
7588,8553,32.896154,29.184615
7589,8554,32.900000,29.188462
7590,8555,32.903846,29.192308
7591,8556,32.907692,29.196154
7592,8557,32.911538,29.200000
7593,8558,32.915385,29.203846
7594,8559,32.919231,29.207692
7595,8560,32.923077,29.211538
7596,8561,32.926923,29.215385
7597,8562,32.930769,29.219231
7598,8563,32.934615,29.223077
7599,8564,32.938462,29.226923
7600,8565,32.942308,29.230769
7601,8566,32.946154,29.234615
7602,8567,32.950000,29.238462
7603,8568,32.953846,29.242308
7604,8569,32.957692,29.246154
7605,8570,32.961538,29.250000
7606,8571,32.965385,29.253846
7607,8572,32.969231,29.257692
7608,8573,32.973077,29.261538
7609,8574,32.976923,29.265385
7610,8575,32.980769,29.269231
7611,8576,32.984615,29.273077
7612,8577,32.988462,29.276923
7613,8578,32.992308,29.280769
7614,8579,32.996154,29.284615
7615,8580,33.000000,29.288462
7616,8581,33.003846,29.292308
7617,8582,33.007692,29.296154
7618,8583,33.011538,29.300000
7619,8584,33.015385,29.303846
7620,8585,33.019231,29.307692
7621,8586,33.023077,29.311538
7622,8587,33.026923,29.315385
7623,8588,33.030769,29.319231
7624,8589,33.034615,29.323077
7625,8590,33.038462,29.326923
7626,8591,33.042308,29.330769
7627,8592,33.046154,29.334615
7628,8593,33.050000,29.338462
7629,8594,33.053846,29.342308
7630,8595,33.057692,29.346154
7631,8596,33.061538,29.350000
7632,8597,33.065385,29.353846
7633,8598,33.069231,29.357692
7634,8599,33.073077,29.361538
7635,8600,33.076923,29.365385
7636,8601,33.080769,29.369231
7637,8602,33.084615,29.373077
7638,8603,33.088462,29.376923
7639,8604,33.092308,29.380769
7640,8605,33.096154,29.384615
7641,8606,33.100000,29.388462
7642,8607,33.103846,29.392308
7643,8608,33.107692,29.396154
7644,8609,33.111538,29.400000
7645,8610,33.115385,29.403846
7646,8611,33.119231,29.407692
7647,8612,33.123077,29.411538
7648,8613,33.126923,29.415385
7649,8614,33.130769,29.419231
7650,8615,33.134615,29.423077
7651,8616,33.138462,29.426923
7652,8617,33.142308,29.430769
7653,8618,33.146154,29.434615
7654,8619,33.150000,29.438462
7655,8620,33.153846,29.442308
7656,8621,33.157692,29.446154
7657,8622,33.161538,29.450000
7658,8623,33.165385,29.453846
7659,8624,33.169231,29.457692
7660,8625,33.173077,29.461538
7661,8626,33.176923,29.465385
7662,8627,33.180769,29.469231
7663,8628,33.184615,29.473077
7664,8629,33.188462,29.476923
7665,8630,33.192308,29.480769
7666,8631,33.196154,29.484615
7667,8632,33.200000,29.488462
7668,8633,33.203846,29.492308
7669,8634,33.207692,29.496154
7670,8635,33.211538,29.500000
7671,8636,33.215385,29.503846
7672,8637,33.219231,29.507692
7673,8638,33.223077,29.511538
7674,8639,33.226923,29.515385
7675,8640,33.230769,29.519231
7676,8641,33.234615,29.523077
7677,8642,33.238462,29.526923
7678,8643,33.242308,29.530769
7679,8644,33.246154,29.534615
7680,8645,33.250000,29.538462
7681,8646,33.253846,29.542308
7682,8647,33.257692,29.546154
7683,8648,33.261538,29.550000
7684,8649,33.265385,29.553846
7685,8650,33.269231,29.557692
7686,8651,33.273077,29.561538
7687,8652,33.276923,29.565385
7688,8653,33.280769,29.569231
7689,8654,33.284615,29.573077
7690,8655,33.288462,29.576923
7691,8656,33.292308,29.580769
7692,8657,33.296154,29.584615
7693,8658,33.300000,29.588462
7694,8659,33.303846,29.592308
7695,8660,33.307692,29.596154
7696,8661,33.311538,29.600000
7697,8662,33.315385,29.603846
7698,8663,33.319231,29.607692
7699,8664,33.323077,29.611538
7700,8665,33.326923,29.615385
7701,8666,33.330769,29.619231
7702,8667,33.334615,29.623077
7703,8668,33.338462,29.626923
7704,8669,33.342308,29.630769
7705,8670,33.346154,29.634615
7706,8671,33.350000,29.638462
7707,8672,33.353846,29.642308
7708,8673,33.357692,29.646154
7709,8674,33.361538,29.650000
7710,8675,33.365385,29.653846
7711,8676,33.369231,29.657692
7712,8677,33.373077,29.661538
7713,8678,33.376923,29.665385
7714,8679,33.380769,29.669231
7715,8680,33.384615,29.673077
7716,8681,33.388462,29.676923
7717,8682,33.392308,29.680769
7718,8683,33.396154,29.684615
7719,8684,33.400000,29.688462
7720,8685,33.403846,29.692308
7721,8686,33.407692,29.696154
7722,8687,33.411538,29.700000
7723,8688,33.415385,29.703846
7724,8689,33.419231,29.707692
7725,8690,33.423077,29.711538
7726,8691,33.426923,29.715385
7727,8692,33.430769,29.719231
7728,8693,33.434615,29.723077
7729,8694,33.438462,29.726923
7730,8695,33.442308,29.730769
7731,8696,33.446154,29.734615
7732,8697,33.450000,29.738462
7733,8698,33.453846,29.742308
7734,8699,33.457692,29.746154
7735,8700,33.461538,29.750000
7736,8701,33.465385,29.753846
7737,8702,33.469231,29.757692
7738,8703,33.473077,29.761538
7739,8704,33.476923,29.765385
7740,8705,33.480769,29.769231
7741,8706,33.484615,29.773077
7742,8707,33.488462,29.776923
7743,8708,33.492308,29.780769
7744,8709,33.496154,29.784615
7745,8710,33.500000,29.788462
7746,8711,33.503846,29.792308
7747,8712,33.507692,29.796154
7748,8713,33.511538,29.800000
7749,8714,33.515385,29.803846
7750,8715,33.519231,29.807692
7751,8716,33.523077,29.811538
7752,8717,33.526923,29.815385
7753,8718,33.530769,29.819231
7754,8719,33.534615,29.823077
7755,8720,33.538462,29.826923
7756,8721,33.542308,29.830769
7757,8722,33.546154,29.834615
7758,8723,33.550000,29.838462
7759,8724,33.553846,29.842308
7760,8725,33.557692,29.846154
7761,8726,33.561538,29.850000
7762,8727,33.565385,29.853846
7763,8728,33.569231,29.857692
7764,8729,33.573077,29.861538
7765,8730,33.576923,29.865385
7766,8731,33.580769,29.869231
7767,8732,33.584615,29.873077
7768,8733,33.588462,29.876923
7769,8734,33.592308,29.880769
7770,8735,33.596154,29.884615
7771,8736,33.600000,29.888462
7772,8737,33.603846,29.892308
7773,8738,33.607692,29.896154
7774,8739,33.611538,29.900000
7775,8740,33.615385,29.903846
7776,8741,33.619231,29.907692
7777,8742,33.623077,29.911538
7778,8743,33.626923,29.915385
7779,8744,33.630769,29.919231
7780,8745,33.634615,29.923077
7781,8746,33.638462,29.926923
7782,8747,33.642308,29.930769
7783,8748,33.646154,29.934615
7784,8749,33.650000,29.938462
7785,8750,33.653846,29.942308
7786,8751,33.657692,29.946154
7787,8752,33.661538,29.950000
7788,8753,33.665385,29.953846
7789,8754,33.669231,29.957692
7790,8755,33.673077,29.961538
7791,8756,33.676923,29.965385
7792,8757,33.680769,29.969231
7793,8758,33.684615,29.973077
7794,8759,33.688462,29.976923
7795,8760,33.692308,29.980769
7796,8761,33.696154,29.984615
7797,8762,33.700000,29.988462
7798,8763,33.703846,29.992308
7799,8764,33.707692,29.996154
7800,8765,33.711538,30.000000
7801,8766,33.715385,30.003846
7802,8767,33.719231,30.007692
7803,8768,33.723077,30.011538
7804,8769,33.726923,30.015385
7805,8770,33.730769,30.019231
7806,8771,33.734615,30.023077
7807,8772,33.738462,30.026923
7808,8773,33.742308,30.030769
7809,8774,33.746154,30.034615
7810,8775,33.750000,30.038462
7811,8776,33.753846,30.042308
7812,8777,33.757692,30.046154
7813,8778,33.761538,30.050000
7814,8779,33.765385,30.053846
7815,8780,33.769231,30.057692
7816,8781,33.773077,30.061538
7817,8782,33.776923,30.065385
7818,8783,33.780769,30.069231
7819,8784,33.784615,30.073077
7820,8785,33.788462,30.076923
7821,8786,33.792308,30.080769
7822,8787,33.796154,30.084615
7823,8788,33.800000,30.088462
7824,8789,33.803846,30.092308
7825,8790,33.807692,30.096154
7826,8791,33.811538,30.100000
7827,8792,33.815385,30.103846
7828,8793,33.819231,30.107692
7829,8794,33.823077,30.111538
7830,8795,33.826923,30.115385
7831,8796,33.830769,30.119231
7832,8797,33.834615,30.123077
7833,8798,33.838462,30.126923
7834,8799,33.842308,30.130769
7835,8800,33.846154,30.134615
7836,8801,33.850000,30.138462
7837,8802,33.853846,30.142308
7838,8803,33.857692,30.146154
7839,8804,33.861538,30.150000
7840,8805,33.865385,30.153846
7841,8806,33.869231,30.157692
7842,8807,33.873077,30.161538
7843,8808,33.876923,30.165385
7844,8809,33.880769,30.169231
7845,8810,33.884615,30.173077
7846,8811,33.888462,30.176923
7847,8812,33.892308,30.180769
7848,8813,33.896154,30.184615
7849,8814,33.900000,30.188462
7850,8815,33.903846,30.192308
7851,8816,33.907692,30.196154
7852,8817,33.911538,30.200000
7853,8818,33.915385,30.203846
7854,8819,33.919231,30.207692
7855,8820,33.923077,30.211538
7856,8821,33.926923,30.215385
7857,8822,33.930769,30.219231
7858,8823,33.934615,30.223077
7859,8824,33.938462,30.226923
7860,8825,33.942308,30.230769
7861,8826,33.946154,30.234615
7862,8827,33.950000,30.238462
7863,8828,33.953846,30.242308
7864,8829,33.957692,30.246154
7865,8830,33.961538,30.250000
7866,8831,33.965385,30.253846
7867,8832,33.969231,30.257692
7868,8833,33.973077,30.261538
7869,8834,33.976923,30.265385
7870,8835,33.980769,30.269231
7871,8836,33.984615,30.273077
7872,8837,33.988462,30.276923
7873,8838,33.992308,30.280769
7874,8839,33.996154,30.284615
7875,8840,34.000000,30.288462
7876,8841,34.003846,30.292308
7877,8842,34.007692,30.296154
7878,8843,34.011538,30.300000
7879,8844,34.015385,30.303846
7880,8845,34.019231,30.307692
7881,8846,34.023077,30.311538
7882,8847,34.026923,30.315385
7883,8848,34.030769,30.319231
7884,8849,34.034615,30.323077
7885,8850,34.038462,30.326923
7886,8851,34.042308,30.330769
7887,8852,34.046154,30.334615
7888,8853,34.050000,30.338462
7889,8854,34.053846,30.342308
7890,8855,34.057692,30.346154
7891,8856,34.061538,30.350000
7892,8857,34.065385,30.353846
7893,8858,34.069231,30.357692
7894,8859,34.073077,30.361538
7895,8860,34.076923,30.365385
7896,8861,34.080769,30.369231
7897,8862,34.084615,30.373077
7898,8863,34.088462,30.376923
7899,8864,34.092308,30.380769
7900,8865,34.096154,30.384615
7901,8866,34.100000,30.388462
7902,8867,34.103846,30.392308
7903,8868,34.107692,30.396154
7904,8869,34.111538,30.400000
7905,8870,34.115385,30.403846
7906,8871,34.119231,30.407692
7907,8872,34.123077,30.411538
7908,8873,34.126923,30.415385
7909,8874,34.130769,30.419231
7910,8875,34.134615,30.423077
7911,8876,34.138462,30.426923
7912,8877,34.142308,30.430769
7913,8878,34.146154,30.434615
7914,8879,34.150000,30.438462
7915,8880,34.153846,30.442308
7916,8881,34.157692,30.446154
7917,8882,34.161538,30.450000
7918,8883,34.165385,30.453846
7919,8884,34.169231,30.457692
7920,8885,34.173077,30.461538
7921,8886,34.176923,30.465385
7922,8887,34.180769,30.469231
7923,8888,34.184615,30.473077
7924,8889,34.188462,30.476923
7925,8890,34.192308,30.480769
7926,8891,34.196154,30.484615
7927,8892,34.200000,30.488462
7928,8893,34.203846,30.492308
7929,8894,34.207692,30.496154
7930,8895,34.211538,30.500000
7931,8896,34.215385,30.503846
7932,8897,34.219231,30.507692
7933,8898,34.223077,30.511538
7934,8899,34.226923,30.515385
7935,8900,34.230769,30.519231
7936,8901,34.234615,30.523077
7937,8902,34.238462,30.526923
7938,8903,34.242308,30.530769
7939,8904,34.246154,30.534615
7940,8905,34.250000,30.538462
7941,8906,34.253846,30.542308
7942,8907,34.257692,30.546154
7943,8908,34.261538,30.550000
7944,8909,34.265385,30.553846
7945,8910,34.269231,30.557692
7946,8911,34.273077,30.561538
7947,8912,34.276923,30.565385
7948,8913,34.280769,30.569231
7949,8914,34.284615,30.573077
7950,8915,34.288462,30.576923
7951,8916,34.292308,30.580769
7952,8917,34.296154,30.584615
7953,8918,34.300000,30.588462
7954,8919,34.303846,30.592308
7955,8920,34.307692,30.596154
7956,8921,34.311538,30.600000
7957,8922,34.315385,30.603846
7958,8923,34.319231,30.607692
7959,8924,34.323077,30.611538
7960,8925,34.326923,30.615385
7961,8926,34.330769,30.619231
7962,8927,34.334615,30.623077
7963,8928,34.338462,30.626923
7964,8929,34.342308,30.630769
7965,8930,34.346154,30.634615
7966,8931,34.350000,30.638462
7967,8932,34.353846,30.642308
7968,8933,34.357692,30.646154
7969,8934,34.361538,30.650000
7970,8935,34.365385,30.653846
7971,8936,34.369231,30.657692
7972,8937,34.373077,30.661538
7973,8938,34.376923,30.665385
7974,8939,34.380769,30.669231
7975,8940,34.384615,30.673077
7976,8941,34.388462,30.676923
7977,8942,34.392308,30.680769
7978,8943,34.396154,30.684615
7979,8944,34.400000,30.688462
7980,8945,34.403846,30.692308
7981,8946,34.407692,30.696154
7982,8947,34.411538,30.700000
7983,8948,34.415385,30.703846
7984,8949,34.419231,30.707692
7985,8950,34.423077,30.711538
7986,8951,34.426923,30.715385
7987,8952,34.430769,30.719231
7988,8953,34.434615,30.723077
7989,8954,34.438462,30.726923
7990,8955,34.442308,30.730769
7991,8956,34.446154,30.734615
7992,8957,34.450000,30.738462
7993,8958,34.453846,30.742308
7994,8959,34.457692,30.746154
7995,8960,34.461538,30.750000
7996,8961,34.465385,30.753846
7997,8962,34.469231,30.757692
7998,8963,34.473077,30.761538
7999,8964,34.476923,30.765385
8000,8965,34.480769,30.769231
8001,8966,34.484615,30.773077
8002,8967,34.488462,30.776923
8003,8968,34.492308,30.780769
8004,8969,34.496154,30.784615
8005,8970,34.500000,30.788462
8006,8971,34.503846,30.792308
8007,8972,34.507692,30.796154
8008,8973,34.511538,30.800000
8009,8974,34.515385,30.803846
8010,8975,34.519231,30.807692
8011,8976,34.523077,30.811538
8012,8977,34.526923,30.815385
8013,8978,34.530769,30.819231
8014,8979,34.534615,30.823077
8015,8980,34.538462,30.826923
8016,8981,34.542308,30.830769
8017,8982,34.546154,30.834615
8018,8983,34.550000,30.838462
8019,8984,34.553846,30.842308
8020,8985,34.557692,30.846154
8021,8986,34.561538,30.850000
8022,8987,34.565385,30.853846
8023,8988,34.569231,30.857692
8024,8989,34.573077,30.861538
8025,8990,34.576923,30.865385
8026,8991,34.580769,30.869231
8027,8992,34.584615,30.873077
8028,8993,34.588462,30.876923
8029,8994,34.592308,30.880769
8030,8995,34.596154,30.884615
8031,8996,34.600000,30.888462
8032,8997,34.603846,30.892308
8033,8998,34.607692,30.896154
8034,8999,34.611538,30.900000
8035,9000,34.615385,30.903846
8036,9001,34.619231,30.907692
8037,9002,34.623077,30.911538
8038,9003,34.626923,30.915385
8039,9004,34.630769,30.919231
8040,9005,34.634615,30.923077
8041,9006,34.638462,30.926923
8042,9007,34.642308,30.930769
8043,9008,34.646154,30.934615
8044,9009,34.650000,30.938462
8045,9010,34.653846,30.942308
8046,9011,34.657692,30.946154
8047,9012,34.661538,30.950000
8048,9013,34.665385,30.953846
8049,9014,34.669231,30.957692
8050,9015,34.673077,30.961538
8051,9016,34.676923,30.965385
8052,9017,34.680769,30.969231
8053,9018,34.684615,30.973077
8054,9019,34.688462,30.976923
8055,9020,34.692308,30.980769
8056,9021,34.696154,30.984615
8057,9022,34.700000,30.988462
8058,9023,34.703846,30.992308
8059,9024,34.707692,30.996154
8060,9025,34.711538,31.000000
8061,9026,34.715385,31.003846
8062,9027,34.719231,31.007692
8063,9028,34.723077,31.011538
8064,9029,34.726923,31.015385
8065,9030,34.730769,31.019231
8066,9031,34.734615,31.023077
8067,9032,34.738462,31.026923
8068,9033,34.742308,31.030769
8069,9034,34.746154,31.034615
8070,9035,34.750000,31.038462
8071,9036,34.753846,31.042308
8072,9037,34.757692,31.046154
8073,9038,34.761538,31.050000
8074,9039,34.765385,31.053846
8075,9040,34.769231,31.057692
8076,9041,34.773077,31.061538
8077,9042,34.776923,31.065385
8078,9043,34.780769,31.069231
8079,9044,34.784615,31.073077
8080,9045,34.788462,31.076923
8081,9046,34.792308,31.080769
8082,9047,34.796154,31.084615
8083,9048,34.800000,31.088462
8084,9049,34.803846,31.092308
8085,9050,34.807692,31.096154
8086,9051,34.811538,31.100000
8087,9052,34.815385,31.103846
8088,9053,34.819231,31.107692
8089,9054,34.823077,31.111538
8090,9055,34.826923,31.115385
8091,9056,34.830769,31.119231
8092,9057,34.834615,31.123077
8093,9058,34.838462,31.126923
8094,9059,34.842308,31.130769
8095,9060,34.846154,31.134615
8096,9061,34.850000,31.138462
8097,9062,34.853846,31.142308
8098,9063,34.857692,31.146154
8099,9064,34.861538,31.150000
8100,9065,34.865385,31.153846
8101,9066,34.869231,31.157692
8102,9067,34.873077,31.161538
8103,9068,34.876923,31.165385
8104,9069,34.880769,31.169231
8105,9070,34.884615,31.173077
8106,9071,34.888462,31.176923
8107,9072,34.892308,31.180769
8108,9073,34.896154,31.184615
8109,9074,34.900000,31.188462
8110,9075,34.903846,31.192308
8111,9076,34.907692,31.196154
8112,9077,34.911538,31.200000
8113,9078,34.915385,31.203846
8114,9079,34.919231,31.207692
8115,9080,34.923077,31.211538
8116,9081,34.926923,31.215385
8117,9082,34.930769,31.219231
8118,9083,34.934615,31.223077
8119,9084,34.938462,31.226923
8120,9085,34.942308,31.230769
8121,9086,34.946154,31.234615
8122,9087,34.950000,31.238462
8123,9088,34.953846,31.242308
8124,9089,34.957692,31.246154
8125,9090,34.961538,31.250000
8126,9091,34.965385,31.253846
8127,9092,34.969231,31.257692
8128,9093,34.973077,31.261538
8129,9094,34.976923,31.265385
8130,9095,34.980769,31.269231
8131,9096,34.984615,31.273077
8132,9097,34.988462,31.276923
8133,9098,34.992308,31.280769
8134,9099,34.996154,31.284615
8135,9100,35.000000,31.288462
8136,9101,35.003846,31.292308
8137,9102,35.007692,31.296154
8138,9103,35.011538,31.300000
8139,9104,35.015385,31.303846
8140,9105,35.019231,31.307692
8141,9106,35.023077,31.311538
8142,9107,35.026923,31.315385
8143,9108,35.030769,31.319231
8144,9109,35.034615,31.323077
8145,9110,35.038462,31.326923
8146,9111,35.042308,31.330769
8147,9112,35.046154,31.334615
8148,9113,35.050000,31.338462
8149,9114,35.053846,31.342308
8150,9115,35.057692,31.346154
8151,9116,35.061538,31.350000
8152,9117,35.065385,31.353846
8153,9118,35.069231,31.357692
8154,9119,35.073077,31.361538
8155,9120,35.076923,31.365385
8156,9121,35.080769,31.369231
8157,9122,35.084615,31.373077
8158,9123,35.088462,31.376923
8159,9124,35.092308,31.380769
8160,9125,35.096154,31.384615
8161,9126,35.100000,31.388462
8162,9127,35.103846,31.392308
8163,9128,35.107692,31.396154
8164,9129,35.111538,31.400000
8165,9130,35.115385,31.403846
8166,9131,35.119231,31.407692
8167,9132,35.123077,31.411538
8168,9133,35.126923,31.415385
8169,9134,35.130769,31.419231
8170,9135,35.134615,31.423077
8171,9136,35.138462,31.426923
8172,9137,35.142308,31.430769
8173,9138,35.146154,31.434615
8174,9139,35.150000,31.438462
8175,9140,35.153846,31.442308
8176,9141,35.157692,31.446154
8177,9142,35.161538,31.450000
8178,9143,35.165385,31.453846
8179,9144,35.169231,31.457692
8180,9145,35.173077,31.461538
8181,9146,35.176923,31.465385
8182,9147,35.180769,31.469231
8183,9148,35.184615,31.473077
8184,9149,35.188462,31.476923
8185,9150,35.192308,31.480769
8186,9151,35.196154,31.484615
8187,9152,35.200000,31.488462
8188,9153,35.203846,31.492308
8189,9154,35.207692,31.496154
8190,9155,35.211538,31.500000
8191,9156,35.215385,31.503846
8192,9157,35.219231,31.507692
8193,9158,35.223077,31.511538
8194,9159,35.226923,31.515385
8195,9160,35.230769,31.519231
8196,9161,35.234615,31.523077
8197,9162,35.238462,31.526923
8198,9163,35.242308,31.530769
8199,9164,35.246154,31.534615
8200,9165,35.250000,31.538462
8201,9166,35.253846,31.542308
8202,9167,35.257692,31.546154
8203,9168,35.261538,31.550000
8204,9169,35.265385,31.553846
8205,9170,35.269231,31.557692
8206,9171,35.273077,31.561538
8207,9172,35.276923,31.565385
8208,9173,35.280769,31.569231
8209,9174,35.284615,31.573077
8210,9175,35.288462,31.576923
8211,9176,35.292308,31.580769
8212,9177,35.296154,31.584615
8213,9178,35.300000,31.588462
8214,9179,35.303846,31.592308
8215,9180,35.307692,31.596154
8216,9181,35.311538,31.600000
8217,9182,35.315385,31.603846
8218,9183,35.319231,31.607692
8219,9184,35.323077,31.611538
8220,9185,35.326923,31.615385
8221,9186,35.330769,31.619231
8222,9187,35.334615,31.623077
8223,9188,35.338462,31.626923
8224,9189,35.342308,31.630769
8225,9190,35.346154,31.634615
8226,9191,35.350000,31.638462
8227,9192,35.353846,31.642308
8228,9193,35.357692,31.646154
8229,9194,35.361538,31.650000
8230,9195,35.365385,31.653846
8231,9196,35.369231,31.657692
8232,9197,35.373077,31.661538
8233,9198,35.376923,31.665385
8234,9199,35.380769,31.669231
8235,9200,35.384615,31.673077
8236,9201,35.388462,31.676923
8237,9202,35.392308,31.680769
8238,9203,35.396154,31.684615
8239,9204,35.400000,31.688462
8240,9205,35.403846,31.692308
8241,9206,35.407692,31.696154
8242,9207,35.411538,31.700000
8243,9208,35.415385,31.703846
8244,9209,35.419231,31.707692
8245,9210,35.423077,31.711538
8246,9211,35.426923,31.715385
8247,9212,35.430769,31.719231
8248,9213,35.434615,31.723077
8249,9214,35.438462,31.726923
8250,9215,35.442308,31.730769
8251,9216,35.446154,31.734615
8252,9217,35.450000,31.738462
8253,9218,35.453846,31.742308
8254,9219,35.457692,31.746154
8255,9220,35.461538,31.750000
8256,9221,35.465385,31.753846
8257,9222,35.469231,31.757692
8258,9223,35.473077,31.761538
8259,9224,35.476923,31.765385
8260,9225,35.480769,31.769231
8261,9226,35.484615,31.773077
8262,9227,35.488462,31.776923
8263,9228,35.492308,31.780769
8264,9229,35.496154,31.784615
8265,9230,35.500000,31.788462
8266,9231,35.503846,31.792308
8267,9232,35.507692,31.796154
8268,9233,35.511538,31.800000
8269,9234,35.515385,31.803846
8270,9235,35.519231,31.807692
8271,9236,35.523077,31.811538
8272,9237,35.526923,31.815385
8273,9238,35.530769,31.819231
8274,9239,35.534615,31.823077
8275,9240,35.538462,31.826923
8276,9241,35.542308,31.830769
8277,9242,35.546154,31.834615
8278,9243,35.550000,31.838462
8279,9244,35.553846,31.842308
8280,9245,35.557692,31.846154
8281,9246,35.561538,31.850000
8282,9247,35.565385,31.853846
8283,9248,35.569231,31.857692
8284,9249,35.573077,31.861538
8285,9250,35.576923,31.865385
8286,9251,35.580769,31.869231
8287,9252,35.584615,31.873077
8288,9253,35.588462,31.876923
8289,9254,35.592308,31.880769
8290,9255,35.596154,31.884615
8291,9256,35.600000,31.888462
8292,9257,35.603846,31.892308
8293,9258,35.607692,31.896154
8294,9259,35.611538,31.900000
8295,9260,35.615385,31.903846
8296,9261,35.619231,31.907692
8297,9262,35.623077,31.911538
8298,9263,35.626923,31.915385
8299,9264,35.630769,31.919231
8300,9265,35.634615,31.923077
8301,9266,35.638462,31.926923
8302,9267,35.642308,31.930769
8303,9268,35.646154,31.934615
8304,9269,35.650000,31.938462
8305,9270,35.653846,31.942308
8306,9271,35.657692,31.946154
8307,9272,35.661538,31.950000
8308,9273,35.665385,31.953846
8309,9274,35.669231,31.957692
8310,9275,35.673077,31.961538
8311,9276,35.676923,31.965385
8312,9277,35.680769,31.969231
8313,9278,35.684615,31.973077
8314,9279,35.688462,31.976923
8315,9280,35.692308,31.980769
8316,9281,35.696154,31.984615
8317,9282,35.700000,31.988462
8318,9283,35.703846,31.992308
8319,9284,35.707692,31.996154
8320,9285,35.711538,32.000000
8321,9286,35.715385,32.003846
8322,9287,35.719231,32.007692
8323,9288,35.723077,32.011538
8324,9289,35.726923,32.015385
8325,9290,35.730769,32.019231
8326,9291,35.734615,32.023077
8327,9292,35.738462,32.026923
8328,9293,35.742308,32.030769
8329,9294,35.746154,32.034615
8330,9295,35.750000,32.038462
8331,9296,35.753846,32.042308
8332,9297,35.757692,32.046154
8333,9298,35.761538,32.050000
8334,9299,35.765385,32.053846
8335,9300,35.769231,32.057692
8336,9301,35.773077,32.061538
8337,9302,35.776923,32.065385
8338,9303,35.780769,32.069231
8339,9304,35.784615,32.073077
8340,9305,35.788462,32.076923
8341,9306,35.792308,32.080769
8342,9307,35.796154,32.084615
8343,9308,35.800000,32.088462
8344,9309,35.803846,32.092308
8345,9310,35.807692,32.096154
8346,9311,35.811538,32.100000
8347,9312,35.815385,32.103846
8348,9313,35.819231,32.107692
8349,9314,35.823077,32.111538
8350,9315,35.826923,32.115385
8351,9316,35.830769,32.119231
8352,9317,35.834615,32.123077
8353,9318,35.838462,32.126923
8354,9319,35.842308,32.130769
8355,9320,35.846154,32.134615
8356,9321,35.850000,32.138462
8357,9322,35.853846,32.142308
8358,9323,35.857692,32.146154
8359,9324,35.861538,32.150000
8360,9325,35.865385,32.153846
8361,9326,35.869231,32.157692
8362,9327,35.873077,32.161538
8363,9328,35.876923,32.165385
8364,9329,35.880769,32.169231
8365,9330,35.884615,32.173077
8366,9331,35.888462,32.176923
8367,9332,35.892308,32.180769
8368,9333,35.896154,32.184615
8369,9334,35.900000,32.188462
8370,9335,35.903846,32.192308
8371,9336,35.907692,32.196154
8372,9337,35.911538,32.200000
8373,9338,35.915385,32.203846
8374,9339,35.919231,32.207692
8375,9340,35.923077,32.211538
8376,9341,35.926923,32.215385
8377,9342,35.930769,32.219231
8378,9343,35.934615,32.223077
8379,9344,35.938462,32.226923
8380,9345,35.942308,32.230769
8381,9346,35.946154,32.234615
8382,9347,35.950000,32.238462
8383,9348,35.953846,32.242308
8384,9349,35.957692,32.246154
8385,9350,35.961538,32.250000
8386,9351,35.965385,32.253846
8387,9352,35.969231,32.257692
8388,9353,35.973077,32.261538
8389,9354,35.976923,32.265385
8390,9355,35.980769,32.269231
8391,9356,35.984615,32.273077
8392,9357,35.988462,32.276923
8393,9358,35.992308,32.280769
8394,9359,35.996154,32.284615
8395,9360,36.000000,32.288462
8396,9361,36.003846,32.292308
8397,9362,36.007692,32.296154
8398,9363,36.011538,32.300000
8399,9364,36.015385,32.303846
8400,9365,36.019231,32.307692
8401,9366,36.023077,32.311538
8402,9367,36.026923,32.315385
8403,9368,36.030769,32.319231
8404,9369,36.034615,32.323077
8405,9370,36.038462,32.326923
8406,9371,36.042308,32.330769
8407,9372,36.046154,32.334615
8408,9373,36.050000,32.338462
8409,9374,36.053846,32.342308
8410,9375,36.057692,32.346154
8411,9376,36.061538,32.350000
8412,9377,36.065385,32.353846
8413,9378,36.069231,32.357692
8414,9379,36.073077,32.361538
8415,9380,36.076923,32.365385
8416,9381,36.080769,32.369231
8417,9382,36.084615,32.373077
8418,9383,36.088462,32.376923
8419,9384,36.092308,32.380769
8420,9385,36.096154,32.384615
8421,9386,36.100000,32.388462
8422,9387,36.103846,32.392308
8423,9388,36.107692,32.396154
8424,9389,36.111538,32.400000
8425,9390,36.115385,32.403846
8426,9391,36.119231,32.407692
8427,9392,36.123077,32.411538
8428,9393,36.126923,32.415385
8429,9394,36.130769,32.419231
8430,9395,36.134615,32.423077
8431,9396,36.138462,32.426923
8432,9397,36.142308,32.430769
8433,9398,36.146154,32.434615
8434,9399,36.150000,32.438462
8435,9400,36.153846,32.442308
8436,9401,36.157692,32.446154
8437,9402,36.161538,32.450000
8438,9403,36.165385,32.453846
8439,9404,36.169231,32.457692
8440,9405,36.173077,32.461538
8441,9406,36.176923,32.465385
8442,9407,36.180769,32.469231
8443,9408,36.184615,32.473077
8444,9409,36.188462,32.476923
8445,9410,36.192308,32.480769
8446,9411,36.196154,32.484615
8447,9412,36.200000,32.488462
8448,9413,36.203846,32.492308
8449,9414,36.207692,32.496154
8450,9415,36.211538,32.500000
8451,9416,36.215385,32.503846
8452,9417,36.219231,32.507692
8453,9418,36.223077,32.511538
8454,9419,36.226923,32.515385
8455,9420,36.230769,32.519231
8456,9421,36.234615,32.523077
8457,9422,36.238462,32.526923
8458,9423,36.242308,32.530769
8459,9424,36.246154,32.534615
8460,9425,36.250000,32.538462
8461,9426,36.253846,32.542308
8462,9427,36.257692,32.546154
8463,9428,36.261538,32.550000
8464,9429,36.265385,32.553846
8465,9430,36.269231,32.557692
8466,9431,36.273077,32.561538
8467,9432,36.276923,32.565385
8468,9433,36.280769,32.569231
8469,9434,36.284615,32.573077
8470,9435,36.288462,32.576923
8471,9436,36.292308,32.580769
8472,9437,36.296154,32.584615
8473,9438,36.300000,32.588462
8474,9439,36.303846,32.592308
8475,9440,36.307692,32.596154
8476,9441,36.311538,32.600000
8477,9442,36.315385,32.603846
8478,9443,36.319231,32.607692
8479,9444,36.323077,32.611538
8480,9445,36.326923,32.615385
8481,9446,36.330769,32.619231
8482,9447,36.334615,32.623077
8483,9448,36.338462,32.626923
8484,9449,36.342308,32.630769
8485,9450,36.346154,32.634615
8486,9451,36.350000,32.638462
8487,9452,36.353846,32.642308
8488,9453,36.357692,32.646154
8489,9454,36.361538,32.650000
8490,9455,36.365385,32.653846
8491,9456,36.369231,32.657692
8492,9457,36.373077,32.661538
8493,9458,36.376923,32.665385
8494,9459,36.380769,32.669231
8495,9460,36.384615,32.673077
8496,9461,36.388462,32.676923
8497,9462,36.392308,32.680769
8498,9463,36.396154,32.684615
8499,9464,36.400000,32.688462
8500,9465,36.403846,32.692308
8501,9466,36.407692,32.696154
8502,9467,36.411538,32.700000
8503,9468,36.415385,32.703846
8504,9469,36.419231,32.707692
8505,9470,36.423077,32.711538
8506,9471,36.426923,32.715385
8507,9472,36.430769,32.719231
8508,9473,36.434615,32.723077
8509,9474,36.438462,32.726923
8510,9475,36.442308,32.730769
8511,9476,36.446154,32.734615
8512,9477,36.450000,32.738462
8513,9478,36.453846,32.742308
8514,9479,36.457692,32.746154
8515,9480,36.461538,32.750000
8516,9481,36.465385,32.753846
8517,9482,36.469231,32.757692
8518,9483,36.473077,32.761538
8519,9484,36.476923,32.765385
8520,9485,36.480769,32.769231
8521,9486,36.484615,32.773077
8522,9487,36.488462,32.776923
8523,9488,36.492308,32.780769
8524,9489,36.496154,32.784615
8525,9490,36.500000,32.788462
8526,9491,36.503846,32.792308
8527,9492,36.507692,32.796154
8528,9493,36.511538,32.800000
8529,9494,36.515385,32.803846
8530,9495,36.519231,32.807692
8531,9496,36.523077,32.811538
8532,9497,36.526923,32.815385
8533,9498,36.530769,32.819231
8534,9499,36.534615,32.823077
8535,9500,36.538462,32.826923
8536,9501,36.542308,32.830769
8537,9502,36.546154,32.834615
8538,9503,36.550000,32.838462
8539,9504,36.553846,32.842308
8540,9505,36.557692,32.846154
8541,9506,36.561538,32.850000
8542,9507,36.565385,32.853846
8543,9508,36.569231,32.857692
8544,9509,36.573077,32.861538
8545,9510,36.576923,32.865385
8546,9511,36.580769,32.869231
8547,9512,36.584615,32.873077
8548,9513,36.588462,32.876923
8549,9514,36.592308,32.880769
8550,9515,36.596154,32.884615
8551,9516,36.600000,32.888462
8552,9517,36.603846,32.892308
8553,9518,36.607692,32.896154
8554,9519,36.611538,32.900000
8555,9520,36.615385,32.903846
8556,9521,36.619231,32.907692
8557,9522,36.623077,32.911538
8558,9523,36.626923,32.915385
8559,9524,36.630769,32.919231
8560,9525,36.634615,32.923077
8561,9526,36.638462,32.926923
8562,9527,36.642308,32.930769
8563,9528,36.646154,32.934615
8564,9529,36.650000,32.938462
8565,9530,36.653846,32.942308
8566,9531,36.657692,32.946154
8567,9532,36.661538,32.950000
8568,9533,36.665385,32.953846
8569,9534,36.669231,32.957692
8570,9535,36.673077,32.961538
8571,9536,36.676923,32.965385
8572,9537,36.680769,32.969231
8573,9538,36.684615,32.973077
8574,9539,36.688462,32.976923
8575,9540,36.692308,32.980769
8576,9541,36.696154,32.984615
8577,9542,36.700000,32.988462
8578,9543,36.703846,32.992308
8579,9544,36.707692,32.996154
8580,9545,36.711538,33.000000
8581,9546,36.715385,33.003846
8582,9547,36.719231,33.007692
8583,9548,36.723077,33.011538
8584,9549,36.726923,33.015385
8585,9550,36.730769,33.019231
8586,9551,36.734615,33.023077
8587,9552,36.738462,33.026923
8588,9553,36.742308,33.030769
8589,9554,36.746154,33.034615
8590,9555,36.750000,33.038462
8591,9556,36.753846,33.042308
8592,9557,36.757692,33.046154
8593,9558,36.761538,33.050000
8594,9559,36.765385,33.053846
8595,9560,36.769231,33.057692
8596,9561,36.773077,33.061538
8597,9562,36.776923,33.065385
8598,9563,36.780769,33.069231
8599,9564,36.784615,33.073077
8600,9565,36.788462,33.076923
8601,9566,36.792308,33.080769
8602,9567,36.796154,33.084615
8603,9568,36.800000,33.088462
8604,9569,36.803846,33.092308
8605,9570,36.807692,33.096154
8606,9571,36.811538,33.100000
8607,9572,36.815385,33.103846
8608,9573,36.819231,33.107692
8609,9574,36.823077,33.111538
8610,9575,36.826923,33.115385
8611,9576,36.830769,33.119231
8612,9577,36.834615,33.123077
8613,9578,36.838462,33.126923
8614,9579,36.842308,33.130769
8615,9580,36.846154,33.134615
8616,9581,36.850000,33.138462
8617,9582,36.853846,33.142308
8618,9583,36.857692,33.146154
8619,9584,36.861538,33.150000
8620,9585,36.865385,33.153846
8621,9586,36.869231,33.157692
8622,9587,36.873077,33.161538
8623,9588,36.876923,33.165385
8624,9589,36.880769,33.169231
8625,9590,36.884615,33.173077
8626,9591,36.888462,33.176923
8627,9592,36.892308,33.180769
8628,9593,36.896154,33.184615
8629,9594,36.900000,33.188462
8630,9595,36.903846,33.192308
8631,9596,36.907692,33.196154
8632,9597,36.911538,33.200000
8633,9598,36.915385,33.203846
8634,9599,36.919231,33.207692
8635,9600,36.923077,33.211538
8636,9601,36.926923,33.215385
8637,9602,36.930769,33.219231
8638,9603,36.934615,33.223077
8639,9604,36.938462,33.226923
8640,9605,36.942308,33.230769
8641,9606,36.946154,33.234615
8642,9607,36.950000,33.238462
8643,9608,36.953846,33.242308
8644,9609,36.957692,33.246154
8645,9610,36.961538,33.250000
8646,9611,36.965385,33.253846
8647,9612,36.969231,33.257692
8648,9613,36.973077,33.261538
8649,9614,36.976923,33.265385
8650,9615,36.980769,33.269231
8651,9616,36.984615,33.273077
8652,9617,36.988462,33.276923
8653,9618,36.992308,33.280769
8654,9619,36.996154,33.284615
8655,9620,37.000000,33.288462
8656,9621,37.003846,33.292308
8657,9622,37.007692,33.296154
8658,9623,37.011538,33.300000
8659,9624,37.015385,33.303846
8660,9625,37.019231,33.307692
8661,9626,37.023077,33.311538
8662,9627,37.026923,33.315385
8663,9628,37.030769,33.319231
8664,9629,37.034615,33.323077
8665,9630,37.038462,33.326923
8666,9631,37.042308,33.330769
8667,9632,37.046154,33.334615
8668,9633,37.050000,33.338462
8669,9634,37.053846,33.342308
8670,9635,37.057692,33.346154
8671,9636,37.061538,33.350000
8672,9637,37.065385,33.353846
8673,9638,37.069231,33.357692
8674,9639,37.073077,33.361538
8675,9640,37.076923,33.365385
8676,9641,37.080769,33.369231
8677,9642,37.084615,33.373077
8678,9643,37.088462,33.376923
8679,9644,37.092308,33.380769
8680,9645,37.096154,33.384615
8681,9646,37.100000,33.388462
8682,9647,37.103846,33.392308
8683,9648,37.107692,33.396154
8684,9649,37.111538,33.400000
8685,9650,37.115385,33.403846
8686,9651,37.119231,33.407692
8687,9652,37.123077,33.411538
8688,9653,37.126923,33.415385
8689,9654,37.130769,33.419231
8690,9655,37.134615,33.423077
8691,9656,37.138462,33.426923
8692,9657,37.142308,33.430769
8693,9658,37.146154,33.434615
8694,9659,37.150000,33.438462
8695,9660,37.153846,33.442308
8696,9661,37.157692,33.446154
8697,9662,37.161538,33.450000
8698,9663,37.165385,33.453846
8699,9664,37.169231,33.457692
8700,9665,37.173077,33.461538
8701,9666,37.176923,33.465385
8702,9667,37.180769,33.469231
8703,9668,37.184615,33.473077
8704,9669,37.188462,33.476923
8705,9670,37.192308,33.480769
8706,9671,37.196154,33.484615
8707,9672,37.200000,33.488462
8708,9673,37.203846,33.492308
8709,9674,37.207692,33.496154
8710,9675,37.211538,33.500000
8711,9676,37.215385,33.503846
8712,9677,37.219231,33.507692
8713,9678,37.223077,33.511538
8714,9679,37.226923,33.515385
8715,9680,37.230769,33.519231
8716,9681,37.234615,33.523077
8717,9682,37.238462,33.526923
8718,9683,37.242308,33.530769
8719,9684,37.246154,33.534615
8720,9685,37.250000,33.538462
8721,9686,37.253846,33.542308
8722,9687,37.257692,33.546154
8723,9688,37.261538,33.550000
8724,9689,37.265385,33.553846
8725,9690,37.269231,33.557692
8726,9691,37.273077,33.561538
8727,9692,37.276923,33.565385
8728,9693,37.280769,33.569231
8729,9694,37.284615,33.573077
8730,9695,37.288462,33.576923
8731,9696,37.292308,33.580769
8732,9697,37.296154,33.584615
8733,9698,37.300000,33.588462
8734,9699,37.303846,33.592308
8735,9700,37.307692,33.596154
8736,9701,37.311538,33.600000
8737,9702,37.315385,33.603846
8738,9703,37.319231,33.607692
8739,9704,37.323077,33.611538
8740,9705,37.326923,33.615385
8741,9706,37.330769,33.619231
8742,9707,37.334615,33.623077
8743,9708,37.338462,33.626923
8744,9709,37.342308,33.630769
8745,9710,37.346154,33.634615
8746,9711,37.350000,33.638462
8747,9712,37.353846,33.642308
8748,9713,37.357692,33.646154
8749,9714,37.361538,33.650000
8750,9715,37.365385,33.653846
8751,9716,37.369231,33.657692
8752,9717,37.373077,33.661538
8753,9718,37.376923,33.665385
8754,9719,37.380769,33.669231
8755,9720,37.384615,33.673077
8756,9721,37.388462,33.676923
8757,9722,37.392308,33.680769
8758,9723,37.396154,33.684615
8759,9724,37.400000,33.688462
8760,9725,37.403846,33.692308
8761,9726,37.407692,33.696154
8762,9727,37.411538,33.700000
8763,9728,37.415385,33.703846
8764,9729,37.419231,33.707692
8765,9730,37.423077,33.711538
8766,9731,37.426923,33.715385
8767,9732,37.430769,33.719231
8768,9733,37.434615,33.723077
8769,9734,37.438462,33.726923
8770,9735,37.442308,33.730769
8771,9736,37.446154,33.734615
8772,9737,37.450000,33.738462
8773,9738,37.453846,33.742308
8774,9739,37.457692,33.746154
8775,9740,37.461538,33.750000
8776,9741,37.465385,33.753846
8777,9742,37.469231,33.757692
8778,9743,37.473077,33.761538
8779,9744,37.476923,33.765385
8780,9745,37.480769,33.769231
8781,9746,37.484615,33.773077
8782,9747,37.488462,33.776923
8783,9748,37.492308,33.780769
8784,9749,37.496154,33.784615
8785,9750,37.500000,33.788462
8786,9751,37.503846,33.792308
8787,9752,37.507692,33.796154
8788,9753,37.511538,33.800000
8789,9754,37.515385,33.803846
8790,9755,37.519231,33.807692
8791,9756,37.523077,33.811538
8792,9757,37.526923,33.815385
8793,9758,37.530769,33.819231
8794,9759,37.534615,33.823077
8795,9760,37.538462,33.826923
8796,9761,37.542308,33.830769
8797,9762,37.546154,33.834615
8798,9763,37.550000,33.838462
8799,9764,37.553846,33.842308
8800,9765,37.557692,33.846154
8801,9766,37.561538,33.850000
8802,9767,37.565385,33.853846
8803,9768,37.569231,33.857692
8804,9769,37.573077,33.861538
8805,9770,37.576923,33.865385
8806,9771,37.580769,33.869231
8807,9772,37.584615,33.873077
8808,9773,37.588462,33.876923
8809,9774,37.592308,33.880769
8810,9775,37.596154,33.884615
8811,9776,37.600000,33.888462
8812,9777,37.603846,33.892308
8813,9778,37.607692,33.896154
8814,9779,37.611538,33.900000
8815,9780,37.615385,33.903846
8816,9781,37.619231,33.907692
8817,9782,37.623077,33.911538
8818,9783,37.626923,33.915385
8819,9784,37.630769,33.919231
8820,9785,37.634615,33.923077
8821,9786,37.638462,33.926923
8822,9787,37.642308,33.930769
8823,9788,37.646154,33.934615
8824,9789,37.650000,33.938462
8825,9790,37.653846,33.942308
8826,9791,37.657692,33.946154
8827,9792,37.661538,33.950000
8828,9793,37.665385,33.953846
8829,9794,37.669231,33.957692
8830,9795,37.673077,33.961538
8831,9796,37.676923,33.965385
8832,9797,37.680769,33.969231
8833,9798,37.684615,33.973077
8834,9799,37.688462,33.976923
8835,9800,37.692308,33.980769
8836,9801,37.696154,33.984615
8837,9802,37.700000,33.988462
8838,9803,37.703846,33.992308
8839,9804,37.707692,33.996154
8840,9805,37.711538,34.000000
8841,9806,37.715385,34.003846
8842,9807,37.719231,34.007692
8843,9808,37.723077,34.011538
8844,9809,37.726923,34.015385
8845,9810,37.730769,34.019231
8846,9811,37.734615,34.023077
8847,9812,37.738462,34.026923
8848,9813,37.742308,34.030769
8849,9814,37.746154,34.034615
8850,9815,37.750000,34.038462
8851,9816,37.753846,34.042308
8852,9817,37.757692,34.046154
8853,9818,37.761538,34.050000
8854,9819,37.765385,34.053846
8855,9820,37.769231,34.057692
8856,9821,37.773077,34.061538
8857,9822,37.776923,34.065385
8858,9823,37.780769,34.069231
8859,9824,37.784615,34.073077
8860,9825,37.788462,34.076923
8861,9826,37.792308,34.080769
8862,9827,37.796154,34.084615
8863,9828,37.800000,34.088462
8864,9829,37.803846,34.092308
8865,9830,37.807692,34.096154
8866,9831,37.811538,34.100000
8867,9832,37.815385,34.103846
8868,9833,37.819231,34.107692
8869,9834,37.823077,34.111538
8870,9835,37.826923,34.115385
8871,9836,37.830769,34.119231
8872,9837,37.834615,34.123077
8873,9838,37.838462,34.126923
8874,9839,37.842308,34.130769
8875,9840,37.846154,34.134615
8876,9841,37.850000,34.138462
8877,9842,37.853846,34.142308
8878,9843,37.857692,34.146154
8879,9844,37.861538,34.150000
8880,9845,37.865385,34.153846
8881,9846,37.869231,34.157692
8882,9847,37.873077,34.161538
8883,9848,37.876923,34.165385
8884,9849,37.880769,34.169231
8885,9850,37.884615,34.173077
8886,9851,37.888462,34.176923
8887,9852,37.892308,34.180769
8888,9853,37.896154,34.184615
8889,9854,37.900000,34.188462
8890,9855,37.903846,34.192308
8891,9856,37.907692,34.196154
8892,9857,37.911538,34.200000
8893,9858,37.915385,34.203846
8894,9859,37.919231,34.207692
8895,9860,37.923077,34.211538
8896,9861,37.926923,34.215385
8897,9862,37.930769,34.219231
8898,9863,37.934615,34.223077
8899,9864,37.938462,34.226923
8900,9865,37.942308,34.230769
8901,9866,37.946154,34.234615
8902,9867,37.950000,34.238462
8903,9868,37.953846,34.242308
8904,9869,37.957692,34.246154
8905,9870,37.961538,34.250000
8906,9871,37.965385,34.253846
8907,9872,37.969231,34.257692
8908,9873,37.973077,34.261538
8909,9874,37.976923,34.265385
8910,9875,37.980769,34.269231
8911,9876,37.984615,34.273077
8912,9877,37.988462,34.276923
8913,9878,37.992308,34.280769
8914,9879,37.996154,34.284615
8915,9880,38.000000,34.288462
8916,9881,38.003846,34.292308
8917,9882,38.007692,34.296154
8918,9883,38.011538,34.300000
8919,9884,38.015385,34.303846
8920,9885,38.019231,34.307692
8921,9886,38.023077,34.311538
8922,9887,38.026923,34.315385
8923,9888,38.030769,34.319231
8924,9889,38.034615,34.323077
8925,9890,38.038462,34.326923
8926,9891,38.042308,34.330769
8927,9892,38.046154,34.334615
8928,9893,38.050000,34.338462
8929,9894,38.053846,34.342308
8930,9895,38.057692,34.346154
8931,9896,38.061538,34.350000
8932,9897,38.065385,34.353846
8933,9898,38.069231,34.357692
8934,9899,38.073077,34.361538
8935,9900,38.076923,34.365385
8936,9901,38.080769,34.369231
8937,9902,38.084615,34.373077
8938,9903,38.088462,34.376923
8939,9904,38.092308,34.380769
8940,9905,38.096154,34.384615
8941,9906,38.100000,34.388462
8942,9907,38.103846,34.392308
8943,9908,38.107692,34.396154
8944,9909,38.111538,34.400000
8945,9910,38.115385,34.403846
8946,9911,38.119231,34.407692
8947,9912,38.123077,34.411538
8948,9913,38.126923,34.415385
8949,9914,38.130769,34.419231
8950,9915,38.134615,34.423077
8951,9916,38.138462,34.426923
8952,9917,38.142308,34.430769
8953,9918,38.146154,34.434615
8954,9919,38.150000,34.438462
8955,9920,38.153846,34.442308
8956,9921,38.157692,34.446154
8957,9922,38.161538,34.450000
8958,9923,38.165385,34.453846
8959,9924,38.169231,34.457692
8960,9925,38.173077,34.461538
8961,9926,38.176923,34.465385
8962,9927,38.180769,34.469231
8963,9928,38.184615,34.473077
8964,9929,38.188462,34.476923
8965,9930,38.192308,34.480769
8966,9931,38.196154,34.484615
8967,9932,38.200000,34.488462
8968,9933,38.203846,34.492308
8969,9934,38.207692,34.496154
8970,9935,38.211538,34.500000
8971,9936,38.215385,34.503846
8972,9937,38.219231,34.507692
8973,9938,38.223077,34.511538
8974,9939,38.226923,34.515385
8975,9940,38.230769,34.519231
8976,9941,38.234615,34.523077
8977,9942,38.238462,34.526923
8978,9943,38.242308,34.530769
8979,9944,38.246154,34.534615
8980,9945,38.250000,34.538462
8981,9946,38.253846,34.542308
8982,9947,38.257692,34.546154
8983,9948,38.261538,34.550000
8984,9949,38.265385,34.553846
8985,9950,38.269231,34.557692
8986,9951,38.273077,34.561538
8987,9952,38.276923,34.565385
8988,9953,38.280769,34.569231
8989,9954,38.284615,34.573077
8990,9955,38.288462,34.576923
8991,9956,38.292308,34.580769
8992,9957,38.296154,34.584615
8993,9958,38.300000,34.588462
8994,9959,38.303846,34.592308
8995,9960,38.307692,34.596154
8996,9961,38.311538,34.600000
8997,9962,38.315385,34.603846
8998,9963,38.319231,34.607692
8999,9964,38.323077,34.611538
9000,9965,38.326923,34.615385
9001,9966,38.330769,34.619231
9002,9967,38.334615,34.623077
9003,9968,38.338462,34.626923
9004,9969,38.342308,34.630769
9005,9970,38.346154,34.634615
9006,9971,38.350000,34.638462
9007,9972,38.353846,34.642308
9008,9973,38.357692,34.646154
9009,9974,38.361538,34.650000
9010,9975,38.365385,34.653846
9011,9976,38.369231,34.657692
9012,9977,38.373077,34.661538
9013,9978,38.376923,34.665385
9014,9979,38.380769,34.669231
9015,9980,38.384615,34.673077
9016,9981,38.388462,34.676923
9017,9982,38.392308,34.680769
9018,9983,38.396154,34.684615
9019,9984,38.400000,34.688462
9020,9985,38.403846,34.692308
9021,9986,38.407692,34.696154
9022,9987,38.411538,34.700000
9023,9988,38.415385,34.703846
9024,9989,38.419231,34.707692
9025,9990,38.423077,34.711538
9026,9991,38.426923,34.715385
9027,9992,38.430769,34.719231
9028,9993,38.434615,34.723077
9029,9994,38.438462,34.726923
9030,9995,38.442308,34.730769
9031,9996,38.446154,34.734615
9032,9997,38.450000,34.738462
9033,9998,38.453846,34.742308
9034,9999,38.457692,34.746154
9035,10000,38.461538,34.750000
9036,10001,38.465385,34.753846
9037,10002,38.469231,34.757692
9038,10003,38.473077,34.761538
9039,10004,38.476923,34.765385
9040,10005,38.480769,34.769231
9041,10006,38.484615,34.773077
9042,10007,38.488462,34.776923
9043,10008,38.492308,34.780769
9044,10009,38.496154,34.784615
9045,10010,38.500000,34.788462
9046,10011,38.503846,34.792308
9047,10012,38.507692,34.796154
9048,10013,38.511538,34.800000
9049,10014,38.515385,34.803846
9050,10015,38.519231,34.807692
9051,10016,38.523077,34.811538
9052,10017,38.526923,34.815385
9053,10018,38.530769,34.819231
9054,10019,38.534615,34.823077
9055,10020,38.538462,34.826923
9056,10021,38.542308,34.830769
9057,10022,38.546154,34.834615
9058,10023,38.550000,34.838462
9059,10024,38.553846,34.842308
9060,10025,38.557692,34.846154
9061,10026,38.561538,34.850000
9062,10027,38.565385,34.853846
9063,10028,38.569231,34.857692
9064,10029,38.573077,34.861538
9065,10030,38.576923,34.865385
9066,10031,38.580769,34.869231
9067,10032,38.584615,34.873077
9068,10033,38.588462,34.876923
9069,10034,38.592308,34.880769
9070,10035,38.596154,34.884615
9071,10036,38.600000,34.888462
9072,10037,38.603846,34.892308
9073,10038,38.607692,34.896154
9074,10039,38.611538,34.900000
9075,10040,38.615385,34.903846
9076,10041,38.619231,34.907692
9077,10042,38.623077,34.911538
9078,10043,38.626923,34.915385
9079,10044,38.630769,34.919231
9080,10045,38.634615,34.923077
9081,10046,38.638462,34.926923
9082,10047,38.642308,34.930769
9083,10048,38.646154,34.934615
9084,10049,38.650000,34.938462
9085,10050,38.653846,34.942308
9086,10051,38.657692,34.946154
9087,10052,38.661538,34.950000
9088,10053,38.665385,34.953846
9089,10054,38.669231,34.957692
9090,10055,38.673077,34.961538
9091,10056,38.676923,34.965385
9092,10057,38.680769,34.969231
9093,10058,38.684615,34.973077
9094,10059,38.688462,34.976923
9095,10060,38.692308,34.980769
9096,10061,38.696154,34.984615
9097,10062,38.700000,34.988462
9098,10063,38.703846,34.992308
9099,10064,38.707692,34.996154
9100,10065,38.711538,35.000000
9101,10066,38.715385,35.003846
9102,10067,38.719231,35.007692
9103,10068,38.723077,35.011538
9104,10069,38.726923,35.015385
9105,10070,38.730769,35.019231
9106,10071,38.734615,35.023077
9107,10072,38.738462,35.026923
9108,10073,38.742308,35.030769
9109,10074,38.746154,35.034615
9110,10075,38.750000,35.038462
9111,10076,38.753846,35.042308
9112,10077,38.757692,35.046154
9113,10078,38.761538,35.050000
9114,10079,38.765385,35.053846
9115,10080,38.769231,35.057692
9116,10081,38.773077,35.061538
9117,10082,38.776923,35.065385
9118,10083,38.780769,35.069231
9119,10084,38.784615,35.073077
9120,10085,38.788462,35.076923
9121,10086,38.792308,35.080769
9122,10087,38.796154,35.084615
9123,10088,38.800000,35.088462
9124,10089,38.803846,35.092308
9125,10090,38.807692,35.096154
9126,10091,38.811538,35.100000
9127,10092,38.815385,35.103846
9128,10093,38.819231,35.107692
9129,10094,38.823077,35.111538
9130,10095,38.826923,35.115385
9131,10096,38.830769,35.119231
9132,10097,38.834615,35.123077
9133,10098,38.838462,35.126923
9134,10099,38.842308,35.130769
9135,10100,38.846154,35.134615
9136,10101,38.850000,35.138462
9137,10102,38.853846,35.142308
9138,10103,38.857692,35.146154
9139,10104,38.861538,35.150000
9140,10105,38.865385,35.153846
9141,10106,38.869231,35.157692
9142,10107,38.873077,35.161538
9143,10108,38.876923,35.165385
9144,10109,38.880769,35.169231
9145,10110,38.884615,35.173077
9146,10111,38.888462,35.176923
9147,10112,38.892308,35.180769
9148,10113,38.896154,35.184615
9149,10114,38.900000,35.188462
9150,10115,38.903846,35.192308
9151,10116,38.907692,35.196154
9152,10117,38.911538,35.200000
9153,10118,38.915385,35.203846
9154,10119,38.919231,35.207692
9155,10120,38.923077,35.211538
9156,10121,38.926923,35.215385
9157,10122,38.930769,35.219231
9158,10123,38.934615,35.223077
9159,10124,38.938462,35.226923
9160,10125,38.942308,35.230769
9161,10126,38.946154,35.234615
9162,10127,38.950000,35.238462
9163,10128,38.953846,35.242308
9164,10129,38.957692,35.246154
9165,10130,38.961538,35.250000
9166,10131,38.965385,35.253846
9167,10132,38.969231,35.257692
9168,10133,38.973077,35.261538
9169,10134,38.976923,35.265385
9170,10135,38.980769,35.269231
9171,10136,38.984615,35.273077
9172,10137,38.988462,35.276923
9173,10138,38.992308,35.280769
9174,10139,38.996154,35.284615
9175,10140,39.000000,35.288462
9176,10141,39.003846,35.292308
9177,10142,39.007692,35.296154
9178,10143,39.011538,35.300000
9179,10144,39.015385,35.303846
9180,10145,39.019231,35.307692
9181,10146,39.023077,35.311538
9182,10147,39.026923,35.315385
9183,10148,39.030769,35.319231
9184,10149,39.034615,35.323077
9185,10150,39.038462,35.326923
9186,10151,39.042308,35.330769
9187,10152,39.046154,35.334615
9188,10153,39.050000,35.338462
9189,10154,39.053846,35.342308
9190,10155,39.057692,35.346154
9191,10156,39.061538,35.350000
9192,10157,39.065385,35.353846
9193,10158,39.069231,35.357692
9194,10159,39.073077,35.361538
9195,10160,39.076923,35.365385
9196,10161,39.080769,35.369231
9197,10162,39.084615,35.373077
9198,10163,39.088462,35.376923
9199,10164,39.092308,35.380769
9200,10165,39.096154,35.384615
9201,10166,39.100000,35.388462
9202,10167,39.103846,35.392308
9203,10168,39.107692,35.396154
9204,10169,39.111538,35.400000
9205,10170,39.115385,35.403846
9206,10171,39.119231,35.407692
9207,10172,39.123077,35.411538
9208,10173,39.126923,35.415385
9209,10174,39.130769,35.419231
9210,10175,39.134615,35.423077
9211,10176,39.138462,35.426923
9212,10177,39.142308,35.430769
9213,10178,39.146154,35.434615
9214,10179,39.150000,35.438462
9215,10180,39.153846,35.442308
9216,10181,39.157692,35.446154
9217,10182,39.161538,35.450000
9218,10183,39.165385,35.453846
9219,10184,39.169231,35.457692
9220,10185,39.173077,35.461538
9221,10186,39.176923,35.465385
9222,10187,39.180769,35.469231
9223,10188,39.184615,35.473077
9224,10189,39.188462,35.476923
9225,10190,39.192308,35.480769
9226,10191,39.196154,35.484615
9227,10192,39.200000,35.488462
9228,10193,39.203846,35.492308
9229,10194,39.207692,35.496154
9230,10195,39.211538,35.500000
9231,10196,39.215385,35.503846
9232,10197,39.219231,35.507692
9233,10198,39.223077,35.511538
9234,10199,39.226923,35.515385
9235,10200,39.230769,35.519231
9236,10201,39.234615,35.523077
9237,10202,39.238462,35.526923
9238,10203,39.242308,35.530769
9239,10204,39.246154,35.534615
9240,10205,39.250000,35.538462
9241,10206,39.253846,35.542308
9242,10207,39.257692,35.546154
9243,10208,39.261538,35.550000
9244,10209,39.265385,35.553846
9245,10210,39.269231,35.557692
9246,10211,39.273077,35.561538
9247,10212,39.276923,35.565385
9248,10213,39.280769,35.569231
9249,10214,39.284615,35.573077
9250,10215,39.288462,35.576923
9251,10216,39.292308,35.580769
9252,10217,39.296154,35.584615
9253,10218,39.300000,35.588462
9254,10219,39.303846,35.592308
9255,10220,39.307692,35.596154
9256,10221,39.311538,35.600000
9257,10222,39.315385,35.603846
9258,10223,39.319231,35.607692
9259,10224,39.323077,35.611538
9260,10225,39.326923,35.615385
9261,10226,39.330769,35.619231
9262,10227,39.334615,35.623077
9263,10228,39.338462,35.626923
9264,10229,39.342308,35.630769
9265,10230,39.346154,35.634615
9266,10231,39.350000,35.638462
9267,10232,39.353846,35.642308
9268,10233,39.357692,35.646154
9269,10234,39.361538,35.650000
9270,10235,39.365385,35.653846
9271,10236,39.369231,35.657692
9272,10237,39.373077,35.661538
9273,10238,39.376923,35.665385
9274,10239,39.380769,35.669231
9275,10240,39.384615,35.673077
9276,10241,39.388462,35.676923
9277,10242,39.392308,35.680769
9278,10243,39.396154,35.684615
9279,10244,39.400000,35.688462
9280,10245,39.403846,35.692308
9281,10246,39.407692,35.696154
9282,10247,39.411538,35.700000
9283,10248,39.415385,35.703846
9284,10249,39.419231,35.707692
9285,10250,39.423077,35.711538
9286,10251,39.426923,35.715385
9287,10252,39.430769,35.719231
9288,10253,39.434615,35.723077
9289,10254,39.438462,35.726923
9290,10255,39.442308,35.730769
9291,10256,39.446154,35.734615
9292,10257,39.450000,35.738462
9293,10258,39.453846,35.742308
9294,10259,39.457692,35.746154
9295,10260,39.461538,35.750000
9296,10261,39.465385,35.753846
9297,10262,39.469231,35.757692
9298,10263,39.473077,35.761538
9299,10264,39.476923,35.765385
9300,10265,39.480769,35.769231
9301,10266,39.484615,35.773077
9302,10267,39.488462,35.776923
9303,10268,39.492308,35.780769
9304,10269,39.496154,35.784615
9305,10270,39.500000,35.788462
9306,10271,39.503846,35.792308
9307,10272,39.507692,35.796154
9308,10273,39.511538,35.800000
9309,10274,39.515385,35.803846
9310,10275,39.519231,35.807692
9311,10276,39.523077,35.811538
9312,10277,39.526923,35.815385
9313,10278,39.530769,35.819231
9314,10279,39.534615,35.823077
9315,10280,39.538462,35.826923
9316,10281,39.542308,35.830769
9317,10282,39.546154,35.834615
9318,10283,39.550000,35.838462
9319,10284,39.553846,35.842308
9320,10285,39.557692,35.846154
9321,10286,39.561538,35.850000
9322,10287,39.565385,35.853846
9323,10288,39.569231,35.857692
9324,10289,39.573077,35.861538
9325,10290,39.576923,35.865385
9326,10291,39.580769,35.869231
9327,10292,39.584615,35.873077
9328,10293,39.588462,35.876923
9329,10294,39.592308,35.880769
9330,10295,39.596154,35.884615
9331,10296,39.600000,35.888462
9332,10297,39.603846,35.892308
9333,10298,39.607692,35.896154
9334,10299,39.611538,35.900000
9335,10300,39.615385,35.903846
9336,10301,39.619231,35.907692
9337,10302,39.623077,35.911538
9338,10303,39.626923,35.915385
9339,10304,39.630769,35.919231
9340,10305,39.634615,35.923077
9341,10306,39.638462,35.926923
9342,10307,39.642308,35.930769
9343,10308,39.646154,35.934615
9344,10309,39.650000,35.938462
9345,10310,39.653846,35.942308
9346,10311,39.657692,35.946154
9347,10312,39.661538,35.950000
9348,10313,39.665385,35.953846
9349,10314,39.669231,35.957692
9350,10315,39.673077,35.961538
9351,10316,39.676923,35.965385
9352,10317,39.680769,35.969231
9353,10318,39.684615,35.973077
9354,10319,39.688462,35.976923
9355,10320,39.692308,35.980769
9356,10321,39.696154,35.984615
9357,10322,39.700000,35.988462
9358,10323,39.703846,35.992308
9359,10324,39.707692,35.996154
9360,10325,39.711538,36.000000
9361,10326,39.715385,36.003846
9362,10327,39.719231,36.007692
9363,10328,39.723077,36.011538
9364,10329,39.726923,36.015385
9365,10330,39.730769,36.019231
9366,10331,39.734615,36.023077
9367,10332,39.738462,36.026923
9368,10333,39.742308,36.030769
9369,10334,39.746154,36.034615
9370,10335,39.750000,36.038462
9371,10336,39.753846,36.042308
9372,10337,39.757692,36.046154
9373,10338,39.761538,36.050000
9374,10339,39.765385,36.053846
9375,10340,39.769231,36.057692
9376,10341,39.773077,36.061538
9377,10342,39.776923,36.065385
9378,10343,39.780769,36.069231
9379,10344,39.784615,36.073077
9380,10345,39.788462,36.076923
9381,10346,39.792308,36.080769
9382,10347,39.796154,36.084615
9383,10348,39.800000,36.088462
9384,10349,39.803846,36.092308
9385,10350,39.807692,36.096154
9386,10351,39.811538,36.100000
9387,10352,39.815385,36.103846
9388,10353,39.819231,36.107692
9389,10354,39.823077,36.111538
9390,10355,39.826923,36.115385
9391,10356,39.830769,36.119231
9392,10357,39.834615,36.123077
9393,10358,39.838462,36.126923
9394,10359,39.842308,36.130769
9395,10360,39.846154,36.134615
9396,10361,39.850000,36.138462
9397,10362,39.853846,36.142308
9398,10363,39.857692,36.146154
9399,10364,39.861538,36.150000
9400,10365,39.865385,36.153846
9401,10366,39.869231,36.157692
9402,10367,39.873077,36.161538
9403,10368,39.876923,36.165385
9404,10369,39.880769,36.169231
9405,10370,39.884615,36.173077
9406,10371,39.888462,36.176923
9407,10372,39.892308,36.180769
9408,10373,39.896154,36.184615
9409,10374,39.900000,36.188462
9410,10375,39.903846,36.192308
9411,10376,39.907692,36.196154
9412,10377,39.911538,36.200000
9413,10378,39.915385,36.203846
9414,10379,39.919231,36.207692
9415,10380,39.923077,36.211538
9416,10381,39.926923,36.215385
9417,10382,39.930769,36.219231
9418,10383,39.934615,36.223077
9419,10384,39.938462,36.226923
9420,10385,39.942308,36.230769
9421,10386,39.946154,36.234615
9422,10387,39.950000,36.238462
9423,10388,39.953846,36.242308
9424,10389,39.957692,36.246154
9425,10390,39.961538,36.250000
9426,10391,39.965385,36.253846
9427,10392,39.969231,36.257692
9428,10393,39.973077,36.261538
9429,10394,39.976923,36.265385
9430,10395,39.980769,36.269231
9431,10396,39.984615,36.273077
9432,10397,39.988462,36.276923
9433,10398,39.992308,36.280769
9434,10399,39.996154,36.284615
9435,10400,40.000000,36.288462
9436,10401,40.003846,36.292308
9437,10402,40.007692,36.296154
9438,10403,40.011538,36.300000
9439,10404,40.015385,36.303846
9440,10405,40.019231,36.307692
9441,10406,40.023077,36.311538
9442,10407,40.026923,36.315385
9443,10408,40.030769,36.319231
9444,10409,40.034615,36.323077
9445,10410,40.038462,36.326923
9446,10411,40.042308,36.330769
9447,10412,40.046154,36.334615
9448,10413,40.050000,36.338462
9449,10414,40.053846,36.342308
9450,10415,40.057692,36.346154
9451,10416,40.061538,36.350000
9452,10417,40.065385,36.353846
9453,10418,40.069231,36.357692
9454,10419,40.073077,36.361538
9455,10420,40.076923,36.365385
9456,10421,40.080769,36.369231
9457,10422,40.084615,36.373077
9458,10423,40.088462,36.376923
9459,10424,40.092308,36.380769
9460,10425,40.096154,36.384615
9461,10426,40.100000,36.388462
9462,10427,40.103846,36.392308
9463,10428,40.107692,36.396154
9464,10429,40.111538,36.400000
9465,10430,40.115385,36.403846
9466,10431,40.119231,36.407692
9467,10432,40.123077,36.411538
9468,10433,40.126923,36.415385
9469,10434,40.130769,36.419231
9470,10435,40.134615,36.423077
9471,10436,40.138462,36.426923
9472,10437,40.142308,36.430769
9473,10438,40.146154,36.434615
9474,10439,40.150000,36.438462
9475,10440,40.153846,36.442308
9476,10441,40.157692,36.446154
9477,10442,40.161538,36.450000
9478,10443,40.165385,36.453846
9479,10444,40.169231,36.457692
9480,10445,40.173077,36.461538
9481,10446,40.176923,36.465385
9482,10447,40.180769,36.469231
9483,10448,40.184615,36.473077
9484,10449,40.188462,36.476923
9485,10450,40.192308,36.480769
9486,10451,40.196154,36.484615
9487,10452,40.200000,36.488462
9488,10453,40.203846,36.492308
9489,10454,40.207692,36.496154
9490,10455,40.211538,36.500000
9491,10456,40.215385,36.503846
9492,10457,40.219231,36.507692
9493,10458,40.223077,36.511538
9494,10459,40.226923,36.515385
9495,10460,40.230769,36.519231
9496,10461,40.234615,36.523077
9497,10462,40.238462,36.526923
9498,10463,40.242308,36.530769
9499,10464,40.246154,36.534615
9500,10465,40.250000,36.538462
9501,10466,40.253846,36.542308
9502,10467,40.257692,36.546154
9503,10468,40.261538,36.550000
9504,10469,40.265385,36.553846
9505,10470,40.269231,36.557692
9506,10471,40.273077,36.561538
9507,10472,40.276923,36.565385
9508,10473,40.280769,36.569231
9509,10474,40.284615,36.573077
9510,10475,40.288462,36.576923
9511,10476,40.292308,36.580769
9512,10477,40.296154,36.584615
9513,10478,40.300000,36.588462
9514,10479,40.303846,36.592308
9515,10480,40.307692,36.596154
9516,10481,40.311538,36.600000
9517,10482,40.315385,36.603846
9518,10483,40.319231,36.607692
9519,10484,40.323077,36.611538
9520,10485,40.326923,36.615385
9521,10486,40.330769,36.619231
9522,10487,40.334615,36.623077
9523,10488,40.338462,36.626923
9524,10489,40.342308,36.630769
9525,10490,40.346154,36.634615
9526,10491,40.350000,36.638462
9527,10492,40.353846,36.642308
9528,10493,40.357692,36.646154
9529,10494,40.361538,36.650000
9530,10495,40.365385,36.653846
9531,10496,40.369231,36.657692
9532,10497,40.373077,36.661538
9533,10498,40.376923,36.665385
9534,10499,40.380769,36.669231
9535,10500,40.384615,36.673077
9536,10501,40.388462,36.676923
9537,10502,40.392308,36.680769
9538,10503,40.396154,36.684615
9539,10504,40.400000,36.688462
9540,10505,40.403846,36.692308
9541,10506,40.407692,36.696154
9542,10507,40.411538,36.700000
9543,10508,40.415385,36.703846
9544,10509,40.419231,36.707692
9545,10510,40.423077,36.711538
9546,10511,40.426923,36.715385
9547,10512,40.430769,36.719231
9548,10513,40.434615,36.723077
9549,10514,40.438462,36.726923
9550,10515,40.442308,36.730769
9551,10516,40.446154,36.734615
9552,10517,40.450000,36.738462
9553,10518,40.453846,36.742308
9554,10519,40.457692,36.746154
9555,10520,40.461538,36.750000
9556,10521,40.465385,36.753846
9557,10522,40.469231,36.757692
9558,10523,40.473077,36.761538
9559,10524,40.476923,36.765385
9560,10525,40.480769,36.769231
9561,10526,40.484615,36.773077
9562,10527,40.488462,36.776923
9563,10528,40.492308,36.780769
9564,10529,40.496154,36.784615
9565,10530,40.500000,36.788462
9566,10531,40.503846,36.792308
9567,10532,40.507692,36.796154
9568,10533,40.511538,36.800000
9569,10534,40.515385,36.803846
9570,10535,40.519231,36.807692
9571,10536,40.523077,36.811538
9572,10537,40.526923,36.815385
9573,10538,40.530769,36.819231
9574,10539,40.534615,36.823077
9575,10540,40.538462,36.826923
9576,10541,40.542308,36.830769
9577,10542,40.546154,36.834615
9578,10543,40.550000,36.838462
9579,10544,40.553846,36.842308
9580,10545,40.557692,36.846154
9581,10546,40.561538,36.850000
9582,10547,40.565385,36.853846
9583,10548,40.569231,36.857692
9584,10549,40.573077,36.861538
9585,10550,40.576923,36.865385
9586,10551,40.580769,36.869231
9587,10552,40.584615,36.873077
9588,10553,40.588462,36.876923
9589,10554,40.592308,36.880769
9590,10555,40.596154,36.884615
9591,10556,40.600000,36.888462
9592,10557,40.603846,36.892308
9593,10558,40.607692,36.896154
9594,10559,40.611538,36.900000
9595,10560,40.615385,36.903846
9596,10561,40.619231,36.907692
9597,10562,40.623077,36.911538
9598,10563,40.626923,36.915385
9599,10564,40.630769,36.919231
9600,10565,40.634615,36.923077
9601,10566,40.638462,36.926923
9602,10567,40.642308,36.930769
9603,10568,40.646154,36.934615
9604,10569,40.650000,36.938462
9605,10570,40.653846,36.942308
9606,10571,40.657692,36.946154
9607,10572,40.661538,36.950000
9608,10573,40.665385,36.953846
9609,10574,40.669231,36.957692
9610,10575,40.673077,36.961538
9611,10576,40.676923,36.965385
9612,10577,40.680769,36.969231
9613,10578,40.684615,36.973077
9614,10579,40.688462,36.976923
9615,10580,40.692308,36.980769
9616,10581,40.696154,36.984615
9617,10582,40.700000,36.988462
9618,10583,40.703846,36.992308
9619,10584,40.707692,36.996154
9620,10585,40.711538,37.000000
9621,10586,40.715385,37.003846
9622,10587,40.719231,37.007692
9623,10588,40.723077,37.011538
9624,10589,40.726923,37.015385
9625,10590,40.730769,37.019231
9626,10591,40.734615,37.023077
9627,10592,40.738462,37.026923
9628,10593,40.742308,37.030769
9629,10594,40.746154,37.034615
9630,10595,40.750000,37.038462
9631,10596,40.753846,37.042308
9632,10597,40.757692,37.046154
9633,10598,40.761538,37.050000
9634,10599,40.765385,37.053846
9635,10600,40.769231,37.057692
9636,10601,40.773077,37.061538
9637,10602,40.776923,37.065385
9638,10603,40.780769,37.069231
9639,10604,40.784615,37.073077
9640,10605,40.788462,37.076923
9641,10606,40.792308,37.080769
9642,10607,40.796154,37.084615
9643,10608,40.800000,37.088462
9644,10609,40.803846,37.092308
9645,10610,40.807692,37.096154
9646,10611,40.811538,37.100000
9647,10612,40.815385,37.103846
9648,10613,40.819231,37.107692
9649,10614,40.823077,37.111538
9650,10615,40.826923,37.115385
9651,10616,40.830769,37.119231
9652,10617,40.834615,37.123077
9653,10618,40.838462,37.126923
9654,10619,40.842308,37.130769
9655,10620,40.846154,37.134615
9656,10621,40.850000,37.138462
9657,10622,40.853846,37.142308
9658,10623,40.857692,37.146154
9659,10624,40.861538,37.150000
9660,10625,40.865385,37.153846
9661,10626,40.869231,37.157692
9662,10627,40.873077,37.161538
9663,10628,40.876923,37.165385
9664,10629,40.880769,37.169231
9665,10630,40.884615,37.173077
9666,10631,40.888462,37.176923
9667,10632,40.892308,37.180769
9668,10633,40.896154,37.184615
9669,10634,40.900000,37.188462
9670,10635,40.903846,37.192308
9671,10636,40.907692,37.196154
9672,10637,40.911538,37.200000
9673,10638,40.915385,37.203846
9674,10639,40.919231,37.207692
9675,10640,40.923077,37.211538
9676,10641,40.926923,37.215385
9677,10642,40.930769,37.219231
9678,10643,40.934615,37.223077
9679,10644,40.938462,37.226923
9680,10645,40.942308,37.230769
9681,10646,40.946154,37.234615
9682,10647,40.950000,37.238462
9683,10648,40.953846,37.242308
9684,10649,40.957692,37.246154
9685,10650,40.961538,37.250000
9686,10651,40.965385,37.253846
9687,10652,40.969231,37.257692
9688,10653,40.973077,37.261538
9689,10654,40.976923,37.265385
9690,10655,40.980769,37.269231
9691,10656,40.984615,37.273077
9692,10657,40.988462,37.276923
9693,10658,40.992308,37.280769
9694,10659,40.996154,37.284615
9695,10660,41.000000,37.288462
9696,10661,41.003846,37.292308
9697,10662,41.007692,37.296154
9698,10663,41.011538,37.300000
9699,10664,41.015385,37.303846
9700,10665,41.019231,37.307692
9701,10666,41.023077,37.311538
9702,10667,41.026923,37.315385
9703,10668,41.030769,37.319231
9704,10669,41.034615,37.323077
9705,10670,41.038462,37.326923
9706,10671,41.042308,37.330769
9707,10672,41.046154,37.334615
9708,10673,41.050000,37.338462
9709,10674,41.053846,37.342308
9710,10675,41.057692,37.346154
9711,10676,41.061538,37.350000
9712,10677,41.065385,37.353846
9713,10678,41.069231,37.357692
9714,10679,41.073077,37.361538
9715,10680,41.076923,37.365385
9716,10681,41.080769,37.369231
9717,10682,41.084615,37.373077
9718,10683,41.088462,37.376923
9719,10684,41.092308,37.380769
9720,10685,41.096154,37.384615
9721,10686,41.100000,37.388462
9722,10687,41.103846,37.392308
9723,10688,41.107692,37.396154
9724,10689,41.111538,37.400000
9725,10690,41.115385,37.403846
9726,10691,41.119231,37.407692
9727,10692,41.123077,37.411538
9728,10693,41.126923,37.415385
9729,10694,41.130769,37.419231
9730,10695,41.134615,37.423077
9731,10696,41.138462,37.426923
9732,10697,41.142308,37.430769
9733,10698,41.146154,37.434615
9734,10699,41.150000,37.438462
9735,10700,41.153846,37.442308
9736,10701,41.157692,37.446154
9737,10702,41.161538,37.450000
9738,10703,41.165385,37.453846
9739,10704,41.169231,37.457692
9740,10705,41.173077,37.461538
9741,10706,41.176923,37.465385
9742,10707,41.180769,37.469231
9743,10708,41.184615,37.473077
9744,10709,41.188462,37.476923
9745,10710,41.192308,37.480769
9746,10711,41.196154,37.484615
9747,10712,41.200000,37.488462
9748,10713,41.203846,37.492308
9749,10714,41.207692,37.496154
9750,10715,41.211538,37.500000
9751,10716,41.215385,37.503846
9752,10717,41.219231,37.507692
9753,10718,41.223077,37.511538
9754,10719,41.226923,37.515385
9755,10720,41.230769,37.519231
9756,10721,41.234615,37.523077
9757,10722,41.238462,37.526923
9758,10723,41.242308,37.530769
9759,10724,41.246154,37.534615
9760,10725,41.250000,37.538462
9761,10726,41.253846,37.542308
9762,10727,41.257692,37.546154
9763,10728,41.261538,37.550000
9764,10729,41.265385,37.553846
9765,10730,41.269231,37.557692
9766,10731,41.273077,37.561538
9767,10732,41.276923,37.565385
9768,10733,41.280769,37.569231
9769,10734,41.284615,37.573077
9770,10735,41.288462,37.576923
9771,10736,41.292308,37.580769
9772,10737,41.296154,37.584615
9773,10738,41.300000,37.588462
9774,10739,41.303846,37.592308
9775,10740,41.307692,37.596154
9776,10741,41.311538,37.600000
9777,10742,41.315385,37.603846
9778,10743,41.319231,37.607692
9779,10744,41.323077,37.611538
9780,10745,41.326923,37.615385
9781,10746,41.330769,37.619231
9782,10747,41.334615,37.623077
9783,10748,41.338462,37.626923
9784,10749,41.342308,37.630769
9785,10750,41.346154,37.634615
9786,10751,41.350000,37.638462
9787,10752,41.353846,37.642308
9788,10753,41.357692,37.646154
9789,10754,41.361538,37.650000
9790,10755,41.365385,37.653846
9791,10756,41.369231,37.657692
9792,10757,41.373077,37.661538
9793,10758,41.376923,37.665385
9794,10759,41.380769,37.669231
9795,10760,41.384615,37.673077
9796,10761,41.388462,37.676923
9797,10762,41.392308,37.680769
9798,10763,41.396154,37.684615
9799,10764,41.400000,37.688462
9800,10765,41.403846,37.692308
9801,10766,41.407692,37.696154
9802,10767,41.411538,37.700000
9803,10768,41.415385,37.703846
9804,10769,41.419231,37.707692
9805,10770,41.423077,37.711538
9806,10771,41.426923,37.715385
9807,10772,41.430769,37.719231
9808,10773,41.434615,37.723077
9809,10774,41.438462,37.726923
9810,10775,41.442308,37.730769
9811,10776,41.446154,37.734615
9812,10777,41.450000,37.738462
9813,10778,41.453846,37.742308
9814,10779,41.457692,37.746154
9815,10780,41.461538,37.750000
9816,10781,41.465385,37.753846
9817,10782,41.469231,37.757692
9818,10783,41.473077,37.761538
9819,10784,41.476923,37.765385
9820,10785,41.480769,37.769231
9821,10786,41.484615,37.773077
9822,10787,41.488462,37.776923
9823,10788,41.492308,37.780769
9824,10789,41.496154,37.784615
9825,10790,41.500000,37.788462
9826,10791,41.503846,37.792308
9827,10792,41.507692,37.796154
9828,10793,41.511538,37.800000
9829,10794,41.515385,37.803846
9830,10795,41.519231,37.807692
9831,10796,41.523077,37.811538
9832,10797,41.526923,37.815385
9833,10798,41.530769,37.819231
9834,10799,41.534615,37.823077
9835,10800,41.538462,37.826923
9836,10801,41.542308,37.830769
9837,10802,41.546154,37.834615
9838,10803,41.550000,37.838462
9839,10804,41.553846,37.842308
9840,10805,41.557692,37.846154
9841,10806,41.561538,37.850000
9842,10807,41.565385,37.853846
9843,10808,41.569231,37.857692
9844,10809,41.573077,37.861538
9845,10810,41.576923,37.865385
9846,10811,41.580769,37.869231
9847,10812,41.584615,37.873077
9848,10813,41.588462,37.876923
9849,10814,41.592308,37.880769
9850,10815,41.596154,37.884615
9851,10816,41.600000,37.888462
9852,10817,41.603846,37.892308
9853,10818,41.607692,37.896154
9854,10819,41.611538,37.900000
9855,10820,41.615385,37.903846
9856,10821,41.619231,37.907692
9857,10822,41.623077,37.911538
9858,10823,41.626923,37.915385
9859,10824,41.630769,37.919231
9860,10825,41.634615,37.923077
9861,10826,41.638462,37.926923
9862,10827,41.642308,37.930769
9863,10828,41.646154,37.934615
9864,10829,41.650000,37.938462
9865,10830,41.653846,37.942308
9866,10831,41.657692,37.946154
9867,10832,41.661538,37.950000
9868,10833,41.665385,37.953846
9869,10834,41.669231,37.957692
9870,10835,41.673077,37.961538
9871,10836,41.676923,37.965385
9872,10837,41.680769,37.969231
9873,10838,41.684615,37.973077
9874,10839,41.688462,37.976923
9875,10840,41.692308,37.980769
9876,10841,41.696154,37.984615
9877,10842,41.700000,37.988462
9878,10843,41.703846,37.992308
9879,10844,41.707692,37.996154
9880,10845,41.711538,38.000000
9881,10846,41.715385,38.003846
9882,10847,41.719231,38.007692
9883,10848,41.723077,38.011538
9884,10849,41.726923,38.015385
9885,10850,41.730769,38.019231
9886,10851,41.734615,38.023077
9887,10852,41.738462,38.026923
9888,10853,41.742308,38.030769
9889,10854,41.746154,38.034615
9890,10855,41.750000,38.038462
9891,10856,41.753846,38.042308
9892,10857,41.757692,38.046154
9893,10858,41.761538,38.050000
9894,10859,41.765385,38.053846
9895,10860,41.769231,38.057692
9896,10861,41.773077,38.061538
9897,10862,41.776923,38.065385
9898,10863,41.780769,38.069231
9899,10864,41.784615,38.073077
9900,10865,41.788462,38.076923
9901,10866,41.792308,38.080769
9902,10867,41.796154,38.084615
9903,10868,41.800000,38.088462
9904,10869,41.803846,38.092308
9905,10870,41.807692,38.096154
9906,10871,41.811538,38.100000
9907,10872,41.815385,38.103846
9908,10873,41.819231,38.107692
9909,10874,41.823077,38.111538
9910,10875,41.826923,38.115385
9911,10876,41.830769,38.119231
9912,10877,41.834615,38.123077
9913,10878,41.838462,38.126923
9914,10879,41.842308,38.130769
9915,10880,41.846154,38.134615
9916,10881,41.850000,38.138462
9917,10882,41.853846,38.142308
9918,10883,41.857692,38.146154
9919,10884,41.861538,38.150000
9920,10885,41.865385,38.153846
9921,10886,41.869231,38.157692
9922,10887,41.873077,38.161538
9923,10888,41.876923,38.165385
9924,10889,41.880769,38.169231
9925,10890,41.884615,38.173077
9926,10891,41.888462,38.176923
9927,10892,41.892308,38.180769
9928,10893,41.896154,38.184615
9929,10894,41.900000,38.188462
9930,10895,41.903846,38.192308
9931,10896,41.907692,38.196154
9932,10897,41.911538,38.200000
9933,10898,41.915385,38.203846
9934,10899,41.919231,38.207692
9935,10900,41.923077,38.211538
9936,10901,41.926923,38.215385
9937,10902,41.930769,38.219231
9938,10903,41.934615,38.223077
9939,10904,41.938462,38.226923
9940,10905,41.942308,38.230769
9941,10906,41.946154,38.234615
9942,10907,41.950000,38.238462
9943,10908,41.953846,38.242308
9944,10909,41.957692,38.246154
9945,10910,41.961538,38.250000
9946,10911,41.965385,38.253846
9947,10912,41.969231,38.257692
9948,10913,41.973077,38.261538
9949,10914,41.976923,38.265385
9950,10915,41.980769,38.269231
9951,10916,41.984615,38.273077
9952,10917,41.988462,38.276923
9953,10918,41.992308,38.280769
9954,10919,41.996154,38.284615
9955,10920,42.000000,38.288462
9956,10921,42.003846,38.292308
9957,10922,42.007692,38.296154
9958,10923,42.011538,38.300000
9959,10924,42.015385,38.303846
9960,10925,42.019231,38.307692
9961,10926,42.023077,38.311538
9962,10927,42.026923,38.315385
9963,10928,42.030769,38.319231
9964,10929,42.034615,38.323077
9965,10930,42.038462,38.326923
9966,10931,42.042308,38.330769
9967,10932,42.046154,38.334615
9968,10933,42.050000,38.338462
9969,10934,42.053846,38.342308
9970,10935,42.057692,38.346154
9971,10936,42.061538,38.350000
9972,10937,42.065385,38.353846
9973,10938,42.069231,38.357692
9974,10939,42.073077,38.361538
9975,10940,42.076923,38.365385
9976,10941,42.080769,38.369231
9977,10942,42.084615,38.373077
9978,10943,42.088462,38.376923
9979,10944,42.092308,38.380769
9980,10945,42.096154,38.384615
9981,10946,42.100000,38.388462
9982,10947,42.103846,38.392308
9983,10948,42.107692,38.396154
9984,10949,42.111538,38.400000
9985,10950,42.115385,38.403846
9986,10951,42.119231,38.407692
9987,10952,42.123077,38.411538
9988,10953,42.126923,38.415385
9989,10954,42.130769,38.419231
9990,10955,42.134615,38.423077
9991,10956,42.138462,38.426923
9992,10957,42.142308,38.430769
9993,10958,42.146154,38.434615
9994,10959,42.150000,38.438462
9995,10960,42.153846,38.442308
9996,10961,42.157692,38.446154
9997,10962,42.161538,38.450000
9998,10963,42.165385,38.453846
9999,10964,42.169231,38.457692
10000,10965,42.173077,38.461538
10001,10966,42.176923,38.465385
10002,10967,42.180769,38.469231
10003,10968,42.184615,38.473077
10004,10969,42.188462,38.476923
10005,10970,42.192308,38.480769
10006,10971,42.196154,38.484615
10007,10972,42.200000,38.488462
10008,10973,42.203846,38.492308
10009,10974,42.207692,38.496154
10010,10975,42.211538,38.500000
10011,10976,42.215385,38.503846
10012,10977,42.219231,38.507692
10013,10978,42.223077,38.511538
10014,10979,42.226923,38.515385
10015,10980,42.230769,38.519231
10016,10981,42.234615,38.523077
10017,10982,42.238462,38.526923
10018,10983,42.242308,38.530769
10019,10984,42.246154,38.534615
10020,10985,42.250000,38.538462
10021,10986,42.253846,38.542308
10022,10987,42.257692,38.546154
10023,10988,42.261538,38.550000
10024,10989,42.265385,38.553846
10025,10990,42.269231,38.557692
10026,10991,42.273077,38.561538
10027,10992,42.276923,38.565385
10028,10993,42.280769,38.569231
10029,10994,42.284615,38.573077
10030,10995,42.288462,38.576923
10031,10996,42.292308,38.580769
10032,10997,42.296154,38.584615
10033,10998,42.300000,38.588462
10034,10999,42.303846,38.592308
10035,11000,42.307692,38.596154
10036,11001,42.311538,38.600000
10037,11002,42.315385,38.603846
10038,11003,42.319231,38.607692
10039,11004,42.323077,38.611538
10040,11005,42.326923,38.615385
10041,11006,42.330769,38.619231
10042,11007,42.334615,38.623077
10043,11008,42.338462,38.626923
10044,11009,42.342308,38.630769
10045,11010,42.346154,38.634615
10046,11011,42.350000,38.638462
10047,11012,42.353846,38.642308
10048,11013,42.357692,38.646154
10049,11014,42.361538,38.650000
10050,11015,42.365385,38.653846
10051,11016,42.369231,38.657692
10052,11017,42.373077,38.661538
10053,11018,42.376923,38.665385
10054,11019,42.380769,38.669231
10055,11020,42.384615,38.673077
10056,11021,42.388462,38.676923
10057,11022,42.392308,38.680769
10058,11023,42.396154,38.684615
10059,11024,42.400000,38.688462
10060,11025,42.403846,38.692308
10061,11026,42.407692,38.696154
10062,11027,42.411538,38.700000
10063,11028,42.415385,38.703846
10064,11029,42.419231,38.707692
10065,11030,42.423077,38.711538
10066,11031,42.426923,38.715385
10067,11032,42.430769,38.719231
10068,11033,42.434615,38.723077
10069,11034,42.438462,38.726923
10070,11035,42.442308,38.730769
10071,11036,42.446154,38.734615
10072,11037,42.450000,38.738462
10073,11038,42.453846,38.742308
10074,11039,42.457692,38.746154
10075,11040,42.461538,38.750000
10076,11041,42.465385,38.753846
10077,11042,42.469231,38.757692
10078,11043,42.473077,38.761538
10079,11044,42.476923,38.765385
10080,11045,42.480769,38.769231
10081,11046,42.484615,38.773077
10082,11047,42.488462,38.776923
10083,11048,42.492308,38.780769
10084,11049,42.496154,38.784615
10085,11050,42.500000,38.788462
10086,11051,42.503846,38.792308
10087,11052,42.507692,38.796154
10088,11053,42.511538,38.800000
10089,11054,42.515385,38.803846
10090,11055,42.519231,38.807692
10091,11056,42.523077,38.811538
10092,11057,42.526923,38.815385
10093,11058,42.530769,38.819231
10094,11059,42.534615,38.823077
10095,11060,42.538462,38.826923
10096,11061,42.542308,38.830769
10097,11062,42.546154,38.834615
10098,11063,42.550000,38.838462
10099,11064,42.553846,38.842308
10100,11065,42.557692,38.846154
10101,11066,42.561538,38.850000
10102,11067,42.565385,38.853846
10103,11068,42.569231,38.857692
10104,11069,42.573077,38.861538
10105,11070,42.576923,38.865385
10106,11071,42.580769,38.869231
10107,11072,42.584615,38.873077
10108,11073,42.588462,38.876923
10109,11074,42.592308,38.880769
10110,11075,42.596154,38.884615
10111,11076,42.600000,38.888462
10112,11077,42.603846,38.892308
10113,11078,42.607692,38.896154
10114,11079,42.611538,38.900000
10115,11080,42.615385,38.903846
10116,11081,42.619231,38.907692
10117,11082,42.623077,38.911538
10118,11083,42.626923,38.915385
10119,11084,42.630769,38.919231
10120,11085,42.634615,38.923077
10121,11086,42.638462,38.926923
10122,11087,42.642308,38.930769
10123,11088,42.646154,38.934615
10124,11089,42.650000,38.938462
10125,11090,42.653846,38.942308
10126,11091,42.657692,38.946154
10127,11092,42.661538,38.950000
10128,11093,42.665385,38.953846
10129,11094,42.669231,38.957692
10130,11095,42.673077,38.961538
10131,11096,42.676923,38.965385
10132,11097,42.680769,38.969231
10133,11098,42.684615,38.973077
10134,11099,42.688462,38.976923
10135,11100,42.692308,38.980769
10136,11101,42.696154,38.984615
10137,11102,42.700000,38.988462
10138,11103,42.703846,38.992308
10139,11104,42.707692,38.996154
10140,11105,42.711538,39.000000
10141,11106,42.715385,39.003846
10142,11107,42.719231,39.007692
10143,11108,42.723077,39.011538
10144,11109,42.726923,39.015385
10145,11110,42.730769,39.019231
10146,11111,42.734615,39.023077
10147,11112,42.738462,39.026923
10148,11113,42.742308,39.030769
10149,11114,42.746154,39.034615
10150,11115,42.750000,39.038462
10151,11116,42.753846,39.042308
10152,11117,42.757692,39.046154
10153,11118,42.761538,39.050000
10154,11119,42.765385,39.053846
10155,11120,42.769231,39.057692
10156,11121,42.773077,39.061538
10157,11122,42.776923,39.065385
10158,11123,42.780769,39.069231
10159,11124,42.784615,39.073077
10160,11125,42.788462,39.076923
10161,11126,42.792308,39.080769
10162,11127,42.796154,39.084615
10163,11128,42.800000,39.088462
10164,11129,42.803846,39.092308
10165,11130,42.807692,39.096154
10166,11131,42.811538,39.100000
10167,11132,42.815385,39.103846
10168,11133,42.819231,39.107692
10169,11134,42.823077,39.111538
10170,11135,42.826923,39.115385
10171,11136,42.830769,39.119231
10172,11137,42.834615,39.123077
10173,11138,42.838462,39.126923
10174,11139,42.842308,39.130769
10175,11140,42.846154,39.134615
10176,11141,42.850000,39.138462
10177,11142,42.853846,39.142308
10178,11143,42.857692,39.146154
10179,11144,42.861538,39.150000
10180,11145,42.865385,39.153846
10181,11146,42.869231,39.157692
10182,11147,42.873077,39.161538
10183,11148,42.876923,39.165385
10184,11149,42.880769,39.169231
10185,11150,42.884615,39.173077
10186,11151,42.888462,39.176923
10187,11152,42.892308,39.180769
10188,11153,42.896154,39.184615
10189,11154,42.900000,39.188462
10190,11155,42.903846,39.192308
10191,11156,42.907692,39.196154
10192,11157,42.911538,39.200000
10193,11158,42.915385,39.203846
10194,11159,42.919231,39.207692
10195,11160,42.923077,39.211538
10196,11161,42.926923,39.215385
10197,11162,42.930769,39.219231
10198,11163,42.934615,39.223077
10199,11164,42.938462,39.226923
10200,11165,42.942308,39.230769
10201,11166,42.946154,39.234615
10202,11167,42.950000,39.238462
10203,11168,42.953846,39.242308
10204,11169,42.957692,39.246154
10205,11170,42.961538,39.250000
10206,11171,42.965385,39.253846
10207,11172,42.969231,39.257692
10208,11173,42.973077,39.261538
10209,11174,42.976923,39.265385
10210,11175,42.980769,39.269231
10211,11176,42.984615,39.273077
10212,11177,42.988462,39.276923
10213,11178,42.992308,39.280769
10214,11179,42.996154,39.284615
10215,11180,43.000000,39.288462
10216,11181,43.003846,39.292308
10217,11182,43.007692,39.296154
10218,11183,43.011538,39.300000
10219,11184,43.015385,39.303846
10220,11185,43.019231,39.307692
10221,11186,43.023077,39.311538
10222,11187,43.026923,39.315385
10223,11188,43.030769,39.319231
10224,11189,43.034615,39.323077
10225,11190,43.038462,39.326923
10226,11191,43.042308,39.330769
10227,11192,43.046154,39.334615
10228,11193,43.050000,39.338462
10229,11194,43.053846,39.342308
10230,11195,43.057692,39.346154
10231,11196,43.061538,39.350000
10232,11197,43.065385,39.353846
10233,11198,43.069231,39.357692
10234,11199,43.073077,39.361538
10235,11200,43.076923,39.365385
10236,11201,43.080769,39.369231
10237,11202,43.084615,39.373077
10238,11203,43.088462,39.376923
10239,11204,43.092308,39.380769
10240,11205,43.096154,39.384615
10241,11206,43.100000,39.388462
10242,11207,43.103846,39.392308
10243,11208,43.107692,39.396154
10244,11209,43.111538,39.400000
10245,11210,43.115385,39.403846
10246,11211,43.119231,39.407692
10247,11212,43.123077,39.411538
10248,11213,43.126923,39.415385
10249,11214,43.130769,39.419231
10250,11215,43.134615,39.423077
10251,11216,43.138462,39.426923
10252,11217,43.142308,39.430769
10253,11218,43.146154,39.434615
10254,11219,43.150000,39.438462
10255,11220,43.153846,39.442308
10256,11221,43.157692,39.446154
10257,11222,43.161538,39.450000
10258,11223,43.165385,39.453846
10259,11224,43.169231,39.457692
10260,11225,43.173077,39.461538
10261,11226,43.176923,39.465385
10262,11227,43.180769,39.469231
10263,11228,43.184615,39.473077
10264,11229,43.188462,39.476923
10265,11230,43.192308,39.480769
10266,11231,43.196154,39.484615
10267,11232,43.200000,39.488462
10268,11233,43.203846,39.492308
10269,11234,43.207692,39.496154
10270,11235,43.211538,39.500000
10271,11236,43.215385,39.503846
10272,11237,43.219231,39.507692
10273,11238,43.223077,39.511538
10274,11239,43.226923,39.515385
10275,11240,43.230769,39.519231
10276,11241,43.234615,39.523077
10277,11242,43.238462,39.526923
10278,11243,43.242308,39.530769
10279,11244,43.246154,39.534615
10280,11245,43.250000,39.538462
10281,11246,43.253846,39.542308
10282,11247,43.257692,39.546154
10283,11248,43.261538,39.550000
10284,11249,43.265385,39.553846
10285,11250,43.269231,39.557692
10286,11251,43.273077,39.561538
10287,11252,43.276923,39.565385
10288,11253,43.280769,39.569231
10289,11254,43.284615,39.573077
10290,11255,43.288462,39.576923
10291,11256,43.292308,39.580769
10292,11257,43.296154,39.584615
10293,11258,43.300000,39.588462
10294,11259,43.303846,39.592308
10295,11260,43.307692,39.596154
10296,11261,43.311538,39.600000
10297,11262,43.315385,39.603846
10298,11263,43.319231,39.607692
10299,11264,43.323077,39.611538
10300,11265,43.326923,39.615385
10301,11266,43.330769,39.619231
10302,11267,43.334615,39.623077
10303,11268,43.338462,39.626923
10304,11269,43.342308,39.630769
10305,11270,43.346154,39.634615
10306,11271,43.350000,39.638462
10307,11272,43.353846,39.642308
10308,11273,43.357692,39.646154
10309,11274,43.361538,39.650000
10310,11275,43.365385,39.653846
10311,11276,43.369231,39.657692
10312,11277,43.373077,39.661538
10313,11278,43.376923,39.665385
10314,11279,43.380769,39.669231
10315,11280,43.384615,39.673077
10316,11281,43.388462,39.676923
10317,11282,43.392308,39.680769
10318,11283,43.396154,39.684615
10319,11284,43.400000,39.688462
10320,11285,43.403846,39.692308
10321,11286,43.407692,39.696154
10322,11287,43.411538,39.700000
10323,11288,43.415385,39.703846
10324,11289,43.419231,39.707692
10325,11290,43.423077,39.711538
10326,11291,43.426923,39.715385
10327,11292,43.430769,39.719231
10328,11293,43.434615,39.723077
10329,11294,43.438462,39.726923
10330,11295,43.442308,39.730769
10331,11296,43.446154,39.734615
10332,11297,43.450000,39.738462
10333,11298,43.453846,39.742308
10334,11299,43.457692,39.746154
10335,11300,43.461538,39.750000
10336,11301,43.465385,39.753846
10337,11302,43.469231,39.757692
10338,11303,43.473077,39.761538
10339,11304,43.476923,39.765385
10340,11305,43.480769,39.769231
10341,11306,43.484615,39.773077
10342,11307,43.488462,39.776923
10343,11308,43.492308,39.780769
10344,11309,43.496154,39.784615
10345,11310,43.500000,39.788462
10346,11311,43.503846,39.792308
10347,11312,43.507692,39.796154
10348,11313,43.511538,39.800000
10349,11314,43.515385,39.803846
10350,11315,43.519231,39.807692
10351,11316,43.523077,39.811538
10352,11317,43.526923,39.815385
10353,11318,43.530769,39.819231
10354,11319,43.534615,39.823077
10355,11320,43.538462,39.826923
10356,11321,43.542308,39.830769
10357,11322,43.546154,39.834615
10358,11323,43.550000,39.838462
10359,11324,43.553846,39.842308
10360,11325,43.557692,39.846154
10361,11326,43.561538,39.850000
10362,11327,43.565385,39.853846
10363,11328,43.569231,39.857692
10364,11329,43.573077,39.861538
10365,11330,43.576923,39.865385
10366,11331,43.580769,39.869231
10367,11332,43.584615,39.873077
10368,11333,43.588462,39.876923
10369,11334,43.592308,39.880769
10370,11335,43.596154,39.884615
10371,11336,43.600000,39.888462
10372,11337,43.603846,39.892308
10373,11338,43.607692,39.896154
10374,11339,43.611538,39.900000
10375,11340,43.615385,39.903846
10376,11341,43.619231,39.907692
10377,11342,43.623077,39.911538
10378,11343,43.626923,39.915385
10379,11344,43.630769,39.919231
10380,11345,43.634615,39.923077
10381,11346,43.638462,39.926923
10382,11347,43.642308,39.930769
10383,11348,43.646154,39.934615
10384,11349,43.650000,39.938462
10385,11350,43.653846,39.942308
10386,11351,43.657692,39.946154
10387,11352,43.661538,39.950000
10388,11353,43.665385,39.953846
10389,11354,43.669231,39.957692
10390,11355,43.673077,39.961538
10391,11356,43.676923,39.965385
10392,11357,43.680769,39.969231
10393,11358,43.684615,39.973077
10394,11359,43.688462,39.976923
10395,11360,43.692308,39.980769
10396,11361,43.696154,39.984615
10397,11362,43.700000,39.988462
10398,11363,43.703846,39.992308
10399,11364,43.707692,39.996154
10400,11365,43.711538,40.000000
10401,11366,43.715385,40.003846
10402,11367,43.719231,40.007692
10403,11368,43.723077,40.011538
10404,11369,43.726923,40.015385
10405,11370,43.730769,40.019231
10406,11371,43.734615,40.023077
10407,11372,43.738462,40.026923
10408,11373,43.742308,40.030769
10409,11374,43.746154,40.034615
10410,11375,43.750000,40.038462
10411,11376,43.753846,40.042308
10412,11377,43.757692,40.046154
10413,11378,43.761538,40.050000
10414,11379,43.765385,40.053846
10415,11380,43.769231,40.057692
10416,11381,43.773077,40.061538
10417,11382,43.776923,40.065385
10418,11383,43.780769,40.069231
10419,11384,43.784615,40.073077
10420,11385,43.788462,40.076923
10421,11386,43.792308,40.080769
10422,11387,43.796154,40.084615
10423,11388,43.800000,40.088462
10424,11389,43.803846,40.092308
10425,11390,43.807692,40.096154
10426,11391,43.811538,40.100000
10427,11392,43.815385,40.103846
10428,11393,43.819231,40.107692
10429,11394,43.823077,40.111538
10430,11395,43.826923,40.115385
10431,11396,43.830769,40.119231
10432,11397,43.834615,40.123077
10433,11398,43.838462,40.126923
10434,11399,43.842308,40.130769
10435,11400,43.846154,40.134615
10436,11401,43.850000,40.138462
10437,11402,43.853846,40.142308
10438,11403,43.857692,40.146154
10439,11404,43.861538,40.150000
10440,11405,43.865385,40.153846
10441,11406,43.869231,40.157692
10442,11407,43.873077,40.161538
10443,11408,43.876923,40.165385
10444,11409,43.880769,40.169231
10445,11410,43.884615,40.173077
10446,11411,43.888462,40.176923
10447,11412,43.892308,40.180769
10448,11413,43.896154,40.184615
10449,11414,43.900000,40.188462
10450,11415,43.903846,40.192308
10451,11416,43.907692,40.196154
10452,11417,43.911538,40.200000
10453,11418,43.915385,40.203846
10454,11419,43.919231,40.207692
10455,11420,43.923077,40.211538
10456,11421,43.926923,40.215385
10457,11422,43.930769,40.219231
10458,11423,43.934615,40.223077
10459,11424,43.938462,40.226923
10460,11425,43.942308,40.230769
10461,11426,43.946154,40.234615
10462,11427,43.950000,40.238462
10463,11428,43.953846,40.242308
10464,11429,43.957692,40.246154
10465,11430,43.961538,40.250000
10466,11431,43.965385,40.253846
10467,11432,43.969231,40.257692
10468,11433,43.973077,40.261538
10469,11434,43.976923,40.265385
10470,11435,43.980769,40.269231
10471,11436,43.984615,40.273077
10472,11437,43.988462,40.276923
10473,11438,43.992308,40.280769
10474,11439,43.996154,40.284615
10475,11440,44.000000,40.288462
10476,11441,44.003846,40.292308
10477,11442,44.007692,40.296154
10478,11443,44.011538,40.300000
10479,11444,44.015385,40.303846
10480,11445,44.019231,40.307692
10481,11446,44.023077,40.311538
10482,11447,44.026923,40.315385
10483,11448,44.030769,40.319231
10484,11449,44.034615,40.323077
10485,11450,44.038462,40.326923
10486,11451,44.042308,40.330769
10487,11452,44.046154,40.334615
10488,11453,44.050000,40.338462
10489,11454,44.053846,40.342308
10490,11455,44.057692,40.346154
10491,11456,44.061538,40.350000
10492,11457,44.065385,40.353846
10493,11458,44.069231,40.357692
10494,11459,44.073077,40.361538
10495,11460,44.076923,40.365385
10496,11461,44.080769,40.369231
10497,11462,44.084615,40.373077
10498,11463,44.088462,40.376923
10499,11464,44.092308,40.380769
10500,11465,44.096154,40.384615
10501,11466,44.100000,40.388462
10502,11467,44.103846,40.392308
10503,11468,44.107692,40.396154
10504,11469,44.111538,40.400000
10505,11470,44.115385,40.403846
10506,11471,44.119231,40.407692
10507,11472,44.123077,40.411538
10508,11473,44.126923,40.415385
10509,11474,44.130769,40.419231
10510,11475,44.134615,40.423077
10511,11476,44.138462,40.426923
10512,11477,44.142308,40.430769
10513,11478,44.146154,40.434615
10514,11479,44.150000,40.438462
10515,11480,44.153846,40.442308
10516,11481,44.157692,40.446154
10517,11482,44.161538,40.450000
10518,11483,44.165385,40.453846
10519,11484,44.169231,40.457692
10520,11485,44.173077,40.461538
10521,11486,44.176923,40.465385
10522,11487,44.180769,40.469231
10523,11488,44.184615,40.473077
10524,11489,44.188462,40.476923
10525,11490,44.192308,40.480769
10526,11491,44.196154,40.484615
10527,11492,44.200000,40.488462
10528,11493,44.203846,40.492308
10529,11494,44.207692,40.496154
10530,11495,44.211538,40.500000
10531,11496,44.215385,40.503846
10532,11497,44.219231,40.507692
10533,11498,44.223077,40.511538
10534,11499,44.226923,40.515385
10535,11500,44.230769,40.519231
10536,11501,44.234615,40.523077
10537,11502,44.238462,40.526923
10538,11503,44.242308,40.530769
10539,11504,44.246154,40.534615
10540,11505,44.250000,40.538462
10541,11506,44.253846,40.542308
10542,11507,44.257692,40.546154
10543,11508,44.261538,40.550000
10544,11509,44.265385,40.553846
10545,11510,44.269231,40.557692
10546,11511,44.273077,40.561538
10547,11512,44.276923,40.565385
10548,11513,44.280769,40.569231
10549,11514,44.284615,40.573077
10550,11515,44.288462,40.576923
10551,11516,44.292308,40.580769
10552,11517,44.296154,40.584615
10553,11518,44.300000,40.588462
10554,11519,44.303846,40.592308
10555,11520,44.307692,40.596154
10556,11521,44.311538,40.600000
10557,11522,44.315385,40.603846
10558,11523,44.319231,40.607692
10559,11524,44.323077,40.611538
10560,11525,44.326923,40.615385
10561,11526,44.330769,40.619231
10562,11527,44.334615,40.623077
10563,11528,44.338462,40.626923
10564,11529,44.342308,40.630769
10565,11530,44.346154,40.634615
10566,11531,44.350000,40.638462
10567,11532,44.353846,40.642308
10568,11533,44.357692,40.646154
10569,11534,44.361538,40.650000
10570,11535,44.365385,40.653846
10571,11536,44.369231,40.657692
10572,11537,44.373077,40.661538
10573,11538,44.376923,40.665385
10574,11539,44.380769,40.669231
10575,11540,44.384615,40.673077
10576,11541,44.388462,40.676923
10577,11542,44.392308,40.680769
10578,11543,44.396154,40.684615
10579,11544,44.400000,40.688462
10580,11545,44.403846,40.692308
10581,11546,44.407692,40.696154
10582,11547,44.411538,40.700000
10583,11548,44.415385,40.703846
10584,11549,44.419231,40.707692
10585,11550,44.423077,40.711538
10586,11551,44.426923,40.715385
10587,11552,44.430769,40.719231
10588,11553,44.434615,40.723077
10589,11554,44.438462,40.726923
10590,11555,44.442308,40.730769
10591,11556,44.446154,40.734615
10592,11557,44.450000,40.738462
10593,11558,44.453846,40.742308
10594,11559,44.457692,40.746154
10595,11560,44.461538,40.750000
10596,11561,44.465385,40.753846
10597,11562,44.469231,40.757692
10598,11563,44.473077,40.761538
10599,11564,44.476923,40.765385
10600,11565,44.480769,40.769231
10601,11566,44.484615,40.773077
10602,11567,44.488462,40.776923
10603,11568,44.492308,40.780769
10604,11569,44.496154,40.784615
10605,11570,44.500000,40.788462
10606,11571,44.503846,40.792308
10607,11572,44.507692,40.796154
10608,11573,44.511538,40.800000
10609,11574,44.515385,40.803846
10610,11575,44.519231,40.807692
10611,11576,44.523077,40.811538
10612,11577,44.526923,40.815385
10613,11578,44.530769,40.819231
10614,11579,44.534615,40.823077
10615,11580,44.538462,40.826923
10616,11581,44.542308,40.830769
10617,11582,44.546154,40.834615
10618,11583,44.550000,40.838462
10619,11584,44.553846,40.842308
10620,11585,44.557692,40.846154
10621,11586,44.561538,40.850000
10622,11587,44.565385,40.853846
10623,11588,44.569231,40.857692
10624,11589,44.573077,40.861538
10625,11590,44.576923,40.865385
10626,11591,44.580769,40.869231
10627,11592,44.584615,40.873077
10628,11593,44.588462,40.876923
10629,11594,44.592308,40.880769
10630,11595,44.596154,40.884615
10631,11596,44.600000,40.888462
10632,11597,44.603846,40.892308
10633,11598,44.607692,40.896154
10634,11599,44.611538,40.900000
10635,11600,44.615385,40.903846
10636,11601,44.619231,40.907692
10637,11602,44.623077,40.911538
10638,11603,44.626923,40.915385
10639,11604,44.630769,40.919231
10640,11605,44.634615,40.923077
10641,11606,44.638462,40.926923
10642,11607,44.642308,40.930769
10643,11608,44.646154,40.934615
10644,11609,44.650000,40.938462
10645,11610,44.653846,40.942308
10646,11611,44.657692,40.946154
10647,11612,44.661538,40.950000
10648,11613,44.665385,40.953846
10649,11614,44.669231,40.957692
10650,11615,44.673077,40.961538
10651,11616,44.676923,40.965385
10652,11617,44.680769,40.969231
10653,11618,44.684615,40.973077
10654,11619,44.688462,40.976923
10655,11620,44.692308,40.980769
10656,11621,44.696154,40.984615
10657,11622,44.700000,40.988462
10658,11623,44.703846,40.992308
10659,11624,44.707692,40.996154
10660,11625,44.711538,41.000000
10661,11626,44.715385,41.003846
10662,11627,44.719231,41.007692
10663,11628,44.723077,41.011538
10664,11629,44.726923,41.015385
10665,11630,44.730769,41.019231
10666,11631,44.734615,41.023077
10667,11632,44.738462,41.026923
10668,11633,44.742308,41.030769
10669,11634,44.746154,41.034615
10670,11635,44.750000,41.038462
10671,11636,44.753846,41.042308
10672,11637,44.757692,41.046154
10673,11638,44.761538,41.050000
10674,11639,44.765385,41.053846
10675,11640,44.769231,41.057692
10676,11641,44.773077,41.061538
10677,11642,44.776923,41.065385
10678,11643,44.780769,41.069231
10679,11644,44.784615,41.073077
10680,11645,44.788462,41.076923
10681,11646,44.792308,41.080769
10682,11647,44.796154,41.084615
10683,11648,44.800000,41.088462
10684,11649,44.803846,41.092308
10685,11650,44.807692,41.096154
10686,11651,44.811538,41.100000
10687,11652,44.815385,41.103846
10688,11653,44.819231,41.107692
10689,11654,44.823077,41.111538
10690,11655,44.826923,41.115385
10691,11656,44.830769,41.119231
10692,11657,44.834615,41.123077
10693,11658,44.838462,41.126923
10694,11659,44.842308,41.130769
10695,11660,44.846154,41.134615
10696,11661,44.850000,41.138462
10697,11662,44.853846,41.142308
10698,11663,44.857692,41.146154
10699,11664,44.861538,41.150000
10700,11665,44.865385,41.153846
10701,11666,44.869231,41.157692
10702,11667,44.873077,41.161538
10703,11668,44.876923,41.165385
10704,11669,44.880769,41.169231
10705,11670,44.884615,41.173077
10706,11671,44.888462,41.176923
10707,11672,44.892308,41.180769
10708,11673,44.896154,41.184615
10709,11674,44.900000,41.188462
10710,11675,44.903846,41.192308
10711,11676,44.907692,41.196154
10712,11677,44.911538,41.200000
10713,11678,44.915385,41.203846
10714,11679,44.919231,41.207692
10715,11680,44.923077,41.211538
10716,11681,44.926923,41.215385
10717,11682,44.930769,41.219231
10718,11683,44.934615,41.223077
10719,11684,44.938462,41.226923
10720,11685,44.942308,41.230769
10721,11686,44.946154,41.234615
10722,11687,44.950000,41.238462
10723,11688,44.953846,41.242308
10724,11689,44.957692,41.246154
10725,11690,44.961538,41.250000
10726,11691,44.965385,41.253846
10727,11692,44.969231,41.257692
10728,11693,44.973077,41.261538
10729,11694,44.976923,41.265385
10730,11695,44.980769,41.269231
10731,11696,44.984615,41.273077
10732,11697,44.988462,41.276923
10733,11698,44.992308,41.280769
10734,11699,44.996154,41.284615
10735,11700,45.000000,41.288462
10736,11701,45.003846,41.292308
10737,11702,45.007692,41.296154
10738,11703,45.011538,41.300000
10739,11704,45.015385,41.303846
10740,11705,45.019231,41.307692
10741,11706,45.023077,41.311538
10742,11707,45.026923,41.315385
10743,11708,45.030769,41.319231
10744,11709,45.034615,41.323077
10745,11710,45.038462,41.326923
10746,11711,45.042308,41.330769
10747,11712,45.046154,41.334615
10748,11713,45.050000,41.338462
10749,11714,45.053846,41.342308
10750,11715,45.057692,41.346154
10751,11716,45.061538,41.350000
10752,11717,45.065385,41.353846
10753,11718,45.069231,41.357692
10754,11719,45.073077,41.361538
10755,11720,45.076923,41.365385
10756,11721,45.080769,41.369231
10757,11722,45.084615,41.373077
10758,11723,45.088462,41.376923
10759,11724,45.092308,41.380769
10760,11725,45.096154,41.384615
10761,11726,45.100000,41.388462
10762,11727,45.103846,41.392308
10763,11728,45.107692,41.396154
10764,11729,45.111538,41.400000
10765,11730,45.115385,41.403846
10766,11731,45.119231,41.407692
10767,11732,45.123077,41.411538
10768,11733,45.126923,41.415385
10769,11734,45.130769,41.419231
10770,11735,45.134615,41.423077
10771,11736,45.138462,41.426923
10772,11737,45.142308,41.430769
10773,11738,45.146154,41.434615
10774,11739,45.150000,41.438462
10775,11740,45.153846,41.442308
10776,11741,45.157692,41.446154
10777,11742,45.161538,41.450000
10778,11743,45.165385,41.453846
10779,11744,45.169231,41.457692
10780,11745,45.173077,41.461538
10781,11746,45.176923,41.465385
10782,11747,45.180769,41.469231
10783,11748,45.184615,41.473077
10784,11749,45.188462,41.476923
10785,11750,45.192308,41.480769
10786,11751,45.196154,41.484615
10787,11752,45.200000,41.488462
10788,11753,45.203846,41.492308
10789,11754,45.207692,41.496154
10790,11755,45.211538,41.500000
10791,11756,45.215385,41.503846
10792,11757,45.219231,41.507692
10793,11758,45.223077,41.511538
10794,11759,45.226923,41.515385
10795,11760,45.230769,41.519231
10796,11761,45.234615,41.523077
10797,11762,45.238462,41.526923
10798,11763,45.242308,41.530769
10799,11764,45.246154,41.534615
10800,11765,45.250000,41.538462
10801,11766,45.253846,41.542308
10802,11767,45.257692,41.546154
10803,11768,45.261538,41.550000
10804,11769,45.265385,41.553846
10805,11770,45.269231,41.557692
10806,11771,45.273077,41.561538
10807,11772,45.276923,41.565385
10808,11773,45.280769,41.569231
10809,11774,45.284615,41.573077
10810,11775,45.288462,41.576923
10811,11776,45.292308,41.580769
10812,11777,45.296154,41.584615
10813,11778,45.300000,41.588462
10814,11779,45.303846,41.592308
10815,11780,45.307692,41.596154
10816,11781,45.311538,41.600000
10817,11782,45.315385,41.603846
10818,11783,45.319231,41.607692
10819,11784,45.323077,41.611538
10820,11785,45.326923,41.615385
10821,11786,45.330769,41.619231
10822,11787,45.334615,41.623077
10823,11788,45.338462,41.626923
10824,11789,45.342308,41.630769
10825,11790,45.346154,41.634615
10826,11791,45.350000,41.638462
10827,11792,45.353846,41.642308
10828,11793,45.357692,41.646154
10829,11794,45.361538,41.650000
10830,11795,45.365385,41.653846
10831,11796,45.369231,41.657692
10832,11797,45.373077,41.661538
10833,11798,45.376923,41.665385
10834,11799,45.380769,41.669231
10835,11800,45.384615,41.673077
10836,11801,45.388462,41.676923
10837,11802,45.392308,41.680769
10838,11803,45.396154,41.684615
10839,11804,45.400000,41.688462
10840,11805,45.403846,41.692308
10841,11806,45.407692,41.696154
10842,11807,45.411538,41.700000
10843,11808,45.415385,41.703846
10844,11809,45.419231,41.707692
10845,11810,45.423077,41.711538
10846,11811,45.426923,41.715385
10847,11812,45.430769,41.719231
10848,11813,45.434615,41.723077
10849,11814,45.438462,41.726923
10850,11815,45.442308,41.730769
10851,11816,45.446154,41.734615
10852,11817,45.450000,41.738462
10853,11818,45.453846,41.742308
10854,11819,45.457692,41.746154
10855,11820,45.461538,41.750000
10856,11821,45.465385,41.753846
10857,11822,45.469231,41.757692
10858,11823,45.473077,41.761538
10859,11824,45.476923,41.765385
10860,11825,45.480769,41.769231
10861,11826,45.484615,41.773077
10862,11827,45.488462,41.776923
10863,11828,45.492308,41.780769
10864,11829,45.496154,41.784615
10865,11830,45.500000,41.788462
10866,11831,45.503846,41.792308
10867,11832,45.507692,41.796154
10868,11833,45.511538,41.800000
10869,11834,45.515385,41.803846
10870,11835,45.519231,41.807692
10871,11836,45.523077,41.811538
10872,11837,45.526923,41.815385
10873,11838,45.530769,41.819231
10874,11839,45.534615,41.823077
10875,11840,45.538462,41.826923
10876,11841,45.542308,41.830769
10877,11842,45.546154,41.834615
10878,11843,45.550000,41.838462
10879,11844,45.553846,41.842308
10880,11845,45.557692,41.846154
10881,11846,45.561538,41.850000
10882,11847,45.565385,41.853846
10883,11848,45.569231,41.857692
10884,11849,45.573077,41.861538
10885,11850,45.576923,41.865385
10886,11851,45.580769,41.869231
10887,11852,45.584615,41.873077
10888,11853,45.588462,41.876923
10889,11854,45.592308,41.880769
10890,11855,45.596154,41.884615
10891,11856,45.600000,41.888462
10892,11857,45.603846,41.892308
10893,11858,45.607692,41.896154
10894,11859,45.611538,41.900000
10895,11860,45.615385,41.903846
10896,11861,45.619231,41.907692
10897,11862,45.623077,41.911538
10898,11863,45.626923,41.915385
10899,11864,45.630769,41.919231
10900,11865,45.634615,41.923077
10901,11866,45.638462,41.926923
10902,11867,45.642308,41.930769
10903,11868,45.646154,41.934615
10904,11869,45.650000,41.938462
10905,11870,45.653846,41.942308
10906,11871,45.657692,41.946154
10907,11872,45.661538,41.950000
10908,11873,45.665385,41.953846
10909,11874,45.669231,41.957692
10910,11875,45.673077,41.961538
10911,11876,45.676923,41.965385
10912,11877,45.680769,41.969231
10913,11878,45.684615,41.973077
10914,11879,45.688462,41.976923
10915,11880,45.692308,41.980769
10916,11881,45.696154,41.984615
10917,11882,45.700000,41.988462
10918,11883,45.703846,41.992308
10919,11884,45.707692,41.996154
10920,11885,45.711538,42.000000
10921,11886,45.715385,42.003846
10922,11887,45.719231,42.007692
10923,11888,45.723077,42.011538
10924,11889,45.726923,42.015385
10925,11890,45.730769,42.019231
10926,11891,45.734615,42.023077
10927,11892,45.738462,42.026923
10928,11893,45.742308,42.030769
10929,11894,45.746154,42.034615
10930,11895,45.750000,42.038462
10931,11896,45.753846,42.042308
10932,11897,45.757692,42.046154
10933,11898,45.761538,42.050000
10934,11899,45.765385,42.053846
10935,11900,45.769231,42.057692
10936,11901,45.773077,42.061538
10937,11902,45.776923,42.065385
10938,11903,45.780769,42.069231
10939,11904,45.784615,42.073077
10940,11905,45.788462,42.076923
10941,11906,45.792308,42.080769
10942,11907,45.796154,42.084615
10943,11908,45.800000,42.088462
10944,11909,45.803846,42.092308
10945,11910,45.807692,42.096154
10946,11911,45.811538,42.100000
10947,11912,45.815385,42.103846
10948,11913,45.819231,42.107692
10949,11914,45.823077,42.111538
10950,11915,45.826923,42.115385
10951,11916,45.830769,42.119231
10952,11917,45.834615,42.123077
10953,11918,45.838462,42.126923
10954,11919,45.842308,42.130769
10955,11920,45.846154,42.134615
10956,11921,45.850000,42.138462
10957,11922,45.853846,42.142308
10958,11923,45.857692,42.146154
10959,11924,45.861538,42.150000
10960,11925,45.865385,42.153846
10961,11926,45.869231,42.157692
10962,11927,45.873077,42.161538
10963,11928,45.876923,42.165385
10964,11929,45.880769,42.169231
10965,11930,45.884615,42.173077
10966,11931,45.888462,42.176923
10967,11932,45.892308,42.180769
10968,11933,45.896154,42.184615
10969,11934,45.900000,42.188462
10970,11935,45.903846,42.192308
10971,11936,45.907692,42.196154
10972,11937,45.911538,42.200000
10973,11938,45.915385,42.203846
10974,11939,45.919231,42.207692
10975,11940,45.923077,42.211538
10976,11941,45.926923,42.215385
10977,11942,45.930769,42.219231
10978,11943,45.934615,42.223077
10979,11944,45.938462,42.226923
10980,11945,45.942308,42.230769
10981,11946,45.946154,42.234615
10982,11947,45.950000,42.238462
10983,11948,45.953846,42.242308
10984,11949,45.957692,42.246154
10985,11950,45.961538,42.250000
10986,11951,45.965385,42.253846
10987,11952,45.969231,42.257692
10988,11953,45.973077,42.261538
10989,11954,45.976923,42.265385
10990,11955,45.980769,42.269231
10991,11956,45.984615,42.273077
10992,11957,45.988462,42.276923
10993,11958,45.992308,42.280769
10994,11959,45.996154,42.284615
10995,11960,46.000000,42.288462
10996,11961,46.003846,42.292308
10997,11962,46.007692,42.296154
10998,11963,46.011538,42.300000
10999,11964,46.015385,42.303846
11000,11965,46.019231,42.307692
11001,11966,46.023077,42.311538
11002,11967,46.026923,42.315385
11003,11968,46.030769,42.319231
11004,11969,46.034615,42.323077
11005,11970,46.038462,42.326923
11006,11971,46.042308,42.330769
11007,11972,46.046154,42.334615
11008,11973,46.050000,42.338462
11009,11974,46.053846,42.342308
11010,11975,46.057692,42.346154
11011,11976,46.061538,42.350000
11012,11977,46.065385,42.353846
11013,11978,46.069231,42.357692
11014,11979,46.073077,42.361538
11015,11980,46.076923,42.365385
11016,11981,46.080769,42.369231
11017,11982,46.084615,42.373077
11018,11983,46.088462,42.376923
11019,11984,46.092308,42.380769
11020,11985,46.096154,42.384615
11021,11986,46.100000,42.388462
11022,11987,46.103846,42.392308
11023,11988,46.107692,42.396154
11024,11989,46.111538,42.400000
11025,11990,46.115385,42.403846
11026,11991,46.119231,42.407692
11027,11992,46.123077,42.411538
11028,11993,46.126923,42.415385
11029,11994,46.130769,42.419231
11030,11995,46.134615,42.423077
11031,11996,46.138462,42.426923
11032,11997,46.142308,42.430769
11033,11998,46.146154,42.434615
11034,11999,46.150000,42.438462
11035,12000,46.153846,42.442308
11036,12001,46.157692,42.446154
11037,12002,46.161538,42.450000
11038,12003,46.165385,42.453846
11039,12004,46.169231,42.457692
11040,12005,46.173077,42.461538
11041,12006,46.176923,42.465385
11042,12007,46.180769,42.469231
11043,12008,46.184615,42.473077
11044,12009,46.188462,42.476923
11045,12010,46.192308,42.480769
11046,12011,46.196154,42.484615
11047,12012,46.200000,42.488462
11048,12013,46.203846,42.492308
11049,12014,46.207692,42.496154
11050,12015,46.211538,42.500000
11051,12016,46.215385,42.503846
11052,12017,46.219231,42.507692
11053,12018,46.223077,42.511538
11054,12019,46.226923,42.515385
11055,12020,46.230769,42.519231
11056,12021,46.234615,42.523077
11057,12022,46.238462,42.526923
11058,12023,46.242308,42.530769
11059,12024,46.246154,42.534615
11060,12025,46.250000,42.538462
11061,12026,46.253846,42.542308
11062,12027,46.257692,42.546154
11063,12028,46.261538,42.550000
11064,12029,46.265385,42.553846
11065,12030,46.269231,42.557692
11066,12031,46.273077,42.561538
11067,12032,46.276923,42.565385
11068,12033,46.280769,42.569231
11069,12034,46.284615,42.573077
11070,12035,46.288462,42.576923
11071,12036,46.292308,42.580769
11072,12037,46.296154,42.584615
11073,12038,46.300000,42.588462
11074,12039,46.303846,42.592308
11075,12040,46.307692,42.596154
11076,12041,46.311538,42.600000
11077,12042,46.315385,42.603846
11078,12043,46.319231,42.607692
11079,12044,46.323077,42.611538
11080,12045,46.326923,42.615385
11081,12046,46.330769,42.619231
11082,12047,46.334615,42.623077
11083,12048,46.338462,42.626923
11084,12049,46.342308,42.630769
11085,12050,46.346154,42.634615
11086,12051,46.350000,42.638462
11087,12052,46.353846,42.642308
11088,12053,46.357692,42.646154
11089,12054,46.361538,42.650000
11090,12055,46.365385,42.653846
11091,12056,46.369231,42.657692
11092,12057,46.373077,42.661538
11093,12058,46.376923,42.665385
11094,12059,46.380769,42.669231
11095,12060,46.384615,42.673077
11096,12061,46.388462,42.676923
11097,12062,46.392308,42.680769
11098,12063,46.396154,42.684615
11099,12064,46.400000,42.688462
11100,12065,46.403846,42.692308
11101,12066,46.407692,42.696154
11102,12067,46.411538,42.700000
11103,12068,46.415385,42.703846
11104,12069,46.419231,42.707692
11105,12070,46.423077,42.711538
11106,12071,46.426923,42.715385
11107,12072,46.430769,42.719231
11108,12073,46.434615,42.723077
11109,12074,46.438462,42.726923
11110,12075,46.442308,42.730769
11111,12076,46.446154,42.734615
11112,12077,46.450000,42.738462
11113,12078,46.453846,42.742308
11114,12079,46.457692,42.746154
11115,12080,46.461538,42.750000
11116,12081,46.465385,42.753846
11117,12082,46.469231,42.757692
11118,12083,46.473077,42.761538
11119,12084,46.476923,42.765385
11120,12085,46.480769,42.769231
11121,12086,46.484615,42.773077
11122,12087,46.488462,42.776923
11123,12088,46.492308,42.780769
11124,12089,46.496154,42.784615
11125,12090,46.500000,42.788462
11126,12091,46.503846,42.792308
11127,12092,46.507692,42.796154
11128,12093,46.511538,42.800000
11129,12094,46.515385,42.803846
11130,12095,46.519231,42.807692
11131,12096,46.523077,42.811538
11132,12097,46.526923,42.815385
11133,12098,46.530769,42.819231
11134,12099,46.534615,42.823077
11135,12100,46.538462,42.826923
11136,12101,46.542308,42.830769
11137,12102,46.546154,42.834615
11138,12103,46.550000,42.838462
11139,12104,46.553846,42.842308
11140,12105,46.557692,42.846154
11141,12106,46.561538,42.850000
11142,12107,46.565385,42.853846
11143,12108,46.569231,42.857692
11144,12109,46.573077,42.861538
11145,12110,46.576923,42.865385
11146,12111,46.580769,42.869231
11147,12112,46.584615,42.873077
11148,12113,46.588462,42.876923
11149,12114,46.592308,42.880769
11150,12115,46.596154,42.884615
11151,12116,46.600000,42.888462
11152,12117,46.603846,42.892308
11153,12118,46.607692,42.896154
11154,12119,46.611538,42.900000
11155,12120,46.615385,42.903846
11156,12121,46.619231,42.907692
11157,12122,46.623077,42.911538
11158,12123,46.626923,42.915385
11159,12124,46.630769,42.919231
11160,12125,46.634615,42.923077
11161,12126,46.638462,42.926923
11162,12127,46.642308,42.930769
11163,12128,46.646154,42.934615
11164,12129,46.650000,42.938462
11165,12130,46.653846,42.942308
11166,12131,46.657692,42.946154
11167,12132,46.661538,42.950000
11168,12133,46.665385,42.953846
11169,12134,46.669231,42.957692
11170,12135,46.673077,42.961538
11171,12136,46.676923,42.965385
11172,12137,46.680769,42.969231
11173,12138,46.684615,42.973077
11174,12139,46.688462,42.976923
11175,12140,46.692308,42.980769
11176,12141,46.696154,42.984615
11177,12142,46.700000,42.988462
11178,12143,46.703846,42.992308
11179,12144,46.707692,42.996154
11180,12145,46.711538,43.000000
11181,12146,46.715385,43.003846
11182,12147,46.719231,43.007692
11183,12148,46.723077,43.011538
11184,12149,46.726923,43.015385
11185,12150,46.730769,43.019231
11186,12151,46.734615,43.023077
11187,12152,46.738462,43.026923
11188,12153,46.742308,43.030769
11189,12154,46.746154,43.034615
11190,12155,46.750000,43.038462
11191,12156,46.753846,43.042308
11192,12157,46.757692,43.046154
11193,12158,46.761538,43.050000
11194,12159,46.765385,43.053846
11195,12160,46.769231,43.057692
11196,12161,46.773077,43.061538
11197,12162,46.776923,43.065385
11198,12163,46.780769,43.069231
11199,12164,46.784615,43.073077
11200,12165,46.788462,43.076923
11201,12166,46.792308,43.080769
11202,12167,46.796154,43.084615
11203,12168,46.800000,43.088462
11204,12169,46.803846,43.092308
11205,12170,46.807692,43.096154
11206,12171,46.811538,43.100000
11207,12172,46.815385,43.103846
11208,12173,46.819231,43.107692
11209,12174,46.823077,43.111538
11210,12175,46.826923,43.115385
11211,12176,46.830769,43.119231
11212,12177,46.834615,43.123077
11213,12178,46.838462,43.126923
11214,12179,46.842308,43.130769
11215,12180,46.846154,43.134615
11216,12181,46.850000,43.138462
11217,12182,46.853846,43.142308
11218,12183,46.857692,43.146154
11219,12184,46.861538,43.150000
11220,12185,46.865385,43.153846
11221,12186,46.869231,43.157692
11222,12187,46.873077,43.161538
11223,12188,46.876923,43.165385
11224,12189,46.880769,43.169231
11225,12190,46.884615,43.173077
11226,12191,46.888462,43.176923
11227,12192,46.892308,43.180769
11228,12193,46.896154,43.184615
11229,12194,46.900000,43.188462
11230,12195,46.903846,43.192308
11231,12196,46.907692,43.196154
11232,12197,46.911538,43.200000
11233,12198,46.915385,43.203846
11234,12199,46.919231,43.207692
11235,12200,46.923077,43.211538
11236,12201,46.926923,43.215385
11237,12202,46.930769,43.219231
11238,12203,46.934615,43.223077
11239,12204,46.938462,43.226923
11240,12205,46.942308,43.230769
11241,12206,46.946154,43.234615
11242,12207,46.950000,43.238462
11243,12208,46.953846,43.242308
11244,12209,46.957692,43.246154
11245,12210,46.961538,43.250000
11246,12211,46.965385,43.253846
11247,12212,46.969231,43.257692
11248,12213,46.973077,43.261538
11249,12214,46.976923,43.265385
11250,12215,46.980769,43.269231
11251,12216,46.984615,43.273077
11252,12217,46.988462,43.276923
11253,12218,46.992308,43.280769
11254,12219,46.996154,43.284615
11255,12220,47.000000,43.288462
11256,12221,47.003846,43.292308
11257,12222,47.007692,43.296154
11258,12223,47.011538,43.300000
11259,12224,47.015385,43.303846
11260,12225,47.019231,43.307692
11261,12226,47.023077,43.311538
11262,12227,47.026923,43.315385
11263,12228,47.030769,43.319231
11264,12229,47.034615,43.323077
11265,12230,47.038462,43.326923
11266,12231,47.042308,43.330769
11267,12232,47.046154,43.334615
11268,12233,47.050000,43.338462
11269,12234,47.053846,43.342308
11270,12235,47.057692,43.346154
11271,12236,47.061538,43.350000
11272,12237,47.065385,43.353846
11273,12238,47.069231,43.357692
11274,12239,47.073077,43.361538
11275,12240,47.076923,43.365385
11276,12241,47.080769,43.369231
11277,12242,47.084615,43.373077
11278,12243,47.088462,43.376923
11279,12244,47.092308,43.380769
11280,12245,47.096154,43.384615
11281,12246,47.100000,43.388462
11282,12247,47.103846,43.392308
11283,12248,47.107692,43.396154
11284,12249,47.111538,43.400000
11285,12250,47.115385,43.403846
11286,12251,47.119231,43.407692
11287,12252,47.123077,43.411538
11288,12253,47.126923,43.415385
11289,12254,47.130769,43.419231
11290,12255,47.134615,43.423077
11291,12256,47.138462,43.426923
11292,12257,47.142308,43.430769
11293,12258,47.146154,43.434615
11294,12259,47.150000,43.438462
11295,12260,47.153846,43.442308
11296,12261,47.157692,43.446154
11297,12262,47.161538,43.450000
11298,12263,47.165385,43.453846
11299,12264,47.169231,43.457692
11300,12265,47.173077,43.461538
11301,12266,47.176923,43.465385
11302,12267,47.180769,43.469231
11303,12268,47.184615,43.473077
11304,12269,47.188462,43.476923
11305,12270,47.192308,43.480769
11306,12271,47.196154,43.484615
11307,12272,47.200000,43.488462
11308,12273,47.203846,43.492308
11309,12274,47.207692,43.496154
11310,12275,47.211538,43.500000
11311,12276,47.215385,43.503846
11312,12277,47.219231,43.507692
11313,12278,47.223077,43.511538
11314,12279,47.226923,43.515385
11315,12280,47.230769,43.519231
11316,12281,47.234615,43.523077
11317,12282,47.238462,43.526923
11318,12283,47.242308,43.530769
11319,12284,47.246154,43.534615
11320,12285,47.250000,43.538462
11321,12286,47.253846,43.542308
11322,12287,47.257692,43.546154
11323,12288,47.261538,43.550000
11324,12289,47.265385,43.553846
11325,12290,47.269231,43.557692
11326,12291,47.273077,43.561538
11327,12292,47.276923,43.565385
11328,12293,47.280769,43.569231
11329,12294,47.284615,43.573077
11330,12295,47.288462,43.576923
11331,12296,47.292308,43.580769
11332,12297,47.296154,43.584615
11333,12298,47.300000,43.588462
11334,12299,47.303846,43.592308
11335,12300,47.307692,43.596154
11336,12301,47.311538,43.600000
11337,12302,47.315385,43.603846
11338,12303,47.319231,43.607692
11339,12304,47.323077,43.611538
11340,12305,47.326923,43.615385
11341,12306,47.330769,43.619231
11342,12307,47.334615,43.623077
11343,12308,47.338462,43.626923
11344,12309,47.342308,43.630769
11345,12310,47.346154,43.634615
11346,12311,47.350000,43.638462
11347,12312,47.353846,43.642308
11348,12313,47.357692,43.646154
11349,12314,47.361538,43.650000
11350,12315,47.365385,43.653846
11351,12316,47.369231,43.657692
11352,12317,47.373077,43.661538
11353,12318,47.376923,43.665385
11354,12319,47.380769,43.669231
11355,12320,47.384615,43.673077
11356,12321,47.388462,43.676923
11357,12322,47.392308,43.680769
11358,12323,47.396154,43.684615
11359,12324,47.400000,43.688462
11360,12325,47.403846,43.692308
11361,12326,47.407692,43.696154
11362,12327,47.411538,43.700000
11363,12328,47.415385,43.703846
11364,12329,47.419231,43.707692
11365,12330,47.423077,43.711538
11366,12331,47.426923,43.715385
11367,12332,47.430769,43.719231
11368,12333,47.434615,43.723077
11369,12334,47.438462,43.726923
11370,12335,47.442308,43.730769
11371,12336,47.446154,43.734615
11372,12337,47.450000,43.738462
11373,12338,47.453846,43.742308
11374,12339,47.457692,43.746154
11375,12340,47.461538,43.750000
11376,12341,47.465385,43.753846
11377,12342,47.469231,43.757692
11378,12343,47.473077,43.761538
11379,12344,47.476923,43.765385
11380,12345,47.480769,43.769231
11381,12346,47.484615,43.773077
11382,12347,47.488462,43.776923
11383,12348,47.492308,43.780769
11384,12349,47.496154,43.784615
11385,12350,47.500000,43.788462
11386,12351,47.503846,43.792308
11387,12352,47.507692,43.796154
11388,12353,47.511538,43.800000
11389,12354,47.515385,43.803846
11390,12355,47.519231,43.807692
11391,12356,47.523077,43.811538
11392,12357,47.526923,43.815385
11393,12358,47.530769,43.819231
11394,12359,47.534615,43.823077
11395,12360,47.538462,43.826923
11396,12361,47.542308,43.830769
11397,12362,47.546154,43.834615
11398,12363,47.550000,43.838462
11399,12364,47.553846,43.842308
11400,12365,47.557692,43.846154
11401,12366,47.561538,43.850000
11402,12367,47.565385,43.853846
11403,12368,47.569231,43.857692
11404,12369,47.573077,43.861538
11405,12370,47.576923,43.865385
11406,12371,47.580769,43.869231
11407,12372,47.584615,43.873077
11408,12373,47.588462,43.876923
11409,12374,47.592308,43.880769
11410,12375,47.596154,43.884615
11411,12376,47.600000,43.888462
11412,12377,47.603846,43.892308
11413,12378,47.607692,43.896154
11414,12379,47.611538,43.900000
11415,12380,47.615385,43.903846
11416,12381,47.619231,43.907692
11417,12382,47.623077,43.911538
11418,12383,47.626923,43.915385
11419,12384,47.630769,43.919231
11420,12385,47.634615,43.923077
11421,12386,47.638462,43.926923
11422,12387,47.642308,43.930769
11423,12388,47.646154,43.934615
11424,12389,47.650000,43.938462
11425,12390,47.653846,43.942308
11426,12391,47.657692,43.946154
11427,12392,47.661538,43.950000
11428,12393,47.665385,43.953846
11429,12394,47.669231,43.957692
11430,12395,47.673077,43.961538
11431,12396,47.676923,43.965385
11432,12397,47.680769,43.969231
11433,12398,47.684615,43.973077
11434,12399,47.688462,43.976923
11435,12400,47.692308,43.980769
11436,12401,47.696154,43.984615
11437,12402,47.700000,43.988462
11438,12403,47.703846,43.992308
11439,12404,47.707692,43.996154
11440,12405,47.711538,44.000000
11441,12406,47.715385,44.003846
11442,12407,47.719231,44.007692
11443,12408,47.723077,44.011538
11444,12409,47.726923,44.015385
11445,12410,47.730769,44.019231
11446,12411,47.734615,44.023077
11447,12412,47.738462,44.026923
11448,12413,47.742308,44.030769
11449,12414,47.746154,44.034615
11450,12415,47.750000,44.038462
11451,12416,47.753846,44.042308
11452,12417,47.757692,44.046154
11453,12418,47.761538,44.050000
11454,12419,47.765385,44.053846
11455,12420,47.769231,44.057692
11456,12421,47.773077,44.061538
11457,12422,47.776923,44.065385
11458,12423,47.780769,44.069231
11459,12424,47.784615,44.073077
11460,12425,47.788462,44.076923
11461,12426,47.792308,44.080769
11462,12427,47.796154,44.084615
11463,12428,47.800000,44.088462
11464,12429,47.803846,44.092308
11465,12430,47.807692,44.096154
